[2026-09-21 13:48:17] [INFO] [OVERSTAY] Overstay cron initialized successfully
[2026-09-21 13:48:17] [INFO] [OVERSTAY] Cron schedule: Every minute
[2026-09-21 13:48:17] [INFO] [OVERSTAY] Cron timezone: Asia/Kolkata
[2026-09-21 13:48:17] [INFO] ==================================================
[2026-09-21 13:48:17] [INFO] OVERSTAY CRON STARTED
[2026-09-21 13:48:17] [INFO] ==================================================
[2026-09-21 13:48:17] [INFO] [OVERSTAY] Current India Date/Time: 21/09/2026 13:48:17
[2026-09-21 13:48:17] [INFO] [OVERSTAY] Timezone: Asia/Kolkata
[2026-09-21 13:48:18] [INFO] [SUBSCRIPTION] Subscription expiry cron initialized successfully
[2026-09-21 13:48:18] [INFO] [SUBSCRIPTION] Cron schedule: Every minute
[2026-09-21 13:48:18] [INFO] [SUBSCRIPTION] Cron timezone: Asia/Kolkata
[2026-09-21 13:48:18] [INFO] ==================================================
[2026-09-21 13:48:18] [INFO] SUBSCRIPTION EXPIRY CRON STARTED
[2026-09-21 13:48:18] [INFO] ==================================================
[2026-09-21 13:48:18] [INFO] [SUBSCRIPTION] Current India Date: 2026-09-21
[2026-09-21 13:48:21] [INFO] [Logger] Running log cleanup check. Retention limit: 30 days.
[2026-09-21 13:48:21] [INFO] [Logger] Cleanup completed. No expired log files found.
[2026-09-21 13:48:21] [INFO] [Logger] Automated log cleanup scheduler started (runs every 24 hours).
[2026-09-21 13:48:21] [INFO] [Server] Server started and listening on port 5000
[2026-09-21 13:48:21] [INFO] [Database] MongoDB Connected successfully: 76.13.244.61
[2026-09-21 13:48:21] [INFO] [OVERSTAY] Staying customers found: 0
[2026-09-21 13:48:21] [INFO] ==================================================
[2026-09-21 13:48:21] [INFO] OVERSTAY CRON COMPLETED
[2026-09-21 13:48:21] [INFO] ==================================================
[2026-09-21 13:48:21] [INFO] Admin user already exists
[2026-09-21 13:48:21] [INFO] [SUBSCRIPTION] Subscriptions found: 2
[2026-09-21 13:48:21] [INFO] [SUBSCRIPTION] mani hotel | Expiry: 2026-10-16 | Days Remaining: 25
[2026-09-21 13:48:21] [INFO] [SUBSCRIPTION] hotel 2 | Expiry: 2026-10-17 | Days Remaining: 26
[2026-09-21 13:48:21] [INFO] ==================================================
[2026-09-21 13:48:21] [INFO] SUBSCRIPTION EXPIRY CRON COMPLETED
[2026-09-21 13:48:21] [INFO] ==================================================
[2026-09-21 13:48:22] [INFO] [Permission Verify] Allowed. User: 6aaa540e5c80eba3c908a924, Permission: dashboard
[2026-09-21 13:48:22] [INFO] [Permission Verify] Allowed. User: 6aaa540e5c80eba3c908a924, Permission: dashboard
[2026-09-21 13:48:27] [INFO] INFO
[2026-09-21 13:48:27] [INFO] INFO
[2026-09-21 13:48:41] [INFO] [Permission Verify] Allowed. User: 6aaa540e5c80eba3c908a924, Permission: foodManagement
[2026-09-21 13:48:50] [INFO] [Permission Verify] Allowed. User: 6aaa540e5c80eba3c908a924, Permission: dashboard
[2026-09-21 13:48:50] [INFO] [Permission Verify] Allowed. User: 6aaa540e5c80eba3c908a924, Permission: dashboard
[2026-09-21 13:48:51] [INFO] INFO
[2026-09-21 13:48:51] [INFO] INFO
[2026-09-21 13:48:54] [INFO] [Permission Verify] Allowed. User: 6aaa540e5c80eba3c908a924, Permission: dashboard
[2026-09-21 13:48:54] [INFO] [Permission Verify] Allowed. User: 6aaa540e5c80eba3c908a924, Permission: dashboard
[2026-09-21 13:48:55] [INFO] INFO
[2026-09-21 13:48:55] [INFO] INFO
[2026-09-21 13:48:56] [INFO] [Permission Verify] Allowed. User: 6aaa540e5c80eba3c908a924, Permission: serviceManagement
[2026-09-21 13:48:56] [INFO] INFO
[2026-09-21 13:48:56] [INFO] [Permission Verify] Allowed. User: 6aaa540e5c80eba3c908a924, Permission: serviceManagement
[2026-09-21 13:48:56] [INFO] INFO
[2026-09-21 13:48:57] [INFO] [Permission Verify] Allowed. User: 6aaa540e5c80eba3c908a924, Permission: reports
[2026-09-21 13:48:57] [INFO] [Permission Verify] Allowed. User: 6aaa540e5c80eba3c908a924, Permission: reports
[2026-09-21 13:48:57] [INFO] [Permission Verify] Allowed. User: 6aaa540e5c80eba3c908a924, Permission: customer
[2026-09-21 13:48:57] [INFO] [Permission Verify] Allowed. User: 6aaa540e5c80eba3c908a924, Permission: customer
[2026-09-21 13:49:00] [INFO] [OVERSTAY] Cron triggered
[2026-09-21 13:49:00] [INFO] ==================================================
[2026-09-21 13:49:00] [INFO] OVERSTAY CRON STARTED
[2026-09-21 13:49:00] [INFO] ==================================================
[2026-09-21 13:49:00] [INFO] [OVERSTAY] Current India Date/Time: 21/09/2026 13:49:00
[2026-09-21 13:49:00] [INFO] [OVERSTAY] Timezone: Asia/Kolkata
[2026-09-21 13:49:00] [INFO] [SUBSCRIPTION] Expiry cron triggered
[2026-09-21 13:49:00] [INFO] ==================================================
[2026-09-21 13:49:00] [INFO] SUBSCRIPTION EXPIRY CRON STARTED
[2026-09-21 13:49:00] [INFO] ==================================================
[2026-09-21 13:49:00] [INFO] [SUBSCRIPTION] Current India Date: 2026-09-21
[2026-09-21 13:49:00] [INFO] [OVERSTAY] Staying customers found: 0
[2026-09-21 13:49:00] [INFO] ==================================================
[2026-09-21 13:49:00] [INFO] OVERSTAY CRON COMPLETED
[2026-09-21 13:49:00] [INFO] ==================================================
[2026-09-21 13:49:00] [INFO] [SUBSCRIPTION] Subscriptions found: 2
[2026-09-21 13:49:00] [INFO] [SUBSCRIPTION] mani hotel | Expiry: 2026-10-16 | Days Remaining: 25
[2026-09-21 13:49:00] [INFO] [SUBSCRIPTION] hotel 2 | Expiry: 2026-10-17 | Days Remaining: 26
[2026-09-21 13:49:00] [INFO] ==================================================
[2026-09-21 13:49:00] [INFO] SUBSCRIPTION EXPIRY CRON COMPLETED
[2026-09-21 13:49:00] [INFO] ==================================================
[2026-09-21 13:49:00] [INFO] [Permission Verify] Allowed. User: 6aaa540e5c80eba3c908a924, Permission: users
[2026-09-21 13:49:00] [INFO] [getAllUsers] Loaded 1 users | Hotel ID: 6aaa540d5c80eba3c908a921 | Branch ID: 6aaa540d5c80eba3c908a923 | Subscription: 6aaa540d5c80eba3c908a922
[2026-09-21 13:49:00] [INFO] [Permission Verify] Allowed. User: 6aaa540e5c80eba3c908a924, Permission: users
[2026-09-21 13:49:00] [INFO] [Permission Verify] Allowed. User: 6aaa540e5c80eba3c908a924, Permission: users
[2026-09-21 13:49:00] [INFO] [Permission Verify] Allowed. User: 6aaa540e5c80eba3c908a924, Permission: reports
[2026-09-21 13:49:00] [INFO] [getAllUsers] Loaded 1 users | Hotel ID: 6aaa540d5c80eba3c908a921 | Branch ID: 6aaa540d5c80eba3c908a923 | Subscription: 6aaa540d5c80eba3c908a922
[2026-09-21 13:49:00] [INFO] [getMySubscription] Loaded subscription 6aaa540d5c80eba3c908a922 | Hotel ID: 6aaa540d5c80eba3c908a921
[2026-09-21 13:49:00] [INFO] [Permission Verify] Allowed. User: 6aaa540e5c80eba3c908a924, Permission: reports
[2026-09-21 13:49:00] [INFO] [Permission Verify] Allowed. User: 6aaa540e5c80eba3c908a924, Permission: users
[2026-09-21 13:49:00] [INFO] [Permission Verify] Forbidden. User: 6aaa540e5c80eba3c908a924, Role: hotelOwner, Permission: plans
[2026-09-21 13:49:00] [INFO] [getMySubscription] Loaded subscription 6aaa540d5c80eba3c908a922 | Hotel ID: 6aaa540d5c80eba3c908a921
[2026-09-21 13:49:01] [INFO] [Permission Verify] Forbidden. User: 6aaa540e5c80eba3c908a924, Role: hotelOwner, Permission: plans
[2026-09-21 13:49:01] [INFO] [Permission Verify] Allowed. User: 6aaa540e5c80eba3c908a924, Permission: serviceManagement
[2026-09-21 13:49:01] [INFO] INFO
[2026-09-21 13:49:01] [INFO] [Permission Verify] Allowed. User: 6aaa540e5c80eba3c908a924, Permission: serviceManagement
[2026-09-21 13:49:01] [INFO] INFO
[2026-09-21 13:49:02] [INFO] INFO
[2026-09-21 13:49:02] [INFO] INFO
[2026-09-21 13:49:03] [INFO] [Permission Verify] Allowed. User: 6aaa540e5c80eba3c908a924, Permission: dashboard
[2026-09-21 13:49:03] [INFO] [Permission Verify] Allowed. User: 6aaa540e5c80eba3c908a924, Permission: dashboard
[2026-09-21 13:49:08] [INFO] INFO
[2026-09-21 13:49:08] [INFO] INFO
[2026-09-21 13:49:11] [INFO] [Permission Verify] Allowed. User: 6aaa540e5c80eba3c908a924, Permission: roomsBooking
[2026-09-21 13:49:11] [INFO] [Booking] Get active bookings started. hotelId=6aaa540d5c80eba3c908a921, branchId=6aaa540d5c80eba3c908a923
[2026-09-21 13:49:11] [INFO] [Booking] Active bookings retrieved. hotelId=6aaa540d5c80eba3c908a921, branchId=6aaa540d5c80eba3c908a923, count=2
[2026-09-21 13:49:11] [INFO] [Permission Verify] Allowed. User: 6aaa540e5c80eba3c908a924, Permission: roomsBooking
[2026-09-21 13:49:11] [INFO] [Booking] Get active bookings started. hotelId=6aaa540d5c80eba3c908a921, branchId=6aaa540d5c80eba3c908a923
[2026-09-21 13:49:11] [INFO] [Booking] Active bookings retrieved. hotelId=6aaa540d5c80eba3c908a921, branchId=6aaa540d5c80eba3c908a923, count=2
[2026-09-21 13:49:13] [INFO] [Permission Verify] Allowed. User: 6aaa540e5c80eba3c908a924, Permission: customer
[2026-09-21 13:49:13] [INFO] [Permission Verify] Allowed. User: 6aaa540e5c80eba3c908a924, Permission: customer
[2026-09-21 13:49:15] [INFO] INFO
[2026-09-21 13:49:15] [INFO] INFO
[2026-09-21 13:49:15] [INFO] [Permission Verify] Allowed. User: 6aaa540e5c80eba3c908a924, Permission: roomsBooking
[2026-09-21 13:49:15] [INFO] [Booking] Get active bookings started. hotelId=6aaa540d5c80eba3c908a921, branchId=6aaa540d5c80eba3c908a923
[2026-09-21 13:49:16] [INFO] [Booking] Active bookings retrieved. hotelId=6aaa540d5c80eba3c908a921, branchId=6aaa540d5c80eba3c908a923, count=2
[2026-09-21 13:49:16] [INFO] [Permission Verify] Allowed. User: 6aaa540e5c80eba3c908a924, Permission: roomsBooking
[2026-09-21 13:49:16] [INFO] [Booking] Get active bookings started. hotelId=6aaa540d5c80eba3c908a921, branchId=6aaa540d5c80eba3c908a923
[2026-09-21 13:49:16] [INFO] [Booking] Active bookings retrieved. hotelId=6aaa540d5c80eba3c908a921, branchId=6aaa540d5c80eba3c908a923, count=2
[2026-09-21 13:49:20] [INFO] [Permission Verify] Allowed. User: 6aaa540e5c80eba3c908a924, Permission: users
[2026-09-21 13:49:20] [INFO] [getMySubscription] Loaded subscription 6aaa540d5c80eba3c908a922 | Hotel ID: 6aaa540d5c80eba3c908a921
[2026-09-21 13:49:20] [INFO] [Permission Verify] Allowed. User: 6aaa540e5c80eba3c908a924, Permission: users
[2026-09-21 13:49:20] [INFO] [getMySubscription] Loaded subscription 6aaa540d5c80eba3c908a922 | Hotel ID: 6aaa540d5c80eba3c908a921
[2026-09-21 13:49:20] [INFO] [Permission Verify] Allowed. User: 6aaa540e5c80eba3c908a924, Permission: users
[2026-09-21 13:49:20] [INFO] [getMySubscription] Loaded subscription 6aaa540d5c80eba3c908a922 | Hotel ID: 6aaa540d5c80eba3c908a921
[2026-09-21 13:49:20] [INFO] [Permission Verify] Allowed. User: 6aaa540e5c80eba3c908a924, Permission: users
[2026-09-21 13:49:21] [INFO] [getMySubscription] Loaded subscription 6aaa540d5c80eba3c908a922 | Hotel ID: 6aaa540d5c80eba3c908a921
[2026-09-21 13:49:21] [INFO] [Permission Verify] Allowed. User: 6aaa540e5c80eba3c908a924, Permission: users
[2026-09-21 13:49:21] [INFO] [getMySubscription] Loaded subscription 6aaa540d5c80eba3c908a922 | Hotel ID: 6aaa540d5c80eba3c908a921
[2026-09-21 13:49:21] [INFO] [Permission Verify] Allowed. User: 6aaa540e5c80eba3c908a924, Permission: roomsBooking
[2026-09-21 13:49:21] [INFO] [Booking] Finding booking. bookingId=6aae46c69d684dd4a1717de4, hotelId=6aaa540d5c80eba3c908a921, branchId=6aaa540d5c80eba3c908a923
[2026-09-21 13:49:21] [INFO] [Permission Verify] Allowed. User: 6aaa540e5c80eba3c908a924, Permission: users
[2026-09-21 13:49:21] [INFO] [Booking] Booking retrieved. bookingId=6aae46c69d684dd4a1717de4, hotelId=6aaa540d5c80eba3c908a921, branchId=6aaa540d5c80eba3c908a923
[2026-09-21 13:49:21] [INFO] [getMySubscription] Loaded subscription 6aaa540d5c80eba3c908a922 | Hotel ID: 6aaa540d5c80eba3c908a921
[2026-09-21 13:49:22] [INFO] [Permission Verify] Allowed. User: 6aaa540e5c80eba3c908a924, Permission: users
[2026-09-21 13:49:22] [INFO] [getMySubscription] Loaded subscription 6aaa540d5c80eba3c908a922 | Hotel ID: 6aaa540d5c80eba3c908a921
[2026-09-21 13:49:22] [INFO] [Permission Verify] Allowed. User: 6aaa540e5c80eba3c908a924, Permission: roomsBooking
[2026-09-21 13:49:22] [INFO] [Booking] Finding booking. bookingId=6aae46c69d684dd4a1717de4, hotelId=6aaa540d5c80eba3c908a921, branchId=6aaa540d5c80eba3c908a923
[2026-09-21 13:49:22] [INFO] [Permission Verify] Allowed. User: 6aaa540e5c80eba3c908a924, Permission: serviceManagement
[2026-09-21 13:49:22] [INFO] [Permission Verify] Allowed. User: 6aaa540e5c80eba3c908a924, Permission: users
[2026-09-21 13:49:22] [INFO] INFO
[2026-09-21 13:49:22] [INFO] [Booking] Booking retrieved. bookingId=6aae46c69d684dd4a1717de4, hotelId=6aaa540d5c80eba3c908a921, branchId=6aaa540d5c80eba3c908a923
[2026-09-21 13:49:22] [INFO] [getMySubscription] Loaded subscription 6aaa540d5c80eba3c908a922 | Hotel ID: 6aaa540d5c80eba3c908a921
[2026-09-21 13:49:22] [INFO] [Permission Verify] Allowed. User: 6aaa540e5c80eba3c908a924, Permission: serviceManagement
[2026-09-21 13:49:22] [INFO] INFO
[2026-09-21 13:49:25] [INFO] [Permission Verify] Allowed. User: 6aaa540e5c80eba3c908a924, Permission: serviceManagement
[2026-09-21 13:49:25] [INFO] INFO
[2026-09-21 13:49:25] [INFO] [Permission Verify] Allowed. User: 6aaa540e5c80eba3c908a924, Permission: roomsBooking
[2026-09-21 13:49:25] [INFO] [Booking] Finding booking. bookingId=6aae46c69d684dd4a1717de4, hotelId=6aaa540d5c80eba3c908a921, branchId=6aaa540d5c80eba3c908a923
[2026-09-21 13:49:25] [INFO] [Booking] Booking retrieved. bookingId=6aae46c69d684dd4a1717de4, hotelId=6aaa540d5c80eba3c908a921, branchId=6aaa540d5c80eba3c908a923
[2026-09-21 13:49:27] [INFO] [Permission Verify] Allowed. User: 6aaa540e5c80eba3c908a924, Permission: users
[2026-09-21 13:49:27] [INFO] [getMySubscription] Loaded subscription 6aaa540d5c80eba3c908a922 | Hotel ID: 6aaa540d5c80eba3c908a921
[2026-09-21 13:49:27] [INFO] [Permission Verify] Allowed. User: 6aaa540e5c80eba3c908a924, Permission: roomsBooking
[2026-09-21 13:49:27] [INFO] [Booking] Finding booking. bookingId=6aae46c69d684dd4a1717de4, hotelId=6aaa540d5c80eba3c908a921, branchId=6aaa540d5c80eba3c908a923
[2026-09-21 13:49:27] [INFO] [Permission Verify] Allowed. User: 6aaa540e5c80eba3c908a924, Permission: users
[2026-09-21 13:49:27] [INFO] [Booking] Booking retrieved. bookingId=6aae46c69d684dd4a1717de4, hotelId=6aaa540d5c80eba3c908a921, branchId=6aaa540d5c80eba3c908a923
[2026-09-21 13:49:27] [INFO] [getMySubscription] Loaded subscription 6aaa540d5c80eba3c908a922 | Hotel ID: 6aaa540d5c80eba3c908a921
[2026-09-21 13:49:31] [INFO] [Permission Verify] Allowed. User: 6aaa540e5c80eba3c908a924, Permission: foodManagement
[2026-09-21 13:49:31] [INFO] [Booking] Food service added. bookingId=6aae46c69d684dd4a1717de4, roomId=6aae46c69d684dd4a1717de5, foodId=6aae491c9d684dd4a1717e31, hotelId=6aaa540d5c80eba3c908a921, branchId=6aaa540d5c80eba3c908a923
[2026-09-21 13:49:31] [INFO] [Permission Verify] Allowed. User: 6aaa540e5c80eba3c908a924, Permission: roomsBooking
[2026-09-21 13:49:31] [INFO] [Booking] Finding booking. bookingId=6aae46c69d684dd4a1717de4, hotelId=6aaa540d5c80eba3c908a921, branchId=6aaa540d5c80eba3c908a923
[2026-09-21 13:49:31] [INFO] [Booking] Booking retrieved. bookingId=6aae46c69d684dd4a1717de4, hotelId=6aaa540d5c80eba3c908a921, branchId=6aaa540d5c80eba3c908a923
[2026-09-21 13:49:48] [INFO] INFO
[2026-09-21 13:49:48] [INFO] INFO
[2026-09-21 13:49:49] [INFO] [Permission Verify] Allowed. User: 6aaa540e5c80eba3c908a924, Permission: roomsBooking
[2026-09-21 13:49:49] [INFO] [Booking] Get active bookings started. hotelId=6aaa540d5c80eba3c908a921, branchId=6aaa540d5c80eba3c908a923
[2026-09-21 13:49:50] [INFO] [Booking] Active bookings retrieved. hotelId=6aaa540d5c80eba3c908a921, branchId=6aaa540d5c80eba3c908a923, count=2
[2026-09-21 13:49:50] [INFO] [Permission Verify] Allowed. User: 6aaa540e5c80eba3c908a924, Permission: roomsBooking
[2026-09-21 13:49:50] [INFO] [Booking] Get active bookings started. hotelId=6aaa540d5c80eba3c908a921, branchId=6aaa540d5c80eba3c908a923
[2026-09-21 13:49:50] [INFO] [Booking] Active bookings retrieved. hotelId=6aaa540d5c80eba3c908a921, branchId=6aaa540d5c80eba3c908a923, count=2
[2026-09-21 13:49:51] [INFO] [Permission Verify] Allowed. User: 6aaa540e5c80eba3c908a924, Permission: users
[2026-09-21 13:49:51] [INFO] [getMySubscription] Loaded subscription 6aaa540d5c80eba3c908a922 | Hotel ID: 6aaa540d5c80eba3c908a921
[2026-09-21 13:49:51] [INFO] [Permission Verify] Allowed. User: 6aaa540e5c80eba3c908a924, Permission: users
[2026-09-21 13:49:51] [INFO] [getMySubscription] Loaded subscription 6aaa540d5c80eba3c908a922 | Hotel ID: 6aaa540d5c80eba3c908a921
[2026-09-21 13:49:51] [INFO] [Permission Verify] Allowed. User: 6aaa540e5c80eba3c908a924, Permission: users
[2026-09-21 13:49:51] [INFO] [getMySubscription] Loaded subscription 6aaa540d5c80eba3c908a922 | Hotel ID: 6aaa540d5c80eba3c908a921
[2026-09-21 13:49:52] [INFO] [Permission Verify] Allowed. User: 6aaa540e5c80eba3c908a924, Permission: users
[2026-09-21 13:49:52] [INFO] [getMySubscription] Loaded subscription 6aaa540d5c80eba3c908a922 | Hotel ID: 6aaa540d5c80eba3c908a921
[2026-09-21 13:49:52] [INFO] [Permission Verify] Allowed. User: 6aaa540e5c80eba3c908a924, Permission: users
[2026-09-21 13:49:52] [INFO] [getMySubscription] Loaded subscription 6aaa540d5c80eba3c908a922 | Hotel ID: 6aaa540d5c80eba3c908a921
[2026-09-21 13:49:52] [INFO] [Permission Verify] Allowed. User: 6aaa540e5c80eba3c908a924, Permission: roomsBooking
[2026-09-21 13:49:52] [INFO] [Booking] Finding booking. bookingId=6aae46c69d684dd4a1717de4, hotelId=6aaa540d5c80eba3c908a921, branchId=6aaa540d5c80eba3c908a923
[2026-09-21 13:49:52] [INFO] [Permission Verify] Allowed. User: 6aaa540e5c80eba3c908a924, Permission: users
[2026-09-21 13:49:52] [INFO] [Booking] Booking retrieved. bookingId=6aae46c69d684dd4a1717de4, hotelId=6aaa540d5c80eba3c908a921, branchId=6aaa540d5c80eba3c908a923
[2026-09-21 13:49:52] [INFO] [getMySubscription] Loaded subscription 6aaa540d5c80eba3c908a922 | Hotel ID: 6aaa540d5c80eba3c908a921
[2026-09-21 13:50:00] [INFO] [OVERSTAY] Cron triggered
[2026-09-21 13:50:00] [INFO] ==================================================
[2026-09-21 13:50:00] [INFO] OVERSTAY CRON STARTED
[2026-09-21 13:50:00] [INFO] ==================================================
[2026-09-21 13:50:00] [INFO] [OVERSTAY] Current India Date/Time: 21/09/2026 13:50:00
[2026-09-21 13:50:00] [INFO] [OVERSTAY] Timezone: Asia/Kolkata
[2026-09-21 13:50:00] [INFO] [SUBSCRIPTION] Expiry cron triggered
[2026-09-21 13:50:00] [INFO] ==================================================
[2026-09-21 13:50:00] [INFO] SUBSCRIPTION EXPIRY CRON STARTED
[2026-09-21 13:50:00] [INFO] ==================================================
[2026-09-21 13:50:00] [INFO] [SUBSCRIPTION] Current India Date: 2026-09-21
[2026-09-21 13:50:00] [INFO] [OVERSTAY] Staying customers found: 0
[2026-09-21 13:50:00] [INFO] ==================================================
[2026-09-21 13:50:00] [INFO] OVERSTAY CRON COMPLETED
[2026-09-21 13:50:00] [INFO] ==================================================
[2026-09-21 13:50:00] [INFO] [SUBSCRIPTION] Subscriptions found: 2
[2026-09-21 13:50:00] [INFO] [SUBSCRIPTION] mani hotel | Expiry: 2026-10-16 | Days Remaining: 25
[2026-09-21 13:50:00] [INFO] [SUBSCRIPTION] hotel 2 | Expiry: 2026-10-17 | Days Remaining: 26
[2026-09-21 13:50:00] [INFO] ==================================================
[2026-09-21 13:50:00] [INFO] SUBSCRIPTION EXPIRY CRON COMPLETED
[2026-09-21 13:50:00] [INFO] ==================================================
[2026-09-21 13:50:50] [INFO] [Permission Verify] Allowed. User: 6aaa540e5c80eba3c908a924, Permission: roomsBooking
[2026-09-21 13:50:50] [INFO] [Booking] Get active bookings started. hotelId=6aaa540d5c80eba3c908a921, branchId=6aaa540d5c80eba3c908a923
[2026-09-21 13:50:50] [INFO] [Booking] Active bookings retrieved. hotelId=6aaa540d5c80eba3c908a921, branchId=6aaa540d5c80eba3c908a923, count=2
[2026-09-21 13:51:00] [INFO] [OVERSTAY] Cron triggered
[2026-09-21 13:51:00] [INFO] ==================================================
[2026-09-21 13:51:00] [INFO] OVERSTAY CRON STARTED
[2026-09-21 13:51:00] [INFO] ==================================================
[2026-09-21 13:51:00] [INFO] [OVERSTAY] Current India Date/Time: 21/09/2026 13:51:00
[2026-09-21 13:51:00] [INFO] [OVERSTAY] Timezone: Asia/Kolkata
[2026-09-21 13:51:00] [INFO] [SUBSCRIPTION] Expiry cron triggered
[2026-09-21 13:51:00] [INFO] ==================================================
[2026-09-21 13:51:00] [INFO] SUBSCRIPTION EXPIRY CRON STARTED
[2026-09-21 13:51:00] [INFO] ==================================================
[2026-09-21 13:51:00] [INFO] [SUBSCRIPTION] Current India Date: 2026-09-21
[2026-09-21 13:51:00] [INFO] [OVERSTAY] Staying customers found: 0
[2026-09-21 13:51:00] [INFO] ==================================================
[2026-09-21 13:51:00] [INFO] OVERSTAY CRON COMPLETED
[2026-09-21 13:51:00] [INFO] ==================================================
[2026-09-21 13:51:00] [INFO] [SUBSCRIPTION] Subscriptions found: 2
[2026-09-21 13:51:00] [INFO] [SUBSCRIPTION] mani hotel | Expiry: 2026-10-16 | Days Remaining: 25
[2026-09-21 13:51:00] [INFO] [SUBSCRIPTION] hotel 2 | Expiry: 2026-10-17 | Days Remaining: 26
[2026-09-21 13:51:00] [INFO] ==================================================
[2026-09-21 13:51:00] [INFO] SUBSCRIPTION EXPIRY CRON COMPLETED
[2026-09-21 13:51:00] [INFO] ==================================================
[2026-09-21 13:51:50] [INFO] [Permission Verify] Allowed. User: 6aaa540e5c80eba3c908a924, Permission: roomsBooking
[2026-09-21 13:51:50] [INFO] [Booking] Get active bookings started. hotelId=6aaa540d5c80eba3c908a921, branchId=6aaa540d5c80eba3c908a923
[2026-09-21 13:51:50] [INFO] [Booking] Active bookings retrieved. hotelId=6aaa540d5c80eba3c908a921, branchId=6aaa540d5c80eba3c908a923, count=2
[2026-09-21 13:51:58] [INFO] [OVERSTAY] Overstay cron initialized successfully
[2026-09-21 13:51:58] [INFO] [OVERSTAY] Cron schedule: Every minute
[2026-09-21 13:51:58] [INFO] [OVERSTAY] Cron timezone: Asia/Kolkata
[2026-09-21 13:51:58] [INFO] ==================================================
[2026-09-21 13:51:58] [INFO] OVERSTAY CRON STARTED
[2026-09-21 13:51:58] [INFO] ==================================================
[2026-09-21 13:51:58] [INFO] [OVERSTAY] Current India Date/Time: 21/09/2026 13:51:58
[2026-09-21 13:51:58] [INFO] [OVERSTAY] Timezone: Asia/Kolkata
[2026-09-21 13:51:58] [INFO] [SUBSCRIPTION] Subscription expiry cron initialized successfully
[2026-09-21 13:51:58] [INFO] [SUBSCRIPTION] Cron schedule: Every minute
[2026-09-21 13:51:58] [INFO] [SUBSCRIPTION] Cron timezone: Asia/Kolkata
[2026-09-21 13:51:58] [INFO] ==================================================
[2026-09-21 13:51:58] [INFO] SUBSCRIPTION EXPIRY CRON STARTED
[2026-09-21 13:51:58] [INFO] ==================================================
[2026-09-21 13:51:58] [INFO] [SUBSCRIPTION] Current India Date: 2026-09-21
[2026-09-21 13:51:59] [INFO] [Logger] Running log cleanup check. Retention limit: 30 days.
[2026-09-21 13:51:59] [INFO] [Logger] Cleanup completed. No expired log files found.
[2026-09-21 13:51:59] [INFO] [Logger] Automated log cleanup scheduler started (runs every 24 hours).
[2026-09-21 13:51:59] [INFO] [Server] Server started and listening on port 5000
[2026-09-21 13:51:59] [INFO] [Database] MongoDB Connected successfully: 76.13.244.61
[2026-09-21 13:51:59] [INFO] Admin user already exists
[2026-09-21 13:51:59] [INFO] [SUBSCRIPTION] Subscriptions found: 2
[2026-09-21 13:51:59] [INFO] [OVERSTAY] Staying customers found: 0
[2026-09-21 13:51:59] [INFO] ==================================================
[2026-09-21 13:51:59] [INFO] OVERSTAY CRON COMPLETED
[2026-09-21 13:51:59] [INFO] ==================================================
[2026-09-21 13:51:59] [INFO] [SUBSCRIPTION] mani hotel | Expiry: 2026-10-16 | Days Remaining: 25
[2026-09-21 13:52:00] [INFO] [SUBSCRIPTION] hotel 2 | Expiry: 2026-10-17 | Days Remaining: 26
[2026-09-21 13:52:00] [INFO] ==================================================
[2026-09-21 13:52:00] [INFO] SUBSCRIPTION EXPIRY CRON COMPLETED
[2026-09-21 13:52:00] [INFO] ==================================================
[2026-09-21 13:52:00] [INFO] [OVERSTAY] Cron triggered
[2026-09-21 13:52:00] [INFO] ==================================================
[2026-09-21 13:52:00] [INFO] OVERSTAY CRON STARTED
[2026-09-21 13:52:00] [INFO] ==================================================
[2026-09-21 13:52:00] [INFO] [OVERSTAY] Current India Date/Time: 21/09/2026 13:52:00
[2026-09-21 13:52:00] [INFO] [OVERSTAY] Timezone: Asia/Kolkata
[2026-09-21 13:52:00] [INFO] [SUBSCRIPTION] Expiry cron triggered
[2026-09-21 13:52:00] [INFO] ==================================================
[2026-09-21 13:52:00] [INFO] SUBSCRIPTION EXPIRY CRON STARTED
[2026-09-21 13:52:00] [INFO] ==================================================
[2026-09-21 13:52:00] [INFO] [SUBSCRIPTION] Current India Date: 2026-09-21
[2026-09-21 13:52:00] [INFO] [OVERSTAY] Staying customers found: 0
[2026-09-21 13:52:00] [INFO] ==================================================
[2026-09-21 13:52:00] [INFO] OVERSTAY CRON COMPLETED
[2026-09-21 13:52:00] [INFO] ==================================================
[2026-09-21 13:52:00] [INFO] [SUBSCRIPTION] Subscriptions found: 2
[2026-09-21 13:52:00] [INFO] [SUBSCRIPTION] mani hotel | Expiry: 2026-10-16 | Days Remaining: 25
[2026-09-21 13:52:00] [INFO] [SUBSCRIPTION] hotel 2 | Expiry: 2026-10-17 | Days Remaining: 26
[2026-09-21 13:52:00] [INFO] ==================================================
[2026-09-21 13:52:00] [INFO] SUBSCRIPTION EXPIRY CRON COMPLETED
[2026-09-21 13:52:00] [INFO] ==================================================
[2026-09-21 13:52:56] [INFO] [OVERSTAY] Overstay cron initialized successfully
[2026-09-21 13:52:56] [INFO] [OVERSTAY] Cron schedule: Every minute
[2026-09-21 13:52:56] [INFO] [OVERSTAY] Cron timezone: Asia/Kolkata
[2026-09-21 13:52:56] [INFO] ==================================================
[2026-09-21 13:52:56] [INFO] OVERSTAY CRON STARTED
[2026-09-21 13:52:56] [INFO] ==================================================
[2026-09-21 13:52:56] [INFO] [OVERSTAY] Current India Date/Time: 21/09/2026 13:52:56
[2026-09-21 13:52:56] [INFO] [OVERSTAY] Timezone: Asia/Kolkata
[2026-09-21 13:52:56] [INFO] [SUBSCRIPTION] Subscription expiry cron initialized successfully
[2026-09-21 13:52:56] [INFO] [SUBSCRIPTION] Cron schedule: Every minute
[2026-09-21 13:52:56] [INFO] [SUBSCRIPTION] Cron timezone: Asia/Kolkata
[2026-09-21 13:52:56] [INFO] ==================================================
[2026-09-21 13:52:56] [INFO] SUBSCRIPTION EXPIRY CRON STARTED
[2026-09-21 13:52:56] [INFO] ==================================================
[2026-09-21 13:52:56] [INFO] [SUBSCRIPTION] Current India Date: 2026-09-21
[2026-09-21 13:52:56] [INFO] [Logger] Running log cleanup check. Retention limit: 30 days.
[2026-09-21 13:52:56] [INFO] [Logger] Cleanup completed. No expired log files found.
[2026-09-21 13:52:56] [INFO] [Logger] Automated log cleanup scheduler started (runs every 24 hours).
[2026-09-21 13:52:56] [INFO] [Server] Server started and listening on port 5000
[2026-09-21 13:52:57] [INFO] [Database] MongoDB Connected successfully: 76.13.244.61
[2026-09-21 13:52:57] [INFO] [OVERSTAY] Staying customers found: 0
[2026-09-21 13:52:57] [INFO] ==================================================
[2026-09-21 13:52:57] [INFO] OVERSTAY CRON COMPLETED
[2026-09-21 13:52:57] [INFO] ==================================================
[2026-09-21 13:52:57] [INFO] Admin user already exists
[2026-09-21 13:52:57] [INFO] [SUBSCRIPTION] Subscriptions found: 2
[2026-09-21 13:52:57] [INFO] [SUBSCRIPTION] mani hotel | Expiry: 2026-10-16 | Days Remaining: 25
[2026-09-21 13:52:57] [INFO] [SUBSCRIPTION] hotel 2 | Expiry: 2026-10-17 | Days Remaining: 26
[2026-09-21 13:52:57] [INFO] ==================================================
[2026-09-21 13:52:57] [INFO] SUBSCRIPTION EXPIRY CRON COMPLETED
[2026-09-21 13:52:57] [INFO] ==================================================
[2026-09-21 13:53:00] [INFO] [SUBSCRIPTION] Expiry cron triggered
[2026-09-21 13:53:00] [INFO] ==================================================
[2026-09-21 13:53:00] [INFO] SUBSCRIPTION EXPIRY CRON STARTED
[2026-09-21 13:53:00] [INFO] ==================================================
[2026-09-21 13:53:00] [INFO] [SUBSCRIPTION] Current India Date: 2026-09-21
[2026-09-21 13:53:00] [INFO] [OVERSTAY] Cron triggered
[2026-09-21 13:53:00] [INFO] ==================================================
[2026-09-21 13:53:00] [INFO] OVERSTAY CRON STARTED
[2026-09-21 13:53:00] [INFO] ==================================================
[2026-09-21 13:53:00] [INFO] [OVERSTAY] Current India Date/Time: 21/09/2026 13:53:00
[2026-09-21 13:53:00] [INFO] [OVERSTAY] Timezone: Asia/Kolkata
[2026-09-21 13:53:00] [INFO] [OVERSTAY] Staying customers found: 0
[2026-09-21 13:53:00] [INFO] ==================================================
[2026-09-21 13:53:00] [INFO] OVERSTAY CRON COMPLETED
[2026-09-21 13:53:00] [INFO] ==================================================
[2026-09-21 13:53:00] [INFO] [SUBSCRIPTION] Subscriptions found: 2
[2026-09-21 13:53:00] [INFO] [SUBSCRIPTION] mani hotel | Expiry: 2026-10-16 | Days Remaining: 25
[2026-09-21 13:53:00] [INFO] [SUBSCRIPTION] hotel 2 | Expiry: 2026-10-17 | Days Remaining: 26
[2026-09-21 13:53:00] [INFO] ==================================================
[2026-09-21 13:53:00] [INFO] SUBSCRIPTION EXPIRY CRON COMPLETED
[2026-09-21 13:53:00] [INFO] ==================================================
[2026-09-21 13:53:36] [INFO] [OVERSTAY] Overstay cron initialized successfully
[2026-09-21 13:53:36] [INFO] [OVERSTAY] Cron schedule: Every minute
[2026-09-21 13:53:36] [INFO] [OVERSTAY] Cron timezone: Asia/Kolkata
[2026-09-21 13:53:36] [INFO] ==================================================
[2026-09-21 13:53:36] [INFO] OVERSTAY CRON STARTED
[2026-09-21 13:53:36] [INFO] ==================================================
[2026-09-21 13:53:36] [INFO] [OVERSTAY] Current India Date/Time: 21/09/2026 13:53:36
[2026-09-21 13:53:36] [INFO] [OVERSTAY] Timezone: Asia/Kolkata
[2026-09-21 13:53:36] [INFO] [SUBSCRIPTION] Subscription expiry cron initialized successfully
[2026-09-21 13:53:36] [INFO] [SUBSCRIPTION] Cron schedule: Every minute
[2026-09-21 13:53:36] [INFO] [SUBSCRIPTION] Cron timezone: Asia/Kolkata
[2026-09-21 13:53:36] [INFO] ==================================================
[2026-09-21 13:53:36] [INFO] SUBSCRIPTION EXPIRY CRON STARTED
[2026-09-21 13:53:36] [INFO] ==================================================
[2026-09-21 13:53:36] [INFO] [SUBSCRIPTION] Current India Date: 2026-09-21
[2026-09-21 13:53:36] [INFO] [Logger] Running log cleanup check. Retention limit: 30 days.
[2026-09-21 13:53:36] [INFO] [Logger] Cleanup completed. No expired log files found.
[2026-09-21 13:53:36] [INFO] [Logger] Automated log cleanup scheduler started (runs every 24 hours).
[2026-09-21 13:53:36] [INFO] [Server] Server started and listening on port 5000
[2026-09-21 13:53:37] [INFO] [Database] MongoDB Connected successfully: 76.13.244.61
[2026-09-21 13:53:37] [INFO] Admin user already exists
[2026-09-21 13:53:37] [INFO] [OVERSTAY] Staying customers found: 0
[2026-09-21 13:53:37] [INFO] ==================================================
[2026-09-21 13:53:37] [INFO] OVERSTAY CRON COMPLETED
[2026-09-21 13:53:37] [INFO] ==================================================
[2026-09-21 13:53:37] [INFO] [SUBSCRIPTION] Subscriptions found: 2
[2026-09-21 13:53:37] [INFO] [SUBSCRIPTION] mani hotel | Expiry: 2026-10-16 | Days Remaining: 25
[2026-09-21 13:53:37] [INFO] [SUBSCRIPTION] hotel 2 | Expiry: 2026-10-17 | Days Remaining: 26
[2026-09-21 13:53:37] [INFO] ==================================================
[2026-09-21 13:53:37] [INFO] SUBSCRIPTION EXPIRY CRON COMPLETED
[2026-09-21 13:53:37] [INFO] ==================================================
[2026-09-21 13:53:48] [INFO] INFO
[2026-09-21 13:53:48] [INFO] INFO
[2026-09-21 13:53:50] [INFO] [Permission Verify] Allowed. User: 6aaa540e5c80eba3c908a924, Permission: roomsBooking
[2026-09-21 13:53:50] [INFO] [Booking] Get active bookings started. hotelId=6aaa540d5c80eba3c908a921, branchId=6aaa540d5c80eba3c908a923
[2026-09-21 13:53:50] [INFO] [Booking] Active bookings retrieved. hotelId=6aaa540d5c80eba3c908a921, branchId=6aaa540d5c80eba3c908a923, count=2
[2026-09-21 13:53:50] [INFO] [Permission Verify] Allowed. User: 6aaa540e5c80eba3c908a924, Permission: roomsBooking
[2026-09-21 13:53:50] [INFO] [Booking] Get active bookings started. hotelId=6aaa540d5c80eba3c908a921, branchId=6aaa540d5c80eba3c908a923
[2026-09-21 13:53:50] [INFO] [Booking] Active bookings retrieved. hotelId=6aaa540d5c80eba3c908a921, branchId=6aaa540d5c80eba3c908a923, count=2
[2026-09-21 13:53:51] [INFO] [Permission Verify] Allowed. User: 6aaa540e5c80eba3c908a924, Permission: users
[2026-09-21 13:53:51] [INFO] [getMySubscription] Loaded subscription 6aaa540d5c80eba3c908a922 | Hotel ID: 6aaa540d5c80eba3c908a921
[2026-09-21 13:53:51] [INFO] [Permission Verify] Allowed. User: 6aaa540e5c80eba3c908a924, Permission: users
[2026-09-21 13:53:51] [INFO] [getMySubscription] Loaded subscription 6aaa540d5c80eba3c908a922 | Hotel ID: 6aaa540d5c80eba3c908a921
[2026-09-21 13:53:51] [INFO] [Permission Verify] Allowed. User: 6aaa540e5c80eba3c908a924, Permission: users
[2026-09-21 13:53:51] [INFO] [getMySubscription] Loaded subscription 6aaa540d5c80eba3c908a922 | Hotel ID: 6aaa540d5c80eba3c908a921
[2026-09-21 13:53:52] [INFO] [Permission Verify] Allowed. User: 6aaa540e5c80eba3c908a924, Permission: users
[2026-09-21 13:53:52] [INFO] [getMySubscription] Loaded subscription 6aaa540d5c80eba3c908a922 | Hotel ID: 6aaa540d5c80eba3c908a921
[2026-09-21 13:53:52] [INFO] [Permission Verify] Allowed. User: 6aaa540e5c80eba3c908a924, Permission: users
[2026-09-21 13:53:52] [INFO] [getMySubscription] Loaded subscription 6aaa540d5c80eba3c908a922 | Hotel ID: 6aaa540d5c80eba3c908a921
[2026-09-21 13:53:52] [INFO] [Permission Verify] Allowed. User: 6aaa540e5c80eba3c908a924, Permission: users
[2026-09-21 13:53:52] [INFO] [Permission Verify] Allowed. User: 6aaa540e5c80eba3c908a924, Permission: roomsBooking
[2026-09-21 13:53:52] [INFO] [Booking] Finding booking. bookingId=6aae46c69d684dd4a1717de4, hotelId=6aaa540d5c80eba3c908a921, branchId=6aaa540d5c80eba3c908a923
[2026-09-21 13:53:52] [INFO] [Booking] Booking retrieved. bookingId=6aae46c69d684dd4a1717de4, hotelId=6aaa540d5c80eba3c908a921, branchId=6aaa540d5c80eba3c908a923
[2026-09-21 13:53:52] [INFO] [getMySubscription] Loaded subscription 6aaa540d5c80eba3c908a922 | Hotel ID: 6aaa540d5c80eba3c908a921
[2026-09-21 13:54:00] [INFO] [OVERSTAY] Cron triggered
[2026-09-21 13:54:00] [INFO] ==================================================
[2026-09-21 13:54:00] [INFO] OVERSTAY CRON STARTED
[2026-09-21 13:54:00] [INFO] ==================================================
[2026-09-21 13:54:00] [INFO] [OVERSTAY] Current India Date/Time: 21/09/2026 13:54:00
[2026-09-21 13:54:00] [INFO] [OVERSTAY] Timezone: Asia/Kolkata
[2026-09-21 13:54:00] [INFO] [SUBSCRIPTION] Expiry cron triggered
[2026-09-21 13:54:00] [INFO] ==================================================
[2026-09-21 13:54:00] [INFO] SUBSCRIPTION EXPIRY CRON STARTED
[2026-09-21 13:54:00] [INFO] ==================================================
[2026-09-21 13:54:00] [INFO] [SUBSCRIPTION] Current India Date: 2026-09-21
[2026-09-21 13:54:00] [INFO] [OVERSTAY] Staying customers found: 0
[2026-09-21 13:54:00] [INFO] ==================================================
[2026-09-21 13:54:00] [INFO] OVERSTAY CRON COMPLETED
[2026-09-21 13:54:00] [INFO] ==================================================
[2026-09-21 13:54:00] [INFO] [SUBSCRIPTION] Subscriptions found: 2
[2026-09-21 13:54:00] [INFO] [SUBSCRIPTION] mani hotel | Expiry: 2026-10-16 | Days Remaining: 25
[2026-09-21 13:54:00] [INFO] [SUBSCRIPTION] hotel 2 | Expiry: 2026-10-17 | Days Remaining: 26
[2026-09-21 13:54:00] [INFO] ==================================================
[2026-09-21 13:54:00] [INFO] SUBSCRIPTION EXPIRY CRON COMPLETED
[2026-09-21 13:54:00] [INFO] ==================================================
[2026-09-21 13:54:50] [INFO] [Permission Verify] Allowed. User: 6aaa540e5c80eba3c908a924, Permission: roomsBooking
[2026-09-21 13:54:50] [INFO] [Booking] Get active bookings started. hotelId=6aaa540d5c80eba3c908a921, branchId=6aaa540d5c80eba3c908a923
[2026-09-21 13:54:50] [INFO] [Booking] Active bookings retrieved. hotelId=6aaa540d5c80eba3c908a921, branchId=6aaa540d5c80eba3c908a923, count=2
[2026-09-21 13:55:00] [INFO] [SUBSCRIPTION] Expiry cron triggered
[2026-09-21 13:55:00] [INFO] ==================================================
[2026-09-21 13:55:00] [INFO] SUBSCRIPTION EXPIRY CRON STARTED
[2026-09-21 13:55:00] [INFO] ==================================================
[2026-09-21 13:55:00] [INFO] [SUBSCRIPTION] Current India Date: 2026-09-21
[2026-09-21 13:55:00] [INFO] [OVERSTAY] Cron triggered
[2026-09-21 13:55:00] [INFO] ==================================================
[2026-09-21 13:55:00] [INFO] OVERSTAY CRON STARTED
[2026-09-21 13:55:00] [INFO] ==================================================
[2026-09-21 13:55:00] [INFO] [OVERSTAY] Current India Date/Time: 21/09/2026 13:55:00
[2026-09-21 13:55:00] [INFO] [OVERSTAY] Timezone: Asia/Kolkata
[2026-09-21 13:55:00] [INFO] [OVERSTAY] Staying customers found: 0
[2026-09-21 13:55:00] [INFO] ==================================================
[2026-09-21 13:55:00] [INFO] OVERSTAY CRON COMPLETED
[2026-09-21 13:55:00] [INFO] ==================================================
[2026-09-21 13:55:00] [INFO] [SUBSCRIPTION] Subscriptions found: 2
[2026-09-21 13:55:00] [INFO] [SUBSCRIPTION] mani hotel | Expiry: 2026-10-16 | Days Remaining: 25
[2026-09-21 13:55:00] [INFO] [SUBSCRIPTION] hotel 2 | Expiry: 2026-10-17 | Days Remaining: 26
[2026-09-21 13:55:00] [INFO] ==================================================
[2026-09-21 13:55:00] [INFO] SUBSCRIPTION EXPIRY CRON COMPLETED
[2026-09-21 13:55:00] [INFO] ==================================================
[2026-09-21 13:55:45] [INFO] [Permission Verify] Allowed. User: 6aaa540e5c80eba3c908a924, Permission: foodManagement
[2026-09-21 13:55:45] [INFO] [FOOD SERVICE] Deleted | Hotel: 6aaa540d5c80eba3c908a921 | Branch: 6aaa540d5c80eba3c908a923 | Booking: 6aae46c69d684dd4a1717de4 | Room: 6aae46c69d684dd4a1717de5 | Food Service: 6ab0e89355cefa1ef9e719c5
[2026-09-21 13:55:45] [INFO] [Permission Verify] Allowed. User: 6aaa540e5c80eba3c908a924, Permission: roomsBooking
[2026-09-21 13:55:45] [INFO] [Booking] Finding booking. bookingId=6aae46c69d684dd4a1717de4, hotelId=6aaa540d5c80eba3c908a921, branchId=6aaa540d5c80eba3c908a923
[2026-09-21 13:55:45] [INFO] [Booking] Booking retrieved. bookingId=6aae46c69d684dd4a1717de4, hotelId=6aaa540d5c80eba3c908a921, branchId=6aaa540d5c80eba3c908a923
[2026-09-21 13:55:50] [INFO] [Permission Verify] Allowed. User: 6aaa540e5c80eba3c908a924, Permission: roomsBooking
[2026-09-21 13:55:50] [INFO] [Booking] Get active bookings started. hotelId=6aaa540d5c80eba3c908a921, branchId=6aaa540d5c80eba3c908a923
[2026-09-21 13:55:50] [INFO] [Booking] Active bookings retrieved. hotelId=6aaa540d5c80eba3c908a921, branchId=6aaa540d5c80eba3c908a923, count=2
[2026-09-21 13:55:58] [INFO] [Permission Verify] Allowed. User: 6aaa540e5c80eba3c908a924, Permission: roomsBooking
[2026-09-21 13:55:58] [INFO] [Booking] Get active bookings started. hotelId=6aaa540d5c80eba3c908a921, branchId=6aaa540d5c80eba3c908a923
[2026-09-21 13:55:58] [INFO] [Booking] Active bookings retrieved. hotelId=6aaa540d5c80eba3c908a921, branchId=6aaa540d5c80eba3c908a923, count=2
[2026-09-21 13:56:00] [INFO] [SUBSCRIPTION] Expiry cron triggered
[2026-09-21 13:56:00] [INFO] ==================================================
[2026-09-21 13:56:00] [INFO] SUBSCRIPTION EXPIRY CRON STARTED
[2026-09-21 13:56:00] [INFO] ==================================================
[2026-09-21 13:56:00] [INFO] [SUBSCRIPTION] Current India Date: 2026-09-21
[2026-09-21 13:56:00] [INFO] [OVERSTAY] Cron triggered
[2026-09-21 13:56:00] [INFO] ==================================================
[2026-09-21 13:56:00] [INFO] OVERSTAY CRON STARTED
[2026-09-21 13:56:00] [INFO] ==================================================
[2026-09-21 13:56:00] [INFO] [OVERSTAY] Current India Date/Time: 21/09/2026 13:56:00
[2026-09-21 13:56:00] [INFO] [OVERSTAY] Timezone: Asia/Kolkata
[2026-09-21 13:56:00] [INFO] [OVERSTAY] Staying customers found: 0
[2026-09-21 13:56:00] [INFO] ==================================================
[2026-09-21 13:56:00] [INFO] OVERSTAY CRON COMPLETED
[2026-09-21 13:56:00] [INFO] ==================================================
[2026-09-21 13:56:00] [INFO] [SUBSCRIPTION] Subscriptions found: 2
[2026-09-21 13:56:00] [INFO] [SUBSCRIPTION] mani hotel | Expiry: 2026-10-16 | Days Remaining: 25
[2026-09-21 13:56:00] [INFO] [SUBSCRIPTION] hotel 2 | Expiry: 2026-10-17 | Days Remaining: 26
[2026-09-21 13:56:00] [INFO] ==================================================
[2026-09-21 13:56:00] [INFO] SUBSCRIPTION EXPIRY CRON COMPLETED
[2026-09-21 13:56:00] [INFO] ==================================================
[2026-09-21 13:56:04] [INFO] [Permission Verify] Allowed. User: 6aaa540e5c80eba3c908a924, Permission: foodManagement
[2026-09-21 13:56:04] [INFO] Food item deleted successfully: 6aae491c9d684dd4a1717e31 - hotel 6aaa540d5c80eba3c908a921 - branch 6aaa540d5c80eba3c908a923
[2026-09-21 13:56:06] [INFO] INFO
[2026-09-21 13:56:06] [INFO] INFO
[2026-09-21 13:56:41] [INFO] [Permission Verify] Allowed. User: 6aaa540e5c80eba3c908a924, Permission: foodManagement
[2026-09-21 13:56:41] [INFO] Food item created successfully: 6ab0ea413d50939a5cdf46b3 - chicken - hotel 6aaa540d5c80eba3c908a921 - branch 6aaa540d5c80eba3c908a923
[2026-09-21 13:56:43] [INFO] INFO
[2026-09-21 13:56:43] [INFO] INFO
[2026-09-21 13:56:44] [INFO] [Permission Verify] Allowed. User: 6aaa540e5c80eba3c908a924, Permission: roomsBooking
[2026-09-21 13:56:44] [INFO] [Booking] Get active bookings started. hotelId=6aaa540d5c80eba3c908a921, branchId=6aaa540d5c80eba3c908a923
[2026-09-21 13:56:45] [INFO] [Booking] Active bookings retrieved. hotelId=6aaa540d5c80eba3c908a921, branchId=6aaa540d5c80eba3c908a923, count=2
[2026-09-21 13:56:45] [INFO] [Permission Verify] Allowed. User: 6aaa540e5c80eba3c908a924, Permission: roomsBooking
[2026-09-21 13:56:45] [INFO] [Booking] Get active bookings started. hotelId=6aaa540d5c80eba3c908a921, branchId=6aaa540d5c80eba3c908a923
[2026-09-21 13:56:45] [INFO] [Booking] Active bookings retrieved. hotelId=6aaa540d5c80eba3c908a921, branchId=6aaa540d5c80eba3c908a923, count=2
[2026-09-21 13:56:47] [INFO] [Permission Verify] Allowed. User: 6aaa540e5c80eba3c908a924, Permission: users
[2026-09-21 13:56:47] [INFO] [getMySubscription] Loaded subscription 6aaa540d5c80eba3c908a922 | Hotel ID: 6aaa540d5c80eba3c908a921
[2026-09-21 13:56:47] [INFO] [Permission Verify] Allowed. User: 6aaa540e5c80eba3c908a924, Permission: users
[2026-09-21 13:56:47] [INFO] [getMySubscription] Loaded subscription 6aaa540d5c80eba3c908a922 | Hotel ID: 6aaa540d5c80eba3c908a921
[2026-09-21 13:56:47] [INFO] [Permission Verify] Allowed. User: 6aaa540e5c80eba3c908a924, Permission: users
[2026-09-21 13:56:47] [INFO] [getMySubscription] Loaded subscription 6aaa540d5c80eba3c908a922 | Hotel ID: 6aaa540d5c80eba3c908a921
[2026-09-21 13:56:47] [INFO] [Permission Verify] Allowed. User: 6aaa540e5c80eba3c908a924, Permission: users
[2026-09-21 13:56:47] [INFO] [getMySubscription] Loaded subscription 6aaa540d5c80eba3c908a922 | Hotel ID: 6aaa540d5c80eba3c908a921
[2026-09-21 13:56:47] [INFO] [Permission Verify] Allowed. User: 6aaa540e5c80eba3c908a924, Permission: users
[2026-09-21 13:56:48] [INFO] [getMySubscription] Loaded subscription 6aaa540d5c80eba3c908a922 | Hotel ID: 6aaa540d5c80eba3c908a921
[2026-09-21 13:56:48] [INFO] [Permission Verify] Allowed. User: 6aaa540e5c80eba3c908a924, Permission: users
[2026-09-21 13:56:48] [INFO] [Permission Verify] Allowed. User: 6aaa540e5c80eba3c908a924, Permission: roomsBooking
[2026-09-21 13:56:48] [INFO] [Booking] Finding booking. bookingId=6aae46c69d684dd4a1717de4, hotelId=6aaa540d5c80eba3c908a921, branchId=6aaa540d5c80eba3c908a923
[2026-09-21 13:56:48] [INFO] [getMySubscription] Loaded subscription 6aaa540d5c80eba3c908a922 | Hotel ID: 6aaa540d5c80eba3c908a921
[2026-09-21 13:56:48] [INFO] [Booking] Booking retrieved. bookingId=6aae46c69d684dd4a1717de4, hotelId=6aaa540d5c80eba3c908a921, branchId=6aaa540d5c80eba3c908a923
[2026-09-21 13:56:55] [INFO] [Permission Verify] Allowed. User: 6aaa540e5c80eba3c908a924, Permission: foodManagement
[2026-09-21 13:56:55] [INFO] [Booking] Food service added. bookingId=6aae46c69d684dd4a1717de4, roomId=6aae46c69d684dd4a1717de5, foodId=6ab0ea413d50939a5cdf46b3, hotelId=6aaa540d5c80eba3c908a921, branchId=6aaa540d5c80eba3c908a923
[2026-09-21 13:56:55] [INFO] [Permission Verify] Allowed. User: 6aaa540e5c80eba3c908a924, Permission: roomsBooking
[2026-09-21 13:56:55] [INFO] [Booking] Finding booking. bookingId=6aae46c69d684dd4a1717de4, hotelId=6aaa540d5c80eba3c908a921, branchId=6aaa540d5c80eba3c908a923
[2026-09-21 13:56:55] [INFO] [Booking] Booking retrieved. bookingId=6aae46c69d684dd4a1717de4, hotelId=6aaa540d5c80eba3c908a921, branchId=6aaa540d5c80eba3c908a923
[2026-09-21 13:57:00] [INFO] [SUBSCRIPTION] Expiry cron triggered
[2026-09-21 13:57:00] [INFO] ==================================================
[2026-09-21 13:57:00] [INFO] SUBSCRIPTION EXPIRY CRON STARTED
[2026-09-21 13:57:00] [INFO] ==================================================
[2026-09-21 13:57:00] [INFO] [SUBSCRIPTION] Current India Date: 2026-09-21
[2026-09-21 13:57:00] [INFO] [OVERSTAY] Cron triggered
[2026-09-21 13:57:00] [INFO] ==================================================
[2026-09-21 13:57:00] [INFO] OVERSTAY CRON STARTED
[2026-09-21 13:57:00] [INFO] ==================================================
[2026-09-21 13:57:00] [INFO] [OVERSTAY] Current India Date/Time: 21/09/2026 13:57:00
[2026-09-21 13:57:00] [INFO] [OVERSTAY] Timezone: Asia/Kolkata
[2026-09-21 13:57:00] [INFO] [OVERSTAY] Staying customers found: 0
[2026-09-21 13:57:00] [INFO] ==================================================
[2026-09-21 13:57:00] [INFO] OVERSTAY CRON COMPLETED
[2026-09-21 13:57:00] [INFO] ==================================================
[2026-09-21 13:57:00] [INFO] [SUBSCRIPTION] Subscriptions found: 2
[2026-09-21 13:57:00] [INFO] [SUBSCRIPTION] mani hotel | Expiry: 2026-10-16 | Days Remaining: 25
[2026-09-21 13:57:00] [INFO] [SUBSCRIPTION] hotel 2 | Expiry: 2026-10-17 | Days Remaining: 26
[2026-09-21 13:57:00] [INFO] ==================================================
[2026-09-21 13:57:00] [INFO] SUBSCRIPTION EXPIRY CRON COMPLETED
[2026-09-21 13:57:00] [INFO] ==================================================
[2026-09-21 13:57:45] [INFO] [Permission Verify] Allowed. User: 6aaa540e5c80eba3c908a924, Permission: roomsBooking
[2026-09-21 13:57:45] [INFO] [Booking] Get active bookings started. hotelId=6aaa540d5c80eba3c908a921, branchId=6aaa540d5c80eba3c908a923
[2026-09-21 13:57:45] [INFO] [Booking] Active bookings retrieved. hotelId=6aaa540d5c80eba3c908a921, branchId=6aaa540d5c80eba3c908a923, count=2
[2026-09-21 13:58:00] [INFO] [SUBSCRIPTION] Expiry cron triggered
[2026-09-21 13:58:00] [INFO] ==================================================
[2026-09-21 13:58:00] [INFO] SUBSCRIPTION EXPIRY CRON STARTED
[2026-09-21 13:58:00] [INFO] ==================================================
[2026-09-21 13:58:00] [INFO] [SUBSCRIPTION] Current India Date: 2026-09-21
[2026-09-21 13:58:00] [INFO] [OVERSTAY] Cron triggered
[2026-09-21 13:58:00] [INFO] ==================================================
[2026-09-21 13:58:00] [INFO] OVERSTAY CRON STARTED
[2026-09-21 13:58:00] [INFO] ==================================================
[2026-09-21 13:58:00] [INFO] [OVERSTAY] Current India Date/Time: 21/09/2026 13:58:00
[2026-09-21 13:58:00] [INFO] [OVERSTAY] Timezone: Asia/Kolkata
[2026-09-21 13:58:00] [INFO] [OVERSTAY] Staying customers found: 0
[2026-09-21 13:58:00] [INFO] ==================================================
[2026-09-21 13:58:00] [INFO] OVERSTAY CRON COMPLETED
[2026-09-21 13:58:00] [INFO] ==================================================
[2026-09-21 13:58:00] [INFO] [SUBSCRIPTION] Subscriptions found: 2
[2026-09-21 13:58:00] [INFO] [SUBSCRIPTION] mani hotel | Expiry: 2026-10-16 | Days Remaining: 25
[2026-09-21 13:58:00] [INFO] [SUBSCRIPTION] hotel 2 | Expiry: 2026-10-17 | Days Remaining: 26
[2026-09-21 13:58:00] [INFO] ==================================================
[2026-09-21 13:58:00] [INFO] SUBSCRIPTION EXPIRY CRON COMPLETED
[2026-09-21 13:58:00] [INFO] ==================================================
[2026-09-21 13:58:45] [INFO] [Permission Verify] Allowed. User: 6aaa540e5c80eba3c908a924, Permission: roomsBooking
[2026-09-21 13:58:45] [INFO] [Booking] Get active bookings started. hotelId=6aaa540d5c80eba3c908a921, branchId=6aaa540d5c80eba3c908a923
[2026-09-21 13:58:45] [INFO] [Booking] Active bookings retrieved. hotelId=6aaa540d5c80eba3c908a921, branchId=6aaa540d5c80eba3c908a923, count=2
[2026-09-21 13:59:00] [INFO] [SUBSCRIPTION] Expiry cron triggered
[2026-09-21 13:59:00] [INFO] ==================================================
[2026-09-21 13:59:00] [INFO] SUBSCRIPTION EXPIRY CRON STARTED
[2026-09-21 13:59:00] [INFO] ==================================================
[2026-09-21 13:59:00] [INFO] [SUBSCRIPTION] Current India Date: 2026-09-21
[2026-09-21 13:59:00] [INFO] [OVERSTAY] Cron triggered
[2026-09-21 13:59:00] [INFO] ==================================================
[2026-09-21 13:59:00] [INFO] OVERSTAY CRON STARTED
[2026-09-21 13:59:00] [INFO] ==================================================
[2026-09-21 13:59:00] [INFO] [OVERSTAY] Current India Date/Time: 21/09/2026 13:59:00
[2026-09-21 13:59:00] [INFO] [OVERSTAY] Timezone: Asia/Kolkata
[2026-09-21 13:59:00] [INFO] [OVERSTAY] Staying customers found: 0
[2026-09-21 13:59:00] [INFO] ==================================================
[2026-09-21 13:59:00] [INFO] OVERSTAY CRON COMPLETED
[2026-09-21 13:59:00] [INFO] ==================================================
[2026-09-21 13:59:00] [INFO] [SUBSCRIPTION] Subscriptions found: 2
[2026-09-21 13:59:00] [INFO] [SUBSCRIPTION] mani hotel | Expiry: 2026-10-16 | Days Remaining: 25
[2026-09-21 13:59:00] [INFO] [SUBSCRIPTION] hotel 2 | Expiry: 2026-10-17 | Days Remaining: 26
[2026-09-21 13:59:00] [INFO] ==================================================
[2026-09-21 13:59:00] [INFO] SUBSCRIPTION EXPIRY CRON COMPLETED
[2026-09-21 13:59:00] [INFO] ==================================================
[2026-09-21 13:59:45] [INFO] [Permission Verify] Allowed. User: 6aaa540e5c80eba3c908a924, Permission: roomsBooking
[2026-09-21 13:59:45] [INFO] [Booking] Get active bookings started. hotelId=6aaa540d5c80eba3c908a921, branchId=6aaa540d5c80eba3c908a923
[2026-09-21 13:59:45] [INFO] [Booking] Active bookings retrieved. hotelId=6aaa540d5c80eba3c908a921, branchId=6aaa540d5c80eba3c908a923, count=2
[2026-09-21 14:00:00] [INFO] [SUBSCRIPTION] Expiry cron triggered
[2026-09-21 14:00:00] [INFO] ==================================================
[2026-09-21 14:00:00] [INFO] SUBSCRIPTION EXPIRY CRON STARTED
[2026-09-21 14:00:00] [INFO] ==================================================
[2026-09-21 14:00:00] [INFO] [SUBSCRIPTION] Current India Date: 2026-09-21
[2026-09-21 14:00:00] [INFO] [OVERSTAY] Cron triggered
[2026-09-21 14:00:00] [INFO] ==================================================
[2026-09-21 14:00:00] [INFO] OVERSTAY CRON STARTED
[2026-09-21 14:00:00] [INFO] ==================================================
[2026-09-21 14:00:00] [INFO] [OVERSTAY] Current India Date/Time: 21/09/2026 14:00:00
[2026-09-21 14:00:00] [INFO] [OVERSTAY] Timezone: Asia/Kolkata
[2026-09-21 14:00:00] [INFO] [OVERSTAY] Staying customers found: 0
[2026-09-21 14:00:00] [INFO] ==================================================
[2026-09-21 14:00:00] [INFO] OVERSTAY CRON COMPLETED
[2026-09-21 14:00:00] [INFO] ==================================================
[2026-09-21 14:00:00] [INFO] [SUBSCRIPTION] Subscriptions found: 2
[2026-09-21 14:00:00] [INFO] [SUBSCRIPTION] mani hotel | Expiry: 2026-10-16 | Days Remaining: 25
[2026-09-21 14:00:00] [INFO] [SUBSCRIPTION] hotel 2 | Expiry: 2026-10-17 | Days Remaining: 26
[2026-09-21 14:00:00] [INFO] ==================================================
[2026-09-21 14:00:00] [INFO] SUBSCRIPTION EXPIRY CRON COMPLETED
[2026-09-21 14:00:00] [INFO] ==================================================
[2026-09-21 14:00:45] [INFO] [Permission Verify] Allowed. User: 6aaa540e5c80eba3c908a924, Permission: roomsBooking
[2026-09-21 14:00:45] [INFO] [Booking] Get active bookings started. hotelId=6aaa540d5c80eba3c908a921, branchId=6aaa540d5c80eba3c908a923
[2026-09-21 14:00:45] [INFO] [Booking] Active bookings retrieved. hotelId=6aaa540d5c80eba3c908a921, branchId=6aaa540d5c80eba3c908a923, count=2
[2026-09-21 14:01:00] [INFO] [OVERSTAY] Cron triggered
[2026-09-21 14:01:00] [INFO] ==================================================
[2026-09-21 14:01:00] [INFO] OVERSTAY CRON STARTED
[2026-09-21 14:01:00] [INFO] ==================================================
[2026-09-21 14:01:00] [INFO] [OVERSTAY] Current India Date/Time: 21/09/2026 14:01:00
[2026-09-21 14:01:00] [INFO] [OVERSTAY] Timezone: Asia/Kolkata
[2026-09-21 14:01:00] [INFO] [SUBSCRIPTION] Expiry cron triggered
[2026-09-21 14:01:00] [INFO] ==================================================
[2026-09-21 14:01:00] [INFO] SUBSCRIPTION EXPIRY CRON STARTED
[2026-09-21 14:01:00] [INFO] ==================================================
[2026-09-21 14:01:00] [INFO] [SUBSCRIPTION] Current India Date: 2026-09-21
[2026-09-21 14:01:00] [INFO] [OVERSTAY] Staying customers found: 0
[2026-09-21 14:01:00] [INFO] ==================================================
[2026-09-21 14:01:00] [INFO] OVERSTAY CRON COMPLETED
[2026-09-21 14:01:00] [INFO] ==================================================
[2026-09-21 14:01:00] [INFO] [SUBSCRIPTION] Subscriptions found: 2
[2026-09-21 14:01:00] [INFO] [SUBSCRIPTION] mani hotel | Expiry: 2026-10-16 | Days Remaining: 25
[2026-09-21 14:01:00] [INFO] [SUBSCRIPTION] hotel 2 | Expiry: 2026-10-17 | Days Remaining: 26
[2026-09-21 14:01:00] [INFO] ==================================================
[2026-09-21 14:01:00] [INFO] SUBSCRIPTION EXPIRY CRON COMPLETED
[2026-09-21 14:01:00] [INFO] ==================================================
[2026-09-21 14:01:01] [INFO] INFO
[2026-09-21 14:01:01] [INFO] INFO
[2026-09-21 14:02:00] [INFO] [OVERSTAY] Cron triggered
[2026-09-21 14:02:00] [INFO] ==================================================
[2026-09-21 14:02:00] [INFO] OVERSTAY CRON STARTED
[2026-09-21 14:02:00] [INFO] ==================================================
[2026-09-21 14:02:00] [INFO] [OVERSTAY] Current India Date/Time: 21/09/2026 14:02:00
[2026-09-21 14:02:00] [INFO] [OVERSTAY] Timezone: Asia/Kolkata
[2026-09-21 14:02:00] [INFO] [SUBSCRIPTION] Expiry cron triggered
[2026-09-21 14:02:00] [INFO] ==================================================
[2026-09-21 14:02:00] [INFO] SUBSCRIPTION EXPIRY CRON STARTED
[2026-09-21 14:02:00] [INFO] ==================================================
[2026-09-21 14:02:00] [INFO] [SUBSCRIPTION] Current India Date: 2026-09-21
[2026-09-21 14:02:00] [INFO] [OVERSTAY] Staying customers found: 0
[2026-09-21 14:02:00] [INFO] ==================================================
[2026-09-21 14:02:00] [INFO] OVERSTAY CRON COMPLETED
[2026-09-21 14:02:00] [INFO] ==================================================
[2026-09-21 14:02:00] [INFO] [SUBSCRIPTION] Subscriptions found: 2
[2026-09-21 14:02:00] [INFO] [SUBSCRIPTION] mani hotel | Expiry: 2026-10-16 | Days Remaining: 25
[2026-09-21 14:02:00] [INFO] [SUBSCRIPTION] hotel 2 | Expiry: 2026-10-17 | Days Remaining: 26
[2026-09-21 14:02:00] [INFO] ==================================================
[2026-09-21 14:02:00] [INFO] SUBSCRIPTION EXPIRY CRON COMPLETED
[2026-09-21 14:02:00] [INFO] ==================================================
[2026-09-21 14:03:00] [INFO] [OVERSTAY] Cron triggered
[2026-09-21 14:03:00] [INFO] ==================================================
[2026-09-21 14:03:00] [INFO] OVERSTAY CRON STARTED
[2026-09-21 14:03:00] [INFO] ==================================================
[2026-09-21 14:03:00] [INFO] [OVERSTAY] Current India Date/Time: 21/09/2026 14:03:00
[2026-09-21 14:03:00] [INFO] [OVERSTAY] Timezone: Asia/Kolkata
[2026-09-21 14:03:00] [INFO] [SUBSCRIPTION] Expiry cron triggered
[2026-09-21 14:03:00] [INFO] ==================================================
[2026-09-21 14:03:00] [INFO] SUBSCRIPTION EXPIRY CRON STARTED
[2026-09-21 14:03:00] [INFO] ==================================================
[2026-09-21 14:03:00] [INFO] [SUBSCRIPTION] Current India Date: 2026-09-21
[2026-09-21 14:03:00] [INFO] [OVERSTAY] Staying customers found: 0
[2026-09-21 14:03:00] [INFO] ==================================================
[2026-09-21 14:03:00] [INFO] OVERSTAY CRON COMPLETED
[2026-09-21 14:03:00] [INFO] ==================================================
[2026-09-21 14:03:00] [INFO] [SUBSCRIPTION] Subscriptions found: 2
[2026-09-21 14:03:00] [INFO] [SUBSCRIPTION] mani hotel | Expiry: 2026-10-16 | Days Remaining: 25
[2026-09-21 14:03:00] [INFO] [SUBSCRIPTION] hotel 2 | Expiry: 2026-10-17 | Days Remaining: 26
[2026-09-21 14:03:00] [INFO] ==================================================
[2026-09-21 14:03:00] [INFO] SUBSCRIPTION EXPIRY CRON COMPLETED
[2026-09-21 14:03:00] [INFO] ==================================================
[2026-09-21 14:04:00] [INFO] [OVERSTAY] Cron triggered
[2026-09-21 14:04:00] [INFO] ==================================================
[2026-09-21 14:04:00] [INFO] OVERSTAY CRON STARTED
[2026-09-21 14:04:00] [INFO] ==================================================
[2026-09-21 14:04:00] [INFO] [OVERSTAY] Current India Date/Time: 21/09/2026 14:04:00
[2026-09-21 14:04:00] [INFO] [OVERSTAY] Timezone: Asia/Kolkata
[2026-09-21 14:04:00] [INFO] [SUBSCRIPTION] Expiry cron triggered
[2026-09-21 14:04:00] [INFO] ==================================================
[2026-09-21 14:04:00] [INFO] SUBSCRIPTION EXPIRY CRON STARTED
[2026-09-21 14:04:00] [INFO] ==================================================
[2026-09-21 14:04:00] [INFO] [SUBSCRIPTION] Current India Date: 2026-09-21
[2026-09-21 14:04:00] [INFO] [OVERSTAY] Staying customers found: 0
[2026-09-21 14:04:00] [INFO] ==================================================
[2026-09-21 14:04:00] [INFO] OVERSTAY CRON COMPLETED
[2026-09-21 14:04:00] [INFO] ==================================================
[2026-09-21 14:04:00] [INFO] [SUBSCRIPTION] Subscriptions found: 2
[2026-09-21 14:04:00] [INFO] [SUBSCRIPTION] mani hotel | Expiry: 2026-10-16 | Days Remaining: 25
[2026-09-21 14:04:00] [INFO] [SUBSCRIPTION] hotel 2 | Expiry: 2026-10-17 | Days Remaining: 26
[2026-09-21 14:04:00] [INFO] ==================================================
[2026-09-21 14:04:00] [INFO] SUBSCRIPTION EXPIRY CRON COMPLETED
[2026-09-21 14:04:00] [INFO] ==================================================
[2026-09-21 14:05:00] [INFO] [OVERSTAY] Cron triggered
[2026-09-21 14:05:00] [INFO] ==================================================
[2026-09-21 14:05:00] [INFO] OVERSTAY CRON STARTED
[2026-09-21 14:05:00] [INFO] ==================================================
[2026-09-21 14:05:00] [INFO] [OVERSTAY] Current India Date/Time: 21/09/2026 14:05:00
[2026-09-21 14:05:00] [INFO] [OVERSTAY] Timezone: Asia/Kolkata
[2026-09-21 14:05:00] [INFO] [SUBSCRIPTION] Expiry cron triggered
[2026-09-21 14:05:00] [INFO] ==================================================
[2026-09-21 14:05:00] [INFO] SUBSCRIPTION EXPIRY CRON STARTED
[2026-09-21 14:05:00] [INFO] ==================================================
[2026-09-21 14:05:00] [INFO] [SUBSCRIPTION] Current India Date: 2026-09-21
[2026-09-21 14:05:00] [INFO] [OVERSTAY] Staying customers found: 0
[2026-09-21 14:05:00] [INFO] ==================================================
[2026-09-21 14:05:00] [INFO] OVERSTAY CRON COMPLETED
[2026-09-21 14:05:00] [INFO] ==================================================
[2026-09-21 14:05:00] [INFO] [SUBSCRIPTION] Subscriptions found: 2
[2026-09-21 14:05:00] [INFO] [SUBSCRIPTION] mani hotel | Expiry: 2026-10-16 | Days Remaining: 25
[2026-09-21 14:05:00] [INFO] [SUBSCRIPTION] hotel 2 | Expiry: 2026-10-17 | Days Remaining: 26
[2026-09-21 14:05:00] [INFO] ==================================================
[2026-09-21 14:05:00] [INFO] SUBSCRIPTION EXPIRY CRON COMPLETED
[2026-09-21 14:05:00] [INFO] ==================================================
[2026-09-21 14:06:00] [INFO] [OVERSTAY] Cron triggered
[2026-09-21 14:06:00] [INFO] ==================================================
[2026-09-21 14:06:00] [INFO] OVERSTAY CRON STARTED
[2026-09-21 14:06:00] [INFO] ==================================================
[2026-09-21 14:06:00] [INFO] [OVERSTAY] Current India Date/Time: 21/09/2026 14:06:00
[2026-09-21 14:06:00] [INFO] [OVERSTAY] Timezone: Asia/Kolkata
[2026-09-21 14:06:00] [INFO] [SUBSCRIPTION] Expiry cron triggered
[2026-09-21 14:06:00] [INFO] ==================================================
[2026-09-21 14:06:00] [INFO] SUBSCRIPTION EXPIRY CRON STARTED
[2026-09-21 14:06:00] [INFO] ==================================================
[2026-09-21 14:06:00] [INFO] [SUBSCRIPTION] Current India Date: 2026-09-21
[2026-09-21 14:06:00] [INFO] [OVERSTAY] Staying customers found: 0
[2026-09-21 14:06:00] [INFO] ==================================================
[2026-09-21 14:06:00] [INFO] OVERSTAY CRON COMPLETED
[2026-09-21 14:06:00] [INFO] ==================================================
[2026-09-21 14:06:00] [INFO] [SUBSCRIPTION] Subscriptions found: 2
[2026-09-21 14:06:00] [INFO] [SUBSCRIPTION] mani hotel | Expiry: 2026-10-16 | Days Remaining: 25
[2026-09-21 14:06:00] [INFO] [SUBSCRIPTION] hotel 2 | Expiry: 2026-10-17 | Days Remaining: 26
[2026-09-21 14:06:00] [INFO] ==================================================
[2026-09-21 14:06:00] [INFO] SUBSCRIPTION EXPIRY CRON COMPLETED
[2026-09-21 14:06:00] [INFO] ==================================================
[2026-09-21 14:07:00] [INFO] [OVERSTAY] Cron triggered
[2026-09-21 14:07:00] [INFO] ==================================================
[2026-09-21 14:07:00] [INFO] OVERSTAY CRON STARTED
[2026-09-21 14:07:00] [INFO] ==================================================
[2026-09-21 14:07:00] [INFO] [OVERSTAY] Current India Date/Time: 21/09/2026 14:07:00
[2026-09-21 14:07:00] [INFO] [OVERSTAY] Timezone: Asia/Kolkata
[2026-09-21 14:07:00] [INFO] [SUBSCRIPTION] Expiry cron triggered
[2026-09-21 14:07:00] [INFO] ==================================================
[2026-09-21 14:07:00] [INFO] SUBSCRIPTION EXPIRY CRON STARTED
[2026-09-21 14:07:00] [INFO] ==================================================
[2026-09-21 14:07:00] [INFO] [SUBSCRIPTION] Current India Date: 2026-09-21
[2026-09-21 14:07:00] [INFO] [OVERSTAY] Staying customers found: 0
[2026-09-21 14:07:00] [INFO] ==================================================
[2026-09-21 14:07:00] [INFO] OVERSTAY CRON COMPLETED
[2026-09-21 14:07:00] [INFO] ==================================================
[2026-09-21 14:07:00] [INFO] [SUBSCRIPTION] Subscriptions found: 2
[2026-09-21 14:07:00] [INFO] [SUBSCRIPTION] mani hotel | Expiry: 2026-10-16 | Days Remaining: 25
[2026-09-21 14:07:00] [INFO] [SUBSCRIPTION] hotel 2 | Expiry: 2026-10-17 | Days Remaining: 26
[2026-09-21 14:07:00] [INFO] ==================================================
[2026-09-21 14:07:00] [INFO] SUBSCRIPTION EXPIRY CRON COMPLETED
[2026-09-21 14:07:00] [INFO] ==================================================
[2026-09-21 14:08:00] [INFO] [OVERSTAY] Cron triggered
[2026-09-21 14:08:00] [INFO] ==================================================
[2026-09-21 14:08:00] [INFO] OVERSTAY CRON STARTED
[2026-09-21 14:08:00] [INFO] ==================================================
[2026-09-21 14:08:00] [INFO] [OVERSTAY] Current India Date/Time: 21/09/2026 14:08:00
[2026-09-21 14:08:00] [INFO] [OVERSTAY] Timezone: Asia/Kolkata
[2026-09-21 14:08:00] [INFO] [SUBSCRIPTION] Expiry cron triggered
[2026-09-21 14:08:00] [INFO] ==================================================
[2026-09-21 14:08:00] [INFO] SUBSCRIPTION EXPIRY CRON STARTED
[2026-09-21 14:08:00] [INFO] ==================================================
[2026-09-21 14:08:00] [INFO] [SUBSCRIPTION] Current India Date: 2026-09-21
[2026-09-21 14:08:00] [INFO] [OVERSTAY] Staying customers found: 0
[2026-09-21 14:08:00] [INFO] ==================================================
[2026-09-21 14:08:00] [INFO] OVERSTAY CRON COMPLETED
[2026-09-21 14:08:00] [INFO] ==================================================
[2026-09-21 14:08:00] [INFO] [SUBSCRIPTION] Subscriptions found: 2
[2026-09-21 14:08:00] [INFO] [SUBSCRIPTION] mani hotel | Expiry: 2026-10-16 | Days Remaining: 25
[2026-09-21 14:08:00] [INFO] [SUBSCRIPTION] hotel 2 | Expiry: 2026-10-17 | Days Remaining: 26
[2026-09-21 14:08:00] [INFO] ==================================================
[2026-09-21 14:08:00] [INFO] SUBSCRIPTION EXPIRY CRON COMPLETED
[2026-09-21 14:08:00] [INFO] ==================================================
[2026-09-21 14:09:00] [INFO] [SUBSCRIPTION] Expiry cron triggered
[2026-09-21 14:09:00] [INFO] ==================================================
[2026-09-21 14:09:00] [INFO] SUBSCRIPTION EXPIRY CRON STARTED
[2026-09-21 14:09:00] [INFO] ==================================================
[2026-09-21 14:09:00] [INFO] [SUBSCRIPTION] Current India Date: 2026-09-21
[2026-09-21 14:09:00] [INFO] [OVERSTAY] Cron triggered
[2026-09-21 14:09:00] [INFO] ==================================================
[2026-09-21 14:09:00] [INFO] OVERSTAY CRON STARTED
[2026-09-21 14:09:00] [INFO] ==================================================
[2026-09-21 14:09:00] [INFO] [OVERSTAY] Current India Date/Time: 21/09/2026 14:09:00
[2026-09-21 14:09:00] [INFO] [OVERSTAY] Timezone: Asia/Kolkata
[2026-09-21 14:09:00] [INFO] [OVERSTAY] Staying customers found: 0
[2026-09-21 14:09:00] [INFO] ==================================================
[2026-09-21 14:09:00] [INFO] OVERSTAY CRON COMPLETED
[2026-09-21 14:09:00] [INFO] ==================================================
[2026-09-21 14:09:00] [INFO] [SUBSCRIPTION] Subscriptions found: 2
[2026-09-21 14:09:00] [INFO] [SUBSCRIPTION] mani hotel | Expiry: 2026-10-16 | Days Remaining: 25
[2026-09-21 14:09:00] [INFO] [SUBSCRIPTION] hotel 2 | Expiry: 2026-10-17 | Days Remaining: 26
[2026-09-21 14:09:00] [INFO] ==================================================
[2026-09-21 14:09:00] [INFO] SUBSCRIPTION EXPIRY CRON COMPLETED
[2026-09-21 14:09:00] [INFO] ==================================================
[2026-09-21 14:10:00] [INFO] [SUBSCRIPTION] Expiry cron triggered
[2026-09-21 14:10:00] [INFO] ==================================================
[2026-09-21 14:10:00] [INFO] SUBSCRIPTION EXPIRY CRON STARTED
[2026-09-21 14:10:00] [INFO] ==================================================
[2026-09-21 14:10:00] [INFO] [SUBSCRIPTION] Current India Date: 2026-09-21
[2026-09-21 14:10:00] [INFO] [OVERSTAY] Cron triggered
[2026-09-21 14:10:00] [INFO] ==================================================
[2026-09-21 14:10:00] [INFO] OVERSTAY CRON STARTED
[2026-09-21 14:10:00] [INFO] ==================================================
[2026-09-21 14:10:00] [INFO] [OVERSTAY] Current India Date/Time: 21/09/2026 14:10:00
[2026-09-21 14:10:00] [INFO] [OVERSTAY] Timezone: Asia/Kolkata
[2026-09-21 14:10:00] [INFO] [OVERSTAY] Staying customers found: 0
[2026-09-21 14:10:00] [INFO] ==================================================
[2026-09-21 14:10:00] [INFO] OVERSTAY CRON COMPLETED
[2026-09-21 14:10:00] [INFO] ==================================================
[2026-09-21 14:10:00] [INFO] [SUBSCRIPTION] Subscriptions found: 2
[2026-09-21 14:10:00] [INFO] [SUBSCRIPTION] mani hotel | Expiry: 2026-10-16 | Days Remaining: 25
[2026-09-21 14:10:00] [INFO] [SUBSCRIPTION] hotel 2 | Expiry: 2026-10-17 | Days Remaining: 26
[2026-09-21 14:10:00] [INFO] ==================================================
[2026-09-21 14:10:00] [INFO] SUBSCRIPTION EXPIRY CRON COMPLETED
[2026-09-21 14:10:00] [INFO] ==================================================
[2026-09-21 14:10:17] [INFO] [Permission Verify] Allowed. User: 6aaa540e5c80eba3c908a924, Permission: roomsBooking
[2026-09-21 14:10:17] [INFO] [Booking] Get active bookings started. hotelId=6aaa540d5c80eba3c908a921, branchId=6aaa540d5c80eba3c908a923
[2026-09-21 14:10:17] [INFO] [Booking] Active bookings retrieved. hotelId=6aaa540d5c80eba3c908a921, branchId=6aaa540d5c80eba3c908a923, count=2
[2026-09-21 14:10:17] [INFO] [Permission Verify] Allowed. User: 6aaa540e5c80eba3c908a924, Permission: roomsBooking
[2026-09-21 14:10:17] [INFO] [Booking] Get active bookings started. hotelId=6aaa540d5c80eba3c908a921, branchId=6aaa540d5c80eba3c908a923
[2026-09-21 14:10:17] [INFO] [Booking] Active bookings retrieved. hotelId=6aaa540d5c80eba3c908a921, branchId=6aaa540d5c80eba3c908a923, count=2
[2026-09-21 14:10:19] [INFO] [Permission Verify] Allowed. User: 6aaa540e5c80eba3c908a924, Permission: users
[2026-09-21 14:10:19] [INFO] [getMySubscription] Loaded subscription 6aaa540d5c80eba3c908a922 | Hotel ID: 6aaa540d5c80eba3c908a921
[2026-09-21 14:10:19] [INFO] [Permission Verify] Allowed. User: 6aaa540e5c80eba3c908a924, Permission: users
[2026-09-21 14:10:19] [INFO] [getMySubscription] Loaded subscription 6aaa540d5c80eba3c908a922 | Hotel ID: 6aaa540d5c80eba3c908a921
[2026-09-21 14:10:19] [INFO] [Permission Verify] Allowed. User: 6aaa540e5c80eba3c908a924, Permission: users
[2026-09-21 14:10:19] [INFO] [getMySubscription] Loaded subscription 6aaa540d5c80eba3c908a922 | Hotel ID: 6aaa540d5c80eba3c908a921
[2026-09-21 14:10:19] [INFO] [Permission Verify] Allowed. User: 6aaa540e5c80eba3c908a924, Permission: users
[2026-09-21 14:10:19] [INFO] [getMySubscription] Loaded subscription 6aaa540d5c80eba3c908a922 | Hotel ID: 6aaa540d5c80eba3c908a921
[2026-09-21 14:10:22] [INFO] INFO
[2026-09-21 14:10:22] [INFO] INFO
[2026-09-21 14:10:30] [INFO] [Permission Verify] Allowed. User: 6aaa540e5c80eba3c908a924, Permission: roomsBooking
[2026-09-21 14:10:30] [INFO] [Booking] Get active bookings started. hotelId=6aaa540d5c80eba3c908a921, branchId=6aaa540d5c80eba3c908a923
[2026-09-21 14:10:30] [INFO] [Booking] Active bookings retrieved. hotelId=6aaa540d5c80eba3c908a921, branchId=6aaa540d5c80eba3c908a923, count=2
[2026-09-21 14:10:30] [INFO] [Permission Verify] Allowed. User: 6aaa540e5c80eba3c908a924, Permission: roomsBooking
[2026-09-21 14:10:30] [INFO] [Booking] Get active bookings started. hotelId=6aaa540d5c80eba3c908a921, branchId=6aaa540d5c80eba3c908a923
[2026-09-21 14:10:30] [INFO] [Booking] Active bookings retrieved. hotelId=6aaa540d5c80eba3c908a921, branchId=6aaa540d5c80eba3c908a923, count=2
[2026-09-21 14:10:31] [INFO] [Permission Verify] Allowed. User: 6aaa540e5c80eba3c908a924, Permission: users
[2026-09-21 14:10:31] [INFO] [getMySubscription] Loaded subscription 6aaa540d5c80eba3c908a922 | Hotel ID: 6aaa540d5c80eba3c908a921
[2026-09-21 14:10:31] [INFO] [Permission Verify] Allowed. User: 6aaa540e5c80eba3c908a924, Permission: users
[2026-09-21 14:10:31] [INFO] [getMySubscription] Loaded subscription 6aaa540d5c80eba3c908a922 | Hotel ID: 6aaa540d5c80eba3c908a921
[2026-09-21 14:10:31] [INFO] [Permission Verify] Allowed. User: 6aaa540e5c80eba3c908a924, Permission: users
[2026-09-21 14:10:31] [INFO] [getMySubscription] Loaded subscription 6aaa540d5c80eba3c908a922 | Hotel ID: 6aaa540d5c80eba3c908a921
[2026-09-21 14:10:31] [INFO] [Permission Verify] Allowed. User: 6aaa540e5c80eba3c908a924, Permission: users
[2026-09-21 14:10:32] [INFO] [getMySubscription] Loaded subscription 6aaa540d5c80eba3c908a922 | Hotel ID: 6aaa540d5c80eba3c908a921
[2026-09-21 14:10:43] [INFO] INFO
[2026-09-21 14:10:43] [INFO] INFO
[2026-09-21 14:10:46] [INFO] [Permission Verify] Allowed. User: 6aaa540e5c80eba3c908a924, Permission: roomsBooking
[2026-09-21 14:10:46] [INFO] [Booking] Get active bookings started. hotelId=6aaa540d5c80eba3c908a921, branchId=6aaa540d5c80eba3c908a923
[2026-09-21 14:10:46] [INFO] [Booking] Active bookings retrieved. hotelId=6aaa540d5c80eba3c908a921, branchId=6aaa540d5c80eba3c908a923, count=2
[2026-09-21 14:10:46] [INFO] [Permission Verify] Allowed. User: 6aaa540e5c80eba3c908a924, Permission: roomsBooking
[2026-09-21 14:10:46] [INFO] [Booking] Get active bookings started. hotelId=6aaa540d5c80eba3c908a921, branchId=6aaa540d5c80eba3c908a923
[2026-09-21 14:10:46] [INFO] [Booking] Active bookings retrieved. hotelId=6aaa540d5c80eba3c908a921, branchId=6aaa540d5c80eba3c908a923, count=2
[2026-09-21 14:10:47] [INFO] [Permission Verify] Allowed. User: 6aaa540e5c80eba3c908a924, Permission: users
[2026-09-21 14:10:47] [INFO] [getMySubscription] Loaded subscription 6aaa540d5c80eba3c908a922 | Hotel ID: 6aaa540d5c80eba3c908a921
[2026-09-21 14:10:48] [INFO] [Permission Verify] Allowed. User: 6aaa540e5c80eba3c908a924, Permission: users
[2026-09-21 14:10:48] [INFO] [getMySubscription] Loaded subscription 6aaa540d5c80eba3c908a922 | Hotel ID: 6aaa540d5c80eba3c908a921
[2026-09-21 14:10:48] [INFO] [Permission Verify] Allowed. User: 6aaa540e5c80eba3c908a924, Permission: users
[2026-09-21 14:10:48] [INFO] [getMySubscription] Loaded subscription 6aaa540d5c80eba3c908a922 | Hotel ID: 6aaa540d5c80eba3c908a921
[2026-09-21 14:10:48] [INFO] [Permission Verify] Allowed. User: 6aaa540e5c80eba3c908a924, Permission: users
[2026-09-21 14:10:48] [INFO] [getMySubscription] Loaded subscription 6aaa540d5c80eba3c908a922 | Hotel ID: 6aaa540d5c80eba3c908a921
[2026-09-21 14:11:00] [INFO] [SUBSCRIPTION] Expiry cron triggered
[2026-09-21 14:11:00] [INFO] ==================================================
[2026-09-21 14:11:00] [INFO] SUBSCRIPTION EXPIRY CRON STARTED
[2026-09-21 14:11:00] [INFO] ==================================================
[2026-09-21 14:11:00] [INFO] [SUBSCRIPTION] Current India Date: 2026-09-21
[2026-09-21 14:11:00] [INFO] [OVERSTAY] Cron triggered
[2026-09-21 14:11:00] [INFO] ==================================================
[2026-09-21 14:11:00] [INFO] OVERSTAY CRON STARTED
[2026-09-21 14:11:00] [INFO] ==================================================
[2026-09-21 14:11:00] [INFO] [OVERSTAY] Current India Date/Time: 21/09/2026 14:11:00
[2026-09-21 14:11:00] [INFO] [OVERSTAY] Timezone: Asia/Kolkata
[2026-09-21 14:11:00] [INFO] [OVERSTAY] Staying customers found: 0
[2026-09-21 14:11:00] [INFO] ==================================================
[2026-09-21 14:11:00] [INFO] OVERSTAY CRON COMPLETED
[2026-09-21 14:11:00] [INFO] ==================================================
[2026-09-21 14:11:00] [INFO] [SUBSCRIPTION] Subscriptions found: 2
[2026-09-21 14:11:00] [INFO] [SUBSCRIPTION] mani hotel | Expiry: 2026-10-16 | Days Remaining: 25
[2026-09-21 14:11:00] [INFO] [SUBSCRIPTION] hotel 2 | Expiry: 2026-10-17 | Days Remaining: 26
[2026-09-21 14:11:00] [INFO] ==================================================
[2026-09-21 14:11:00] [INFO] SUBSCRIPTION EXPIRY CRON COMPLETED
[2026-09-21 14:11:00] [INFO] ==================================================
[2026-09-21 14:12:00] [INFO] [OVERSTAY] Cron triggered
[2026-09-21 14:12:00] [INFO] ==================================================
[2026-09-21 14:12:00] [INFO] OVERSTAY CRON STARTED
[2026-09-21 14:12:00] [INFO] ==================================================
[2026-09-21 14:12:00] [INFO] [OVERSTAY] Current India Date/Time: 21/09/2026 14:12:00
[2026-09-21 14:12:00] [INFO] [OVERSTAY] Timezone: Asia/Kolkata
[2026-09-21 14:12:00] [INFO] [SUBSCRIPTION] Expiry cron triggered
[2026-09-21 14:12:00] [INFO] ==================================================
[2026-09-21 14:12:00] [INFO] SUBSCRIPTION EXPIRY CRON STARTED
[2026-09-21 14:12:00] [INFO] ==================================================
[2026-09-21 14:12:00] [INFO] [SUBSCRIPTION] Current India Date: 2026-09-21
[2026-09-21 14:12:00] [INFO] [OVERSTAY] Staying customers found: 0
[2026-09-21 14:12:00] [INFO] ==================================================
[2026-09-21 14:12:00] [INFO] OVERSTAY CRON COMPLETED
[2026-09-21 14:12:00] [INFO] ==================================================
[2026-09-21 14:12:00] [INFO] [SUBSCRIPTION] Subscriptions found: 2
[2026-09-21 14:12:00] [INFO] [SUBSCRIPTION] mani hotel | Expiry: 2026-10-16 | Days Remaining: 25
[2026-09-21 14:12:00] [INFO] [SUBSCRIPTION] hotel 2 | Expiry: 2026-10-17 | Days Remaining: 26
[2026-09-21 14:12:00] [INFO] ==================================================
[2026-09-21 14:12:00] [INFO] SUBSCRIPTION EXPIRY CRON COMPLETED
[2026-09-21 14:12:00] [INFO] ==================================================
[2026-09-21 14:12:16] [INFO] INFO
[2026-09-21 14:12:16] [INFO] INFO
[2026-09-21 14:13:00] [INFO] [SUBSCRIPTION] Expiry cron triggered
[2026-09-21 14:13:00] [INFO] ==================================================
[2026-09-21 14:13:00] [INFO] SUBSCRIPTION EXPIRY CRON STARTED
[2026-09-21 14:13:00] [INFO] ==================================================
[2026-09-21 14:13:00] [INFO] [SUBSCRIPTION] Current India Date: 2026-09-21
[2026-09-21 14:13:00] [INFO] [OVERSTAY] Cron triggered
[2026-09-21 14:13:00] [INFO] ==================================================
[2026-09-21 14:13:00] [INFO] OVERSTAY CRON STARTED
[2026-09-21 14:13:00] [INFO] ==================================================
[2026-09-21 14:13:00] [INFO] [OVERSTAY] Current India Date/Time: 21/09/2026 14:13:00
[2026-09-21 14:13:00] [INFO] [OVERSTAY] Timezone: Asia/Kolkata
[2026-09-21 14:13:00] [INFO] [OVERSTAY] Staying customers found: 0
[2026-09-21 14:13:00] [INFO] ==================================================
[2026-09-21 14:13:00] [INFO] OVERSTAY CRON COMPLETED
[2026-09-21 14:13:00] [INFO] ==================================================
[2026-09-21 14:13:00] [INFO] [SUBSCRIPTION] Subscriptions found: 2
[2026-09-21 14:13:00] [INFO] [SUBSCRIPTION] mani hotel | Expiry: 2026-10-16 | Days Remaining: 25
[2026-09-21 14:13:00] [INFO] [SUBSCRIPTION] hotel 2 | Expiry: 2026-10-17 | Days Remaining: 26
[2026-09-21 14:13:00] [INFO] ==================================================
[2026-09-21 14:13:00] [INFO] SUBSCRIPTION EXPIRY CRON COMPLETED
[2026-09-21 14:13:00] [INFO] ==================================================
[2026-09-21 14:14:00] [INFO] [SUBSCRIPTION] Expiry cron triggered
[2026-09-21 14:14:00] [INFO] ==================================================
[2026-09-21 14:14:00] [INFO] SUBSCRIPTION EXPIRY CRON STARTED
[2026-09-21 14:14:00] [INFO] ==================================================
[2026-09-21 14:14:00] [INFO] [SUBSCRIPTION] Current India Date: 2026-09-21
[2026-09-21 14:14:00] [INFO] [OVERSTAY] Cron triggered
[2026-09-21 14:14:00] [INFO] ==================================================
[2026-09-21 14:14:00] [INFO] OVERSTAY CRON STARTED
[2026-09-21 14:14:00] [INFO] ==================================================
[2026-09-21 14:14:00] [INFO] [OVERSTAY] Current India Date/Time: 21/09/2026 14:14:00
[2026-09-21 14:14:00] [INFO] [OVERSTAY] Timezone: Asia/Kolkata
[2026-09-21 14:14:00] [INFO] [OVERSTAY] Staying customers found: 0
[2026-09-21 14:14:00] [INFO] ==================================================
[2026-09-21 14:14:00] [INFO] OVERSTAY CRON COMPLETED
[2026-09-21 14:14:00] [INFO] ==================================================
[2026-09-21 14:14:00] [INFO] [SUBSCRIPTION] Subscriptions found: 2
[2026-09-21 14:14:00] [INFO] [SUBSCRIPTION] mani hotel | Expiry: 2026-10-16 | Days Remaining: 25
[2026-09-21 14:14:00] [INFO] [SUBSCRIPTION] hotel 2 | Expiry: 2026-10-17 | Days Remaining: 26
[2026-09-21 14:14:00] [INFO] ==================================================
[2026-09-21 14:14:00] [INFO] SUBSCRIPTION EXPIRY CRON COMPLETED
[2026-09-21 14:14:00] [INFO] ==================================================
[2026-09-21 14:15:00] [INFO] [SUBSCRIPTION] Expiry cron triggered
[2026-09-21 14:15:00] [INFO] ==================================================
[2026-09-21 14:15:00] [INFO] SUBSCRIPTION EXPIRY CRON STARTED
[2026-09-21 14:15:00] [INFO] ==================================================
[2026-09-21 14:15:00] [INFO] [SUBSCRIPTION] Current India Date: 2026-09-21
[2026-09-21 14:15:00] [INFO] [OVERSTAY] Cron triggered
[2026-09-21 14:15:00] [INFO] ==================================================
[2026-09-21 14:15:00] [INFO] OVERSTAY CRON STARTED
[2026-09-21 14:15:00] [INFO] ==================================================
[2026-09-21 14:15:00] [INFO] [OVERSTAY] Current India Date/Time: 21/09/2026 14:15:00
[2026-09-21 14:15:00] [INFO] [OVERSTAY] Timezone: Asia/Kolkata
[2026-09-21 14:15:00] [INFO] [OVERSTAY] Staying customers found: 0
[2026-09-21 14:15:00] [INFO] ==================================================
[2026-09-21 14:15:00] [INFO] OVERSTAY CRON COMPLETED
[2026-09-21 14:15:00] [INFO] ==================================================
[2026-09-21 14:15:00] [INFO] [SUBSCRIPTION] Subscriptions found: 2
[2026-09-21 14:15:00] [INFO] [SUBSCRIPTION] mani hotel | Expiry: 2026-10-16 | Days Remaining: 25
[2026-09-21 14:15:00] [INFO] [SUBSCRIPTION] hotel 2 | Expiry: 2026-10-17 | Days Remaining: 26
[2026-09-21 14:15:00] [INFO] ==================================================
[2026-09-21 14:15:00] [INFO] SUBSCRIPTION EXPIRY CRON COMPLETED
[2026-09-21 14:15:00] [INFO] ==================================================
[2026-09-21 14:16:00] [INFO] [SUBSCRIPTION] Expiry cron triggered
[2026-09-21 14:16:00] [INFO] ==================================================
[2026-09-21 14:16:00] [INFO] SUBSCRIPTION EXPIRY CRON STARTED
[2026-09-21 14:16:00] [INFO] ==================================================
[2026-09-21 14:16:00] [INFO] [SUBSCRIPTION] Current India Date: 2026-09-21
[2026-09-21 14:16:00] [INFO] [OVERSTAY] Cron triggered
[2026-09-21 14:16:00] [INFO] ==================================================
[2026-09-21 14:16:00] [INFO] OVERSTAY CRON STARTED
[2026-09-21 14:16:00] [INFO] ==================================================
[2026-09-21 14:16:00] [INFO] [OVERSTAY] Current India Date/Time: 21/09/2026 14:16:00
[2026-09-21 14:16:00] [INFO] [OVERSTAY] Timezone: Asia/Kolkata
[2026-09-21 14:16:00] [INFO] [OVERSTAY] Staying customers found: 0
[2026-09-21 14:16:00] [INFO] ==================================================
[2026-09-21 14:16:00] [INFO] OVERSTAY CRON COMPLETED
[2026-09-21 14:16:00] [INFO] ==================================================
[2026-09-21 14:16:00] [INFO] [SUBSCRIPTION] Subscriptions found: 2
[2026-09-21 14:16:00] [INFO] [SUBSCRIPTION] mani hotel | Expiry: 2026-10-16 | Days Remaining: 25
[2026-09-21 14:16:00] [INFO] [SUBSCRIPTION] hotel 2 | Expiry: 2026-10-17 | Days Remaining: 26
[2026-09-21 14:16:00] [INFO] ==================================================
[2026-09-21 14:16:00] [INFO] SUBSCRIPTION EXPIRY CRON COMPLETED
[2026-09-21 14:16:00] [INFO] ==================================================
[2026-09-21 14:17:00] [INFO] [SUBSCRIPTION] Expiry cron triggered
[2026-09-21 14:17:00] [INFO] ==================================================
[2026-09-21 14:17:00] [INFO] SUBSCRIPTION EXPIRY CRON STARTED
[2026-09-21 14:17:00] [INFO] ==================================================
[2026-09-21 14:17:00] [INFO] [SUBSCRIPTION] Current India Date: 2026-09-21
[2026-09-21 14:17:00] [INFO] [OVERSTAY] Cron triggered
[2026-09-21 14:17:00] [INFO] ==================================================
[2026-09-21 14:17:00] [INFO] OVERSTAY CRON STARTED
[2026-09-21 14:17:00] [INFO] ==================================================
[2026-09-21 14:17:00] [INFO] [OVERSTAY] Current India Date/Time: 21/09/2026 14:17:00
[2026-09-21 14:17:00] [INFO] [OVERSTAY] Timezone: Asia/Kolkata
[2026-09-21 14:17:00] [INFO] [OVERSTAY] Staying customers found: 0
[2026-09-21 14:17:00] [INFO] ==================================================
[2026-09-21 14:17:00] [INFO] OVERSTAY CRON COMPLETED
[2026-09-21 14:17:00] [INFO] ==================================================
[2026-09-21 14:17:00] [INFO] [SUBSCRIPTION] Subscriptions found: 2
[2026-09-21 14:17:00] [INFO] [SUBSCRIPTION] mani hotel | Expiry: 2026-10-16 | Days Remaining: 25
[2026-09-21 14:17:00] [INFO] [SUBSCRIPTION] hotel 2 | Expiry: 2026-10-17 | Days Remaining: 26
[2026-09-21 14:17:00] [INFO] ==================================================
[2026-09-21 14:17:00] [INFO] SUBSCRIPTION EXPIRY CRON COMPLETED
[2026-09-21 14:17:00] [INFO] ==================================================
[2026-09-21 14:18:00] [INFO] [SUBSCRIPTION] Expiry cron triggered
[2026-09-21 14:18:00] [INFO] ==================================================
[2026-09-21 14:18:00] [INFO] SUBSCRIPTION EXPIRY CRON STARTED
[2026-09-21 14:18:00] [INFO] ==================================================
[2026-09-21 14:18:00] [INFO] [SUBSCRIPTION] Current India Date: 2026-09-21
[2026-09-21 14:18:00] [INFO] [OVERSTAY] Cron triggered
[2026-09-21 14:18:00] [INFO] ==================================================
[2026-09-21 14:18:00] [INFO] OVERSTAY CRON STARTED
[2026-09-21 14:18:00] [INFO] ==================================================
[2026-09-21 14:18:00] [INFO] [OVERSTAY] Current India Date/Time: 21/09/2026 14:18:00
[2026-09-21 14:18:00] [INFO] [OVERSTAY] Timezone: Asia/Kolkata
[2026-09-21 14:18:00] [INFO] [OVERSTAY] Staying customers found: 0
[2026-09-21 14:18:00] [INFO] ==================================================
[2026-09-21 14:18:00] [INFO] OVERSTAY CRON COMPLETED
[2026-09-21 14:18:00] [INFO] ==================================================
[2026-09-21 14:18:00] [INFO] [SUBSCRIPTION] Subscriptions found: 2
[2026-09-21 14:18:00] [INFO] [SUBSCRIPTION] mani hotel | Expiry: 2026-10-16 | Days Remaining: 25
[2026-09-21 14:18:00] [INFO] [SUBSCRIPTION] hotel 2 | Expiry: 2026-10-17 | Days Remaining: 26
[2026-09-21 14:18:00] [INFO] ==================================================
[2026-09-21 14:18:00] [INFO] SUBSCRIPTION EXPIRY CRON COMPLETED
[2026-09-21 14:18:00] [INFO] ==================================================
[2026-09-21 14:19:00] [INFO] [SUBSCRIPTION] Expiry cron triggered
[2026-09-21 14:19:00] [INFO] ==================================================
[2026-09-21 14:19:00] [INFO] SUBSCRIPTION EXPIRY CRON STARTED
[2026-09-21 14:19:00] [INFO] ==================================================
[2026-09-21 14:19:00] [INFO] [SUBSCRIPTION] Current India Date: 2026-09-21
[2026-09-21 14:19:00] [INFO] [OVERSTAY] Cron triggered
[2026-09-21 14:19:00] [INFO] ==================================================
[2026-09-21 14:19:00] [INFO] OVERSTAY CRON STARTED
[2026-09-21 14:19:00] [INFO] ==================================================
[2026-09-21 14:19:00] [INFO] [OVERSTAY] Current India Date/Time: 21/09/2026 14:19:00
[2026-09-21 14:19:00] [INFO] [OVERSTAY] Timezone: Asia/Kolkata
[2026-09-21 14:19:00] [INFO] [OVERSTAY] Staying customers found: 0
[2026-09-21 14:19:00] [INFO] ==================================================
[2026-09-21 14:19:00] [INFO] OVERSTAY CRON COMPLETED
[2026-09-21 14:19:00] [INFO] ==================================================
[2026-09-21 14:19:00] [INFO] [SUBSCRIPTION] Subscriptions found: 2
[2026-09-21 14:19:00] [INFO] [SUBSCRIPTION] mani hotel | Expiry: 2026-10-16 | Days Remaining: 25
[2026-09-21 14:19:00] [INFO] [SUBSCRIPTION] hotel 2 | Expiry: 2026-10-17 | Days Remaining: 26
[2026-09-21 14:19:00] [INFO] ==================================================
[2026-09-21 14:19:00] [INFO] SUBSCRIPTION EXPIRY CRON COMPLETED
[2026-09-21 14:19:00] [INFO] ==================================================
[2026-09-21 14:20:00] [INFO] [SUBSCRIPTION] Expiry cron triggered
[2026-09-21 14:20:00] [INFO] ==================================================
[2026-09-21 14:20:00] [INFO] SUBSCRIPTION EXPIRY CRON STARTED
[2026-09-21 14:20:00] [INFO] ==================================================
[2026-09-21 14:20:00] [INFO] [SUBSCRIPTION] Current India Date: 2026-09-21
[2026-09-21 14:20:00] [INFO] [OVERSTAY] Cron triggered
[2026-09-21 14:20:00] [INFO] ==================================================
[2026-09-21 14:20:00] [INFO] OVERSTAY CRON STARTED
[2026-09-21 14:20:00] [INFO] ==================================================
[2026-09-21 14:20:00] [INFO] [OVERSTAY] Current India Date/Time: 21/09/2026 14:20:00
[2026-09-21 14:20:00] [INFO] [OVERSTAY] Timezone: Asia/Kolkata
[2026-09-21 14:20:00] [INFO] [OVERSTAY] Staying customers found: 0
[2026-09-21 14:20:00] [INFO] ==================================================
[2026-09-21 14:20:00] [INFO] OVERSTAY CRON COMPLETED
[2026-09-21 14:20:00] [INFO] ==================================================
[2026-09-21 14:20:00] [INFO] [SUBSCRIPTION] Subscriptions found: 2
[2026-09-21 14:20:00] [INFO] [SUBSCRIPTION] mani hotel | Expiry: 2026-10-16 | Days Remaining: 25
[2026-09-21 14:20:00] [INFO] [SUBSCRIPTION] hotel 2 | Expiry: 2026-10-17 | Days Remaining: 26
[2026-09-21 14:20:00] [INFO] ==================================================
[2026-09-21 14:20:00] [INFO] SUBSCRIPTION EXPIRY CRON COMPLETED
[2026-09-21 14:20:00] [INFO] ==================================================
[2026-09-21 14:21:00] [INFO] [SUBSCRIPTION] Expiry cron triggered
[2026-09-21 14:21:00] [INFO] ==================================================
[2026-09-21 14:21:00] [INFO] SUBSCRIPTION EXPIRY CRON STARTED
[2026-09-21 14:21:00] [INFO] ==================================================
[2026-09-21 14:21:00] [INFO] [SUBSCRIPTION] Current India Date: 2026-09-21
[2026-09-21 14:21:00] [INFO] [OVERSTAY] Cron triggered
[2026-09-21 14:21:00] [INFO] ==================================================
[2026-09-21 14:21:00] [INFO] OVERSTAY CRON STARTED
[2026-09-21 14:21:00] [INFO] ==================================================
[2026-09-21 14:21:00] [INFO] [OVERSTAY] Current India Date/Time: 21/09/2026 14:21:00
[2026-09-21 14:21:00] [INFO] [OVERSTAY] Timezone: Asia/Kolkata
[2026-09-21 14:21:00] [INFO] [OVERSTAY] Staying customers found: 0
[2026-09-21 14:21:00] [INFO] ==================================================
[2026-09-21 14:21:00] [INFO] OVERSTAY CRON COMPLETED
[2026-09-21 14:21:00] [INFO] ==================================================
[2026-09-21 14:21:00] [INFO] [SUBSCRIPTION] Subscriptions found: 2
[2026-09-21 14:21:00] [INFO] [SUBSCRIPTION] mani hotel | Expiry: 2026-10-16 | Days Remaining: 25
[2026-09-21 14:21:00] [INFO] [SUBSCRIPTION] hotel 2 | Expiry: 2026-10-17 | Days Remaining: 26
[2026-09-21 14:21:00] [INFO] ==================================================
[2026-09-21 14:21:00] [INFO] SUBSCRIPTION EXPIRY CRON COMPLETED
[2026-09-21 14:21:00] [INFO] ==================================================
[2026-09-21 14:21:02] [INFO] [Permission Verify] Allowed. User: 6aaa540e5c80eba3c908a924, Permission: roomsBooking
[2026-09-21 14:21:02] [INFO] [Booking] Get active bookings started. hotelId=6aaa540d5c80eba3c908a921, branchId=6aaa540d5c80eba3c908a923
[2026-09-21 14:21:02] [INFO] [Booking] Active bookings retrieved. hotelId=6aaa540d5c80eba3c908a921, branchId=6aaa540d5c80eba3c908a923, count=2
[2026-09-21 14:21:02] [INFO] [Permission Verify] Allowed. User: 6aaa540e5c80eba3c908a924, Permission: roomsBooking
[2026-09-21 14:21:02] [INFO] [Booking] Get active bookings started. hotelId=6aaa540d5c80eba3c908a921, branchId=6aaa540d5c80eba3c908a923
[2026-09-21 14:21:02] [INFO] [Booking] Active bookings retrieved. hotelId=6aaa540d5c80eba3c908a921, branchId=6aaa540d5c80eba3c908a923, count=2
[2026-09-21 14:21:03] [INFO] [Permission Verify] Allowed. User: 6aaa540e5c80eba3c908a924, Permission: users
[2026-09-21 14:21:04] [INFO] [getMySubscription] Loaded subscription 6aaa540d5c80eba3c908a922 | Hotel ID: 6aaa540d5c80eba3c908a921
[2026-09-21 14:21:04] [INFO] [Permission Verify] Allowed. User: 6aaa540e5c80eba3c908a924, Permission: users
[2026-09-21 14:21:04] [INFO] [getMySubscription] Loaded subscription 6aaa540d5c80eba3c908a922 | Hotel ID: 6aaa540d5c80eba3c908a921
[2026-09-21 14:21:04] [INFO] [Permission Verify] Allowed. User: 6aaa540e5c80eba3c908a924, Permission: users
[2026-09-21 14:21:04] [INFO] [getMySubscription] Loaded subscription 6aaa540d5c80eba3c908a922 | Hotel ID: 6aaa540d5c80eba3c908a921
[2026-09-21 14:21:04] [INFO] [Permission Verify] Allowed. User: 6aaa540e5c80eba3c908a924, Permission: users
[2026-09-21 14:21:04] [INFO] [getMySubscription] Loaded subscription 6aaa540d5c80eba3c908a922 | Hotel ID: 6aaa540d5c80eba3c908a921
[2026-09-21 14:21:16] [INFO] INFO
[2026-09-21 14:21:16] [INFO] INFO
[2026-09-21 14:21:17] [INFO] [Permission Verify] Allowed. User: 6aaa540e5c80eba3c908a924, Permission: roomsBooking
[2026-09-21 14:21:17] [INFO] [Booking] Get active bookings started. hotelId=6aaa540d5c80eba3c908a921, branchId=6aaa540d5c80eba3c908a923
[2026-09-21 14:21:17] [INFO] [Booking] Active bookings retrieved. hotelId=6aaa540d5c80eba3c908a921, branchId=6aaa540d5c80eba3c908a923, count=2
[2026-09-21 14:21:17] [INFO] [Permission Verify] Allowed. User: 6aaa540e5c80eba3c908a924, Permission: roomsBooking
[2026-09-21 14:21:17] [INFO] [Booking] Get active bookings started. hotelId=6aaa540d5c80eba3c908a921, branchId=6aaa540d5c80eba3c908a923
[2026-09-21 14:21:17] [INFO] [Booking] Active bookings retrieved. hotelId=6aaa540d5c80eba3c908a921, branchId=6aaa540d5c80eba3c908a923, count=2
[2026-09-21 14:21:19] [INFO] [Permission Verify] Allowed. User: 6aaa540e5c80eba3c908a924, Permission: users
[2026-09-21 14:21:19] [INFO] [getMySubscription] Loaded subscription 6aaa540d5c80eba3c908a922 | Hotel ID: 6aaa540d5c80eba3c908a921
[2026-09-21 14:21:19] [INFO] [Permission Verify] Allowed. User: 6aaa540e5c80eba3c908a924, Permission: users
[2026-09-21 14:21:19] [INFO] [getMySubscription] Loaded subscription 6aaa540d5c80eba3c908a922 | Hotel ID: 6aaa540d5c80eba3c908a921
[2026-09-21 14:21:19] [INFO] [Permission Verify] Allowed. User: 6aaa540e5c80eba3c908a924, Permission: users
[2026-09-21 14:21:19] [INFO] [getMySubscription] Loaded subscription 6aaa540d5c80eba3c908a922 | Hotel ID: 6aaa540d5c80eba3c908a921
[2026-09-21 14:21:19] [INFO] [Permission Verify] Allowed. User: 6aaa540e5c80eba3c908a924, Permission: users
[2026-09-21 14:21:19] [INFO] [getMySubscription] Loaded subscription 6aaa540d5c80eba3c908a922 | Hotel ID: 6aaa540d5c80eba3c908a921
[2026-09-21 14:22:00] [INFO] [SUBSCRIPTION] Expiry cron triggered
[2026-09-21 14:22:00] [INFO] ==================================================
[2026-09-21 14:22:00] [INFO] SUBSCRIPTION EXPIRY CRON STARTED
[2026-09-21 14:22:00] [INFO] ==================================================
[2026-09-21 14:22:00] [INFO] [SUBSCRIPTION] Current India Date: 2026-09-21
[2026-09-21 14:22:00] [INFO] [OVERSTAY] Cron triggered
[2026-09-21 14:22:00] [INFO] ==================================================
[2026-09-21 14:22:00] [INFO] OVERSTAY CRON STARTED
[2026-09-21 14:22:00] [INFO] ==================================================
[2026-09-21 14:22:00] [INFO] [OVERSTAY] Current India Date/Time: 21/09/2026 14:22:00
[2026-09-21 14:22:00] [INFO] [OVERSTAY] Timezone: Asia/Kolkata
[2026-09-21 14:22:00] [INFO] [OVERSTAY] Staying customers found: 0
[2026-09-21 14:22:00] [INFO] ==================================================
[2026-09-21 14:22:00] [INFO] OVERSTAY CRON COMPLETED
[2026-09-21 14:22:00] [INFO] ==================================================
[2026-09-21 14:22:00] [INFO] [SUBSCRIPTION] Subscriptions found: 2
[2026-09-21 14:22:00] [INFO] [SUBSCRIPTION] mani hotel | Expiry: 2026-10-16 | Days Remaining: 25
[2026-09-21 14:22:00] [INFO] [SUBSCRIPTION] hotel 2 | Expiry: 2026-10-17 | Days Remaining: 26
[2026-09-21 14:22:00] [INFO] ==================================================
[2026-09-21 14:22:00] [INFO] SUBSCRIPTION EXPIRY CRON COMPLETED
[2026-09-21 14:22:00] [INFO] ==================================================
[2026-09-21 14:23:00] [INFO] [SUBSCRIPTION] Expiry cron triggered
[2026-09-21 14:23:00] [INFO] ==================================================
[2026-09-21 14:23:00] [INFO] SUBSCRIPTION EXPIRY CRON STARTED
[2026-09-21 14:23:00] [INFO] ==================================================
[2026-09-21 14:23:00] [INFO] [SUBSCRIPTION] Current India Date: 2026-09-21
[2026-09-21 14:23:00] [INFO] [OVERSTAY] Cron triggered
[2026-09-21 14:23:00] [INFO] ==================================================
[2026-09-21 14:23:00] [INFO] OVERSTAY CRON STARTED
[2026-09-21 14:23:00] [INFO] ==================================================
[2026-09-21 14:23:00] [INFO] [OVERSTAY] Current India Date/Time: 21/09/2026 14:23:00
[2026-09-21 14:23:00] [INFO] [OVERSTAY] Timezone: Asia/Kolkata
[2026-09-21 14:23:00] [INFO] [OVERSTAY] Staying customers found: 0
[2026-09-21 14:23:00] [INFO] ==================================================
[2026-09-21 14:23:00] [INFO] OVERSTAY CRON COMPLETED
[2026-09-21 14:23:00] [INFO] ==================================================
[2026-09-21 14:23:00] [INFO] [SUBSCRIPTION] Subscriptions found: 2
[2026-09-21 14:23:00] [INFO] [SUBSCRIPTION] mani hotel | Expiry: 2026-10-16 | Days Remaining: 25
[2026-09-21 14:23:00] [INFO] [SUBSCRIPTION] hotel 2 | Expiry: 2026-10-17 | Days Remaining: 26
[2026-09-21 14:23:00] [INFO] ==================================================
[2026-09-21 14:23:00] [INFO] SUBSCRIPTION EXPIRY CRON COMPLETED
[2026-09-21 14:23:00] [INFO] ==================================================
[2026-09-21 14:23:09] [INFO] INFO
[2026-09-21 14:23:09] [INFO] INFO
[2026-09-21 14:23:19] [INFO] [Permission Verify] Allowed. User: 6aaa540e5c80eba3c908a924, Permission: roomsBooking
[2026-09-21 14:23:19] [INFO] [Booking] Get active bookings started. hotelId=6aaa540d5c80eba3c908a921, branchId=6aaa540d5c80eba3c908a923
[2026-09-21 14:23:19] [INFO] [Booking] Active bookings retrieved. hotelId=6aaa540d5c80eba3c908a921, branchId=6aaa540d5c80eba3c908a923, count=2
[2026-09-21 14:23:19] [INFO] [Permission Verify] Allowed. User: 6aaa540e5c80eba3c908a924, Permission: roomsBooking
[2026-09-21 14:23:19] [INFO] [Booking] Get active bookings started. hotelId=6aaa540d5c80eba3c908a921, branchId=6aaa540d5c80eba3c908a923
[2026-09-21 14:23:19] [INFO] [Booking] Active bookings retrieved. hotelId=6aaa540d5c80eba3c908a921, branchId=6aaa540d5c80eba3c908a923, count=2
[2026-09-21 14:23:21] [INFO] [Permission Verify] Allowed. User: 6aaa540e5c80eba3c908a924, Permission: users
[2026-09-21 14:23:21] [INFO] [getMySubscription] Loaded subscription 6aaa540d5c80eba3c908a922 | Hotel ID: 6aaa540d5c80eba3c908a921
[2026-09-21 14:23:21] [INFO] [Permission Verify] Allowed. User: 6aaa540e5c80eba3c908a924, Permission: users
[2026-09-21 14:23:21] [INFO] [getMySubscription] Loaded subscription 6aaa540d5c80eba3c908a922 | Hotel ID: 6aaa540d5c80eba3c908a921
[2026-09-21 14:23:21] [INFO] [Permission Verify] Allowed. User: 6aaa540e5c80eba3c908a924, Permission: users
[2026-09-21 14:23:21] [INFO] [getMySubscription] Loaded subscription 6aaa540d5c80eba3c908a922 | Hotel ID: 6aaa540d5c80eba3c908a921
[2026-09-21 14:23:21] [INFO] [Permission Verify] Allowed. User: 6aaa540e5c80eba3c908a924, Permission: users
[2026-09-21 14:23:21] [INFO] [getMySubscription] Loaded subscription 6aaa540d5c80eba3c908a922 | Hotel ID: 6aaa540d5c80eba3c908a921
[2026-09-21 14:23:24] [INFO] INFO
[2026-09-21 14:23:24] [INFO] INFO
[2026-09-21 14:23:47] [INFO] INFO
[2026-09-21 14:23:47] [INFO] INFO
[2026-09-21 14:23:48] [INFO] [Permission Verify] Allowed. User: 6aaa540e5c80eba3c908a924, Permission: roomsBooking
[2026-09-21 14:23:48] [INFO] [Booking] Get active bookings started. hotelId=6aaa540d5c80eba3c908a921, branchId=6aaa540d5c80eba3c908a923
[2026-09-21 14:23:48] [INFO] [Booking] Active bookings retrieved. hotelId=6aaa540d5c80eba3c908a921, branchId=6aaa540d5c80eba3c908a923, count=2
[2026-09-21 14:23:48] [INFO] [Permission Verify] Allowed. User: 6aaa540e5c80eba3c908a924, Permission: roomsBooking
[2026-09-21 14:23:48] [INFO] [Booking] Get active bookings started. hotelId=6aaa540d5c80eba3c908a921, branchId=6aaa540d5c80eba3c908a923
[2026-09-21 14:23:48] [INFO] [Booking] Active bookings retrieved. hotelId=6aaa540d5c80eba3c908a921, branchId=6aaa540d5c80eba3c908a923, count=2
[2026-09-21 14:23:49] [INFO] [Permission Verify] Allowed. User: 6aaa540e5c80eba3c908a924, Permission: users
[2026-09-21 14:23:49] [INFO] [getMySubscription] Loaded subscription 6aaa540d5c80eba3c908a922 | Hotel ID: 6aaa540d5c80eba3c908a921
[2026-09-21 14:23:49] [INFO] [Permission Verify] Allowed. User: 6aaa540e5c80eba3c908a924, Permission: users
[2026-09-21 14:23:49] [INFO] [getMySubscription] Loaded subscription 6aaa540d5c80eba3c908a922 | Hotel ID: 6aaa540d5c80eba3c908a921
[2026-09-21 14:23:50] [INFO] [Permission Verify] Allowed. User: 6aaa540e5c80eba3c908a924, Permission: users
[2026-09-21 14:23:50] [INFO] [getMySubscription] Loaded subscription 6aaa540d5c80eba3c908a922 | Hotel ID: 6aaa540d5c80eba3c908a921
[2026-09-21 14:23:50] [INFO] [Permission Verify] Allowed. User: 6aaa540e5c80eba3c908a924, Permission: users
[2026-09-21 14:23:50] [INFO] [getMySubscription] Loaded subscription 6aaa540d5c80eba3c908a922 | Hotel ID: 6aaa540d5c80eba3c908a921
[2026-09-21 14:24:00] [INFO] [SUBSCRIPTION] Expiry cron triggered
[2026-09-21 14:24:00] [INFO] ==================================================
[2026-09-21 14:24:00] [INFO] SUBSCRIPTION EXPIRY CRON STARTED
[2026-09-21 14:24:00] [INFO] ==================================================
[2026-09-21 14:24:00] [INFO] [SUBSCRIPTION] Current India Date: 2026-09-21
[2026-09-21 14:24:00] [INFO] [OVERSTAY] Cron triggered
[2026-09-21 14:24:00] [INFO] ==================================================
[2026-09-21 14:24:00] [INFO] OVERSTAY CRON STARTED
[2026-09-21 14:24:00] [INFO] ==================================================
[2026-09-21 14:24:00] [INFO] [OVERSTAY] Current India Date/Time: 21/09/2026 14:24:00
[2026-09-21 14:24:00] [INFO] [OVERSTAY] Timezone: Asia/Kolkata
[2026-09-21 14:24:00] [INFO] [OVERSTAY] Staying customers found: 0
[2026-09-21 14:24:00] [INFO] ==================================================
[2026-09-21 14:24:00] [INFO] OVERSTAY CRON COMPLETED
[2026-09-21 14:24:00] [INFO] ==================================================
[2026-09-21 14:24:00] [INFO] [SUBSCRIPTION] Subscriptions found: 2
[2026-09-21 14:24:00] [INFO] [SUBSCRIPTION] mani hotel | Expiry: 2026-10-16 | Days Remaining: 25
[2026-09-21 14:24:00] [INFO] [SUBSCRIPTION] hotel 2 | Expiry: 2026-10-17 | Days Remaining: 26
[2026-09-21 14:24:00] [INFO] ==================================================
[2026-09-21 14:24:00] [INFO] SUBSCRIPTION EXPIRY CRON COMPLETED
[2026-09-21 14:24:00] [INFO] ==================================================
[2026-09-21 14:24:27] [INFO] INFO
[2026-09-21 14:24:27] [INFO] INFO
[2026-09-21 14:24:47] [INFO] INFO
[2026-09-21 14:24:48] [INFO] INFO
[2026-09-21 14:24:48] [INFO] [Permission Verify] Allowed. User: 6aaa540e5c80eba3c908a924, Permission: roomsBooking
[2026-09-21 14:24:48] [INFO] [Booking] Get active bookings started. hotelId=6aaa540d5c80eba3c908a921, branchId=6aaa540d5c80eba3c908a923
[2026-09-21 14:24:48] [INFO] [Booking] Active bookings retrieved. hotelId=6aaa540d5c80eba3c908a921, branchId=6aaa540d5c80eba3c908a923, count=2
[2026-09-21 14:24:48] [INFO] [Permission Verify] Allowed. User: 6aaa540e5c80eba3c908a924, Permission: roomsBooking
[2026-09-21 14:24:48] [INFO] [Booking] Get active bookings started. hotelId=6aaa540d5c80eba3c908a921, branchId=6aaa540d5c80eba3c908a923
[2026-09-21 14:24:48] [INFO] [Booking] Active bookings retrieved. hotelId=6aaa540d5c80eba3c908a921, branchId=6aaa540d5c80eba3c908a923, count=2
[2026-09-21 14:24:49] [INFO] [Permission Verify] Allowed. User: 6aaa540e5c80eba3c908a924, Permission: users
[2026-09-21 14:24:50] [INFO] [getMySubscription] Loaded subscription 6aaa540d5c80eba3c908a922 | Hotel ID: 6aaa540d5c80eba3c908a921
[2026-09-21 14:24:50] [INFO] [Permission Verify] Allowed. User: 6aaa540e5c80eba3c908a924, Permission: users
[2026-09-21 14:24:50] [INFO] [getMySubscription] Loaded subscription 6aaa540d5c80eba3c908a922 | Hotel ID: 6aaa540d5c80eba3c908a921
[2026-09-21 14:24:50] [INFO] [Permission Verify] Allowed. User: 6aaa540e5c80eba3c908a924, Permission: users
[2026-09-21 14:24:50] [INFO] [getMySubscription] Loaded subscription 6aaa540d5c80eba3c908a922 | Hotel ID: 6aaa540d5c80eba3c908a921
[2026-09-21 14:24:50] [INFO] [Permission Verify] Allowed. User: 6aaa540e5c80eba3c908a924, Permission: users
[2026-09-21 14:24:50] [INFO] [getMySubscription] Loaded subscription 6aaa540d5c80eba3c908a922 | Hotel ID: 6aaa540d5c80eba3c908a921
[2026-09-21 14:24:50] [INFO] [Permission Verify] Allowed. User: 6aaa540e5c80eba3c908a924, Permission: users
[2026-09-21 14:24:50] [INFO] [getMySubscription] Loaded subscription 6aaa540d5c80eba3c908a922 | Hotel ID: 6aaa540d5c80eba3c908a921
[2026-09-21 14:24:50] [INFO] [Permission Verify] Allowed. User: 6aaa540e5c80eba3c908a924, Permission: users
[2026-09-21 14:24:50] [INFO] [Permission Verify] Allowed. User: 6aaa540e5c80eba3c908a924, Permission: roomsBooking
[2026-09-21 14:24:51] [INFO] [Booking] Finding booking. bookingId=6aae46c69d684dd4a1717de4, hotelId=6aaa540d5c80eba3c908a921, branchId=6aaa540d5c80eba3c908a923
[2026-09-21 14:24:51] [INFO] [Booking] Booking retrieved. bookingId=6aae46c69d684dd4a1717de4, hotelId=6aaa540d5c80eba3c908a921, branchId=6aaa540d5c80eba3c908a923
[2026-09-21 14:24:51] [INFO] [getMySubscription] Loaded subscription 6aaa540d5c80eba3c908a922 | Hotel ID: 6aaa540d5c80eba3c908a921
[2026-09-21 14:25:00] [INFO] [SUBSCRIPTION] Expiry cron triggered
[2026-09-21 14:25:00] [INFO] ==================================================
[2026-09-21 14:25:00] [INFO] SUBSCRIPTION EXPIRY CRON STARTED
[2026-09-21 14:25:00] [INFO] ==================================================
[2026-09-21 14:25:00] [INFO] [SUBSCRIPTION] Current India Date: 2026-09-21
[2026-09-21 14:25:00] [INFO] [OVERSTAY] Cron triggered
[2026-09-21 14:25:00] [INFO] ==================================================
[2026-09-21 14:25:00] [INFO] OVERSTAY CRON STARTED
[2026-09-21 14:25:00] [INFO] ==================================================
[2026-09-21 14:25:00] [INFO] [OVERSTAY] Current India Date/Time: 21/09/2026 14:25:00
[2026-09-21 14:25:00] [INFO] [OVERSTAY] Timezone: Asia/Kolkata
[2026-09-21 14:25:00] [INFO] [OVERSTAY] Staying customers found: 0
[2026-09-21 14:25:00] [INFO] ==================================================
[2026-09-21 14:25:00] [INFO] OVERSTAY CRON COMPLETED
[2026-09-21 14:25:00] [INFO] ==================================================
[2026-09-21 14:25:00] [INFO] [SUBSCRIPTION] Subscriptions found: 2
[2026-09-21 14:25:00] [INFO] [SUBSCRIPTION] mani hotel | Expiry: 2026-10-16 | Days Remaining: 25
[2026-09-21 14:25:00] [INFO] [SUBSCRIPTION] hotel 2 | Expiry: 2026-10-17 | Days Remaining: 26
[2026-09-21 14:25:00] [INFO] ==================================================
[2026-09-21 14:25:00] [INFO] SUBSCRIPTION EXPIRY CRON COMPLETED
[2026-09-21 14:25:00] [INFO] ==================================================
[2026-09-21 14:25:20] [INFO] INFO
[2026-09-21 14:25:20] [INFO] INFO
[2026-09-21 14:25:22] [INFO] [Permission Verify] Allowed. User: 6aaa540e5c80eba3c908a924, Permission: roomsBooking
[2026-09-21 14:25:22] [INFO] [Booking] Get active bookings started. hotelId=6aaa540d5c80eba3c908a921, branchId=6aaa540d5c80eba3c908a923
[2026-09-21 14:25:22] [INFO] [Booking] Active bookings retrieved. hotelId=6aaa540d5c80eba3c908a921, branchId=6aaa540d5c80eba3c908a923, count=2
[2026-09-21 14:25:22] [INFO] [Permission Verify] Allowed. User: 6aaa540e5c80eba3c908a924, Permission: roomsBooking
[2026-09-21 14:25:22] [INFO] [Booking] Get active bookings started. hotelId=6aaa540d5c80eba3c908a921, branchId=6aaa540d5c80eba3c908a923
[2026-09-21 14:25:22] [INFO] [Booking] Active bookings retrieved. hotelId=6aaa540d5c80eba3c908a921, branchId=6aaa540d5c80eba3c908a923, count=2
[2026-09-21 14:25:23] [INFO] [Permission Verify] Allowed. User: 6aaa540e5c80eba3c908a924, Permission: users
[2026-09-21 14:25:23] [INFO] [getMySubscription] Loaded subscription 6aaa540d5c80eba3c908a922 | Hotel ID: 6aaa540d5c80eba3c908a921
[2026-09-21 14:25:23] [INFO] [Permission Verify] Allowed. User: 6aaa540e5c80eba3c908a924, Permission: users
[2026-09-21 14:25:23] [INFO] [getMySubscription] Loaded subscription 6aaa540d5c80eba3c908a922 | Hotel ID: 6aaa540d5c80eba3c908a921
[2026-09-21 14:25:23] [INFO] [Permission Verify] Allowed. User: 6aaa540e5c80eba3c908a924, Permission: users
[2026-09-21 14:25:23] [INFO] [getMySubscription] Loaded subscription 6aaa540d5c80eba3c908a922 | Hotel ID: 6aaa540d5c80eba3c908a921
[2026-09-21 14:25:23] [INFO] [Permission Verify] Allowed. User: 6aaa540e5c80eba3c908a924, Permission: users
[2026-09-21 14:25:23] [INFO] [getMySubscription] Loaded subscription 6aaa540d5c80eba3c908a922 | Hotel ID: 6aaa540d5c80eba3c908a921
[2026-09-21 14:25:23] [INFO] [Permission Verify] Allowed. User: 6aaa540e5c80eba3c908a924, Permission: users
[2026-09-21 14:25:24] [INFO] [getMySubscription] Loaded subscription 6aaa540d5c80eba3c908a922 | Hotel ID: 6aaa540d5c80eba3c908a921
[2026-09-21 14:25:24] [INFO] [Permission Verify] Allowed. User: 6aaa540e5c80eba3c908a924, Permission: users
[2026-09-21 14:25:24] [INFO] [Permission Verify] Allowed. User: 6aaa540e5c80eba3c908a924, Permission: roomsBooking
[2026-09-21 14:25:24] [INFO] [Booking] Finding booking. bookingId=6aae46c69d684dd4a1717de4, hotelId=6aaa540d5c80eba3c908a921, branchId=6aaa540d5c80eba3c908a923
[2026-09-21 14:25:24] [INFO] [Booking] Booking retrieved. bookingId=6aae46c69d684dd4a1717de4, hotelId=6aaa540d5c80eba3c908a921, branchId=6aaa540d5c80eba3c908a923
[2026-09-21 14:25:24] [INFO] [getMySubscription] Loaded subscription 6aaa540d5c80eba3c908a922 | Hotel ID: 6aaa540d5c80eba3c908a921
[2026-09-21 14:25:26] [INFO] [Permission Verify] Allowed. User: 6aaa540e5c80eba3c908a924, Permission: foodManagement
[2026-09-21 14:25:26] [INFO] [FOOD SERVICE] Deleted | Hotel: 6aaa540d5c80eba3c908a921 | Branch: 6aaa540d5c80eba3c908a923 | Booking: 6aae46c69d684dd4a1717de4 | Room: 6aae46c69d684dd4a1717de5 | Food Service: 6ab0ea4f3d50939a5cdf46c8
[2026-09-21 14:25:26] [INFO] [Permission Verify] Allowed. User: 6aaa540e5c80eba3c908a924, Permission: roomsBooking
[2026-09-21 14:25:26] [INFO] [Booking] Finding booking. bookingId=6aae46c69d684dd4a1717de4, hotelId=6aaa540d5c80eba3c908a921, branchId=6aaa540d5c80eba3c908a923
[2026-09-21 14:25:26] [INFO] [Booking] Booking retrieved. bookingId=6aae46c69d684dd4a1717de4, hotelId=6aaa540d5c80eba3c908a921, branchId=6aaa540d5c80eba3c908a923
[2026-09-21 14:26:00] [INFO] [OVERSTAY] Cron triggered
[2026-09-21 14:26:00] [INFO] ==================================================
[2026-09-21 14:26:00] [INFO] OVERSTAY CRON STARTED
[2026-09-21 14:26:00] [INFO] ==================================================
[2026-09-21 14:26:00] [INFO] [OVERSTAY] Current India Date/Time: 21/09/2026 14:26:00
[2026-09-21 14:26:00] [INFO] [OVERSTAY] Timezone: Asia/Kolkata
[2026-09-21 14:26:00] [INFO] [SUBSCRIPTION] Expiry cron triggered
[2026-09-21 14:26:00] [INFO] ==================================================
[2026-09-21 14:26:00] [INFO] SUBSCRIPTION EXPIRY CRON STARTED
[2026-09-21 14:26:00] [INFO] ==================================================
[2026-09-21 14:26:00] [INFO] [SUBSCRIPTION] Current India Date: 2026-09-21
[2026-09-21 14:26:00] [INFO] [OVERSTAY] Staying customers found: 0
[2026-09-21 14:26:00] [INFO] ==================================================
[2026-09-21 14:26:00] [INFO] OVERSTAY CRON COMPLETED
[2026-09-21 14:26:00] [INFO] ==================================================
[2026-09-21 14:26:00] [INFO] [SUBSCRIPTION] Subscriptions found: 2
[2026-09-21 14:26:00] [INFO] [SUBSCRIPTION] mani hotel | Expiry: 2026-10-16 | Days Remaining: 25
[2026-09-21 14:26:00] [INFO] [SUBSCRIPTION] hotel 2 | Expiry: 2026-10-17 | Days Remaining: 26
[2026-09-21 14:26:00] [INFO] ==================================================
[2026-09-21 14:26:00] [INFO] SUBSCRIPTION EXPIRY CRON COMPLETED
[2026-09-21 14:26:00] [INFO] ==================================================
[2026-09-21 14:26:22] [INFO] [Permission Verify] Allowed. User: 6aaa540e5c80eba3c908a924, Permission: roomsBooking
[2026-09-21 14:26:22] [INFO] [Booking] Get active bookings started. hotelId=6aaa540d5c80eba3c908a921, branchId=6aaa540d5c80eba3c908a923
[2026-09-21 14:26:22] [INFO] [Booking] Active bookings retrieved. hotelId=6aaa540d5c80eba3c908a921, branchId=6aaa540d5c80eba3c908a923, count=2
[2026-09-21 14:27:00] [INFO] [OVERSTAY] Cron triggered
[2026-09-21 14:27:00] [INFO] ==================================================
[2026-09-21 14:27:00] [INFO] OVERSTAY CRON STARTED
[2026-09-21 14:27:00] [INFO] ==================================================
[2026-09-21 14:27:00] [INFO] [OVERSTAY] Current India Date/Time: 21/09/2026 14:27:00
[2026-09-21 14:27:00] [INFO] [OVERSTAY] Timezone: Asia/Kolkata
[2026-09-21 14:27:00] [INFO] [SUBSCRIPTION] Expiry cron triggered
[2026-09-21 14:27:00] [INFO] ==================================================
[2026-09-21 14:27:00] [INFO] SUBSCRIPTION EXPIRY CRON STARTED
[2026-09-21 14:27:00] [INFO] ==================================================
[2026-09-21 14:27:00] [INFO] [SUBSCRIPTION] Current India Date: 2026-09-21
[2026-09-21 14:27:00] [INFO] [OVERSTAY] Staying customers found: 0
[2026-09-21 14:27:00] [INFO] ==================================================
[2026-09-21 14:27:00] [INFO] OVERSTAY CRON COMPLETED
[2026-09-21 14:27:00] [INFO] ==================================================
[2026-09-21 14:27:00] [INFO] [SUBSCRIPTION] Subscriptions found: 2
[2026-09-21 14:27:00] [INFO] [SUBSCRIPTION] mani hotel | Expiry: 2026-10-16 | Days Remaining: 25
[2026-09-21 14:27:00] [INFO] [SUBSCRIPTION] hotel 2 | Expiry: 2026-10-17 | Days Remaining: 26
[2026-09-21 14:27:00] [INFO] ==================================================
[2026-09-21 14:27:00] [INFO] SUBSCRIPTION EXPIRY CRON COMPLETED
[2026-09-21 14:27:00] [INFO] ==================================================
[2026-09-21 14:27:22] [INFO] [Permission Verify] Allowed. User: 6aaa540e5c80eba3c908a924, Permission: roomsBooking
[2026-09-21 14:27:22] [INFO] [Booking] Get active bookings started. hotelId=6aaa540d5c80eba3c908a921, branchId=6aaa540d5c80eba3c908a923
[2026-09-21 14:27:22] [INFO] [Booking] Active bookings retrieved. hotelId=6aaa540d5c80eba3c908a921, branchId=6aaa540d5c80eba3c908a923, count=2
[2026-09-21 14:28:00] [INFO] [OVERSTAY] Cron triggered
[2026-09-21 14:28:00] [INFO] ==================================================
[2026-09-21 14:28:00] [INFO] OVERSTAY CRON STARTED
[2026-09-21 14:28:00] [INFO] ==================================================
[2026-09-21 14:28:00] [INFO] [OVERSTAY] Current India Date/Time: 21/09/2026 14:28:00
[2026-09-21 14:28:00] [INFO] [OVERSTAY] Timezone: Asia/Kolkata
[2026-09-21 14:28:00] [INFO] [SUBSCRIPTION] Expiry cron triggered
[2026-09-21 14:28:00] [INFO] ==================================================
[2026-09-21 14:28:00] [INFO] SUBSCRIPTION EXPIRY CRON STARTED
[2026-09-21 14:28:00] [INFO] ==================================================
[2026-09-21 14:28:00] [INFO] [SUBSCRIPTION] Current India Date: 2026-09-21
[2026-09-21 14:28:00] [INFO] [OVERSTAY] Staying customers found: 0
[2026-09-21 14:28:00] [INFO] ==================================================
[2026-09-21 14:28:00] [INFO] OVERSTAY CRON COMPLETED
[2026-09-21 14:28:00] [INFO] ==================================================
[2026-09-21 14:28:00] [INFO] [SUBSCRIPTION] Subscriptions found: 2
[2026-09-21 14:28:00] [INFO] [SUBSCRIPTION] mani hotel | Expiry: 2026-10-16 | Days Remaining: 25
[2026-09-21 14:28:00] [INFO] [SUBSCRIPTION] hotel 2 | Expiry: 2026-10-17 | Days Remaining: 26
[2026-09-21 14:28:00] [INFO] ==================================================
[2026-09-21 14:28:00] [INFO] SUBSCRIPTION EXPIRY CRON COMPLETED
[2026-09-21 14:28:00] [INFO] ==================================================
[2026-09-21 14:28:22] [INFO] [Permission Verify] Allowed. User: 6aaa540e5c80eba3c908a924, Permission: roomsBooking
[2026-09-21 14:28:22] [INFO] [Booking] Get active bookings started. hotelId=6aaa540d5c80eba3c908a921, branchId=6aaa540d5c80eba3c908a923
[2026-09-21 14:28:22] [INFO] [Booking] Active bookings retrieved. hotelId=6aaa540d5c80eba3c908a921, branchId=6aaa540d5c80eba3c908a923, count=2
[2026-09-21 14:29:00] [INFO] [OVERSTAY] Cron triggered
[2026-09-21 14:29:00] [INFO] ==================================================
[2026-09-21 14:29:00] [INFO] OVERSTAY CRON STARTED
[2026-09-21 14:29:00] [INFO] ==================================================
[2026-09-21 14:29:00] [INFO] [OVERSTAY] Current India Date/Time: 21/09/2026 14:29:00
[2026-09-21 14:29:00] [INFO] [OVERSTAY] Timezone: Asia/Kolkata
[2026-09-21 14:29:00] [INFO] [SUBSCRIPTION] Expiry cron triggered
[2026-09-21 14:29:00] [INFO] ==================================================
[2026-09-21 14:29:00] [INFO] SUBSCRIPTION EXPIRY CRON STARTED
[2026-09-21 14:29:00] [INFO] ==================================================
[2026-09-21 14:29:00] [INFO] [SUBSCRIPTION] Current India Date: 2026-09-21
[2026-09-21 14:29:00] [INFO] [OVERSTAY] Staying customers found: 0
[2026-09-21 14:29:00] [INFO] ==================================================
[2026-09-21 14:29:00] [INFO] OVERSTAY CRON COMPLETED
[2026-09-21 14:29:00] [INFO] ==================================================
[2026-09-21 14:29:00] [INFO] [SUBSCRIPTION] Subscriptions found: 2
[2026-09-21 14:29:00] [INFO] [SUBSCRIPTION] mani hotel | Expiry: 2026-10-16 | Days Remaining: 25
[2026-09-21 14:29:00] [INFO] [SUBSCRIPTION] hotel 2 | Expiry: 2026-10-17 | Days Remaining: 26
[2026-09-21 14:29:00] [INFO] ==================================================
[2026-09-21 14:29:00] [INFO] SUBSCRIPTION EXPIRY CRON COMPLETED
[2026-09-21 14:29:00] [INFO] ==================================================
[2026-09-21 14:29:16] [INFO] [Permission Verify] Allowed. User: 6aaa540e5c80eba3c908a924, Permission: foodManagement
[2026-09-21 14:29:16] [INFO] [Booking] Food service added. bookingId=6aae46c69d684dd4a1717de4, roomId=6aae46c69d684dd4a1717de5, foodId=6ab0ea413d50939a5cdf46b3, hotelId=6aaa540d5c80eba3c908a921, branchId=6aaa540d5c80eba3c908a923
[2026-09-21 14:29:16] [INFO] [Permission Verify] Allowed. User: 6aaa540e5c80eba3c908a924, Permission: roomsBooking
[2026-09-21 14:29:16] [INFO] [Booking] Finding booking. bookingId=6aae46c69d684dd4a1717de4, hotelId=6aaa540d5c80eba3c908a921, branchId=6aaa540d5c80eba3c908a923
[2026-09-21 14:29:16] [INFO] [Booking] Booking retrieved. bookingId=6aae46c69d684dd4a1717de4, hotelId=6aaa540d5c80eba3c908a921, branchId=6aaa540d5c80eba3c908a923
[2026-09-21 14:29:19] [INFO] [Permission Verify] Allowed. User: 6aaa540e5c80eba3c908a924, Permission: foodManagement
[2026-09-21 14:29:19] [INFO] [FOOD SERVICE] Deleted | Hotel: 6aaa540d5c80eba3c908a921 | Branch: 6aaa540d5c80eba3c908a923 | Booking: 6aae46c69d684dd4a1717de4 | Room: 6aae46c69d684dd4a1717de5 | Food Service: 6ab0f1e43d50939a5cdf47a4
[2026-09-21 14:29:19] [INFO] [Permission Verify] Allowed. User: 6aaa540e5c80eba3c908a924, Permission: roomsBooking
[2026-09-21 14:29:19] [INFO] [Booking] Finding booking. bookingId=6aae46c69d684dd4a1717de4, hotelId=6aaa540d5c80eba3c908a921, branchId=6aaa540d5c80eba3c908a923
[2026-09-21 14:29:19] [INFO] [Booking] Booking retrieved. bookingId=6aae46c69d684dd4a1717de4, hotelId=6aaa540d5c80eba3c908a921, branchId=6aaa540d5c80eba3c908a923
[2026-09-21 14:29:22] [INFO] [Permission Verify] Allowed. User: 6aaa540e5c80eba3c908a924, Permission: roomsBooking
[2026-09-21 14:29:22] [INFO] [Booking] Get active bookings started. hotelId=6aaa540d5c80eba3c908a921, branchId=6aaa540d5c80eba3c908a923
[2026-09-21 14:29:22] [INFO] [Booking] Active bookings retrieved. hotelId=6aaa540d5c80eba3c908a921, branchId=6aaa540d5c80eba3c908a923, count=2
[2026-09-21 14:29:23] [INFO] [Permission Verify] Allowed. User: 6aaa540e5c80eba3c908a924, Permission: users
[2026-09-21 14:29:23] [INFO] [getMySubscription] Loaded subscription 6aaa540d5c80eba3c908a922 | Hotel ID: 6aaa540d5c80eba3c908a921
[2026-09-21 14:29:23] [INFO] [Permission Verify] Allowed. User: 6aaa540e5c80eba3c908a924, Permission: users
[2026-09-21 14:29:23] [INFO] [Permission Verify] Allowed. User: 6aaa540e5c80eba3c908a924, Permission: roomsBooking
[2026-09-21 14:29:23] [INFO] [Booking] Finding booking. bookingId=6aae46c69d684dd4a1717de4, hotelId=6aaa540d5c80eba3c908a921, branchId=6aaa540d5c80eba3c908a923
[2026-09-21 14:29:23] [INFO] [Permission Verify] Allowed. User: 6aaa540e5c80eba3c908a924, Permission: serviceManagement
[2026-09-21 14:29:23] [INFO] [Booking] Booking retrieved. bookingId=6aae46c69d684dd4a1717de4, hotelId=6aaa540d5c80eba3c908a921, branchId=6aaa540d5c80eba3c908a923
[2026-09-21 14:29:23] [INFO] INFO
[2026-09-21 14:29:23] [INFO] [getMySubscription] Loaded subscription 6aaa540d5c80eba3c908a922 | Hotel ID: 6aaa540d5c80eba3c908a921
[2026-09-21 14:29:23] [INFO] [Permission Verify] Allowed. User: 6aaa540e5c80eba3c908a924, Permission: serviceManagement
[2026-09-21 14:29:23] [INFO] INFO
[2026-09-21 14:29:26] [INFO] [Permission Verify] Allowed. User: 6aaa540e5c80eba3c908a924, Permission: serviceManagement
[2026-09-21 14:29:26] [INFO] [Booking] Room service added. bookingId=6aae46c69d684dd4a1717de4, roomId=6aae46c69d684dd4a1717de5, serviceId=6aae5335773d8a1cc0da8a5d, hotelId=6aaa540d5c80eba3c908a921, branchId=6aaa540d5c80eba3c908a923
[2026-09-21 14:29:26] [INFO] [Permission Verify] Allowed. User: 6aaa540e5c80eba3c908a924, Permission: roomsBooking
[2026-09-21 14:29:26] [INFO] [Booking] Finding booking. bookingId=6aae46c69d684dd4a1717de4, hotelId=6aaa540d5c80eba3c908a921, branchId=6aaa540d5c80eba3c908a923
[2026-09-21 14:29:26] [INFO] [Booking] Booking retrieved. bookingId=6aae46c69d684dd4a1717de4, hotelId=6aaa540d5c80eba3c908a921, branchId=6aaa540d5c80eba3c908a923
[2026-09-21 14:29:28] [INFO] [Permission Verify] Allowed. User: 6aaa540e5c80eba3c908a924, Permission: roomsBooking
[2026-09-21 14:29:28] [INFO] [Booking] Finding booking. bookingId=6aae46c69d684dd4a1717de4, hotelId=6aaa540d5c80eba3c908a921, branchId=6aaa540d5c80eba3c908a923
[2026-09-21 14:29:28] [INFO] [Booking] Booking retrieved. bookingId=6aae46c69d684dd4a1717de4, hotelId=6aaa540d5c80eba3c908a921, branchId=6aaa540d5c80eba3c908a923
[2026-09-21 14:29:33] [INFO] [Permission Verify] Allowed. User: 6aaa540e5c80eba3c908a924, Permission: roomsBooking
[2026-09-21 14:29:33] [INFO] [Booking] Finding booking. bookingId=6aae46c69d684dd4a1717de4, hotelId=6aaa540d5c80eba3c908a921, branchId=6aaa540d5c80eba3c908a923
[2026-09-21 14:29:33] [INFO] [Booking] Booking retrieved. bookingId=6aae46c69d684dd4a1717de4, hotelId=6aaa540d5c80eba3c908a921, branchId=6aaa540d5c80eba3c908a923
[2026-09-21 14:29:37] [INFO] [Permission Verify] Allowed. User: 6aaa540e5c80eba3c908a924, Permission: serviceManagement
[2026-09-21 14:29:38] [INFO] [Booking] Room service added. bookingId=6aae46c69d684dd4a1717de4, roomId=6aae46c69d684dd4a1717de5, serviceId=6aae5335773d8a1cc0da8a5d, hotelId=6aaa540d5c80eba3c908a921, branchId=6aaa540d5c80eba3c908a923
[2026-09-21 14:29:38] [INFO] [Permission Verify] Allowed. User: 6aaa540e5c80eba3c908a924, Permission: roomsBooking
[2026-09-21 14:29:38] [INFO] [Booking] Finding booking. bookingId=6aae46c69d684dd4a1717de4, hotelId=6aaa540d5c80eba3c908a921, branchId=6aaa540d5c80eba3c908a923
[2026-09-21 14:29:38] [INFO] [Booking] Booking retrieved. bookingId=6aae46c69d684dd4a1717de4, hotelId=6aaa540d5c80eba3c908a921, branchId=6aaa540d5c80eba3c908a923
[2026-09-21 14:29:39] [INFO] [Permission Verify] Allowed. User: 6aaa540e5c80eba3c908a924, Permission: roomsBooking
[2026-09-21 14:29:39] [INFO] [Booking] Finding booking. bookingId=6aae46c69d684dd4a1717de4, hotelId=6aaa540d5c80eba3c908a921, branchId=6aaa540d5c80eba3c908a923
[2026-09-21 14:29:39] [INFO] [Booking] Booking retrieved. bookingId=6aae46c69d684dd4a1717de4, hotelId=6aaa540d5c80eba3c908a921, branchId=6aaa540d5c80eba3c908a923
[2026-09-21 14:29:40] [INFO] [Permission Verify] Allowed. User: 6aaa540e5c80eba3c908a924, Permission: serviceManagement
[2026-09-21 14:29:40] [INFO] INFO
[2026-09-21 14:29:40] [INFO] [Permission Verify] Allowed. User: 6aaa540e5c80eba3c908a924, Permission: roomsBooking
[2026-09-21 14:29:40] [INFO] [Booking] Finding booking. bookingId=6aae46c69d684dd4a1717de4, hotelId=6aaa540d5c80eba3c908a921, branchId=6aaa540d5c80eba3c908a923
[2026-09-21 14:29:40] [INFO] [Booking] Booking retrieved. bookingId=6aae46c69d684dd4a1717de4, hotelId=6aaa540d5c80eba3c908a921, branchId=6aaa540d5c80eba3c908a923
[2026-09-21 14:29:44] [INFO] [Permission Verify] Allowed. User: 6aaa540e5c80eba3c908a924, Permission: roomsBooking
[2026-09-21 14:29:44] [INFO] [Booking] Get active bookings started. hotelId=6aaa540d5c80eba3c908a921, branchId=6aaa540d5c80eba3c908a923
[2026-09-21 14:29:44] [INFO] [Booking] Active bookings retrieved. hotelId=6aaa540d5c80eba3c908a921, branchId=6aaa540d5c80eba3c908a923, count=2
[2026-09-21 14:29:52] [INFO] INFO
[2026-09-21 14:29:52] [INFO] [CUSTOMER] Fetched all customers | Hotel: 6aaa540d5c80eba3c908a921 | Branch: 6aaa540d5c80eba3c908a923 | Count: 2
[2026-09-21 14:29:52] [INFO] INFO
[2026-09-21 14:29:52] [INFO] [CUSTOMER] Fetched all customers | Hotel: 6aaa540d5c80eba3c908a921 | Branch: 6aaa540d5c80eba3c908a923 | Count: 2
[2026-09-21 14:29:52] [INFO] INFO
[2026-09-21 14:29:53] [INFO] INFO
[2026-09-21 14:29:55] [INFO] INFO
[2026-09-21 14:29:55] [INFO] [CUSTOMER] Fetched all customers | Hotel: 6aaa540d5c80eba3c908a921 | Branch: 6aaa540d5c80eba3c908a923 | Count: 2
[2026-09-21 14:29:55] [INFO] INFO
[2026-09-21 14:29:55] [INFO] [CUSTOMER] Fetched all customers | Hotel: 6aaa540d5c80eba3c908a921 | Branch: 6aaa540d5c80eba3c908a923 | Count: 2
[2026-09-21 14:29:55] [INFO] [Permission Verify] Allowed. User: 6aaa540e5c80eba3c908a924, Permission: roomsBooking
[2026-09-21 14:29:55] [INFO] [Booking] Get active bookings started. hotelId=6aaa540d5c80eba3c908a921, branchId=6aaa540d5c80eba3c908a923
[2026-09-21 14:29:55] [INFO] [Booking] Active bookings retrieved. hotelId=6aaa540d5c80eba3c908a921, branchId=6aaa540d5c80eba3c908a923, count=2
[2026-09-21 14:29:55] [INFO] [Permission Verify] Allowed. User: 6aaa540e5c80eba3c908a924, Permission: roomsBooking
[2026-09-21 14:29:55] [INFO] [Booking] Get active bookings started. hotelId=6aaa540d5c80eba3c908a921, branchId=6aaa540d5c80eba3c908a923
[2026-09-21 14:29:55] [INFO] [Booking] Active bookings retrieved. hotelId=6aaa540d5c80eba3c908a921, branchId=6aaa540d5c80eba3c908a923, count=2
[2026-09-21 14:30:00] [INFO] [OVERSTAY] Cron triggered
[2026-09-21 14:30:00] [INFO] ==================================================
[2026-09-21 14:30:00] [INFO] OVERSTAY CRON STARTED
[2026-09-21 14:30:00] [INFO] ==================================================
[2026-09-21 14:30:00] [INFO] [OVERSTAY] Current India Date/Time: 21/09/2026 14:30:00
[2026-09-21 14:30:00] [INFO] [OVERSTAY] Timezone: Asia/Kolkata
[2026-09-21 14:30:00] [INFO] [SUBSCRIPTION] Expiry cron triggered
[2026-09-21 14:30:00] [INFO] ==================================================
[2026-09-21 14:30:00] [INFO] SUBSCRIPTION EXPIRY CRON STARTED
[2026-09-21 14:30:00] [INFO] ==================================================
[2026-09-21 14:30:00] [INFO] [SUBSCRIPTION] Current India Date: 2026-09-21
[2026-09-21 14:30:00] [INFO] [SUBSCRIPTION] Subscriptions found: 2
[2026-09-21 14:30:00] [INFO] [OVERSTAY] Staying customers found: 0
[2026-09-21 14:30:00] [INFO] ==================================================
[2026-09-21 14:30:00] [INFO] OVERSTAY CRON COMPLETED
[2026-09-21 14:30:00] [INFO] ==================================================
[2026-09-21 14:30:00] [INFO] [SUBSCRIPTION] mani hotel | Expiry: 2026-10-16 | Days Remaining: 25
[2026-09-21 14:30:00] [INFO] [SUBSCRIPTION] hotel 2 | Expiry: 2026-10-17 | Days Remaining: 26
[2026-09-21 14:30:00] [INFO] ==================================================
[2026-09-21 14:30:00] [INFO] SUBSCRIPTION EXPIRY CRON COMPLETED
[2026-09-21 14:30:00] [INFO] ==================================================
[2026-09-21 14:30:02] [INFO] INFO
[2026-09-21 14:30:02] [INFO] INFO
[2026-09-21 14:30:02] [INFO] [CUSTOMER] Fetched all customers | Hotel: 6aaa540d5c80eba3c908a921 | Branch: 6aaa540d5c80eba3c908a923 | Count: 2
[2026-09-21 14:30:02] [INFO] [CUSTOMER] Fetched all customers | Hotel: 6aaa540d5c80eba3c908a921 | Branch: 6aaa540d5c80eba3c908a923 | Count: 2
[2026-09-21 14:30:03] [INFO] INFO
[2026-09-21 14:30:03] [INFO] INFO
[2026-09-21 14:30:03] [INFO] INFO
[2026-09-21 14:30:03] [INFO] [CUSTOMER] Fetched all customers | Hotel: 6aaa540d5c80eba3c908a921 | Branch: 6aaa540d5c80eba3c908a923 | Count: 2
[2026-09-21 14:30:03] [INFO] INFO
[2026-09-21 14:30:03] [INFO] [CUSTOMER] Fetched all customers | Hotel: 6aaa540d5c80eba3c908a921 | Branch: 6aaa540d5c80eba3c908a923 | Count: 2
[2026-09-21 14:30:03] [INFO] [Permission Verify] Allowed. User: 6aaa540e5c80eba3c908a924, Permission: roomsBooking
[2026-09-21 14:30:03] [INFO] [Booking] Get active bookings started. hotelId=6aaa540d5c80eba3c908a921, branchId=6aaa540d5c80eba3c908a923
[2026-09-21 14:30:04] [INFO] [Booking] Active bookings retrieved. hotelId=6aaa540d5c80eba3c908a921, branchId=6aaa540d5c80eba3c908a923, count=2
[2026-09-21 14:30:04] [INFO] [Permission Verify] Allowed. User: 6aaa540e5c80eba3c908a924, Permission: roomsBooking
[2026-09-21 14:30:04] [INFO] [Booking] Get active bookings started. hotelId=6aaa540d5c80eba3c908a921, branchId=6aaa540d5c80eba3c908a923
[2026-09-21 14:30:04] [INFO] [Booking] Active bookings retrieved. hotelId=6aaa540d5c80eba3c908a921, branchId=6aaa540d5c80eba3c908a923, count=2
[2026-09-21 14:30:04] [INFO] INFO
[2026-09-21 14:30:04] [INFO] [CUSTOMER] Fetched all customers | Hotel: 6aaa540d5c80eba3c908a921 | Branch: 6aaa540d5c80eba3c908a923 | Count: 2
[2026-09-21 14:30:04] [INFO] INFO
[2026-09-21 14:30:04] [INFO] [CUSTOMER] Fetched all customers | Hotel: 6aaa540d5c80eba3c908a921 | Branch: 6aaa540d5c80eba3c908a923 | Count: 2
[2026-09-21 14:30:04] [INFO] INFO
[2026-09-21 14:30:04] [INFO] INFO
[2026-09-21 14:30:05] [INFO] [Permission Verify] Allowed. User: 6aaa540e5c80eba3c908a924, Permission: serviceManagement
[2026-09-21 14:30:05] [INFO] INFO
[2026-09-21 14:30:05] [INFO] [Permission Verify] Allowed. User: 6aaa540e5c80eba3c908a924, Permission: serviceManagement
[2026-09-21 14:30:05] [INFO] INFO
[2026-09-21 14:30:06] [INFO] [Permission Verify] Allowed. User: 6aaa540e5c80eba3c908a924, Permission: reports
[2026-09-21 14:30:06] [INFO] [Permission Verify] Allowed. User: 6aaa540e5c80eba3c908a924, Permission: reports
[2026-09-21 14:30:06] [INFO] [Permission Verify] Allowed. User: 6aaa540e5c80eba3c908a924, Permission: settings
[2026-09-21 14:30:06] [INFO] [Settings] GET started. userId=6aaa540e5c80eba3c908a924
[2026-09-21 14:30:06] [INFO] [Settings] Tenant resolved. hotelId=6aaa540d5c80eba3c908a921, branchId=6aaa540d5c80eba3c908a923
[2026-09-21 14:30:06] [INFO] [Settings] Verifying branch ownership. hotelId=6aaa540d5c80eba3c908a921, branchId=6aaa540d5c80eba3c908a923
[2026-09-21 14:30:06] [INFO] [Settings] Searching settings. hotelId=6aaa540d5c80eba3c908a921, branchId=6aaa540d5c80eba3c908a923
[2026-09-21 14:30:06] [INFO] [Settings] GET successful. settingsId=6aae48e19d684dd4a1717e04, hotelId=6aaa540d5c80eba3c908a921, branchId=6aaa540d5c80eba3c908a923
[2026-09-21 14:30:06] [INFO] [Permission Verify] Allowed. User: 6aaa540e5c80eba3c908a924, Permission: settings
[2026-09-21 14:30:06] [INFO] [Settings] GET started. userId=6aaa540e5c80eba3c908a924
[2026-09-21 14:30:06] [INFO] [Settings] Tenant resolved. hotelId=6aaa540d5c80eba3c908a921, branchId=6aaa540d5c80eba3c908a923
[2026-09-21 14:30:06] [INFO] [Settings] Verifying branch ownership. hotelId=6aaa540d5c80eba3c908a921, branchId=6aaa540d5c80eba3c908a923
[2026-09-21 14:30:06] [INFO] [Settings] Searching settings. hotelId=6aaa540d5c80eba3c908a921, branchId=6aaa540d5c80eba3c908a923
[2026-09-21 14:30:06] [INFO] [Settings] GET successful. settingsId=6aae48e19d684dd4a1717e04, hotelId=6aaa540d5c80eba3c908a921, branchId=6aaa540d5c80eba3c908a923
[2026-09-21 14:30:07] [INFO] [Permission Verify] Allowed. User: 6aaa540e5c80eba3c908a924, Permission: users
[2026-09-21 14:30:07] [INFO] [getAllUsers] Loaded 1 users | Hotel ID: 6aaa540d5c80eba3c908a921 | Branch ID: 6aaa540d5c80eba3c908a923 | Subscription: 6aaa540d5c80eba3c908a922
[2026-09-21 14:30:07] [INFO] [Permission Verify] Allowed. User: 6aaa540e5c80eba3c908a924, Permission: users
[2026-09-21 14:30:07] [INFO] [Permission Verify] Allowed. User: 6aaa540e5c80eba3c908a924, Permission: users
[2026-09-21 14:30:07] [INFO] [getAllUsers] Loaded 1 users | Hotel ID: 6aaa540d5c80eba3c908a921 | Branch ID: 6aaa540d5c80eba3c908a923 | Subscription: 6aaa540d5c80eba3c908a922
[2026-09-21 14:30:07] [INFO] [getMySubscription] Loaded subscription 6aaa540d5c80eba3c908a922 | Hotel ID: 6aaa540d5c80eba3c908a921
[2026-09-21 14:30:07] [INFO] [Permission Verify] Allowed. User: 6aaa540e5c80eba3c908a924, Permission: users
[2026-09-21 14:30:07] [INFO] [Permission Verify] Forbidden. User: 6aaa540e5c80eba3c908a924, Role: hotelOwner, Permission: plans
[2026-09-21 14:30:07] [INFO] [getMySubscription] Loaded subscription 6aaa540d5c80eba3c908a922 | Hotel ID: 6aaa540d5c80eba3c908a921
[2026-09-21 14:30:07] [INFO] [Permission Verify] Forbidden. User: 6aaa540e5c80eba3c908a924, Role: hotelOwner, Permission: plans
[2026-09-21 14:31:00] [INFO] [OVERSTAY] Cron triggered
[2026-09-21 14:31:00] [INFO] ==================================================
[2026-09-21 14:31:00] [INFO] OVERSTAY CRON STARTED
[2026-09-21 14:31:00] [INFO] ==================================================
[2026-09-21 14:31:00] [INFO] [OVERSTAY] Current India Date/Time: 21/09/2026 14:31:00
[2026-09-21 14:31:00] [INFO] [OVERSTAY] Timezone: Asia/Kolkata
[2026-09-21 14:31:00] [INFO] [SUBSCRIPTION] Expiry cron triggered
[2026-09-21 14:31:00] [INFO] ==================================================
[2026-09-21 14:31:00] [INFO] SUBSCRIPTION EXPIRY CRON STARTED
[2026-09-21 14:31:00] [INFO] ==================================================
[2026-09-21 14:31:00] [INFO] [SUBSCRIPTION] Current India Date: 2026-09-21
[2026-09-21 14:31:00] [INFO] [OVERSTAY] Staying customers found: 0
[2026-09-21 14:31:00] [INFO] ==================================================
[2026-09-21 14:31:00] [INFO] OVERSTAY CRON COMPLETED
[2026-09-21 14:31:00] [INFO] ==================================================
[2026-09-21 14:31:00] [INFO] [SUBSCRIPTION] Subscriptions found: 2
[2026-09-21 14:31:00] [INFO] [SUBSCRIPTION] mani hotel | Expiry: 2026-10-16 | Days Remaining: 25
[2026-09-21 14:31:00] [INFO] [SUBSCRIPTION] hotel 2 | Expiry: 2026-10-17 | Days Remaining: 26
[2026-09-21 14:31:00] [INFO] ==================================================
[2026-09-21 14:31:00] [INFO] SUBSCRIPTION EXPIRY CRON COMPLETED
[2026-09-21 14:31:00] [INFO] ==================================================
[2026-09-21 14:32:00] [INFO] [OVERSTAY] Cron triggered
[2026-09-21 14:32:00] [INFO] ==================================================
[2026-09-21 14:32:00] [INFO] OVERSTAY CRON STARTED
[2026-09-21 14:32:00] [INFO] ==================================================
[2026-09-21 14:32:00] [INFO] [OVERSTAY] Current India Date/Time: 21/09/2026 14:32:00
[2026-09-21 14:32:00] [INFO] [OVERSTAY] Timezone: Asia/Kolkata
[2026-09-21 14:32:00] [INFO] [SUBSCRIPTION] Expiry cron triggered
[2026-09-21 14:32:00] [INFO] ==================================================
[2026-09-21 14:32:00] [INFO] SUBSCRIPTION EXPIRY CRON STARTED
[2026-09-21 14:32:00] [INFO] ==================================================
[2026-09-21 14:32:00] [INFO] [SUBSCRIPTION] Current India Date: 2026-09-21
[2026-09-21 14:32:00] [INFO] [OVERSTAY] Staying customers found: 0
[2026-09-21 14:32:00] [INFO] ==================================================
[2026-09-21 14:32:00] [INFO] OVERSTAY CRON COMPLETED
[2026-09-21 14:32:00] [INFO] ==================================================
[2026-09-21 14:32:00] [INFO] [SUBSCRIPTION] Subscriptions found: 2
[2026-09-21 14:32:00] [INFO] [SUBSCRIPTION] mani hotel | Expiry: 2026-10-16 | Days Remaining: 25
[2026-09-21 14:32:00] [INFO] [SUBSCRIPTION] hotel 2 | Expiry: 2026-10-17 | Days Remaining: 26
[2026-09-21 14:32:00] [INFO] ==================================================
[2026-09-21 14:32:00] [INFO] SUBSCRIPTION EXPIRY CRON COMPLETED
[2026-09-21 14:32:00] [INFO] ==================================================
[2026-09-21 14:32:09] [INFO] [Permission Verify] Allowed. User: 6aaa540e5c80eba3c908a924, Permission: users
[2026-09-21 14:32:09] [INFO] [createUser] Subscription verified | Hotel: 6aaa540d5c80eba3c908a921 | Subscription: 6aaa540d5c80eba3c908a922 | Status: active
[2026-09-21 14:32:09] [INFO] [createUser] Receptionist limit passed | Hotel: 6aaa540d5c80eba3c908a921 | Current: 0 | Limit: 5
[2026-09-21 14:32:09] [INFO] [createUser] User created successfully | User ID: 6ab0f2913d50939a5cdf480a | Hotel ID: 6aaa540d5c80eba3c908a921 | Branch ID: 6aaa540d5c80eba3c908a923 | Role: receptionist | Subscription: 6aaa540d5c80eba3c908a922
[2026-09-21 14:32:09] [INFO] [Permission Verify] Allowed. User: 6aaa540e5c80eba3c908a924, Permission: users
[2026-09-21 14:32:09] [INFO] [getAllUsers] Loaded 2 users | Hotel ID: 6aaa540d5c80eba3c908a921 | Branch ID: 6aaa540d5c80eba3c908a923 | Subscription: 6aaa540d5c80eba3c908a922
[2026-09-21 14:32:09] [INFO] [Permission Verify] Allowed. User: 6aaa540e5c80eba3c908a924, Permission: users
[2026-09-21 14:32:09] [INFO] [getMySubscription] Loaded subscription 6aaa540d5c80eba3c908a922 | Hotel ID: 6aaa540d5c80eba3c908a921
[2026-09-21 14:32:09] [INFO] [Permission Verify] Forbidden. User: 6aaa540e5c80eba3c908a924, Role: hotelOwner, Permission: plans
[2026-09-21 14:32:13] [INFO] [Permission Verify] Allowed. User: 6aaa540e5c80eba3c908a924, Permission: reports
[2026-09-21 14:32:13] [INFO] [Permission Verify] Allowed. User: 6aaa540e5c80eba3c908a924, Permission: reports
[2026-09-21 14:32:14] [INFO] [Permission Verify] Allowed. User: 6aaa540e5c80eba3c908a924, Permission: serviceManagement
[2026-09-21 14:32:14] [INFO] INFO
[2026-09-21 14:32:14] [INFO] [Permission Verify] Allowed. User: 6aaa540e5c80eba3c908a924, Permission: serviceManagement
[2026-09-21 14:32:14] [INFO] INFO
[2026-09-21 14:32:16] [INFO] INFO
[2026-09-21 14:32:16] [INFO] INFO
[2026-09-21 14:32:19] [INFO] User logged out: manikandan
[2026-09-21 14:32:31] [INFO] [LOGIN] Login request received for email: abdrecep@gmail.com
[2026-09-21 14:32:35] [INFO] OTP sent to abdrecep@gmail.com
[2026-09-21 14:32:35] [INFO] [LOGIN] OTP sent successfully to abdrecep@gmail.com
[2026-09-21 14:32:45] [INFO] [LOGIN] OTP verified successfully. User: abdrecep@gmail.com, Role: receptionist, Hotel: 6aaa540d5c80eba3c908a921, Branch: 6aaa540d5c80eba3c908a923
[2026-09-21 14:32:46] [INFO] [Permission Verify] Allowed. User: 6ab0f2913d50939a5cdf480a, Permission: dashboard
[2026-09-21 14:32:46] [INFO] [Permission Verify] Allowed. User: 6ab0f2913d50939a5cdf480a, Permission: dashboard
[2026-09-21 14:32:46] [INFO] [Permission Verify] Allowed. User: 6ab0f2913d50939a5cdf480a, Permission: dashboard
[2026-09-21 14:32:46] [INFO] [Permission Verify] Allowed. User: 6ab0f2913d50939a5cdf480a, Permission: dashboard
[2026-09-21 14:32:48] [INFO] INFO
[2026-09-21 14:32:49] [INFO] INFO
[2026-09-21 14:32:51] [INFO] [Permission Verify] Allowed. User: 6ab0f2913d50939a5cdf480a, Permission: serviceManagement
[2026-09-21 14:32:51] [INFO] INFO
[2026-09-21 14:32:51] [INFO] [Permission Verify] Allowed. User: 6ab0f2913d50939a5cdf480a, Permission: serviceManagement
[2026-09-21 14:32:51] [INFO] INFO
[2026-09-21 14:32:52] [INFO] [Permission Verify] Allowed. User: 6ab0f2913d50939a5cdf480a, Permission: reports
[2026-09-21 14:32:52] [INFO] [Permission Verify] Allowed. User: 6ab0f2913d50939a5cdf480a, Permission: reports
[2026-09-21 14:32:53] [INFO] [Permission Verify] Allowed. User: 6ab0f2913d50939a5cdf480a, Permission: customer
[2026-09-21 14:32:53] [INFO] [Permission Verify] Allowed. User: 6ab0f2913d50939a5cdf480a, Permission: customer
[2026-09-21 14:32:53] [INFO] [Permission Verify] Allowed. User: 6ab0f2913d50939a5cdf480a, Permission: invoice
[2026-09-21 14:32:53] [INFO] [Invoice] Get all invoices started. hotelId=6aaa540d5c80eba3c908a921, branchId=6aaa540d5c80eba3c908a923
[2026-09-21 14:32:54] [INFO] [Invoice] Get all invoices completed. hotelId=6aaa540d5c80eba3c908a921, branchId=6aaa540d5c80eba3c908a923, count=0
[2026-09-21 14:32:54] [INFO] [Permission Verify] Allowed. User: 6ab0f2913d50939a5cdf480a, Permission: invoice
[2026-09-21 14:32:54] [INFO] [Invoice] Get all invoices started. hotelId=6aaa540d5c80eba3c908a921, branchId=6aaa540d5c80eba3c908a923
[2026-09-21 14:32:54] [INFO] [Invoice] Get all invoices completed. hotelId=6aaa540d5c80eba3c908a921, branchId=6aaa540d5c80eba3c908a923, count=0
[2026-09-21 14:32:55] [INFO] [Permission Verify] Allowed. User: 6ab0f2913d50939a5cdf480a, Permission: settings
[2026-09-21 14:32:55] [INFO] [Settings] GET started. userId=6ab0f2913d50939a5cdf480a
[2026-09-21 14:32:55] [INFO] [Settings] Tenant resolved. hotelId=6aaa540d5c80eba3c908a921, branchId=6aaa540d5c80eba3c908a923
[2026-09-21 14:32:55] [INFO] [Settings] Verifying branch ownership. hotelId=6aaa540d5c80eba3c908a921, branchId=6aaa540d5c80eba3c908a923
[2026-09-21 14:32:55] [INFO] [Settings] Searching settings. hotelId=6aaa540d5c80eba3c908a921, branchId=6aaa540d5c80eba3c908a923
[2026-09-21 14:32:55] [INFO] [Settings] GET successful. settingsId=6aae48e19d684dd4a1717e04, hotelId=6aaa540d5c80eba3c908a921, branchId=6aaa540d5c80eba3c908a923
[2026-09-21 14:32:55] [INFO] [Permission Verify] Allowed. User: 6ab0f2913d50939a5cdf480a, Permission: settings
[2026-09-21 14:32:55] [INFO] [Settings] GET started. userId=6ab0f2913d50939a5cdf480a
[2026-09-21 14:32:55] [INFO] [Settings] Tenant resolved. hotelId=6aaa540d5c80eba3c908a921, branchId=6aaa540d5c80eba3c908a923
[2026-09-21 14:32:55] [INFO] [Settings] Verifying branch ownership. hotelId=6aaa540d5c80eba3c908a921, branchId=6aaa540d5c80eba3c908a923
[2026-09-21 14:32:55] [INFO] [Settings] Searching settings. hotelId=6aaa540d5c80eba3c908a921, branchId=6aaa540d5c80eba3c908a923
[2026-09-21 14:32:55] [INFO] [Settings] GET successful. settingsId=6aae48e19d684dd4a1717e04, hotelId=6aaa540d5c80eba3c908a921, branchId=6aaa540d5c80eba3c908a923
[2026-09-21 14:32:56] [INFO] [Permission Verify] Allowed. User: 6ab0f2913d50939a5cdf480a, Permission: users
[2026-09-21 14:32:56] [INFO] [getAllUsers] Loaded 2 users | Hotel ID: 6aaa540d5c80eba3c908a921 | Branch ID: 6aaa540d5c80eba3c908a923 | Subscription: 6aaa540d5c80eba3c908a922
[2026-09-21 14:32:56] [INFO] [Permission Verify] Allowed. User: 6ab0f2913d50939a5cdf480a, Permission: users
[2026-09-21 14:32:56] [INFO] [Permission Verify] Allowed. User: 6ab0f2913d50939a5cdf480a, Permission: users
[2026-09-21 14:32:56] [INFO] [getAllUsers] Loaded 2 users | Hotel ID: 6aaa540d5c80eba3c908a921 | Branch ID: 6aaa540d5c80eba3c908a923 | Subscription: 6aaa540d5c80eba3c908a922
[2026-09-21 14:32:56] [INFO] [getMySubscription] Loaded subscription 6aaa540d5c80eba3c908a922 | Hotel ID: 6aaa540d5c80eba3c908a921
[2026-09-21 14:32:56] [INFO] [Permission Verify] Allowed. User: 6ab0f2913d50939a5cdf480a, Permission: users
[2026-09-21 14:32:56] [INFO] [Permission Verify] Forbidden. User: 6ab0f2913d50939a5cdf480a, Role: receptionist, Permission: plans
[2026-09-21 14:32:57] [INFO] [getMySubscription] Loaded subscription 6aaa540d5c80eba3c908a922 | Hotel ID: 6aaa540d5c80eba3c908a921
[2026-09-21 14:32:57] [INFO] [Permission Verify] Forbidden. User: 6ab0f2913d50939a5cdf480a, Role: receptionist, Permission: plans
[2026-09-21 14:33:00] [INFO] [OVERSTAY] Cron triggered
[2026-09-21 14:33:00] [INFO] ==================================================
[2026-09-21 14:33:00] [INFO] OVERSTAY CRON STARTED
[2026-09-21 14:33:00] [INFO] ==================================================
[2026-09-21 14:33:00] [INFO] [OVERSTAY] Current India Date/Time: 21/09/2026 14:33:00
[2026-09-21 14:33:00] [INFO] [OVERSTAY] Timezone: Asia/Kolkata
[2026-09-21 14:33:00] [INFO] [SUBSCRIPTION] Expiry cron triggered
[2026-09-21 14:33:00] [INFO] ==================================================
[2026-09-21 14:33:00] [INFO] SUBSCRIPTION EXPIRY CRON STARTED
[2026-09-21 14:33:00] [INFO] ==================================================
[2026-09-21 14:33:00] [INFO] [SUBSCRIPTION] Current India Date: 2026-09-21
[2026-09-21 14:33:00] [INFO] [OVERSTAY] Staying customers found: 0
[2026-09-21 14:33:00] [INFO] ==================================================
[2026-09-21 14:33:00] [INFO] OVERSTAY CRON COMPLETED
[2026-09-21 14:33:00] [INFO] ==================================================
[2026-09-21 14:33:00] [INFO] [SUBSCRIPTION] Subscriptions found: 2
[2026-09-21 14:33:00] [INFO] [SUBSCRIPTION] mani hotel | Expiry: 2026-10-16 | Days Remaining: 25
[2026-09-21 14:33:00] [INFO] [SUBSCRIPTION] hotel 2 | Expiry: 2026-10-17 | Days Remaining: 26
[2026-09-21 14:33:00] [INFO] ==================================================
[2026-09-21 14:33:00] [INFO] SUBSCRIPTION EXPIRY CRON COMPLETED
[2026-09-21 14:33:00] [INFO] ==================================================
[2026-09-21 14:34:00] [INFO] [OVERSTAY] Cron triggered
[2026-09-21 14:34:00] [INFO] ==================================================
[2026-09-21 14:34:00] [INFO] OVERSTAY CRON STARTED
[2026-09-21 14:34:00] [INFO] ==================================================
[2026-09-21 14:34:00] [INFO] [OVERSTAY] Current India Date/Time: 21/09/2026 14:34:00
[2026-09-21 14:34:00] [INFO] [OVERSTAY] Timezone: Asia/Kolkata
[2026-09-21 14:34:00] [INFO] [SUBSCRIPTION] Expiry cron triggered
[2026-09-21 14:34:00] [INFO] ==================================================
[2026-09-21 14:34:00] [INFO] SUBSCRIPTION EXPIRY CRON STARTED
[2026-09-21 14:34:00] [INFO] ==================================================
[2026-09-21 14:34:00] [INFO] [SUBSCRIPTION] Current India Date: 2026-09-21
[2026-09-21 14:34:00] [INFO] [OVERSTAY] Staying customers found: 0
[2026-09-21 14:34:00] [INFO] ==================================================
[2026-09-21 14:34:00] [INFO] OVERSTAY CRON COMPLETED
[2026-09-21 14:34:00] [INFO] ==================================================
[2026-09-21 14:34:00] [INFO] [SUBSCRIPTION] Subscriptions found: 2
[2026-09-21 14:34:00] [INFO] [SUBSCRIPTION] mani hotel | Expiry: 2026-10-16 | Days Remaining: 25
[2026-09-21 14:34:00] [INFO] [SUBSCRIPTION] hotel 2 | Expiry: 2026-10-17 | Days Remaining: 26
[2026-09-21 14:34:00] [INFO] ==================================================
[2026-09-21 14:34:00] [INFO] SUBSCRIPTION EXPIRY CRON COMPLETED
[2026-09-21 14:34:00] [INFO] ==================================================
[2026-09-21 14:35:00] [INFO] [OVERSTAY] Cron triggered
[2026-09-21 14:35:00] [INFO] ==================================================
[2026-09-21 14:35:00] [INFO] OVERSTAY CRON STARTED
[2026-09-21 14:35:00] [INFO] ==================================================
[2026-09-21 14:35:00] [INFO] [OVERSTAY] Current India Date/Time: 21/09/2026 14:35:00
[2026-09-21 14:35:00] [INFO] [OVERSTAY] Timezone: Asia/Kolkata
[2026-09-21 14:35:00] [INFO] [SUBSCRIPTION] Expiry cron triggered
[2026-09-21 14:35:00] [INFO] ==================================================
[2026-09-21 14:35:00] [INFO] SUBSCRIPTION EXPIRY CRON STARTED
[2026-09-21 14:35:00] [INFO] ==================================================
[2026-09-21 14:35:00] [INFO] [SUBSCRIPTION] Current India Date: 2026-09-21
[2026-09-21 14:35:00] [INFO] [OVERSTAY] Staying customers found: 0
[2026-09-21 14:35:00] [INFO] ==================================================
[2026-09-21 14:35:00] [INFO] OVERSTAY CRON COMPLETED
[2026-09-21 14:35:00] [INFO] ==================================================
[2026-09-21 14:35:00] [INFO] [SUBSCRIPTION] Subscriptions found: 2
[2026-09-21 14:35:00] [INFO] [SUBSCRIPTION] mani hotel | Expiry: 2026-10-16 | Days Remaining: 25
[2026-09-21 14:35:00] [INFO] [SUBSCRIPTION] hotel 2 | Expiry: 2026-10-17 | Days Remaining: 26
[2026-09-21 14:35:00] [INFO] ==================================================
[2026-09-21 14:35:00] [INFO] SUBSCRIPTION EXPIRY CRON COMPLETED
[2026-09-21 14:35:00] [INFO] ==================================================
[2026-09-21 14:36:00] [INFO] [OVERSTAY] Cron triggered
[2026-09-21 14:36:00] [INFO] ==================================================
[2026-09-21 14:36:00] [INFO] OVERSTAY CRON STARTED
[2026-09-21 14:36:00] [INFO] ==================================================
[2026-09-21 14:36:00] [INFO] [OVERSTAY] Current India Date/Time: 21/09/2026 14:36:00
[2026-09-21 14:36:00] [INFO] [OVERSTAY] Timezone: Asia/Kolkata
[2026-09-21 14:36:00] [INFO] [SUBSCRIPTION] Expiry cron triggered
[2026-09-21 14:36:00] [INFO] ==================================================
[2026-09-21 14:36:00] [INFO] SUBSCRIPTION EXPIRY CRON STARTED
[2026-09-21 14:36:00] [INFO] ==================================================
[2026-09-21 14:36:00] [INFO] [SUBSCRIPTION] Current India Date: 2026-09-21
[2026-09-21 14:36:00] [INFO] [OVERSTAY] Staying customers found: 0
[2026-09-21 14:36:00] [INFO] ==================================================
[2026-09-21 14:36:00] [INFO] OVERSTAY CRON COMPLETED
[2026-09-21 14:36:00] [INFO] ==================================================
[2026-09-21 14:36:00] [INFO] [SUBSCRIPTION] Subscriptions found: 2
[2026-09-21 14:36:00] [INFO] [SUBSCRIPTION] mani hotel | Expiry: 2026-10-16 | Days Remaining: 25
[2026-09-21 14:36:00] [INFO] [SUBSCRIPTION] hotel 2 | Expiry: 2026-10-17 | Days Remaining: 26
[2026-09-21 14:36:00] [INFO] ==================================================
[2026-09-21 14:36:00] [INFO] SUBSCRIPTION EXPIRY CRON COMPLETED
[2026-09-21 14:36:00] [INFO] ==================================================
[2026-09-21 14:37:00] [INFO] [SUBSCRIPTION] Expiry cron triggered
[2026-09-21 14:37:00] [INFO] ==================================================
[2026-09-21 14:37:00] [INFO] SUBSCRIPTION EXPIRY CRON STARTED
[2026-09-21 14:37:00] [INFO] ==================================================
[2026-09-21 14:37:00] [INFO] [SUBSCRIPTION] Current India Date: 2026-09-21
[2026-09-21 14:37:00] [INFO] [OVERSTAY] Cron triggered
[2026-09-21 14:37:00] [INFO] ==================================================
[2026-09-21 14:37:00] [INFO] OVERSTAY CRON STARTED
[2026-09-21 14:37:00] [INFO] ==================================================
[2026-09-21 14:37:00] [INFO] [OVERSTAY] Current India Date/Time: 21/09/2026 14:37:00
[2026-09-21 14:37:00] [INFO] [OVERSTAY] Timezone: Asia/Kolkata
[2026-09-21 14:37:00] [INFO] [OVERSTAY] Staying customers found: 0
[2026-09-21 14:37:00] [INFO] ==================================================
[2026-09-21 14:37:00] [INFO] OVERSTAY CRON COMPLETED
[2026-09-21 14:37:00] [INFO] ==================================================
[2026-09-21 14:37:00] [INFO] [SUBSCRIPTION] Subscriptions found: 2
[2026-09-21 14:37:00] [INFO] [SUBSCRIPTION] mani hotel | Expiry: 2026-10-16 | Days Remaining: 25
[2026-09-21 14:37:00] [INFO] [SUBSCRIPTION] hotel 2 | Expiry: 2026-10-17 | Days Remaining: 26
[2026-09-21 14:37:00] [INFO] ==================================================
[2026-09-21 14:37:00] [INFO] SUBSCRIPTION EXPIRY CRON COMPLETED
[2026-09-21 14:37:00] [INFO] ==================================================
[2026-09-21 14:38:00] [INFO] [OVERSTAY] Cron triggered
[2026-09-21 14:38:00] [INFO] ==================================================
[2026-09-21 14:38:00] [INFO] OVERSTAY CRON STARTED
[2026-09-21 14:38:00] [INFO] ==================================================
[2026-09-21 14:38:00] [INFO] [OVERSTAY] Current India Date/Time: 21/09/2026 14:38:00
[2026-09-21 14:38:00] [INFO] [OVERSTAY] Timezone: Asia/Kolkata
[2026-09-21 14:38:00] [INFO] [SUBSCRIPTION] Expiry cron triggered
[2026-09-21 14:38:00] [INFO] ==================================================
[2026-09-21 14:38:00] [INFO] SUBSCRIPTION EXPIRY CRON STARTED
[2026-09-21 14:38:00] [INFO] ==================================================
[2026-09-21 14:38:00] [INFO] [SUBSCRIPTION] Current India Date: 2026-09-21
[2026-09-21 14:38:00] [INFO] [OVERSTAY] Staying customers found: 0
[2026-09-21 14:38:00] [INFO] ==================================================
[2026-09-21 14:38:00] [INFO] OVERSTAY CRON COMPLETED
[2026-09-21 14:38:00] [INFO] ==================================================
[2026-09-21 14:38:00] [INFO] [SUBSCRIPTION] Subscriptions found: 2
[2026-09-21 14:38:00] [INFO] [SUBSCRIPTION] mani hotel | Expiry: 2026-10-16 | Days Remaining: 25
[2026-09-21 14:38:00] [INFO] [SUBSCRIPTION] hotel 2 | Expiry: 2026-10-17 | Days Remaining: 26
[2026-09-21 14:38:00] [INFO] ==================================================
[2026-09-21 14:38:00] [INFO] SUBSCRIPTION EXPIRY CRON COMPLETED
[2026-09-21 14:38:00] [INFO] ==================================================
[2026-09-21 14:39:00] [INFO] [SUBSCRIPTION] Expiry cron triggered
[2026-09-21 14:39:00] [INFO] ==================================================
[2026-09-21 14:39:00] [INFO] SUBSCRIPTION EXPIRY CRON STARTED
[2026-09-21 14:39:00] [INFO] ==================================================
[2026-09-21 14:39:00] [INFO] [SUBSCRIPTION] Current India Date: 2026-09-21
[2026-09-21 14:39:00] [INFO] [OVERSTAY] Cron triggered
[2026-09-21 14:39:00] [INFO] ==================================================
[2026-09-21 14:39:00] [INFO] OVERSTAY CRON STARTED
[2026-09-21 14:39:00] [INFO] ==================================================
[2026-09-21 14:39:00] [INFO] [OVERSTAY] Current India Date/Time: 21/09/2026 14:39:00
[2026-09-21 14:39:00] [INFO] [OVERSTAY] Timezone: Asia/Kolkata
[2026-09-21 14:39:00] [INFO] [OVERSTAY] Staying customers found: 0
[2026-09-21 14:39:00] [INFO] ==================================================
[2026-09-21 14:39:00] [INFO] OVERSTAY CRON COMPLETED
[2026-09-21 14:39:00] [INFO] ==================================================
[2026-09-21 14:39:00] [INFO] [SUBSCRIPTION] Subscriptions found: 2
[2026-09-21 14:39:00] [INFO] [SUBSCRIPTION] mani hotel | Expiry: 2026-10-16 | Days Remaining: 25
[2026-09-21 14:39:00] [INFO] [SUBSCRIPTION] hotel 2 | Expiry: 2026-10-17 | Days Remaining: 26
[2026-09-21 14:39:00] [INFO] ==================================================
[2026-09-21 14:39:00] [INFO] SUBSCRIPTION EXPIRY CRON COMPLETED
[2026-09-21 14:39:00] [INFO] ==================================================
[2026-09-21 14:40:00] [INFO] [OVERSTAY] Cron triggered
[2026-09-21 14:40:00] [INFO] ==================================================
[2026-09-21 14:40:00] [INFO] OVERSTAY CRON STARTED
[2026-09-21 14:40:00] [INFO] ==================================================
[2026-09-21 14:40:00] [INFO] [OVERSTAY] Current India Date/Time: 21/09/2026 14:40:00
[2026-09-21 14:40:00] [INFO] [OVERSTAY] Timezone: Asia/Kolkata
[2026-09-21 14:40:00] [INFO] [SUBSCRIPTION] Expiry cron triggered
[2026-09-21 14:40:00] [INFO] ==================================================
[2026-09-21 14:40:00] [INFO] SUBSCRIPTION EXPIRY CRON STARTED
[2026-09-21 14:40:00] [INFO] ==================================================
[2026-09-21 14:40:00] [INFO] [SUBSCRIPTION] Current India Date: 2026-09-21
[2026-09-21 14:40:00] [INFO] [OVERSTAY] Staying customers found: 0
[2026-09-21 14:40:00] [INFO] ==================================================
[2026-09-21 14:40:00] [INFO] OVERSTAY CRON COMPLETED
[2026-09-21 14:40:00] [INFO] ==================================================
[2026-09-21 14:40:00] [INFO] [SUBSCRIPTION] Subscriptions found: 2
[2026-09-21 14:40:00] [INFO] [SUBSCRIPTION] mani hotel | Expiry: 2026-10-16 | Days Remaining: 25
[2026-09-21 14:40:00] [INFO] [SUBSCRIPTION] hotel 2 | Expiry: 2026-10-17 | Days Remaining: 26
[2026-09-21 14:40:00] [INFO] ==================================================
[2026-09-21 14:40:00] [INFO] SUBSCRIPTION EXPIRY CRON COMPLETED
[2026-09-21 14:40:00] [INFO] ==================================================
[2026-09-21 14:41:00] [INFO] [OVERSTAY] Cron triggered
[2026-09-21 14:41:00] [INFO] ==================================================
[2026-09-21 14:41:00] [INFO] OVERSTAY CRON STARTED
[2026-09-21 14:41:00] [INFO] ==================================================
[2026-09-21 14:41:00] [INFO] [OVERSTAY] Current India Date/Time: 21/09/2026 14:41:00
[2026-09-21 14:41:00] [INFO] [OVERSTAY] Timezone: Asia/Kolkata
[2026-09-21 14:41:00] [INFO] [SUBSCRIPTION] Expiry cron triggered
[2026-09-21 14:41:00] [INFO] ==================================================
[2026-09-21 14:41:00] [INFO] SUBSCRIPTION EXPIRY CRON STARTED
[2026-09-21 14:41:00] [INFO] ==================================================
[2026-09-21 14:41:00] [INFO] [SUBSCRIPTION] Current India Date: 2026-09-21
[2026-09-21 14:41:00] [INFO] [OVERSTAY] Staying customers found: 0
[2026-09-21 14:41:00] [INFO] ==================================================
[2026-09-21 14:41:00] [INFO] OVERSTAY CRON COMPLETED
[2026-09-21 14:41:00] [INFO] ==================================================
[2026-09-21 14:41:00] [INFO] [SUBSCRIPTION] Subscriptions found: 2
[2026-09-21 14:41:00] [INFO] [SUBSCRIPTION] mani hotel | Expiry: 2026-10-16 | Days Remaining: 25
[2026-09-21 14:41:00] [INFO] [SUBSCRIPTION] hotel 2 | Expiry: 2026-10-17 | Days Remaining: 26
[2026-09-21 14:41:00] [INFO] ==================================================
[2026-09-21 14:41:00] [INFO] SUBSCRIPTION EXPIRY CRON COMPLETED
[2026-09-21 14:41:00] [INFO] ==================================================
[2026-09-21 14:42:00] [INFO] [OVERSTAY] Cron triggered
[2026-09-21 14:42:00] [INFO] ==================================================
[2026-09-21 14:42:00] [INFO] OVERSTAY CRON STARTED
[2026-09-21 14:42:00] [INFO] ==================================================
[2026-09-21 14:42:00] [INFO] [OVERSTAY] Current India Date/Time: 21/09/2026 14:42:00
[2026-09-21 14:42:00] [INFO] [OVERSTAY] Timezone: Asia/Kolkata
[2026-09-21 14:42:00] [INFO] [SUBSCRIPTION] Expiry cron triggered
[2026-09-21 14:42:00] [INFO] ==================================================
[2026-09-21 14:42:00] [INFO] SUBSCRIPTION EXPIRY CRON STARTED
[2026-09-21 14:42:00] [INFO] ==================================================
[2026-09-21 14:42:00] [INFO] [SUBSCRIPTION] Current India Date: 2026-09-21
[2026-09-21 14:42:00] [INFO] [OVERSTAY] Staying customers found: 0
[2026-09-21 14:42:00] [INFO] ==================================================
[2026-09-21 14:42:00] [INFO] OVERSTAY CRON COMPLETED
[2026-09-21 14:42:00] [INFO] ==================================================
[2026-09-21 14:42:00] [INFO] [SUBSCRIPTION] Subscriptions found: 2
[2026-09-21 14:42:00] [INFO] [SUBSCRIPTION] mani hotel | Expiry: 2026-10-16 | Days Remaining: 25
[2026-09-21 14:42:00] [INFO] [SUBSCRIPTION] hotel 2 | Expiry: 2026-10-17 | Days Remaining: 26
[2026-09-21 14:42:00] [INFO] ==================================================
[2026-09-21 14:42:00] [INFO] SUBSCRIPTION EXPIRY CRON COMPLETED
[2026-09-21 14:42:00] [INFO] ==================================================
[2026-09-21 14:43:00] [INFO] [OVERSTAY] Cron triggered
[2026-09-21 14:43:00] [INFO] ==================================================
[2026-09-21 14:43:00] [INFO] OVERSTAY CRON STARTED
[2026-09-21 14:43:00] [INFO] ==================================================
[2026-09-21 14:43:00] [INFO] [OVERSTAY] Current India Date/Time: 21/09/2026 14:43:00
[2026-09-21 14:43:00] [INFO] [OVERSTAY] Timezone: Asia/Kolkata
[2026-09-21 14:43:00] [INFO] [SUBSCRIPTION] Expiry cron triggered
[2026-09-21 14:43:00] [INFO] ==================================================
[2026-09-21 14:43:00] [INFO] SUBSCRIPTION EXPIRY CRON STARTED
[2026-09-21 14:43:00] [INFO] ==================================================
[2026-09-21 14:43:00] [INFO] [SUBSCRIPTION] Current India Date: 2026-09-21
[2026-09-21 14:43:00] [INFO] [OVERSTAY] Staying customers found: 0
[2026-09-21 14:43:00] [INFO] ==================================================
[2026-09-21 14:43:00] [INFO] OVERSTAY CRON COMPLETED
[2026-09-21 14:43:00] [INFO] ==================================================
[2026-09-21 14:43:00] [INFO] [SUBSCRIPTION] Subscriptions found: 2
[2026-09-21 14:43:00] [INFO] [SUBSCRIPTION] mani hotel | Expiry: 2026-10-16 | Days Remaining: 25
[2026-09-21 14:43:00] [INFO] [SUBSCRIPTION] hotel 2 | Expiry: 2026-10-17 | Days Remaining: 26
[2026-09-21 14:43:00] [INFO] ==================================================
[2026-09-21 14:43:00] [INFO] SUBSCRIPTION EXPIRY CRON COMPLETED
[2026-09-21 14:43:00] [INFO] ==================================================
[2026-09-21 14:43:54] [INFO] [Permission Verify] Allowed. User: 6ab0f2913d50939a5cdf480a, Permission: users
[2026-09-21 14:43:54] [INFO] [getAllUsers] Loaded 2 users | Hotel ID: 6aaa540d5c80eba3c908a921 | Branch ID: 6aaa540d5c80eba3c908a923 | Subscription: 6aaa540d5c80eba3c908a922
[2026-09-21 14:43:54] [INFO] [Permission Verify] Allowed. User: 6ab0f2913d50939a5cdf480a, Permission: users
[2026-09-21 14:43:54] [INFO] [getMySubscription] Loaded subscription 6aaa540d5c80eba3c908a922 | Hotel ID: 6aaa540d5c80eba3c908a921
[2026-09-21 14:43:55] [INFO] [Permission Verify] Forbidden. User: 6ab0f2913d50939a5cdf480a, Role: receptionist, Permission: plans
[2026-09-21 14:44:00] [INFO] [OVERSTAY] Cron triggered
[2026-09-21 14:44:00] [INFO] ==================================================
[2026-09-21 14:44:00] [INFO] OVERSTAY CRON STARTED
[2026-09-21 14:44:00] [INFO] ==================================================
[2026-09-21 14:44:00] [INFO] [OVERSTAY] Current India Date/Time: 21/09/2026 14:44:00
[2026-09-21 14:44:00] [INFO] [OVERSTAY] Timezone: Asia/Kolkata
[2026-09-21 14:44:00] [INFO] [SUBSCRIPTION] Expiry cron triggered
[2026-09-21 14:44:00] [INFO] ==================================================
[2026-09-21 14:44:00] [INFO] SUBSCRIPTION EXPIRY CRON STARTED
[2026-09-21 14:44:00] [INFO] ==================================================
[2026-09-21 14:44:00] [INFO] [SUBSCRIPTION] Current India Date: 2026-09-21
[2026-09-21 14:44:00] [INFO] [OVERSTAY] Staying customers found: 0
[2026-09-21 14:44:00] [INFO] ==================================================
[2026-09-21 14:44:00] [INFO] OVERSTAY CRON COMPLETED
[2026-09-21 14:44:00] [INFO] ==================================================
[2026-09-21 14:44:00] [INFO] [SUBSCRIPTION] Subscriptions found: 2
[2026-09-21 14:44:00] [INFO] [SUBSCRIPTION] mani hotel | Expiry: 2026-10-16 | Days Remaining: 25
[2026-09-21 14:44:00] [INFO] [SUBSCRIPTION] hotel 2 | Expiry: 2026-10-17 | Days Remaining: 26
[2026-09-21 14:44:00] [INFO] ==================================================
[2026-09-21 14:44:00] [INFO] SUBSCRIPTION EXPIRY CRON COMPLETED
[2026-09-21 14:44:00] [INFO] ==================================================
[2026-09-21 14:44:48] [INFO] User logged out: abd recep
[2026-09-21 14:44:50] [INFO] [Auth Verify] Authentication token not found
[2026-09-21 14:44:50] [INFO] [Auth Verify] Authentication token not found
[2026-09-21 14:44:56] [INFO] [LOGIN] Login request received for email: abdrecep@gmail.com
[2026-09-21 14:44:57] [INFO] OTP sent to abdrecep@gmail.com
[2026-09-21 14:44:57] [INFO] [LOGIN] OTP sent successfully to abdrecep@gmail.com
[2026-09-21 14:45:00] [INFO] [SUBSCRIPTION] Expiry cron triggered
[2026-09-21 14:45:00] [INFO] ==================================================
[2026-09-21 14:45:00] [INFO] SUBSCRIPTION EXPIRY CRON STARTED
[2026-09-21 14:45:00] [INFO] ==================================================
[2026-09-21 14:45:00] [INFO] [SUBSCRIPTION] Current India Date: 2026-09-21
[2026-09-21 14:45:00] [INFO] [OVERSTAY] Cron triggered
[2026-09-21 14:45:00] [INFO] ==================================================
[2026-09-21 14:45:00] [INFO] OVERSTAY CRON STARTED
[2026-09-21 14:45:00] [INFO] ==================================================
[2026-09-21 14:45:00] [INFO] [OVERSTAY] Current India Date/Time: 21/09/2026 14:45:00
[2026-09-21 14:45:00] [INFO] [OVERSTAY] Timezone: Asia/Kolkata
[2026-09-21 14:45:00] [INFO] [OVERSTAY] Staying customers found: 0
[2026-09-21 14:45:00] [INFO] ==================================================
[2026-09-21 14:45:00] [INFO] OVERSTAY CRON COMPLETED
[2026-09-21 14:45:00] [INFO] ==================================================
[2026-09-21 14:45:00] [INFO] [SUBSCRIPTION] Subscriptions found: 2
[2026-09-21 14:45:00] [INFO] [SUBSCRIPTION] mani hotel | Expiry: 2026-10-16 | Days Remaining: 25
[2026-09-21 14:45:00] [INFO] [SUBSCRIPTION] hotel 2 | Expiry: 2026-10-17 | Days Remaining: 26
[2026-09-21 14:45:00] [INFO] ==================================================
[2026-09-21 14:45:00] [INFO] SUBSCRIPTION EXPIRY CRON COMPLETED
[2026-09-21 14:45:00] [INFO] ==================================================
[2026-09-21 14:45:08] [INFO] [LOGIN] OTP verified successfully. User: abdrecep@gmail.com, Role: receptionist, Hotel: 6aaa540d5c80eba3c908a921, Branch: 6aaa540d5c80eba3c908a923
[2026-09-21 14:45:09] [INFO] [Permission Verify] Allowed. User: 6ab0f2913d50939a5cdf480a, Permission: dashboard
[2026-09-21 14:45:09] [INFO] [Permission Verify] Allowed. User: 6ab0f2913d50939a5cdf480a, Permission: dashboard
[2026-09-21 14:45:11] [INFO] [Permission Verify] Allowed. User: 6ab0f2913d50939a5cdf480a, Permission: users
[2026-09-21 14:45:12] [INFO] [getAllUsers] Loaded 2 users | Hotel ID: 6aaa540d5c80eba3c908a921 | Branch ID: 6aaa540d5c80eba3c908a923 | Subscription: 6aaa540d5c80eba3c908a922
[2026-09-21 14:45:12] [INFO] [Permission Verify] Allowed. User: 6ab0f2913d50939a5cdf480a, Permission: users
[2026-09-21 14:45:12] [INFO] [Permission Verify] Allowed. User: 6ab0f2913d50939a5cdf480a, Permission: users
[2026-09-21 14:45:12] [INFO] [getAllUsers] Loaded 2 users | Hotel ID: 6aaa540d5c80eba3c908a921 | Branch ID: 6aaa540d5c80eba3c908a923 | Subscription: 6aaa540d5c80eba3c908a922
[2026-09-21 14:45:12] [INFO] [getMySubscription] Loaded subscription 6aaa540d5c80eba3c908a922 | Hotel ID: 6aaa540d5c80eba3c908a921
[2026-09-21 14:45:12] [INFO] [Permission Verify] Allowed. User: 6ab0f2913d50939a5cdf480a, Permission: users
[2026-09-21 14:45:12] [INFO] [Permission Verify] Forbidden. User: 6ab0f2913d50939a5cdf480a, Role: receptionist, Permission: plans
[2026-09-21 14:45:12] [INFO] [getMySubscription] Loaded subscription 6aaa540d5c80eba3c908a922 | Hotel ID: 6aaa540d5c80eba3c908a921
[2026-09-21 14:45:12] [INFO] [Permission Verify] Forbidden. User: 6ab0f2913d50939a5cdf480a, Role: receptionist, Permission: plans
[2026-09-21 14:46:00] [INFO] [SUBSCRIPTION] Expiry cron triggered
[2026-09-21 14:46:00] [INFO] ==================================================
[2026-09-21 14:46:00] [INFO] SUBSCRIPTION EXPIRY CRON STARTED
[2026-09-21 14:46:00] [INFO] ==================================================
[2026-09-21 14:46:00] [INFO] [SUBSCRIPTION] Current India Date: 2026-09-21
[2026-09-21 14:46:00] [INFO] [OVERSTAY] Cron triggered
[2026-09-21 14:46:00] [INFO] ==================================================
[2026-09-21 14:46:00] [INFO] OVERSTAY CRON STARTED
[2026-09-21 14:46:00] [INFO] ==================================================
[2026-09-21 14:46:00] [INFO] [OVERSTAY] Current India Date/Time: 21/09/2026 14:46:00
[2026-09-21 14:46:00] [INFO] [OVERSTAY] Timezone: Asia/Kolkata
[2026-09-21 14:46:00] [INFO] [OVERSTAY] Staying customers found: 0
[2026-09-21 14:46:00] [INFO] ==================================================
[2026-09-21 14:46:00] [INFO] OVERSTAY CRON COMPLETED
[2026-09-21 14:46:00] [INFO] ==================================================
[2026-09-21 14:46:00] [INFO] [SUBSCRIPTION] Subscriptions found: 2
[2026-09-21 14:46:00] [INFO] [SUBSCRIPTION] mani hotel | Expiry: 2026-10-16 | Days Remaining: 25
[2026-09-21 14:46:00] [INFO] [SUBSCRIPTION] hotel 2 | Expiry: 2026-10-17 | Days Remaining: 26
[2026-09-21 14:46:00] [INFO] ==================================================
[2026-09-21 14:46:00] [INFO] SUBSCRIPTION EXPIRY CRON COMPLETED
[2026-09-21 14:46:00] [INFO] ==================================================
[2026-09-21 14:47:00] [INFO] [OVERSTAY] Cron triggered
[2026-09-21 14:47:00] [INFO] ==================================================
[2026-09-21 14:47:00] [INFO] OVERSTAY CRON STARTED
[2026-09-21 14:47:00] [INFO] ==================================================
[2026-09-21 14:47:00] [INFO] [OVERSTAY] Current India Date/Time: 21/09/2026 14:47:00
[2026-09-21 14:47:00] [INFO] [OVERSTAY] Timezone: Asia/Kolkata
[2026-09-21 14:47:00] [INFO] [SUBSCRIPTION] Expiry cron triggered
[2026-09-21 14:47:00] [INFO] ==================================================
[2026-09-21 14:47:00] [INFO] SUBSCRIPTION EXPIRY CRON STARTED
[2026-09-21 14:47:00] [INFO] ==================================================
[2026-09-21 14:47:00] [INFO] [SUBSCRIPTION] Current India Date: 2026-09-21
[2026-09-21 14:47:00] [INFO] [OVERSTAY] Staying customers found: 0
[2026-09-21 14:47:00] [INFO] ==================================================
[2026-09-21 14:47:00] [INFO] OVERSTAY CRON COMPLETED
[2026-09-21 14:47:00] [INFO] ==================================================
[2026-09-21 14:47:00] [INFO] [SUBSCRIPTION] Subscriptions found: 2
[2026-09-21 14:47:00] [INFO] [SUBSCRIPTION] mani hotel | Expiry: 2026-10-16 | Days Remaining: 25
[2026-09-21 14:47:00] [INFO] [SUBSCRIPTION] hotel 2 | Expiry: 2026-10-17 | Days Remaining: 26
[2026-09-21 14:47:00] [INFO] ==================================================
[2026-09-21 14:47:00] [INFO] SUBSCRIPTION EXPIRY CRON COMPLETED
[2026-09-21 14:47:00] [INFO] ==================================================
[2026-09-21 14:48:00] [INFO] [SUBSCRIPTION] Expiry cron triggered
[2026-09-21 14:48:00] [INFO] ==================================================
[2026-09-21 14:48:00] [INFO] SUBSCRIPTION EXPIRY CRON STARTED
[2026-09-21 14:48:00] [INFO] ==================================================
[2026-09-21 14:48:00] [INFO] [SUBSCRIPTION] Current India Date: 2026-09-21
[2026-09-21 14:48:00] [INFO] [OVERSTAY] Cron triggered
[2026-09-21 14:48:00] [INFO] ==================================================
[2026-09-21 14:48:00] [INFO] OVERSTAY CRON STARTED
[2026-09-21 14:48:00] [INFO] ==================================================
[2026-09-21 14:48:00] [INFO] [OVERSTAY] Current India Date/Time: 21/09/2026 14:48:00
[2026-09-21 14:48:00] [INFO] [OVERSTAY] Timezone: Asia/Kolkata
[2026-09-21 14:48:00] [INFO] [OVERSTAY] Staying customers found: 0
[2026-09-21 14:48:00] [INFO] ==================================================
[2026-09-21 14:48:00] [INFO] OVERSTAY CRON COMPLETED
[2026-09-21 14:48:00] [INFO] ==================================================
[2026-09-21 14:48:00] [INFO] [SUBSCRIPTION] Subscriptions found: 2
[2026-09-21 14:48:00] [INFO] [SUBSCRIPTION] mani hotel | Expiry: 2026-10-16 | Days Remaining: 25
[2026-09-21 14:48:00] [INFO] [SUBSCRIPTION] hotel 2 | Expiry: 2026-10-17 | Days Remaining: 26
[2026-09-21 14:48:00] [INFO] ==================================================
[2026-09-21 14:48:00] [INFO] SUBSCRIPTION EXPIRY CRON COMPLETED
[2026-09-21 14:48:00] [INFO] ==================================================
[2026-09-21 14:49:00] [INFO] [OVERSTAY] Cron triggered
[2026-09-21 14:49:00] [INFO] ==================================================
[2026-09-21 14:49:00] [INFO] OVERSTAY CRON STARTED
[2026-09-21 14:49:00] [INFO] ==================================================
[2026-09-21 14:49:00] [INFO] [OVERSTAY] Current India Date/Time: 21/09/2026 14:49:00
[2026-09-21 14:49:00] [INFO] [OVERSTAY] Timezone: Asia/Kolkata
[2026-09-21 14:49:00] [INFO] [SUBSCRIPTION] Expiry cron triggered
[2026-09-21 14:49:00] [INFO] ==================================================
[2026-09-21 14:49:00] [INFO] SUBSCRIPTION EXPIRY CRON STARTED
[2026-09-21 14:49:00] [INFO] ==================================================
[2026-09-21 14:49:00] [INFO] [SUBSCRIPTION] Current India Date: 2026-09-21
[2026-09-21 14:49:00] [INFO] [OVERSTAY] Staying customers found: 0
[2026-09-21 14:49:00] [INFO] ==================================================
[2026-09-21 14:49:00] [INFO] OVERSTAY CRON COMPLETED
[2026-09-21 14:49:00] [INFO] ==================================================
[2026-09-21 14:49:00] [INFO] [SUBSCRIPTION] Subscriptions found: 2
[2026-09-21 14:49:00] [INFO] [SUBSCRIPTION] mani hotel | Expiry: 2026-10-16 | Days Remaining: 25
[2026-09-21 14:49:00] [INFO] [SUBSCRIPTION] hotel 2 | Expiry: 2026-10-17 | Days Remaining: 26
[2026-09-21 14:49:00] [INFO] ==================================================
[2026-09-21 14:49:00] [INFO] SUBSCRIPTION EXPIRY CRON COMPLETED
[2026-09-21 14:49:00] [INFO] ==================================================
[2026-09-21 14:50:00] [INFO] [OVERSTAY] Cron triggered
[2026-09-21 14:50:00] [INFO] ==================================================
[2026-09-21 14:50:00] [INFO] OVERSTAY CRON STARTED
[2026-09-21 14:50:00] [INFO] ==================================================
[2026-09-21 14:50:00] [INFO] [OVERSTAY] Current India Date/Time: 21/09/2026 14:50:00
[2026-09-21 14:50:00] [INFO] [OVERSTAY] Timezone: Asia/Kolkata
[2026-09-21 14:50:00] [INFO] [SUBSCRIPTION] Expiry cron triggered
[2026-09-21 14:50:00] [INFO] ==================================================
[2026-09-21 14:50:00] [INFO] SUBSCRIPTION EXPIRY CRON STARTED
[2026-09-21 14:50:00] [INFO] ==================================================
[2026-09-21 14:50:00] [INFO] [SUBSCRIPTION] Current India Date: 2026-09-21
[2026-09-21 14:50:00] [INFO] [OVERSTAY] Staying customers found: 0
[2026-09-21 14:50:00] [INFO] ==================================================
[2026-09-21 14:50:00] [INFO] OVERSTAY CRON COMPLETED
[2026-09-21 14:50:00] [INFO] ==================================================
[2026-09-21 14:50:00] [INFO] [SUBSCRIPTION] Subscriptions found: 2
[2026-09-21 14:50:00] [INFO] [SUBSCRIPTION] mani hotel | Expiry: 2026-10-16 | Days Remaining: 25
[2026-09-21 14:50:00] [INFO] [SUBSCRIPTION] hotel 2 | Expiry: 2026-10-17 | Days Remaining: 26
[2026-09-21 14:50:00] [INFO] ==================================================
[2026-09-21 14:50:00] [INFO] SUBSCRIPTION EXPIRY CRON COMPLETED
[2026-09-21 14:50:00] [INFO] ==================================================
[2026-09-21 14:51:00] [INFO] [OVERSTAY] Cron triggered
[2026-09-21 14:51:00] [INFO] ==================================================
[2026-09-21 14:51:00] [INFO] OVERSTAY CRON STARTED
[2026-09-21 14:51:00] [INFO] ==================================================
[2026-09-21 14:51:00] [INFO] [OVERSTAY] Current India Date/Time: 21/09/2026 14:51:00
[2026-09-21 14:51:00] [INFO] [OVERSTAY] Timezone: Asia/Kolkata
[2026-09-21 14:51:00] [INFO] [SUBSCRIPTION] Expiry cron triggered
[2026-09-21 14:51:00] [INFO] ==================================================
[2026-09-21 14:51:00] [INFO] SUBSCRIPTION EXPIRY CRON STARTED
[2026-09-21 14:51:00] [INFO] ==================================================
[2026-09-21 14:51:00] [INFO] [SUBSCRIPTION] Current India Date: 2026-09-21
[2026-09-21 14:51:00] [INFO] [OVERSTAY] Staying customers found: 0
[2026-09-21 14:51:00] [INFO] ==================================================
[2026-09-21 14:51:00] [INFO] OVERSTAY CRON COMPLETED
[2026-09-21 14:51:00] [INFO] ==================================================
[2026-09-21 14:51:00] [INFO] [SUBSCRIPTION] Subscriptions found: 2
[2026-09-21 14:51:00] [INFO] [SUBSCRIPTION] mani hotel | Expiry: 2026-10-16 | Days Remaining: 25
[2026-09-21 14:51:00] [INFO] [SUBSCRIPTION] hotel 2 | Expiry: 2026-10-17 | Days Remaining: 26
[2026-09-21 14:51:00] [INFO] ==================================================
[2026-09-21 14:51:00] [INFO] SUBSCRIPTION EXPIRY CRON COMPLETED
[2026-09-21 14:51:00] [INFO] ==================================================
[2026-09-21 14:52:00] [INFO] [OVERSTAY] Cron triggered
[2026-09-21 14:52:00] [INFO] ==================================================
[2026-09-21 14:52:00] [INFO] OVERSTAY CRON STARTED
[2026-09-21 14:52:00] [INFO] ==================================================
[2026-09-21 14:52:00] [INFO] [OVERSTAY] Current India Date/Time: 21/09/2026 14:52:00
[2026-09-21 14:52:00] [INFO] [OVERSTAY] Timezone: Asia/Kolkata
[2026-09-21 14:52:00] [INFO] [SUBSCRIPTION] Expiry cron triggered
[2026-09-21 14:52:00] [INFO] ==================================================
[2026-09-21 14:52:00] [INFO] SUBSCRIPTION EXPIRY CRON STARTED
[2026-09-21 14:52:00] [INFO] ==================================================
[2026-09-21 14:52:00] [INFO] [SUBSCRIPTION] Current India Date: 2026-09-21
[2026-09-21 14:52:00] [INFO] [OVERSTAY] Staying customers found: 0
[2026-09-21 14:52:00] [INFO] ==================================================
[2026-09-21 14:52:00] [INFO] OVERSTAY CRON COMPLETED
[2026-09-21 14:52:00] [INFO] ==================================================
[2026-09-21 14:52:00] [INFO] [SUBSCRIPTION] Subscriptions found: 2
[2026-09-21 14:52:00] [INFO] [SUBSCRIPTION] mani hotel | Expiry: 2026-10-16 | Days Remaining: 25
[2026-09-21 14:52:00] [INFO] [SUBSCRIPTION] hotel 2 | Expiry: 2026-10-17 | Days Remaining: 26
[2026-09-21 14:52:00] [INFO] ==================================================
[2026-09-21 14:52:00] [INFO] SUBSCRIPTION EXPIRY CRON COMPLETED
[2026-09-21 14:52:00] [INFO] ==================================================
[2026-09-21 14:53:00] [INFO] [OVERSTAY] Cron triggered
[2026-09-21 14:53:00] [INFO] ==================================================
[2026-09-21 14:53:00] [INFO] OVERSTAY CRON STARTED
[2026-09-21 14:53:00] [INFO] ==================================================
[2026-09-21 14:53:00] [INFO] [OVERSTAY] Current India Date/Time: 21/09/2026 14:53:00
[2026-09-21 14:53:00] [INFO] [OVERSTAY] Timezone: Asia/Kolkata
[2026-09-21 14:53:00] [INFO] [SUBSCRIPTION] Expiry cron triggered
[2026-09-21 14:53:00] [INFO] ==================================================
[2026-09-21 14:53:00] [INFO] SUBSCRIPTION EXPIRY CRON STARTED
[2026-09-21 14:53:00] [INFO] ==================================================
[2026-09-21 14:53:00] [INFO] [SUBSCRIPTION] Current India Date: 2026-09-21
[2026-09-21 14:53:00] [INFO] [OVERSTAY] Staying customers found: 0
[2026-09-21 14:53:00] [INFO] ==================================================
[2026-09-21 14:53:00] [INFO] OVERSTAY CRON COMPLETED
[2026-09-21 14:53:00] [INFO] ==================================================
[2026-09-21 14:53:00] [INFO] [SUBSCRIPTION] Subscriptions found: 2
[2026-09-21 14:53:00] [INFO] [SUBSCRIPTION] mani hotel | Expiry: 2026-10-16 | Days Remaining: 25
[2026-09-21 14:53:00] [INFO] [SUBSCRIPTION] hotel 2 | Expiry: 2026-10-17 | Days Remaining: 26
[2026-09-21 14:53:00] [INFO] ==================================================
[2026-09-21 14:53:00] [INFO] SUBSCRIPTION EXPIRY CRON COMPLETED
[2026-09-21 14:53:00] [INFO] ==================================================
[2026-09-21 14:53:32] [INFO] [Permission Verify] Allowed. User: 6ab0f2913d50939a5cdf480a, Permission: users
[2026-09-21 14:53:32] [INFO] [getAllUsers] Loaded 2 users | Hotel ID: 6aaa540d5c80eba3c908a921 | Branch ID: 6aaa540d5c80eba3c908a923 | Subscription: 6aaa540d5c80eba3c908a922
[2026-09-21 14:53:32] [INFO] [Permission Verify] Allowed. User: 6ab0f2913d50939a5cdf480a, Permission: users
[2026-09-21 14:53:32] [INFO] [getMySubscription] Loaded subscription 6aaa540d5c80eba3c908a922 | Hotel ID: 6aaa540d5c80eba3c908a921
[2026-09-21 14:53:33] [INFO] [Permission Verify] Forbidden. User: 6ab0f2913d50939a5cdf480a, Role: receptionist, Permission: plans
[2026-09-21 14:53:35] [INFO] [Permission Verify] Allowed. User: 6ab0f2913d50939a5cdf480a, Permission: users
[2026-09-21 14:53:35] [INFO] [getAllUsers] Loaded 2 users | Hotel ID: 6aaa540d5c80eba3c908a921 | Branch ID: 6aaa540d5c80eba3c908a923 | Subscription: 6aaa540d5c80eba3c908a922
[2026-09-21 14:53:35] [INFO] [Permission Verify] Allowed. User: 6ab0f2913d50939a5cdf480a, Permission: users
[2026-09-21 14:53:35] [INFO] [Permission Verify] Allowed. User: 6ab0f2913d50939a5cdf480a, Permission: users
[2026-09-21 14:53:35] [INFO] [getAllUsers] Loaded 2 users | Hotel ID: 6aaa540d5c80eba3c908a921 | Branch ID: 6aaa540d5c80eba3c908a923 | Subscription: 6aaa540d5c80eba3c908a922
[2026-09-21 14:53:35] [INFO] [getMySubscription] Loaded subscription 6aaa540d5c80eba3c908a922 | Hotel ID: 6aaa540d5c80eba3c908a921
[2026-09-21 14:53:35] [INFO] [Permission Verify] Allowed. User: 6ab0f2913d50939a5cdf480a, Permission: users
[2026-09-21 14:53:35] [INFO] [Permission Verify] Forbidden. User: 6ab0f2913d50939a5cdf480a, Role: receptionist, Permission: plans
[2026-09-21 14:53:35] [INFO] [getMySubscription] Loaded subscription 6aaa540d5c80eba3c908a922 | Hotel ID: 6aaa540d5c80eba3c908a921
[2026-09-21 14:53:36] [INFO] [Permission Verify] Forbidden. User: 6ab0f2913d50939a5cdf480a, Role: receptionist, Permission: plans
[2026-09-21 14:53:38] [INFO] User logged out: abd recep
[2026-09-21 14:53:43] [INFO] [LOGIN] Login request received for email: abdrecep@gmail.com
[2026-09-21 14:53:44] [INFO] OTP sent to abdrecep@gmail.com
[2026-09-21 14:53:44] [INFO] [LOGIN] OTP sent successfully to abdrecep@gmail.com
[2026-09-21 14:53:53] [INFO] [LOGIN] OTP verified successfully. User: abdrecep@gmail.com, Role: receptionist, Hotel: 6aaa540d5c80eba3c908a921, Branch: 6aaa540d5c80eba3c908a923
[2026-09-21 14:53:54] [INFO] [Permission Verify] Allowed. User: 6ab0f2913d50939a5cdf480a, Permission: dashboard
[2026-09-21 14:53:54] [INFO] [Permission Verify] Allowed. User: 6ab0f2913d50939a5cdf480a, Permission: dashboard
[2026-09-21 14:53:54] [INFO] [Permission Verify] Allowed. User: 6ab0f2913d50939a5cdf480a, Permission: dashboard
[2026-09-21 14:53:54] [INFO] [Permission Verify] Allowed. User: 6ab0f2913d50939a5cdf480a, Permission: dashboard
[2026-09-21 14:53:55] [INFO] [Permission Verify] Allowed. User: 6ab0f2913d50939a5cdf480a, Permission: users
[2026-09-21 14:53:55] [INFO] [getAllUsers] Loaded 2 users | Hotel ID: 6aaa540d5c80eba3c908a921 | Branch ID: 6aaa540d5c80eba3c908a923 | Subscription: 6aaa540d5c80eba3c908a922
[2026-09-21 14:53:55] [INFO] [Permission Verify] Allowed. User: 6ab0f2913d50939a5cdf480a, Permission: users
[2026-09-21 14:53:55] [INFO] [Permission Verify] Allowed. User: 6ab0f2913d50939a5cdf480a, Permission: users
[2026-09-21 14:53:55] [INFO] [getAllUsers] Loaded 2 users | Hotel ID: 6aaa540d5c80eba3c908a921 | Branch ID: 6aaa540d5c80eba3c908a923 | Subscription: 6aaa540d5c80eba3c908a922
[2026-09-21 14:53:55] [INFO] [getMySubscription] Loaded subscription 6aaa540d5c80eba3c908a922 | Hotel ID: 6aaa540d5c80eba3c908a921
[2026-09-21 14:53:55] [INFO] [Permission Verify] Allowed. User: 6ab0f2913d50939a5cdf480a, Permission: users
[2026-09-21 14:53:55] [INFO] [Permission Verify] Forbidden. User: 6ab0f2913d50939a5cdf480a, Role: receptionist, Permission: plans
[2026-09-21 14:53:55] [INFO] [getMySubscription] Loaded subscription 6aaa540d5c80eba3c908a922 | Hotel ID: 6aaa540d5c80eba3c908a921
[2026-09-21 14:53:56] [INFO] [Permission Verify] Forbidden. User: 6ab0f2913d50939a5cdf480a, Role: receptionist, Permission: plans
[2026-09-21 14:54:00] [INFO] [SUBSCRIPTION] Expiry cron triggered
[2026-09-21 14:54:00] [INFO] ==================================================
[2026-09-21 14:54:00] [INFO] SUBSCRIPTION EXPIRY CRON STARTED
[2026-09-21 14:54:00] [INFO] ==================================================
[2026-09-21 14:54:00] [INFO] [SUBSCRIPTION] Current India Date: 2026-09-21
[2026-09-21 14:54:00] [INFO] [OVERSTAY] Cron triggered
[2026-09-21 14:54:00] [INFO] ==================================================
[2026-09-21 14:54:00] [INFO] OVERSTAY CRON STARTED
[2026-09-21 14:54:00] [INFO] ==================================================
[2026-09-21 14:54:00] [INFO] [OVERSTAY] Current India Date/Time: 21/09/2026 14:54:00
[2026-09-21 14:54:00] [INFO] [OVERSTAY] Timezone: Asia/Kolkata
[2026-09-21 14:54:00] [INFO] [SUBSCRIPTION] Subscriptions found: 2
[2026-09-21 14:54:00] [INFO] [OVERSTAY] Staying customers found: 0
[2026-09-21 14:54:00] [INFO] ==================================================
[2026-09-21 14:54:00] [INFO] OVERSTAY CRON COMPLETED
[2026-09-21 14:54:00] [INFO] ==================================================
[2026-09-21 14:54:00] [INFO] [SUBSCRIPTION] mani hotel | Expiry: 2026-10-16 | Days Remaining: 25
[2026-09-21 14:54:00] [INFO] [SUBSCRIPTION] hotel 2 | Expiry: 2026-10-17 | Days Remaining: 26
[2026-09-21 14:54:00] [INFO] ==================================================
[2026-09-21 14:54:00] [INFO] SUBSCRIPTION EXPIRY CRON COMPLETED
[2026-09-21 14:54:00] [INFO] ==================================================
[2026-09-21 14:55:00] [INFO] [SUBSCRIPTION] Expiry cron triggered
[2026-09-21 14:55:00] [INFO] ==================================================
[2026-09-21 14:55:00] [INFO] SUBSCRIPTION EXPIRY CRON STARTED
[2026-09-21 14:55:00] [INFO] ==================================================
[2026-09-21 14:55:00] [INFO] [SUBSCRIPTION] Current India Date: 2026-09-21
[2026-09-21 14:55:00] [INFO] [OVERSTAY] Cron triggered
[2026-09-21 14:55:00] [INFO] ==================================================
[2026-09-21 14:55:00] [INFO] OVERSTAY CRON STARTED
[2026-09-21 14:55:00] [INFO] ==================================================
[2026-09-21 14:55:00] [INFO] [OVERSTAY] Current India Date/Time: 21/09/2026 14:55:00
[2026-09-21 14:55:00] [INFO] [OVERSTAY] Timezone: Asia/Kolkata
[2026-09-21 14:55:00] [INFO] [OVERSTAY] Staying customers found: 0
[2026-09-21 14:55:00] [INFO] ==================================================
[2026-09-21 14:55:00] [INFO] OVERSTAY CRON COMPLETED
[2026-09-21 14:55:00] [INFO] ==================================================
[2026-09-21 14:55:00] [INFO] [SUBSCRIPTION] Subscriptions found: 2
[2026-09-21 14:55:00] [INFO] [SUBSCRIPTION] mani hotel | Expiry: 2026-10-16 | Days Remaining: 25
[2026-09-21 14:55:00] [INFO] [SUBSCRIPTION] hotel 2 | Expiry: 2026-10-17 | Days Remaining: 26
[2026-09-21 14:55:00] [INFO] ==================================================
[2026-09-21 14:55:00] [INFO] SUBSCRIPTION EXPIRY CRON COMPLETED
[2026-09-21 14:55:00] [INFO] ==================================================
[2026-09-21 14:55:47] [INFO] [Permission Verify] Allowed. User: 6ab0f2913d50939a5cdf480a, Permission: users
[2026-09-21 14:55:47] [INFO] [getAllUsers] Loaded 2 users | Hotel ID: 6aaa540d5c80eba3c908a921 | Branch ID: 6aaa540d5c80eba3c908a923 | Subscription: 6aaa540d5c80eba3c908a922
[2026-09-21 14:55:47] [INFO] [Permission Verify] Allowed. User: 6ab0f2913d50939a5cdf480a, Permission: users
[2026-09-21 14:55:47] [INFO] [getMySubscription] Loaded subscription 6aaa540d5c80eba3c908a922 | Hotel ID: 6aaa540d5c80eba3c908a921
[2026-09-21 14:55:48] [INFO] [Permission Verify] Forbidden. User: 6ab0f2913d50939a5cdf480a, Role: receptionist, Permission: plans
[2026-09-21 14:56:00] [INFO] [SUBSCRIPTION] Expiry cron triggered
[2026-09-21 14:56:00] [INFO] ==================================================
[2026-09-21 14:56:00] [INFO] SUBSCRIPTION EXPIRY CRON STARTED
[2026-09-21 14:56:00] [INFO] ==================================================
[2026-09-21 14:56:00] [INFO] [SUBSCRIPTION] Current India Date: 2026-09-21
[2026-09-21 14:56:00] [INFO] [OVERSTAY] Cron triggered
[2026-09-21 14:56:00] [INFO] ==================================================
[2026-09-21 14:56:00] [INFO] OVERSTAY CRON STARTED
[2026-09-21 14:56:00] [INFO] ==================================================
[2026-09-21 14:56:00] [INFO] [OVERSTAY] Current India Date/Time: 21/09/2026 14:56:00
[2026-09-21 14:56:00] [INFO] [OVERSTAY] Timezone: Asia/Kolkata
[2026-09-21 14:56:00] [INFO] [OVERSTAY] Staying customers found: 0
[2026-09-21 14:56:00] [INFO] ==================================================
[2026-09-21 14:56:00] [INFO] OVERSTAY CRON COMPLETED
[2026-09-21 14:56:00] [INFO] ==================================================
[2026-09-21 14:56:00] [INFO] [SUBSCRIPTION] Subscriptions found: 2
[2026-09-21 14:56:00] [INFO] [SUBSCRIPTION] mani hotel | Expiry: 2026-10-16 | Days Remaining: 25
[2026-09-21 14:56:00] [INFO] [SUBSCRIPTION] hotel 2 | Expiry: 2026-10-17 | Days Remaining: 26
[2026-09-21 14:56:00] [INFO] ==================================================
[2026-09-21 14:56:00] [INFO] SUBSCRIPTION EXPIRY CRON COMPLETED
[2026-09-21 14:56:00] [INFO] ==================================================
[2026-09-21 14:56:04] [INFO] User logged out: abd recep
[2026-09-21 14:56:39] [INFO] [LOGIN] Login request received for email: abdmani1718@gmail.com
[2026-09-21 14:56:40] [INFO] OTP sent to abdmani1718@gmail.com
[2026-09-21 14:56:40] [INFO] [LOGIN] OTP sent successfully to abdmani1718@gmail.com
[2026-09-21 14:57:00] [INFO] [SUBSCRIPTION] Expiry cron triggered
[2026-09-21 14:57:00] [INFO] ==================================================
[2026-09-21 14:57:00] [INFO] SUBSCRIPTION EXPIRY CRON STARTED
[2026-09-21 14:57:00] [INFO] ==================================================
[2026-09-21 14:57:00] [INFO] [SUBSCRIPTION] Current India Date: 2026-09-21
[2026-09-21 14:57:00] [INFO] [OVERSTAY] Cron triggered
[2026-09-21 14:57:00] [INFO] ==================================================
[2026-09-21 14:57:00] [INFO] OVERSTAY CRON STARTED
[2026-09-21 14:57:00] [INFO] ==================================================
[2026-09-21 14:57:00] [INFO] [OVERSTAY] Current India Date/Time: 21/09/2026 14:57:00
[2026-09-21 14:57:00] [INFO] [OVERSTAY] Timezone: Asia/Kolkata
[2026-09-21 14:57:00] [INFO] [OVERSTAY] Staying customers found: 0
[2026-09-21 14:57:00] [INFO] ==================================================
[2026-09-21 14:57:00] [INFO] OVERSTAY CRON COMPLETED
[2026-09-21 14:57:00] [INFO] ==================================================
[2026-09-21 14:57:00] [INFO] [SUBSCRIPTION] Subscriptions found: 2
[2026-09-21 14:57:00] [INFO] [SUBSCRIPTION] mani hotel | Expiry: 2026-10-16 | Days Remaining: 25
[2026-09-21 14:57:00] [INFO] [SUBSCRIPTION] hotel 2 | Expiry: 2026-10-17 | Days Remaining: 26
[2026-09-21 14:57:00] [INFO] ==================================================
[2026-09-21 14:57:00] [INFO] SUBSCRIPTION EXPIRY CRON COMPLETED
[2026-09-21 14:57:00] [INFO] ==================================================
[2026-09-21 14:57:03] [INFO] [LOGIN] OTP verified successfully. User: abdmani1718@gmail.com, Role: hotelOwner, Hotel: 6aaa540d5c80eba3c908a921, Branch: 6aaa540d5c80eba3c908a923
[2026-09-21 14:57:04] [INFO] [Permission Verify] Allowed. User: 6aaa540e5c80eba3c908a924, Permission: dashboard
[2026-09-21 14:57:04] [INFO] [Permission Verify] Allowed. User: 6aaa540e5c80eba3c908a924, Permission: dashboard
[2026-09-21 14:57:32] [INFO] [Permission Verify] Allowed. User: 6aaa540e5c80eba3c908a924, Permission: invoice
[2026-09-21 14:57:32] [INFO] [Invoice] Get all invoices started. hotelId=6aaa540d5c80eba3c908a921, branchId=6aaa540d5c80eba3c908a923
[2026-09-21 14:57:32] [INFO] [Invoice] Get all invoices completed. hotelId=6aaa540d5c80eba3c908a921, branchId=6aaa540d5c80eba3c908a923, count=0
[2026-09-21 14:57:32] [INFO] [Permission Verify] Allowed. User: 6aaa540e5c80eba3c908a924, Permission: invoice
[2026-09-21 14:57:32] [INFO] [Invoice] Get all invoices started. hotelId=6aaa540d5c80eba3c908a921, branchId=6aaa540d5c80eba3c908a923
[2026-09-21 14:57:32] [INFO] [Invoice] Get all invoices completed. hotelId=6aaa540d5c80eba3c908a921, branchId=6aaa540d5c80eba3c908a923, count=0
[2026-09-21 14:57:33] [INFO] [Permission Verify] Allowed. User: 6aaa540e5c80eba3c908a924, Permission: customer
[2026-09-21 14:57:33] [INFO] [Permission Verify] Allowed. User: 6aaa540e5c80eba3c908a924, Permission: customer
[2026-09-21 14:57:44] [INFO] [Permission Verify] Allowed. User: 6aaa540e5c80eba3c908a924, Permission: users
[2026-09-21 14:57:44] [INFO] [getAllUsers] Loaded 2 users | Hotel ID: 6aaa540d5c80eba3c908a921 | Branch ID: 6aaa540d5c80eba3c908a923 | Subscription: 6aaa540d5c80eba3c908a922
[2026-09-21 14:57:44] [INFO] [Permission Verify] Allowed. User: 6aaa540e5c80eba3c908a924, Permission: users
[2026-09-21 14:57:44] [INFO] [Permission Verify] Allowed. User: 6aaa540e5c80eba3c908a924, Permission: users
[2026-09-21 14:57:44] [INFO] [getAllUsers] Loaded 2 users | Hotel ID: 6aaa540d5c80eba3c908a921 | Branch ID: 6aaa540d5c80eba3c908a923 | Subscription: 6aaa540d5c80eba3c908a922
[2026-09-21 14:57:44] [INFO] [getMySubscription] Loaded subscription 6aaa540d5c80eba3c908a922 | Hotel ID: 6aaa540d5c80eba3c908a921
[2026-09-21 14:57:44] [INFO] [Permission Verify] Allowed. User: 6aaa540e5c80eba3c908a924, Permission: users
[2026-09-21 14:57:44] [INFO] [Permission Verify] Forbidden. User: 6aaa540e5c80eba3c908a924, Role: hotelOwner, Permission: plans
[2026-09-21 14:57:44] [INFO] [getMySubscription] Loaded subscription 6aaa540d5c80eba3c908a922 | Hotel ID: 6aaa540d5c80eba3c908a921
[2026-09-21 14:57:45] [INFO] [Permission Verify] Forbidden. User: 6aaa540e5c80eba3c908a924, Role: hotelOwner, Permission: plans
[2026-09-21 14:58:00] [INFO] [SUBSCRIPTION] Expiry cron triggered
[2026-09-21 14:58:00] [INFO] ==================================================
[2026-09-21 14:58:00] [INFO] SUBSCRIPTION EXPIRY CRON STARTED
[2026-09-21 14:58:00] [INFO] ==================================================
[2026-09-21 14:58:00] [INFO] [SUBSCRIPTION] Current India Date: 2026-09-21
[2026-09-21 14:58:00] [INFO] [OVERSTAY] Cron triggered
[2026-09-21 14:58:00] [INFO] ==================================================
[2026-09-21 14:58:00] [INFO] OVERSTAY CRON STARTED
[2026-09-21 14:58:00] [INFO] ==================================================
[2026-09-21 14:58:00] [INFO] [OVERSTAY] Current India Date/Time: 21/09/2026 14:58:00
[2026-09-21 14:58:00] [INFO] [OVERSTAY] Timezone: Asia/Kolkata
[2026-09-21 14:58:00] [INFO] [SUBSCRIPTION] Subscriptions found: 2
[2026-09-21 14:58:00] [INFO] [OVERSTAY] Staying customers found: 0
[2026-09-21 14:58:00] [INFO] ==================================================
[2026-09-21 14:58:00] [INFO] OVERSTAY CRON COMPLETED
[2026-09-21 14:58:00] [INFO] ==================================================
[2026-09-21 14:58:00] [INFO] [SUBSCRIPTION] mani hotel | Expiry: 2026-10-16 | Days Remaining: 25
[2026-09-21 14:58:00] [INFO] [SUBSCRIPTION] hotel 2 | Expiry: 2026-10-17 | Days Remaining: 26
[2026-09-21 14:58:00] [INFO] ==================================================
[2026-09-21 14:58:00] [INFO] SUBSCRIPTION EXPIRY CRON COMPLETED
[2026-09-21 14:58:00] [INFO] ==================================================
[2026-09-21 14:58:12] [INFO] [Permission Verify] Allowed. User: 6aaa540e5c80eba3c908a924, Permission: users
[2026-09-21 14:58:13] [INFO] [updateUser] User updated successfully | User ID: 6ab0f2913d50939a5cdf480a | Hotel ID: 6aaa540d5c80eba3c908a921 | Branch ID: 6aaa540d5c80eba3c908a923 | Subscription: 6aaa540d5c80eba3c908a922
[2026-09-21 14:58:13] [INFO] [Permission Verify] Allowed. User: 6aaa540e5c80eba3c908a924, Permission: users
[2026-09-21 14:58:13] [INFO] [getAllUsers] Loaded 2 users | Hotel ID: 6aaa540d5c80eba3c908a921 | Branch ID: 6aaa540d5c80eba3c908a923 | Subscription: 6aaa540d5c80eba3c908a922
[2026-09-21 14:58:13] [INFO] [Permission Verify] Allowed. User: 6aaa540e5c80eba3c908a924, Permission: users
[2026-09-21 14:58:13] [INFO] [getMySubscription] Loaded subscription 6aaa540d5c80eba3c908a922 | Hotel ID: 6aaa540d5c80eba3c908a921
[2026-09-21 14:58:13] [INFO] [Permission Verify] Forbidden. User: 6aaa540e5c80eba3c908a924, Role: hotelOwner, Permission: plans
[2026-09-21 14:58:16] [INFO] User logged out: manikandan
[2026-09-21 14:58:21] [INFO] [LOGIN] Login request received for email: abdrecep@gmail.com
[2026-09-21 14:58:22] [INFO] OTP sent to abdrecep@gmail.com
[2026-09-21 14:58:22] [INFO] [LOGIN] OTP sent successfully to abdrecep@gmail.com
[2026-09-21 14:58:30] [INFO] [LOGIN] OTP verified successfully. User: abdrecep@gmail.com, Role: receptionist, Hotel: 6aaa540d5c80eba3c908a921, Branch: 6aaa540d5c80eba3c908a923
[2026-09-21 14:58:30] [INFO] [Permission Verify] Allowed. User: 6ab0f2913d50939a5cdf480a, Permission: dashboard
[2026-09-21 14:58:30] [INFO] [Permission Verify] Allowed. User: 6ab0f2913d50939a5cdf480a, Permission: dashboard
[2026-09-21 14:58:31] [INFO] [Permission Verify] Allowed. User: 6ab0f2913d50939a5cdf480a, Permission: dashboard
[2026-09-21 14:58:31] [INFO] [Permission Verify] Allowed. User: 6ab0f2913d50939a5cdf480a, Permission: dashboard
[2026-09-21 14:58:34] [INFO] INFO
[2026-09-21 14:58:34] [INFO] INFO
[2026-09-21 14:58:36] [INFO] [Permission Verify] Allowed. User: 6ab0f2913d50939a5cdf480a, Permission: serviceManagement
[2026-09-21 14:58:36] [INFO] INFO
[2026-09-21 14:58:36] [INFO] [Permission Verify] Allowed. User: 6ab0f2913d50939a5cdf480a, Permission: serviceManagement
[2026-09-21 14:58:36] [INFO] INFO
[2026-09-21 14:58:37] [INFO] [Permission Verify] Allowed. User: 6ab0f2913d50939a5cdf480a, Permission: customer
[2026-09-21 14:58:37] [INFO] [Permission Verify] Allowed. User: 6ab0f2913d50939a5cdf480a, Permission: customer
[2026-09-21 14:58:39] [INFO] INFO
[2026-09-21 14:58:39] [INFO] INFO
[2026-09-21 14:58:52] [INFO] INFO
[2026-09-21 14:58:52] [INFO] [CUSTOMER] Fetched all customers | Hotel: 6aaa540d5c80eba3c908a921 | Branch: 6aaa540d5c80eba3c908a923 | Count: 2
[2026-09-21 14:58:52] [INFO] INFO
[2026-09-21 14:58:52] [INFO] [CUSTOMER] Fetched all customers | Hotel: 6aaa540d5c80eba3c908a921 | Branch: 6aaa540d5c80eba3c908a923 | Count: 2
[2026-09-21 14:58:55] [INFO] [Permission Verify] Allowed. User: 6ab0f2913d50939a5cdf480a, Permission: roomsBooking
[2026-09-21 14:58:55] [INFO] [Booking] Get active bookings started. hotelId=6aaa540d5c80eba3c908a921, branchId=6aaa540d5c80eba3c908a923
[2026-09-21 14:58:55] [INFO] [Booking] Active bookings retrieved. hotelId=6aaa540d5c80eba3c908a921, branchId=6aaa540d5c80eba3c908a923, count=2
[2026-09-21 14:58:55] [INFO] [Permission Verify] Allowed. User: 6ab0f2913d50939a5cdf480a, Permission: roomsBooking
[2026-09-21 14:58:55] [INFO] [Booking] Get active bookings started. hotelId=6aaa540d5c80eba3c908a921, branchId=6aaa540d5c80eba3c908a923
[2026-09-21 14:58:56] [INFO] [Booking] Active bookings retrieved. hotelId=6aaa540d5c80eba3c908a921, branchId=6aaa540d5c80eba3c908a923, count=2
[2026-09-21 14:58:58] [INFO] INFO
[2026-09-21 14:58:58] [INFO] [CUSTOMER] Fetched all customers | Hotel: 6aaa540d5c80eba3c908a921 | Branch: 6aaa540d5c80eba3c908a923 | Count: 2
[2026-09-21 14:58:58] [INFO] INFO
[2026-09-21 14:58:58] [INFO] [CUSTOMER] Fetched all customers | Hotel: 6aaa540d5c80eba3c908a921 | Branch: 6aaa540d5c80eba3c908a923 | Count: 2
[2026-09-21 14:58:58] [INFO] INFO
[2026-09-21 14:58:58] [INFO] INFO
[2026-09-21 14:59:00] [INFO] [OVERSTAY] Cron triggered
[2026-09-21 14:59:00] [INFO] ==================================================
[2026-09-21 14:59:00] [INFO] OVERSTAY CRON STARTED
[2026-09-21 14:59:00] [INFO] ==================================================
[2026-09-21 14:59:00] [INFO] [OVERSTAY] Current India Date/Time: 21/09/2026 14:59:00
[2026-09-21 14:59:00] [INFO] [OVERSTAY] Timezone: Asia/Kolkata
[2026-09-21 14:59:00] [INFO] [SUBSCRIPTION] Expiry cron triggered
[2026-09-21 14:59:00] [INFO] ==================================================
[2026-09-21 14:59:00] [INFO] SUBSCRIPTION EXPIRY CRON STARTED
[2026-09-21 14:59:00] [INFO] ==================================================
[2026-09-21 14:59:00] [INFO] [SUBSCRIPTION] Current India Date: 2026-09-21
[2026-09-21 14:59:00] [INFO] [OVERSTAY] Staying customers found: 0
[2026-09-21 14:59:00] [INFO] ==================================================
[2026-09-21 14:59:00] [INFO] OVERSTAY CRON COMPLETED
[2026-09-21 14:59:00] [INFO] ==================================================
[2026-09-21 14:59:00] [INFO] [SUBSCRIPTION] Subscriptions found: 2
[2026-09-21 14:59:00] [INFO] [SUBSCRIPTION] mani hotel | Expiry: 2026-10-16 | Days Remaining: 25
[2026-09-21 14:59:00] [INFO] [SUBSCRIPTION] hotel 2 | Expiry: 2026-10-17 | Days Remaining: 26
[2026-09-21 14:59:00] [INFO] ==================================================
[2026-09-21 14:59:00] [INFO] SUBSCRIPTION EXPIRY CRON COMPLETED
[2026-09-21 14:59:00] [INFO] ==================================================
[2026-09-21 15:00:00] [INFO] [OVERSTAY] Cron triggered
[2026-09-21 15:00:00] [INFO] ==================================================
[2026-09-21 15:00:00] [INFO] OVERSTAY CRON STARTED
[2026-09-21 15:00:00] [INFO] ==================================================
[2026-09-21 15:00:00] [INFO] [OVERSTAY] Current India Date/Time: 21/09/2026 15:00:00
[2026-09-21 15:00:00] [INFO] [OVERSTAY] Timezone: Asia/Kolkata
[2026-09-21 15:00:00] [INFO] [SUBSCRIPTION] Expiry cron triggered
[2026-09-21 15:00:00] [INFO] ==================================================
[2026-09-21 15:00:00] [INFO] SUBSCRIPTION EXPIRY CRON STARTED
[2026-09-21 15:00:00] [INFO] ==================================================
[2026-09-21 15:00:00] [INFO] [SUBSCRIPTION] Current India Date: 2026-09-21
[2026-09-21 15:00:00] [INFO] [OVERSTAY] Staying customers found: 0
[2026-09-21 15:00:00] [INFO] ==================================================
[2026-09-21 15:00:00] [INFO] OVERSTAY CRON COMPLETED
[2026-09-21 15:00:00] [INFO] ==================================================
[2026-09-21 15:00:00] [INFO] [SUBSCRIPTION] Subscriptions found: 2
[2026-09-21 15:00:00] [INFO] [SUBSCRIPTION] mani hotel | Expiry: 2026-10-16 | Days Remaining: 25
[2026-09-21 15:00:00] [INFO] [SUBSCRIPTION] hotel 2 | Expiry: 2026-10-17 | Days Remaining: 26
[2026-09-21 15:00:00] [INFO] ==================================================
[2026-09-21 15:00:00] [INFO] SUBSCRIPTION EXPIRY CRON COMPLETED
[2026-09-21 15:00:00] [INFO] ==================================================
[2026-09-21 15:00:33] [INFO] INFO
[2026-09-21 15:00:33] [INFO] [CUSTOMER] Fetched all customers | Hotel: 6aaa540d5c80eba3c908a921 | Branch: 6aaa540d5c80eba3c908a923 | Count: 2
[2026-09-21 15:00:33] [INFO] INFO
[2026-09-21 15:00:34] [INFO] [CUSTOMER] Fetched all customers | Hotel: 6aaa540d5c80eba3c908a921 | Branch: 6aaa540d5c80eba3c908a923 | Count: 2
[2026-09-21 15:00:46] [INFO] INFO
[2026-09-21 15:00:46] [INFO] INFO
[2026-09-21 15:00:46] [INFO] INFO
[2026-09-21 15:00:46] [INFO] INFO
[2026-09-21 15:00:46] [INFO] [CUSTOMER] Fetched all customers | Hotel: 6aaa540d5c80eba3c908a921 | Branch: 6aaa540d5c80eba3c908a923 | Count: 2
[2026-09-21 15:00:46] [INFO] [CUSTOMER] Fetched all customers | Hotel: 6aaa540d5c80eba3c908a921 | Branch: 6aaa540d5c80eba3c908a923 | Count: 2
[2026-09-21 15:00:46] [INFO] [Permission Verify] Allowed. User: 6ab0f2913d50939a5cdf480a, Permission: roomsBooking
[2026-09-21 15:00:46] [INFO] [Booking] Get active bookings started. hotelId=6aaa540d5c80eba3c908a921, branchId=6aaa540d5c80eba3c908a923
[2026-09-21 15:00:47] [INFO] [Booking] Active bookings retrieved. hotelId=6aaa540d5c80eba3c908a921, branchId=6aaa540d5c80eba3c908a923, count=2
[2026-09-21 15:00:47] [INFO] [Permission Verify] Allowed. User: 6ab0f2913d50939a5cdf480a, Permission: roomsBooking
[2026-09-21 15:00:47] [INFO] [Booking] Get active bookings started. hotelId=6aaa540d5c80eba3c908a921, branchId=6aaa540d5c80eba3c908a923
[2026-09-21 15:00:47] [INFO] [Booking] Active bookings retrieved. hotelId=6aaa540d5c80eba3c908a921, branchId=6aaa540d5c80eba3c908a923, count=2
[2026-09-21 15:00:52] [INFO] [Permission Verify] Allowed. User: 6ab0f2913d50939a5cdf480a, Permission: settings
[2026-09-21 15:00:52] [INFO] [Settings] GET started. userId=6ab0f2913d50939a5cdf480a
[2026-09-21 15:00:52] [INFO] [Settings] Tenant resolved. hotelId=6aaa540d5c80eba3c908a921, branchId=6aaa540d5c80eba3c908a923
[2026-09-21 15:00:52] [INFO] [Settings] Verifying branch ownership. hotelId=6aaa540d5c80eba3c908a921, branchId=6aaa540d5c80eba3c908a923
[2026-09-21 15:00:52] [INFO] [Settings] Searching settings. hotelId=6aaa540d5c80eba3c908a921, branchId=6aaa540d5c80eba3c908a923
[2026-09-21 15:00:52] [INFO] [Settings] GET successful. settingsId=6aae48e19d684dd4a1717e04, hotelId=6aaa540d5c80eba3c908a921, branchId=6aaa540d5c80eba3c908a923
[2026-09-21 15:00:52] [INFO] [Permission Verify] Allowed. User: 6ab0f2913d50939a5cdf480a, Permission: settings
[2026-09-21 15:00:52] [INFO] [Settings] GET started. userId=6ab0f2913d50939a5cdf480a
[2026-09-21 15:00:52] [INFO] [Settings] Tenant resolved. hotelId=6aaa540d5c80eba3c908a921, branchId=6aaa540d5c80eba3c908a923
[2026-09-21 15:00:52] [INFO] [Settings] Verifying branch ownership. hotelId=6aaa540d5c80eba3c908a921, branchId=6aaa540d5c80eba3c908a923
[2026-09-21 15:00:52] [INFO] [Settings] Searching settings. hotelId=6aaa540d5c80eba3c908a921, branchId=6aaa540d5c80eba3c908a923
[2026-09-21 15:00:52] [INFO] [Settings] GET successful. settingsId=6aae48e19d684dd4a1717e04, hotelId=6aaa540d5c80eba3c908a921, branchId=6aaa540d5c80eba3c908a923
[2026-09-21 15:01:00] [INFO] [OVERSTAY] Cron triggered
[2026-09-21 15:01:00] [INFO] ==================================================
[2026-09-21 15:01:00] [INFO] OVERSTAY CRON STARTED
[2026-09-21 15:01:00] [INFO] ==================================================
[2026-09-21 15:01:00] [INFO] [OVERSTAY] Current India Date/Time: 21/09/2026 15:01:00
[2026-09-21 15:01:00] [INFO] [OVERSTAY] Timezone: Asia/Kolkata
[2026-09-21 15:01:00] [INFO] [SUBSCRIPTION] Expiry cron triggered
[2026-09-21 15:01:00] [INFO] ==================================================
[2026-09-21 15:01:00] [INFO] SUBSCRIPTION EXPIRY CRON STARTED
[2026-09-21 15:01:00] [INFO] ==================================================
[2026-09-21 15:01:00] [INFO] [SUBSCRIPTION] Current India Date: 2026-09-21
[2026-09-21 15:01:00] [INFO] [OVERSTAY] Staying customers found: 0
[2026-09-21 15:01:00] [INFO] ==================================================
[2026-09-21 15:01:00] [INFO] OVERSTAY CRON COMPLETED
[2026-09-21 15:01:00] [INFO] ==================================================
[2026-09-21 15:01:00] [INFO] [SUBSCRIPTION] Subscriptions found: 2
[2026-09-21 15:01:00] [INFO] [SUBSCRIPTION] mani hotel | Expiry: 2026-10-16 | Days Remaining: 25
[2026-09-21 15:01:00] [INFO] [SUBSCRIPTION] hotel 2 | Expiry: 2026-10-17 | Days Remaining: 26
[2026-09-21 15:01:00] [INFO] ==================================================
[2026-09-21 15:01:00] [INFO] SUBSCRIPTION EXPIRY CRON COMPLETED
[2026-09-21 15:01:00] [INFO] ==================================================
[2026-09-21 15:01:37] [INFO] [Invoice] Create invoice started. userId=6ab0f2913d50939a5cdf480a
[2026-09-21 15:01:37] [INFO] [Invoice] Tenant resolved. hotelId=6aaa540d5c80eba3c908a921, branchId=6aaa540d5c80eba3c908a923, userId=6ab0f2913d50939a5cdf480a
[2026-09-21 15:01:37] [INFO] [Invoice] Verifying customer ownership. customerId=6aae46c69d684dd4a1717de3, hotelId=6aaa540d5c80eba3c908a921, branchId=6aaa540d5c80eba3c908a923
[2026-09-21 15:01:37] [INFO] [Invoice] Customer ownership verified. customerId=6aae46c69d684dd4a1717de3, hotelId=6aaa540d5c80eba3c908a921, branchId=6aaa540d5c80eba3c908a923
[2026-09-21 15:01:37] [INFO] [Invoice] Generating invoice number. hotelId=6aaa540d5c80eba3c908a921, branchId=6aaa540d5c80eba3c908a923, year=2026
[2026-09-21 15:01:38] [ERROR] [Invoice] create invoice failed. context={"hotelId":"6aaa540d5c80eba3c908a921","branchId":"6aaa540d5c80eba3c908a923","customerId":"6aae46c69d684dd4a1717de3"}, error=Plan executor error during findAndModify :: caused by :: E11000 duplicate key error collection: hotel-billing.invoicecounters index: year_1 dup key: { year: 2026 }
[2026-09-21 15:01:38] [ERROR] [Invoice] create invoice duplicate-key error. keyValue={"year":2026}
[2026-09-21 15:02:00] [INFO] [OVERSTAY] Cron triggered
[2026-09-21 15:02:00] [INFO] ==================================================
[2026-09-21 15:02:00] [INFO] OVERSTAY CRON STARTED
[2026-09-21 15:02:00] [INFO] ==================================================
[2026-09-21 15:02:00] [INFO] [OVERSTAY] Current India Date/Time: 21/09/2026 15:02:00
[2026-09-21 15:02:00] [INFO] [OVERSTAY] Timezone: Asia/Kolkata
[2026-09-21 15:02:00] [INFO] [SUBSCRIPTION] Expiry cron triggered
[2026-09-21 15:02:00] [INFO] ==================================================
[2026-09-21 15:02:00] [INFO] SUBSCRIPTION EXPIRY CRON STARTED
[2026-09-21 15:02:00] [INFO] ==================================================
[2026-09-21 15:02:00] [INFO] [SUBSCRIPTION] Current India Date: 2026-09-21
[2026-09-21 15:02:00] [INFO] [OVERSTAY] Staying customers found: 0
[2026-09-21 15:02:00] [INFO] ==================================================
[2026-09-21 15:02:00] [INFO] OVERSTAY CRON COMPLETED
[2026-09-21 15:02:00] [INFO] ==================================================
[2026-09-21 15:02:00] [INFO] [SUBSCRIPTION] Subscriptions found: 2
[2026-09-21 15:02:00] [INFO] [SUBSCRIPTION] mani hotel | Expiry: 2026-10-16 | Days Remaining: 25
[2026-09-21 15:02:00] [INFO] [SUBSCRIPTION] hotel 2 | Expiry: 2026-10-17 | Days Remaining: 26
[2026-09-21 15:02:00] [INFO] ==================================================
[2026-09-21 15:02:00] [INFO] SUBSCRIPTION EXPIRY CRON COMPLETED
[2026-09-21 15:02:00] [INFO] ==================================================
[2026-09-21 15:03:00] [INFO] [SUBSCRIPTION] Expiry cron triggered
[2026-09-21 15:03:00] [INFO] ==================================================
[2026-09-21 15:03:00] [INFO] SUBSCRIPTION EXPIRY CRON STARTED
[2026-09-21 15:03:00] [INFO] ==================================================
[2026-09-21 15:03:00] [INFO] [SUBSCRIPTION] Current India Date: 2026-09-21
[2026-09-21 15:03:00] [INFO] [OVERSTAY] Cron triggered
[2026-09-21 15:03:00] [INFO] ==================================================
[2026-09-21 15:03:00] [INFO] OVERSTAY CRON STARTED
[2026-09-21 15:03:00] [INFO] ==================================================
[2026-09-21 15:03:00] [INFO] [OVERSTAY] Current India Date/Time: 21/09/2026 15:03:00
[2026-09-21 15:03:00] [INFO] [OVERSTAY] Timezone: Asia/Kolkata
[2026-09-21 15:03:00] [INFO] [OVERSTAY] Staying customers found: 0
[2026-09-21 15:03:00] [INFO] ==================================================
[2026-09-21 15:03:00] [INFO] OVERSTAY CRON COMPLETED
[2026-09-21 15:03:00] [INFO] ==================================================
[2026-09-21 15:03:00] [INFO] [SUBSCRIPTION] Subscriptions found: 2
[2026-09-21 15:03:00] [INFO] [SUBSCRIPTION] mani hotel | Expiry: 2026-10-16 | Days Remaining: 25
[2026-09-21 15:03:00] [INFO] [SUBSCRIPTION] hotel 2 | Expiry: 2026-10-17 | Days Remaining: 26
[2026-09-21 15:03:00] [INFO] ==================================================
[2026-09-21 15:03:00] [INFO] SUBSCRIPTION EXPIRY CRON COMPLETED
[2026-09-21 15:03:00] [INFO] ==================================================
[2026-09-21 15:04:00] [INFO] [SUBSCRIPTION] Expiry cron triggered
[2026-09-21 15:04:00] [INFO] ==================================================
[2026-09-21 15:04:00] [INFO] SUBSCRIPTION EXPIRY CRON STARTED
[2026-09-21 15:04:00] [INFO] ==================================================
[2026-09-21 15:04:00] [INFO] [SUBSCRIPTION] Current India Date: 2026-09-21
[2026-09-21 15:04:00] [INFO] [OVERSTAY] Cron triggered
[2026-09-21 15:04:00] [INFO] ==================================================
[2026-09-21 15:04:00] [INFO] OVERSTAY CRON STARTED
[2026-09-21 15:04:00] [INFO] ==================================================
[2026-09-21 15:04:00] [INFO] [OVERSTAY] Current India Date/Time: 21/09/2026 15:04:00
[2026-09-21 15:04:00] [INFO] [OVERSTAY] Timezone: Asia/Kolkata
[2026-09-21 15:04:00] [INFO] [OVERSTAY] Staying customers found: 0
[2026-09-21 15:04:00] [INFO] ==================================================
[2026-09-21 15:04:00] [INFO] OVERSTAY CRON COMPLETED
[2026-09-21 15:04:00] [INFO] ==================================================
[2026-09-21 15:04:00] [INFO] [SUBSCRIPTION] Subscriptions found: 2
[2026-09-21 15:04:00] [INFO] [SUBSCRIPTION] mani hotel | Expiry: 2026-10-16 | Days Remaining: 25
[2026-09-21 15:04:00] [INFO] [SUBSCRIPTION] hotel 2 | Expiry: 2026-10-17 | Days Remaining: 26
[2026-09-21 15:04:00] [INFO] ==================================================
[2026-09-21 15:04:00] [INFO] SUBSCRIPTION EXPIRY CRON COMPLETED
[2026-09-21 15:04:00] [INFO] ==================================================
[2026-09-21 15:05:00] [INFO] [SUBSCRIPTION] Expiry cron triggered
[2026-09-21 15:05:00] [INFO] ==================================================
[2026-09-21 15:05:00] [INFO] SUBSCRIPTION EXPIRY CRON STARTED
[2026-09-21 15:05:00] [INFO] ==================================================
[2026-09-21 15:05:00] [INFO] [SUBSCRIPTION] Current India Date: 2026-09-21
[2026-09-21 15:05:00] [INFO] [OVERSTAY] Cron triggered
[2026-09-21 15:05:00] [INFO] ==================================================
[2026-09-21 15:05:00] [INFO] OVERSTAY CRON STARTED
[2026-09-21 15:05:00] [INFO] ==================================================
[2026-09-21 15:05:00] [INFO] [OVERSTAY] Current India Date/Time: 21/09/2026 15:05:00
[2026-09-21 15:05:00] [INFO] [OVERSTAY] Timezone: Asia/Kolkata
[2026-09-21 15:05:00] [INFO] [OVERSTAY] Staying customers found: 0
[2026-09-21 15:05:00] [INFO] ==================================================
[2026-09-21 15:05:00] [INFO] OVERSTAY CRON COMPLETED
[2026-09-21 15:05:00] [INFO] ==================================================
[2026-09-21 15:05:00] [INFO] [SUBSCRIPTION] Subscriptions found: 2
[2026-09-21 15:05:00] [INFO] [SUBSCRIPTION] mani hotel | Expiry: 2026-10-16 | Days Remaining: 25
[2026-09-21 15:05:00] [INFO] [SUBSCRIPTION] hotel 2 | Expiry: 2026-10-17 | Days Remaining: 26
[2026-09-21 15:05:00] [INFO] ==================================================
[2026-09-21 15:05:00] [INFO] SUBSCRIPTION EXPIRY CRON COMPLETED
[2026-09-21 15:05:00] [INFO] ==================================================
[2026-09-21 15:06:00] [INFO] [OVERSTAY] Cron triggered
[2026-09-21 15:06:00] [INFO] ==================================================
[2026-09-21 15:06:00] [INFO] OVERSTAY CRON STARTED
[2026-09-21 15:06:00] [INFO] ==================================================
[2026-09-21 15:06:00] [INFO] [OVERSTAY] Current India Date/Time: 21/09/2026 15:06:00
[2026-09-21 15:06:00] [INFO] [OVERSTAY] Timezone: Asia/Kolkata
[2026-09-21 15:06:00] [INFO] [SUBSCRIPTION] Expiry cron triggered
[2026-09-21 15:06:00] [INFO] ==================================================
[2026-09-21 15:06:00] [INFO] SUBSCRIPTION EXPIRY CRON STARTED
[2026-09-21 15:06:00] [INFO] ==================================================
[2026-09-21 15:06:00] [INFO] [SUBSCRIPTION] Current India Date: 2026-09-21
[2026-09-21 15:06:00] [INFO] [OVERSTAY] Staying customers found: 0
[2026-09-21 15:06:00] [INFO] ==================================================
[2026-09-21 15:06:00] [INFO] OVERSTAY CRON COMPLETED
[2026-09-21 15:06:00] [INFO] ==================================================
[2026-09-21 15:06:00] [INFO] [SUBSCRIPTION] Subscriptions found: 2
[2026-09-21 15:06:00] [INFO] [SUBSCRIPTION] mani hotel | Expiry: 2026-10-16 | Days Remaining: 25
[2026-09-21 15:06:00] [INFO] [SUBSCRIPTION] hotel 2 | Expiry: 2026-10-17 | Days Remaining: 26
[2026-09-21 15:06:00] [INFO] ==================================================
[2026-09-21 15:06:00] [INFO] SUBSCRIPTION EXPIRY CRON COMPLETED
[2026-09-21 15:06:00] [INFO] ==================================================
[2026-09-21 15:07:00] [INFO] [OVERSTAY] Cron triggered
[2026-09-21 15:07:00] [INFO] ==================================================
[2026-09-21 15:07:00] [INFO] OVERSTAY CRON STARTED
[2026-09-21 15:07:00] [INFO] ==================================================
[2026-09-21 15:07:00] [INFO] [OVERSTAY] Current India Date/Time: 21/09/2026 15:07:00
[2026-09-21 15:07:00] [INFO] [OVERSTAY] Timezone: Asia/Kolkata
[2026-09-21 15:07:00] [INFO] [SUBSCRIPTION] Expiry cron triggered
[2026-09-21 15:07:00] [INFO] ==================================================
[2026-09-21 15:07:00] [INFO] SUBSCRIPTION EXPIRY CRON STARTED
[2026-09-21 15:07:00] [INFO] ==================================================
[2026-09-21 15:07:00] [INFO] [SUBSCRIPTION] Current India Date: 2026-09-21
[2026-09-21 15:07:00] [INFO] [OVERSTAY] Staying customers found: 0
[2026-09-21 15:07:00] [INFO] ==================================================
[2026-09-21 15:07:00] [INFO] OVERSTAY CRON COMPLETED
[2026-09-21 15:07:00] [INFO] ==================================================
[2026-09-21 15:07:00] [INFO] [SUBSCRIPTION] Subscriptions found: 2
[2026-09-21 15:07:00] [INFO] [SUBSCRIPTION] mani hotel | Expiry: 2026-10-16 | Days Remaining: 25
[2026-09-21 15:07:00] [INFO] [SUBSCRIPTION] hotel 2 | Expiry: 2026-10-17 | Days Remaining: 26
[2026-09-21 15:07:00] [INFO] ==================================================
[2026-09-21 15:07:00] [INFO] SUBSCRIPTION EXPIRY CRON COMPLETED
[2026-09-21 15:07:00] [INFO] ==================================================
[2026-09-21 15:08:00] [INFO] [SUBSCRIPTION] Expiry cron triggered
[2026-09-21 15:08:00] [INFO] ==================================================
[2026-09-21 15:08:00] [INFO] SUBSCRIPTION EXPIRY CRON STARTED
[2026-09-21 15:08:00] [INFO] ==================================================
[2026-09-21 15:08:00] [INFO] [SUBSCRIPTION] Current India Date: 2026-09-21
[2026-09-21 15:08:00] [INFO] [OVERSTAY] Cron triggered
[2026-09-21 15:08:00] [INFO] ==================================================
[2026-09-21 15:08:00] [INFO] OVERSTAY CRON STARTED
[2026-09-21 15:08:00] [INFO] ==================================================
[2026-09-21 15:08:00] [INFO] [OVERSTAY] Current India Date/Time: 21/09/2026 15:08:00
[2026-09-21 15:08:00] [INFO] [OVERSTAY] Timezone: Asia/Kolkata
[2026-09-21 15:08:00] [INFO] [OVERSTAY] Staying customers found: 0
[2026-09-21 15:08:00] [INFO] ==================================================
[2026-09-21 15:08:00] [INFO] OVERSTAY CRON COMPLETED
[2026-09-21 15:08:00] [INFO] ==================================================
[2026-09-21 15:08:00] [INFO] [SUBSCRIPTION] Subscriptions found: 2
[2026-09-21 15:08:00] [INFO] [SUBSCRIPTION] mani hotel | Expiry: 2026-10-16 | Days Remaining: 25
[2026-09-21 15:08:00] [INFO] [SUBSCRIPTION] hotel 2 | Expiry: 2026-10-17 | Days Remaining: 26
[2026-09-21 15:08:00] [INFO] ==================================================
[2026-09-21 15:08:00] [INFO] SUBSCRIPTION EXPIRY CRON COMPLETED
[2026-09-21 15:08:00] [INFO] ==================================================
[2026-09-21 15:09:00] [INFO] [OVERSTAY] Cron triggered
[2026-09-21 15:09:00] [INFO] ==================================================
[2026-09-21 15:09:00] [INFO] OVERSTAY CRON STARTED
[2026-09-21 15:09:00] [INFO] ==================================================
[2026-09-21 15:09:00] [INFO] [OVERSTAY] Current India Date/Time: 21/09/2026 15:09:00
[2026-09-21 15:09:00] [INFO] [OVERSTAY] Timezone: Asia/Kolkata
[2026-09-21 15:09:00] [INFO] [SUBSCRIPTION] Expiry cron triggered
[2026-09-21 15:09:00] [INFO] ==================================================
[2026-09-21 15:09:00] [INFO] SUBSCRIPTION EXPIRY CRON STARTED
[2026-09-21 15:09:00] [INFO] ==================================================
[2026-09-21 15:09:00] [INFO] [SUBSCRIPTION] Current India Date: 2026-09-21
[2026-09-21 15:09:00] [INFO] [OVERSTAY] Staying customers found: 0
[2026-09-21 15:09:00] [INFO] ==================================================
[2026-09-21 15:09:00] [INFO] OVERSTAY CRON COMPLETED
[2026-09-21 15:09:00] [INFO] ==================================================
[2026-09-21 15:09:00] [INFO] [SUBSCRIPTION] Subscriptions found: 2
[2026-09-21 15:09:00] [INFO] [SUBSCRIPTION] mani hotel | Expiry: 2026-10-16 | Days Remaining: 25
[2026-09-21 15:09:00] [INFO] [SUBSCRIPTION] hotel 2 | Expiry: 2026-10-17 | Days Remaining: 26
[2026-09-21 15:09:00] [INFO] ==================================================
[2026-09-21 15:09:00] [INFO] SUBSCRIPTION EXPIRY CRON COMPLETED
[2026-09-21 15:09:00] [INFO] ==================================================
[2026-09-21 15:10:00] [INFO] [OVERSTAY] Cron triggered
[2026-09-21 15:10:00] [INFO] ==================================================
[2026-09-21 15:10:00] [INFO] OVERSTAY CRON STARTED
[2026-09-21 15:10:00] [INFO] ==================================================
[2026-09-21 15:10:00] [INFO] [OVERSTAY] Current India Date/Time: 21/09/2026 15:10:00
[2026-09-21 15:10:00] [INFO] [OVERSTAY] Timezone: Asia/Kolkata
[2026-09-21 15:10:00] [INFO] [SUBSCRIPTION] Expiry cron triggered
[2026-09-21 15:10:00] [INFO] ==================================================
[2026-09-21 15:10:00] [INFO] SUBSCRIPTION EXPIRY CRON STARTED
[2026-09-21 15:10:00] [INFO] ==================================================
[2026-09-21 15:10:00] [INFO] [SUBSCRIPTION] Current India Date: 2026-09-21
[2026-09-21 15:10:00] [INFO] [OVERSTAY] Staying customers found: 0
[2026-09-21 15:10:00] [INFO] ==================================================
[2026-09-21 15:10:00] [INFO] OVERSTAY CRON COMPLETED
[2026-09-21 15:10:00] [INFO] ==================================================
[2026-09-21 15:10:00] [INFO] [SUBSCRIPTION] Subscriptions found: 2
[2026-09-21 15:10:00] [INFO] [SUBSCRIPTION] mani hotel | Expiry: 2026-10-16 | Days Remaining: 25
[2026-09-21 15:10:00] [INFO] [SUBSCRIPTION] hotel 2 | Expiry: 2026-10-17 | Days Remaining: 26
[2026-09-21 15:10:00] [INFO] ==================================================
[2026-09-21 15:10:00] [INFO] SUBSCRIPTION EXPIRY CRON COMPLETED
[2026-09-21 15:10:00] [INFO] ==================================================
[2026-09-21 15:11:00] [INFO] [OVERSTAY] Cron triggered
[2026-09-21 15:11:00] [INFO] ==================================================
[2026-09-21 15:11:00] [INFO] OVERSTAY CRON STARTED
[2026-09-21 15:11:00] [INFO] ==================================================
[2026-09-21 15:11:00] [INFO] [OVERSTAY] Current India Date/Time: 21/09/2026 15:11:00
[2026-09-21 15:11:00] [INFO] [OVERSTAY] Timezone: Asia/Kolkata
[2026-09-21 15:11:00] [INFO] [SUBSCRIPTION] Expiry cron triggered
[2026-09-21 15:11:00] [INFO] ==================================================
[2026-09-21 15:11:00] [INFO] SUBSCRIPTION EXPIRY CRON STARTED
[2026-09-21 15:11:00] [INFO] ==================================================
[2026-09-21 15:11:00] [INFO] [SUBSCRIPTION] Current India Date: 2026-09-21
[2026-09-21 15:11:00] [INFO] [OVERSTAY] Staying customers found: 0
[2026-09-21 15:11:00] [INFO] ==================================================
[2026-09-21 15:11:00] [INFO] OVERSTAY CRON COMPLETED
[2026-09-21 15:11:00] [INFO] ==================================================
[2026-09-21 15:11:00] [INFO] [SUBSCRIPTION] Subscriptions found: 2
[2026-09-21 15:11:00] [INFO] [SUBSCRIPTION] mani hotel | Expiry: 2026-10-16 | Days Remaining: 25
[2026-09-21 15:11:00] [INFO] [SUBSCRIPTION] hotel 2 | Expiry: 2026-10-17 | Days Remaining: 26
[2026-09-21 15:11:00] [INFO] ==================================================
[2026-09-21 15:11:00] [INFO] SUBSCRIPTION EXPIRY CRON COMPLETED
[2026-09-21 15:11:00] [INFO] ==================================================
[2026-09-21 15:12:00] [INFO] [OVERSTAY] Cron triggered
[2026-09-21 15:12:00] [INFO] ==================================================
[2026-09-21 15:12:00] [INFO] OVERSTAY CRON STARTED
[2026-09-21 15:12:00] [INFO] ==================================================
[2026-09-21 15:12:00] [INFO] [OVERSTAY] Current India Date/Time: 21/09/2026 15:12:00
[2026-09-21 15:12:00] [INFO] [OVERSTAY] Timezone: Asia/Kolkata
[2026-09-21 15:12:00] [INFO] [SUBSCRIPTION] Expiry cron triggered
[2026-09-21 15:12:00] [INFO] ==================================================
[2026-09-21 15:12:00] [INFO] SUBSCRIPTION EXPIRY CRON STARTED
[2026-09-21 15:12:00] [INFO] ==================================================
[2026-09-21 15:12:00] [INFO] [SUBSCRIPTION] Current India Date: 2026-09-21
[2026-09-21 15:12:00] [INFO] [OVERSTAY] Staying customers found: 0
[2026-09-21 15:12:00] [INFO] ==================================================
[2026-09-21 15:12:00] [INFO] OVERSTAY CRON COMPLETED
[2026-09-21 15:12:00] [INFO] ==================================================
[2026-09-21 15:12:00] [INFO] [SUBSCRIPTION] Subscriptions found: 2
[2026-09-21 15:12:00] [INFO] [SUBSCRIPTION] mani hotel | Expiry: 2026-10-16 | Days Remaining: 25
[2026-09-21 15:12:00] [INFO] [SUBSCRIPTION] hotel 2 | Expiry: 2026-10-17 | Days Remaining: 26
[2026-09-21 15:12:00] [INFO] ==================================================
[2026-09-21 15:12:00] [INFO] SUBSCRIPTION EXPIRY CRON COMPLETED
[2026-09-21 15:12:00] [INFO] ==================================================
[2026-09-21 15:13:00] [INFO] [OVERSTAY] Cron triggered
[2026-09-21 15:13:00] [INFO] ==================================================
[2026-09-21 15:13:00] [INFO] OVERSTAY CRON STARTED
[2026-09-21 15:13:00] [INFO] ==================================================
[2026-09-21 15:13:00] [INFO] [OVERSTAY] Current India Date/Time: 21/09/2026 15:13:00
[2026-09-21 15:13:00] [INFO] [OVERSTAY] Timezone: Asia/Kolkata
[2026-09-21 15:13:00] [INFO] [SUBSCRIPTION] Expiry cron triggered
[2026-09-21 15:13:00] [INFO] ==================================================
[2026-09-21 15:13:00] [INFO] SUBSCRIPTION EXPIRY CRON STARTED
[2026-09-21 15:13:00] [INFO] ==================================================
[2026-09-21 15:13:00] [INFO] [SUBSCRIPTION] Current India Date: 2026-09-21
[2026-09-21 15:13:00] [INFO] [OVERSTAY] Staying customers found: 0
[2026-09-21 15:13:00] [INFO] ==================================================
[2026-09-21 15:13:00] [INFO] OVERSTAY CRON COMPLETED
[2026-09-21 15:13:00] [INFO] ==================================================
[2026-09-21 15:13:00] [INFO] [SUBSCRIPTION] Subscriptions found: 2
[2026-09-21 15:13:00] [INFO] [SUBSCRIPTION] mani hotel | Expiry: 2026-10-16 | Days Remaining: 25
[2026-09-21 15:13:00] [INFO] [SUBSCRIPTION] hotel 2 | Expiry: 2026-10-17 | Days Remaining: 26
[2026-09-21 15:13:00] [INFO] ==================================================
[2026-09-21 15:13:00] [INFO] SUBSCRIPTION EXPIRY CRON COMPLETED
[2026-09-21 15:13:00] [INFO] ==================================================
[2026-09-21 15:13:52] [INFO] [OVERSTAY] Overstay cron initialized successfully
[2026-09-21 15:13:52] [INFO] [OVERSTAY] Cron schedule: Every minute
[2026-09-21 15:13:52] [INFO] [OVERSTAY] Cron timezone: Asia/Kolkata
[2026-09-21 15:13:52] [INFO] ==================================================
[2026-09-21 15:13:52] [INFO] OVERSTAY CRON STARTED
[2026-09-21 15:13:52] [INFO] ==================================================
[2026-09-21 15:13:52] [INFO] [OVERSTAY] Current India Date/Time: 21/09/2026 15:13:52
[2026-09-21 15:13:52] [INFO] [OVERSTAY] Timezone: Asia/Kolkata
[2026-09-21 15:13:52] [INFO] [SUBSCRIPTION] Subscription expiry cron initialized successfully
[2026-09-21 15:13:52] [INFO] [SUBSCRIPTION] Cron schedule: Every minute
[2026-09-21 15:13:52] [INFO] [SUBSCRIPTION] Cron timezone: Asia/Kolkata
[2026-09-21 15:13:52] [INFO] ==================================================
[2026-09-21 15:13:52] [INFO] SUBSCRIPTION EXPIRY CRON STARTED
[2026-09-21 15:13:52] [INFO] ==================================================
[2026-09-21 15:13:52] [INFO] [SUBSCRIPTION] Current India Date: 2026-09-21
[2026-09-21 15:13:53] [INFO] [Logger] Running log cleanup check. Retention limit: 30 days.
[2026-09-21 15:13:53] [INFO] [Logger] Cleanup completed. No expired log files found.
[2026-09-21 15:13:53] [INFO] [Logger] Automated log cleanup scheduler started (runs every 24 hours).
[2026-09-21 15:13:53] [INFO] [Server] Server started and listening on port 5000
[2026-09-21 15:13:53] [INFO] [Database] MongoDB Connected successfully: 76.13.244.61
[2026-09-21 15:13:53] [INFO] Admin user already exists
[2026-09-21 15:13:53] [INFO] [OVERSTAY] Staying customers found: 0
[2026-09-21 15:13:53] [INFO] ==================================================
[2026-09-21 15:13:53] [INFO] OVERSTAY CRON COMPLETED
[2026-09-21 15:13:53] [INFO] ==================================================
[2026-09-21 15:13:53] [INFO] [SUBSCRIPTION] Subscriptions found: 2
[2026-09-21 15:13:53] [INFO] [SUBSCRIPTION] mani hotel | Expiry: 2026-10-16 | Days Remaining: 25
[2026-09-21 15:13:54] [INFO] [SUBSCRIPTION] hotel 2 | Expiry: 2026-10-17 | Days Remaining: 26
[2026-09-21 15:13:54] [INFO] ==================================================
[2026-09-21 15:13:54] [INFO] SUBSCRIPTION EXPIRY CRON COMPLETED
[2026-09-21 15:13:54] [INFO] ==================================================
[2026-09-21 15:14:00] [INFO] [OVERSTAY] Cron triggered
[2026-09-21 15:14:00] [INFO] ==================================================
[2026-09-21 15:14:00] [INFO] OVERSTAY CRON STARTED
[2026-09-21 15:14:00] [INFO] ==================================================
[2026-09-21 15:14:00] [INFO] [OVERSTAY] Current India Date/Time: 21/09/2026 15:14:00
[2026-09-21 15:14:00] [INFO] [OVERSTAY] Timezone: Asia/Kolkata
[2026-09-21 15:14:00] [INFO] [SUBSCRIPTION] Expiry cron triggered
[2026-09-21 15:14:00] [INFO] ==================================================
[2026-09-21 15:14:00] [INFO] SUBSCRIPTION EXPIRY CRON STARTED
[2026-09-21 15:14:00] [INFO] ==================================================
[2026-09-21 15:14:00] [INFO] [SUBSCRIPTION] Current India Date: 2026-09-21
[2026-09-21 15:14:00] [INFO] [OVERSTAY] Staying customers found: 0
[2026-09-21 15:14:00] [INFO] ==================================================
[2026-09-21 15:14:00] [INFO] OVERSTAY CRON COMPLETED
[2026-09-21 15:14:00] [INFO] ==================================================
[2026-09-21 15:14:00] [INFO] [SUBSCRIPTION] Subscriptions found: 2
[2026-09-21 15:14:00] [INFO] [SUBSCRIPTION] mani hotel | Expiry: 2026-10-16 | Days Remaining: 25
[2026-09-21 15:14:00] [INFO] [SUBSCRIPTION] hotel 2 | Expiry: 2026-10-17 | Days Remaining: 26
[2026-09-21 15:14:00] [INFO] ==================================================
[2026-09-21 15:14:00] [INFO] SUBSCRIPTION EXPIRY CRON COMPLETED
[2026-09-21 15:14:00] [INFO] ==================================================
[2026-09-21 15:14:02] [INFO] [OVERSTAY] Overstay cron initialized successfully
[2026-09-21 15:14:02] [INFO] [OVERSTAY] Cron schedule: Every minute
[2026-09-21 15:14:02] [INFO] [OVERSTAY] Cron timezone: Asia/Kolkata
[2026-09-21 15:14:02] [INFO] ==================================================
[2026-09-21 15:14:02] [INFO] OVERSTAY CRON STARTED
[2026-09-21 15:14:02] [INFO] ==================================================
[2026-09-21 15:14:02] [INFO] [OVERSTAY] Current India Date/Time: 21/09/2026 15:14:02
[2026-09-21 15:14:02] [INFO] [OVERSTAY] Timezone: Asia/Kolkata
[2026-09-21 15:14:02] [INFO] [SUBSCRIPTION] Subscription expiry cron initialized successfully
[2026-09-21 15:14:02] [INFO] [SUBSCRIPTION] Cron schedule: Every minute
[2026-09-21 15:14:02] [INFO] [SUBSCRIPTION] Cron timezone: Asia/Kolkata
[2026-09-21 15:14:02] [INFO] ==================================================
[2026-09-21 15:14:02] [INFO] SUBSCRIPTION EXPIRY CRON STARTED
[2026-09-21 15:14:02] [INFO] ==================================================
[2026-09-21 15:14:02] [INFO] [SUBSCRIPTION] Current India Date: 2026-09-21
[2026-09-21 15:14:03] [INFO] [Logger] Running log cleanup check. Retention limit: 30 days.
[2026-09-21 15:14:03] [INFO] [Logger] Cleanup completed. No expired log files found.
[2026-09-21 15:14:03] [INFO] [Logger] Automated log cleanup scheduler started (runs every 24 hours).
[2026-09-21 15:14:03] [INFO] [Server] Server started and listening on port 5000
[2026-09-21 15:14:03] [INFO] [Database] MongoDB Connected successfully: 76.13.244.61
[2026-09-21 15:14:03] [INFO] [OVERSTAY] Staying customers found: 0
[2026-09-21 15:14:03] [INFO] ==================================================
[2026-09-21 15:14:03] [INFO] OVERSTAY CRON COMPLETED
[2026-09-21 15:14:03] [INFO] ==================================================
[2026-09-21 15:14:03] [INFO] Admin user already exists
[2026-09-21 15:14:03] [INFO] [SUBSCRIPTION] Subscriptions found: 2
[2026-09-21 15:14:03] [INFO] [SUBSCRIPTION] mani hotel | Expiry: 2026-10-16 | Days Remaining: 25
[2026-09-21 15:14:03] [INFO] [SUBSCRIPTION] hotel 2 | Expiry: 2026-10-17 | Days Remaining: 26
[2026-09-21 15:14:03] [INFO] ==================================================
[2026-09-21 15:14:03] [INFO] SUBSCRIPTION EXPIRY CRON COMPLETED
[2026-09-21 15:14:03] [INFO] ==================================================
[2026-09-21 15:14:05] [INFO] [OVERSTAY] Overstay cron initialized successfully
[2026-09-21 15:14:05] [INFO] [OVERSTAY] Cron schedule: Every minute
[2026-09-21 15:14:05] [INFO] [OVERSTAY] Cron timezone: Asia/Kolkata
[2026-09-21 15:14:05] [INFO] ==================================================
[2026-09-21 15:14:05] [INFO] OVERSTAY CRON STARTED
[2026-09-21 15:14:05] [INFO] ==================================================
[2026-09-21 15:14:05] [INFO] [OVERSTAY] Current India Date/Time: 21/09/2026 15:14:05
[2026-09-21 15:14:05] [INFO] [OVERSTAY] Timezone: Asia/Kolkata
[2026-09-21 15:14:05] [INFO] [SUBSCRIPTION] Subscription expiry cron initialized successfully
[2026-09-21 15:14:05] [INFO] [SUBSCRIPTION] Cron schedule: Every minute
[2026-09-21 15:14:05] [INFO] [SUBSCRIPTION] Cron timezone: Asia/Kolkata
[2026-09-21 15:14:05] [INFO] ==================================================
[2026-09-21 15:14:05] [INFO] SUBSCRIPTION EXPIRY CRON STARTED
[2026-09-21 15:14:05] [INFO] ==================================================
[2026-09-21 15:14:05] [INFO] [SUBSCRIPTION] Current India Date: 2026-09-21
[2026-09-21 15:14:06] [INFO] [Logger] Running log cleanup check. Retention limit: 30 days.
[2026-09-21 15:14:06] [INFO] [Logger] Cleanup completed. No expired log files found.
[2026-09-21 15:14:06] [INFO] [Logger] Automated log cleanup scheduler started (runs every 24 hours).
[2026-09-21 15:14:06] [INFO] [Server] Server started and listening on port 5000
[2026-09-21 15:14:06] [INFO] [Database] MongoDB Connected successfully: 76.13.244.61
[2026-09-21 15:14:06] [INFO] Admin user already exists
[2026-09-21 15:14:06] [INFO] [SUBSCRIPTION] Subscriptions found: 2
[2026-09-21 15:14:06] [INFO] [OVERSTAY] Staying customers found: 0
[2026-09-21 15:14:06] [INFO] ==================================================
[2026-09-21 15:14:07] [INFO] OVERSTAY CRON COMPLETED
[2026-09-21 15:14:07] [INFO] ==================================================
[2026-09-21 15:14:07] [INFO] [SUBSCRIPTION] mani hotel | Expiry: 2026-10-16 | Days Remaining: 25
[2026-09-21 15:14:07] [INFO] [SUBSCRIPTION] hotel 2 | Expiry: 2026-10-17 | Days Remaining: 26
[2026-09-21 15:14:07] [INFO] ==================================================
[2026-09-21 15:14:07] [INFO] SUBSCRIPTION EXPIRY CRON COMPLETED
[2026-09-21 15:14:07] [INFO] ==================================================
[2026-09-21 15:15:00] [INFO] [OVERSTAY] Cron triggered
[2026-09-21 15:15:00] [INFO] ==================================================
[2026-09-21 15:15:00] [INFO] OVERSTAY CRON STARTED
[2026-09-21 15:15:00] [INFO] ==================================================
[2026-09-21 15:15:00] [INFO] [OVERSTAY] Current India Date/Time: 21/09/2026 15:15:00
[2026-09-21 15:15:00] [INFO] [OVERSTAY] Timezone: Asia/Kolkata
[2026-09-21 15:15:00] [INFO] [SUBSCRIPTION] Expiry cron triggered
[2026-09-21 15:15:00] [INFO] ==================================================
[2026-09-21 15:15:00] [INFO] SUBSCRIPTION EXPIRY CRON STARTED
[2026-09-21 15:15:00] [INFO] ==================================================
[2026-09-21 15:15:00] [INFO] [SUBSCRIPTION] Current India Date: 2026-09-21
[2026-09-21 15:15:00] [INFO] [OVERSTAY] Staying customers found: 0
[2026-09-21 15:15:00] [INFO] ==================================================
[2026-09-21 15:15:00] [INFO] OVERSTAY CRON COMPLETED
[2026-09-21 15:15:00] [INFO] ==================================================
[2026-09-21 15:15:00] [INFO] [SUBSCRIPTION] Subscriptions found: 2
[2026-09-21 15:15:00] [INFO] [SUBSCRIPTION] mani hotel | Expiry: 2026-10-16 | Days Remaining: 25
[2026-09-21 15:15:00] [INFO] [SUBSCRIPTION] hotel 2 | Expiry: 2026-10-17 | Days Remaining: 26
[2026-09-21 15:15:00] [INFO] ==================================================
[2026-09-21 15:15:00] [INFO] SUBSCRIPTION EXPIRY CRON COMPLETED
[2026-09-21 15:15:00] [INFO] ==================================================
[2026-09-21 15:15:36] [INFO] [OVERSTAY] Overstay cron initialized successfully
[2026-09-21 15:15:36] [INFO] [OVERSTAY] Cron schedule: Every minute
[2026-09-21 15:15:36] [INFO] [OVERSTAY] Cron timezone: Asia/Kolkata
[2026-09-21 15:15:36] [INFO] ==================================================
[2026-09-21 15:15:36] [INFO] OVERSTAY CRON STARTED
[2026-09-21 15:15:36] [INFO] ==================================================
[2026-09-21 15:15:36] [INFO] [OVERSTAY] Current India Date/Time: 21/09/2026 15:15:36
[2026-09-21 15:15:36] [INFO] [OVERSTAY] Timezone: Asia/Kolkata
[2026-09-21 15:15:36] [INFO] [SUBSCRIPTION] Subscription expiry cron initialized successfully
[2026-09-21 15:15:36] [INFO] [SUBSCRIPTION] Cron schedule: Every minute
[2026-09-21 15:15:36] [INFO] [SUBSCRIPTION] Cron timezone: Asia/Kolkata
[2026-09-21 15:15:36] [INFO] ==================================================
[2026-09-21 15:15:36] [INFO] SUBSCRIPTION EXPIRY CRON STARTED
[2026-09-21 15:15:36] [INFO] ==================================================
[2026-09-21 15:15:36] [INFO] [SUBSCRIPTION] Current India Date: 2026-09-21
[2026-09-21 15:15:36] [INFO] [Logger] Running log cleanup check. Retention limit: 30 days.
[2026-09-21 15:15:36] [INFO] [Logger] Cleanup completed. No expired log files found.
[2026-09-21 15:15:36] [INFO] [Logger] Automated log cleanup scheduler started (runs every 24 hours).
[2026-09-21 15:15:36] [INFO] [Server] Server started and listening on port 5000
[2026-09-21 15:15:36] [INFO] [Database] MongoDB Connected successfully: 76.13.244.61
[2026-09-21 15:15:37] [INFO] Admin user already exists
[2026-09-21 15:15:37] [INFO] [OVERSTAY] Staying customers found: 0
[2026-09-21 15:15:37] [INFO] ==================================================
[2026-09-21 15:15:37] [INFO] OVERSTAY CRON COMPLETED
[2026-09-21 15:15:37] [INFO] ==================================================
[2026-09-21 15:15:37] [INFO] [SUBSCRIPTION] Subscriptions found: 2
[2026-09-21 15:15:37] [INFO] [SUBSCRIPTION] mani hotel | Expiry: 2026-10-16 | Days Remaining: 25
[2026-09-21 15:15:37] [INFO] [SUBSCRIPTION] hotel 2 | Expiry: 2026-10-17 | Days Remaining: 26
[2026-09-21 15:15:37] [INFO] ==================================================
[2026-09-21 15:15:37] [INFO] SUBSCRIPTION EXPIRY CRON COMPLETED
[2026-09-21 15:15:37] [INFO] ==================================================
[2026-09-21 15:16:00] [INFO] [OVERSTAY] Cron triggered
[2026-09-21 15:16:00] [INFO] ==================================================
[2026-09-21 15:16:00] [INFO] OVERSTAY CRON STARTED
[2026-09-21 15:16:00] [INFO] ==================================================
[2026-09-21 15:16:00] [INFO] [OVERSTAY] Current India Date/Time: 21/09/2026 15:16:00
[2026-09-21 15:16:00] [INFO] [OVERSTAY] Timezone: Asia/Kolkata
[2026-09-21 15:16:00] [INFO] [SUBSCRIPTION] Expiry cron triggered
[2026-09-21 15:16:00] [INFO] ==================================================
[2026-09-21 15:16:00] [INFO] SUBSCRIPTION EXPIRY CRON STARTED
[2026-09-21 15:16:00] [INFO] ==================================================
[2026-09-21 15:16:00] [INFO] [SUBSCRIPTION] Current India Date: 2026-09-21
[2026-09-21 15:16:00] [INFO] [OVERSTAY] Staying customers found: 0
[2026-09-21 15:16:00] [INFO] ==================================================
[2026-09-21 15:16:00] [INFO] OVERSTAY CRON COMPLETED
[2026-09-21 15:16:00] [INFO] ==================================================
[2026-09-21 15:16:00] [INFO] [SUBSCRIPTION] Subscriptions found: 2
[2026-09-21 15:16:00] [INFO] [SUBSCRIPTION] mani hotel | Expiry: 2026-10-16 | Days Remaining: 25
[2026-09-21 15:16:00] [INFO] [SUBSCRIPTION] hotel 2 | Expiry: 2026-10-17 | Days Remaining: 26
[2026-09-21 15:16:00] [INFO] ==================================================
[2026-09-21 15:16:00] [INFO] SUBSCRIPTION EXPIRY CRON COMPLETED
[2026-09-21 15:16:00] [INFO] ==================================================
[2026-09-21 15:16:19] [INFO] [OVERSTAY] Overstay cron initialized successfully
[2026-09-21 15:16:19] [INFO] [OVERSTAY] Cron schedule: Every minute
[2026-09-21 15:16:19] [INFO] [OVERSTAY] Cron timezone: Asia/Kolkata
[2026-09-21 15:16:19] [INFO] ==================================================
[2026-09-21 15:16:19] [INFO] OVERSTAY CRON STARTED
[2026-09-21 15:16:19] [INFO] ==================================================
[2026-09-21 15:16:19] [INFO] [OVERSTAY] Current India Date/Time: 21/09/2026 15:16:19
[2026-09-21 15:16:19] [INFO] [OVERSTAY] Timezone: Asia/Kolkata
[2026-09-21 15:16:20] [INFO] [SUBSCRIPTION] Subscription expiry cron initialized successfully
[2026-09-21 15:16:20] [INFO] [SUBSCRIPTION] Cron schedule: Every minute
[2026-09-21 15:16:20] [INFO] [SUBSCRIPTION] Cron timezone: Asia/Kolkata
[2026-09-21 15:16:20] [INFO] ==================================================
[2026-09-21 15:16:20] [INFO] SUBSCRIPTION EXPIRY CRON STARTED
[2026-09-21 15:16:20] [INFO] ==================================================
[2026-09-21 15:16:20] [INFO] [SUBSCRIPTION] Current India Date: 2026-09-21
[2026-09-21 15:16:20] [INFO] [Logger] Running log cleanup check. Retention limit: 30 days.
[2026-09-21 15:16:20] [INFO] [Logger] Cleanup completed. No expired log files found.
[2026-09-21 15:16:20] [INFO] [Logger] Automated log cleanup scheduler started (runs every 24 hours).
[2026-09-21 15:16:20] [INFO] [Server] Server started and listening on port 5000
[2026-09-21 15:16:20] [INFO] [Database] MongoDB Connected successfully: 76.13.244.61
[2026-09-21 15:16:20] [INFO] Admin user already exists
[2026-09-21 15:16:20] [INFO] [OVERSTAY] Staying customers found: 0
[2026-09-21 15:16:20] [INFO] ==================================================
[2026-09-21 15:16:20] [INFO] OVERSTAY CRON COMPLETED
[2026-09-21 15:16:20] [INFO] ==================================================
[2026-09-21 15:16:20] [INFO] [SUBSCRIPTION] Subscriptions found: 2
[2026-09-21 15:16:20] [INFO] [SUBSCRIPTION] mani hotel | Expiry: 2026-10-16 | Days Remaining: 25
[2026-09-21 15:16:21] [INFO] [SUBSCRIPTION] hotel 2 | Expiry: 2026-10-17 | Days Remaining: 26
[2026-09-21 15:16:21] [INFO] ==================================================
[2026-09-21 15:16:21] [INFO] SUBSCRIPTION EXPIRY CRON COMPLETED
[2026-09-21 15:16:21] [INFO] ==================================================
[2026-09-21 15:17:00] [INFO] [OVERSTAY] Cron triggered
[2026-09-21 15:17:00] [INFO] ==================================================
[2026-09-21 15:17:00] [INFO] OVERSTAY CRON STARTED
[2026-09-21 15:17:00] [INFO] ==================================================
[2026-09-21 15:17:00] [INFO] [OVERSTAY] Current India Date/Time: 21/09/2026 15:17:00
[2026-09-21 15:17:00] [INFO] [OVERSTAY] Timezone: Asia/Kolkata
[2026-09-21 15:17:00] [INFO] [SUBSCRIPTION] Expiry cron triggered
[2026-09-21 15:17:00] [INFO] ==================================================
[2026-09-21 15:17:00] [INFO] SUBSCRIPTION EXPIRY CRON STARTED
[2026-09-21 15:17:00] [INFO] ==================================================
[2026-09-21 15:17:00] [INFO] [SUBSCRIPTION] Current India Date: 2026-09-21
[2026-09-21 15:17:00] [INFO] [OVERSTAY] Staying customers found: 0
[2026-09-21 15:17:00] [INFO] ==================================================
[2026-09-21 15:17:00] [INFO] OVERSTAY CRON COMPLETED
[2026-09-21 15:17:00] [INFO] ==================================================
[2026-09-21 15:17:00] [INFO] [SUBSCRIPTION] Subscriptions found: 2
[2026-09-21 15:17:00] [INFO] [SUBSCRIPTION] mani hotel | Expiry: 2026-10-16 | Days Remaining: 25
[2026-09-21 15:17:00] [INFO] [SUBSCRIPTION] hotel 2 | Expiry: 2026-10-17 | Days Remaining: 26
[2026-09-21 15:17:00] [INFO] ==================================================
[2026-09-21 15:17:00] [INFO] SUBSCRIPTION EXPIRY CRON COMPLETED
[2026-09-21 15:17:00] [INFO] ==================================================
[2026-09-21 15:17:07] [INFO] [OVERSTAY] Overstay cron initialized successfully
[2026-09-21 15:17:07] [INFO] [OVERSTAY] Cron schedule: Every minute
[2026-09-21 15:17:07] [INFO] [OVERSTAY] Cron timezone: Asia/Kolkata
[2026-09-21 15:17:07] [INFO] ==================================================
[2026-09-21 15:17:07] [INFO] OVERSTAY CRON STARTED
[2026-09-21 15:17:07] [INFO] ==================================================
[2026-09-21 15:17:07] [INFO] [OVERSTAY] Current India Date/Time: 21/09/2026 15:17:07
[2026-09-21 15:17:07] [INFO] [OVERSTAY] Timezone: Asia/Kolkata
[2026-09-21 15:17:07] [INFO] [SUBSCRIPTION] Subscription expiry cron initialized successfully
[2026-09-21 15:17:07] [INFO] [SUBSCRIPTION] Cron schedule: Every minute
[2026-09-21 15:17:07] [INFO] [SUBSCRIPTION] Cron timezone: Asia/Kolkata
[2026-09-21 15:17:07] [INFO] ==================================================
[2026-09-21 15:17:07] [INFO] SUBSCRIPTION EXPIRY CRON STARTED
[2026-09-21 15:17:07] [INFO] ==================================================
[2026-09-21 15:17:07] [INFO] [SUBSCRIPTION] Current India Date: 2026-09-21
[2026-09-21 15:17:07] [INFO] [Logger] Running log cleanup check. Retention limit: 30 days.
[2026-09-21 15:17:07] [INFO] [Logger] Cleanup completed. No expired log files found.
[2026-09-21 15:17:07] [INFO] [Logger] Automated log cleanup scheduler started (runs every 24 hours).
[2026-09-21 15:17:07] [INFO] [Server] Server started and listening on port 5000
[2026-09-21 15:17:07] [INFO] [Database] MongoDB Connected successfully: 76.13.244.61
[2026-09-21 15:17:08] [INFO] Admin user already exists
[2026-09-21 15:17:08] [INFO] [OVERSTAY] Staying customers found: 0
[2026-09-21 15:17:08] [INFO] ==================================================
[2026-09-21 15:17:08] [INFO] OVERSTAY CRON COMPLETED
[2026-09-21 15:17:08] [INFO] ==================================================
[2026-09-21 15:17:08] [INFO] [SUBSCRIPTION] Subscriptions found: 2
[2026-09-21 15:17:08] [INFO] [SUBSCRIPTION] mani hotel | Expiry: 2026-10-16 | Days Remaining: 25
[2026-09-21 15:17:08] [INFO] [SUBSCRIPTION] hotel 2 | Expiry: 2026-10-17 | Days Remaining: 26
[2026-09-21 15:17:08] [INFO] ==================================================
[2026-09-21 15:17:08] [INFO] SUBSCRIPTION EXPIRY CRON COMPLETED
[2026-09-21 15:17:08] [INFO] ==================================================
[2026-09-21 15:18:00] [INFO] [OVERSTAY] Overstay cron initialized successfully
[2026-09-21 15:18:00] [INFO] [OVERSTAY] Cron schedule: Every minute
[2026-09-21 15:18:00] [INFO] [OVERSTAY] Cron timezone: Asia/Kolkata
[2026-09-21 15:18:00] [INFO] ==================================================
[2026-09-21 15:18:00] [INFO] OVERSTAY CRON STARTED
[2026-09-21 15:18:00] [INFO] ==================================================
[2026-09-21 15:18:00] [INFO] [OVERSTAY] Current India Date/Time: 21/09/2026 15:18:00
[2026-09-21 15:18:00] [INFO] [OVERSTAY] Timezone: Asia/Kolkata
[2026-09-21 15:18:00] [INFO] [SUBSCRIPTION] Subscription expiry cron initialized successfully
[2026-09-21 15:18:00] [INFO] [SUBSCRIPTION] Cron schedule: Every minute
[2026-09-21 15:18:00] [INFO] [SUBSCRIPTION] Cron timezone: Asia/Kolkata
[2026-09-21 15:18:00] [INFO] ==================================================
[2026-09-21 15:18:00] [INFO] SUBSCRIPTION EXPIRY CRON STARTED
[2026-09-21 15:18:00] [INFO] ==================================================
[2026-09-21 15:18:00] [INFO] [SUBSCRIPTION] Current India Date: 2026-09-21
[2026-09-21 15:18:00] [INFO] [Logger] Running log cleanup check. Retention limit: 30 days.
[2026-09-21 15:18:00] [INFO] [Logger] Cleanup completed. No expired log files found.
[2026-09-21 15:18:00] [INFO] [Logger] Automated log cleanup scheduler started (runs every 24 hours).
[2026-09-21 15:18:00] [INFO] [Server] Server started and listening on port 5000
[2026-09-21 15:18:00] [INFO] [Database] MongoDB Connected successfully: 76.13.244.61
[2026-09-21 15:18:01] [INFO] [OVERSTAY] Staying customers found: 0
[2026-09-21 15:18:01] [INFO] ==================================================
[2026-09-21 15:18:01] [INFO] OVERSTAY CRON COMPLETED
[2026-09-21 15:18:01] [INFO] ==================================================
[2026-09-21 15:18:01] [INFO] Admin user already exists
[2026-09-21 15:18:01] [INFO] [SUBSCRIPTION] Subscriptions found: 2
[2026-09-21 15:18:01] [INFO] [SUBSCRIPTION] mani hotel | Expiry: 2026-10-16 | Days Remaining: 25
[2026-09-21 15:18:01] [INFO] [SUBSCRIPTION] hotel 2 | Expiry: 2026-10-17 | Days Remaining: 26
[2026-09-21 15:18:01] [INFO] ==================================================
[2026-09-21 15:18:01] [INFO] SUBSCRIPTION EXPIRY CRON COMPLETED
[2026-09-21 15:18:01] [INFO] ==================================================
[2026-09-21 15:18:07] [INFO] [OVERSTAY] Overstay cron initialized successfully
[2026-09-21 15:18:07] [INFO] [OVERSTAY] Cron schedule: Every minute
[2026-09-21 15:18:07] [INFO] [OVERSTAY] Cron timezone: Asia/Kolkata
[2026-09-21 15:18:07] [INFO] ==================================================
[2026-09-21 15:18:07] [INFO] OVERSTAY CRON STARTED
[2026-09-21 15:18:07] [INFO] ==================================================
[2026-09-21 15:18:07] [INFO] [OVERSTAY] Current India Date/Time: 21/09/2026 15:18:07
[2026-09-21 15:18:07] [INFO] [OVERSTAY] Timezone: Asia/Kolkata
[2026-09-21 15:18:07] [INFO] [SUBSCRIPTION] Subscription expiry cron initialized successfully
[2026-09-21 15:18:07] [INFO] [SUBSCRIPTION] Cron schedule: Every minute
[2026-09-21 15:18:07] [INFO] [SUBSCRIPTION] Cron timezone: Asia/Kolkata
[2026-09-21 15:18:07] [INFO] ==================================================
[2026-09-21 15:18:07] [INFO] SUBSCRIPTION EXPIRY CRON STARTED
[2026-09-21 15:18:07] [INFO] ==================================================
[2026-09-21 15:18:07] [INFO] [SUBSCRIPTION] Current India Date: 2026-09-21
[2026-09-21 15:18:07] [INFO] [Logger] Running log cleanup check. Retention limit: 30 days.
[2026-09-21 15:18:07] [INFO] [Logger] Cleanup completed. No expired log files found.
[2026-09-21 15:18:07] [INFO] [Logger] Automated log cleanup scheduler started (runs every 24 hours).
[2026-09-21 15:18:07] [INFO] [Server] Server started and listening on port 5000
[2026-09-21 15:18:07] [INFO] [Database] MongoDB Connected successfully: 76.13.244.61
[2026-09-21 15:18:07] [INFO] Admin user already exists
[2026-09-21 15:18:08] [INFO] [SUBSCRIPTION] Subscriptions found: 2
[2026-09-21 15:18:08] [INFO] [OVERSTAY] Staying customers found: 0
[2026-09-21 15:18:08] [INFO] ==================================================
[2026-09-21 15:18:08] [INFO] OVERSTAY CRON COMPLETED
[2026-09-21 15:18:08] [INFO] ==================================================
[2026-09-21 15:18:08] [INFO] [SUBSCRIPTION] mani hotel | Expiry: 2026-10-16 | Days Remaining: 25
[2026-09-21 15:18:08] [INFO] [SUBSCRIPTION] hotel 2 | Expiry: 2026-10-17 | Days Remaining: 26
[2026-09-21 15:18:08] [INFO] ==================================================
[2026-09-21 15:18:08] [INFO] SUBSCRIPTION EXPIRY CRON COMPLETED
[2026-09-21 15:18:08] [INFO] ==================================================
[2026-09-21 15:18:09] [INFO] [OVERSTAY] Overstay cron initialized successfully
[2026-09-21 15:18:09] [INFO] [OVERSTAY] Cron schedule: Every minute
[2026-09-21 15:18:09] [INFO] [OVERSTAY] Cron timezone: Asia/Kolkata
[2026-09-21 15:18:09] [INFO] ==================================================
[2026-09-21 15:18:09] [INFO] OVERSTAY CRON STARTED
[2026-09-21 15:18:09] [INFO] ==================================================
[2026-09-21 15:18:09] [INFO] [OVERSTAY] Current India Date/Time: 21/09/2026 15:18:09
[2026-09-21 15:18:09] [INFO] [OVERSTAY] Timezone: Asia/Kolkata
[2026-09-21 15:18:09] [INFO] [SUBSCRIPTION] Subscription expiry cron initialized successfully
[2026-09-21 15:18:09] [INFO] [SUBSCRIPTION] Cron schedule: Every minute
[2026-09-21 15:18:09] [INFO] [SUBSCRIPTION] Cron timezone: Asia/Kolkata
[2026-09-21 15:18:09] [INFO] ==================================================
[2026-09-21 15:18:09] [INFO] SUBSCRIPTION EXPIRY CRON STARTED
[2026-09-21 15:18:09] [INFO] ==================================================
[2026-09-21 15:18:09] [INFO] [SUBSCRIPTION] Current India Date: 2026-09-21
[2026-09-21 15:18:09] [INFO] [Logger] Running log cleanup check. Retention limit: 30 days.
[2026-09-21 15:18:09] [INFO] [Logger] Cleanup completed. No expired log files found.
[2026-09-21 15:18:09] [INFO] [Logger] Automated log cleanup scheduler started (runs every 24 hours).
[2026-09-21 15:18:09] [INFO] [Server] Server started and listening on port 5000
[2026-09-21 15:18:09] [INFO] [Database] MongoDB Connected successfully: 76.13.244.61
[2026-09-21 15:18:10] [INFO] Admin user already exists
[2026-09-21 15:18:10] [INFO] [SUBSCRIPTION] Subscriptions found: 2
[2026-09-21 15:18:10] [INFO] [OVERSTAY] Staying customers found: 0
[2026-09-21 15:18:10] [INFO] ==================================================
[2026-09-21 15:18:10] [INFO] OVERSTAY CRON COMPLETED
[2026-09-21 15:18:10] [INFO] ==================================================
[2026-09-21 15:18:10] [INFO] [SUBSCRIPTION] mani hotel | Expiry: 2026-10-16 | Days Remaining: 25
[2026-09-21 15:18:10] [INFO] [SUBSCRIPTION] hotel 2 | Expiry: 2026-10-17 | Days Remaining: 26
[2026-09-21 15:18:10] [INFO] ==================================================
[2026-09-21 15:18:10] [INFO] SUBSCRIPTION EXPIRY CRON COMPLETED
[2026-09-21 15:18:10] [INFO] ==================================================
[2026-09-21 15:18:16] [INFO] [OVERSTAY] Overstay cron initialized successfully
[2026-09-21 15:18:16] [INFO] [OVERSTAY] Cron schedule: Every minute
[2026-09-21 15:18:16] [INFO] [OVERSTAY] Cron timezone: Asia/Kolkata
[2026-09-21 15:18:16] [INFO] ==================================================
[2026-09-21 15:18:16] [INFO] OVERSTAY CRON STARTED
[2026-09-21 15:18:16] [INFO] ==================================================
[2026-09-21 15:18:16] [INFO] [OVERSTAY] Current India Date/Time: 21/09/2026 15:18:16
[2026-09-21 15:18:16] [INFO] [OVERSTAY] Timezone: Asia/Kolkata
[2026-09-21 15:18:16] [INFO] [SUBSCRIPTION] Subscription expiry cron initialized successfully
[2026-09-21 15:18:16] [INFO] [SUBSCRIPTION] Cron schedule: Every minute
[2026-09-21 15:18:16] [INFO] [SUBSCRIPTION] Cron timezone: Asia/Kolkata
[2026-09-21 15:18:16] [INFO] ==================================================
[2026-09-21 15:18:16] [INFO] SUBSCRIPTION EXPIRY CRON STARTED
[2026-09-21 15:18:16] [INFO] ==================================================
[2026-09-21 15:18:16] [INFO] [SUBSCRIPTION] Current India Date: 2026-09-21
[2026-09-21 15:18:16] [INFO] [Logger] Running log cleanup check. Retention limit: 30 days.
[2026-09-21 15:18:16] [INFO] [Logger] Cleanup completed. No expired log files found.
[2026-09-21 15:18:16] [INFO] [Logger] Automated log cleanup scheduler started (runs every 24 hours).
[2026-09-21 15:18:16] [INFO] [Server] Server started and listening on port 5000
[2026-09-21 15:18:16] [INFO] [Database] MongoDB Connected successfully: 76.13.244.61
[2026-09-21 15:18:17] [INFO] [OVERSTAY] Staying customers found: 0
[2026-09-21 15:18:17] [INFO] ==================================================
[2026-09-21 15:18:17] [INFO] OVERSTAY CRON COMPLETED
[2026-09-21 15:18:17] [INFO] ==================================================
[2026-09-21 15:18:17] [INFO] Admin user already exists
[2026-09-21 15:18:17] [INFO] [SUBSCRIPTION] Subscriptions found: 2
[2026-09-21 15:18:17] [INFO] [SUBSCRIPTION] mani hotel | Expiry: 2026-10-16 | Days Remaining: 25
[2026-09-21 15:18:17] [INFO] [SUBSCRIPTION] hotel 2 | Expiry: 2026-10-17 | Days Remaining: 26
[2026-09-21 15:18:17] [INFO] ==================================================
[2026-09-21 15:18:17] [INFO] SUBSCRIPTION EXPIRY CRON COMPLETED
[2026-09-21 15:18:17] [INFO] ==================================================
[2026-09-21 15:19:00] [INFO] [OVERSTAY] Cron triggered
[2026-09-21 15:19:00] [INFO] ==================================================
[2026-09-21 15:19:00] [INFO] OVERSTAY CRON STARTED
[2026-09-21 15:19:00] [INFO] ==================================================
[2026-09-21 15:19:00] [INFO] [OVERSTAY] Current India Date/Time: 21/09/2026 15:19:00
[2026-09-21 15:19:00] [INFO] [OVERSTAY] Timezone: Asia/Kolkata
[2026-09-21 15:19:00] [INFO] [SUBSCRIPTION] Expiry cron triggered
[2026-09-21 15:19:00] [INFO] ==================================================
[2026-09-21 15:19:00] [INFO] SUBSCRIPTION EXPIRY CRON STARTED
[2026-09-21 15:19:00] [INFO] ==================================================
[2026-09-21 15:19:00] [INFO] [SUBSCRIPTION] Current India Date: 2026-09-21
[2026-09-21 15:19:00] [INFO] [OVERSTAY] Staying customers found: 0
[2026-09-21 15:19:00] [INFO] ==================================================
[2026-09-21 15:19:00] [INFO] OVERSTAY CRON COMPLETED
[2026-09-21 15:19:00] [INFO] ==================================================
[2026-09-21 15:19:00] [INFO] [SUBSCRIPTION] Subscriptions found: 2
[2026-09-21 15:19:00] [INFO] [SUBSCRIPTION] mani hotel | Expiry: 2026-10-16 | Days Remaining: 25
[2026-09-21 15:19:00] [INFO] [SUBSCRIPTION] hotel 2 | Expiry: 2026-10-17 | Days Remaining: 26
[2026-09-21 15:19:00] [INFO] ==================================================
[2026-09-21 15:19:00] [INFO] SUBSCRIPTION EXPIRY CRON COMPLETED
[2026-09-21 15:19:00] [INFO] ==================================================
[2026-09-21 15:19:31] [INFO] [Invoice] Create invoice started. userId=6ab0f2913d50939a5cdf480a
[2026-09-21 15:19:31] [INFO] [Invoice] Tenant resolved. hotelId=6aaa540d5c80eba3c908a921, branchId=6aaa540d5c80eba3c908a923, userId=6ab0f2913d50939a5cdf480a
[2026-09-21 15:19:31] [INFO] [Invoice] Verifying customer ownership. customerId=6aae46c69d684dd4a1717de3, hotelId=6aaa540d5c80eba3c908a921, branchId=6aaa540d5c80eba3c908a923
[2026-09-21 15:19:31] [INFO] [Invoice] Customer ownership verified. customerId=6aae46c69d684dd4a1717de3, hotelId=6aaa540d5c80eba3c908a921, branchId=6aaa540d5c80eba3c908a923
[2026-09-21 15:19:31] [INFO] [Invoice] Generating invoice number. hotelId=6aaa540d5c80eba3c908a921, branchId=6aaa540d5c80eba3c908a923, year=2026
[2026-09-21 15:19:31] [INFO] [Invoice] Highest existing sequence=0
[2026-09-21 15:19:31] [ERROR] [Invoice] create invoice failed. context={"hotelId":"6aaa540d5c80eba3c908a921","branchId":"6aaa540d5c80eba3c908a923","customerId":"6aae46c69d684dd4a1717de3"}, error=E11000 duplicate key error collection: hotel-billing.invoicecounters index: year_1 dup key: { year: 2026 }
[2026-09-21 15:19:31] [ERROR] [Invoice] create invoice duplicate-key error. keyValue={"year":2026}
[2026-09-21 15:19:37] [INFO] INFO
[2026-09-21 15:19:37] [INFO] INFO
[2026-09-21 15:19:38] [INFO] [Permission Verify] Allowed. User: 6ab0f2913d50939a5cdf480a, Permission: roomsBooking
[2026-09-21 15:19:38] [INFO] [Booking] Get active bookings started. hotelId=6aaa540d5c80eba3c908a921, branchId=6aaa540d5c80eba3c908a923
[2026-09-21 15:19:38] [INFO] [Booking] Active bookings retrieved. hotelId=6aaa540d5c80eba3c908a921, branchId=6aaa540d5c80eba3c908a923, count=2
[2026-09-21 15:19:38] [INFO] [Permission Verify] Allowed. User: 6ab0f2913d50939a5cdf480a, Permission: roomsBooking
[2026-09-21 15:19:38] [INFO] [Booking] Get active bookings started. hotelId=6aaa540d5c80eba3c908a921, branchId=6aaa540d5c80eba3c908a923
[2026-09-21 15:19:38] [INFO] [Booking] Active bookings retrieved. hotelId=6aaa540d5c80eba3c908a921, branchId=6aaa540d5c80eba3c908a923, count=2
[2026-09-21 15:19:52] [INFO] [OVERSTAY] Overstay cron initialized successfully
[2026-09-21 15:19:52] [INFO] [OVERSTAY] Cron schedule: Every minute
[2026-09-21 15:19:52] [INFO] [OVERSTAY] Cron timezone: Asia/Kolkata
[2026-09-21 15:19:52] [INFO] ==================================================
[2026-09-21 15:19:52] [INFO] OVERSTAY CRON STARTED
[2026-09-21 15:19:52] [INFO] ==================================================
[2026-09-21 15:19:52] [INFO] [OVERSTAY] Current India Date/Time: 21/09/2026 15:19:52
[2026-09-21 15:19:52] [INFO] [OVERSTAY] Timezone: Asia/Kolkata
[2026-09-21 15:19:52] [INFO] [SUBSCRIPTION] Subscription expiry cron initialized successfully
[2026-09-21 15:19:52] [INFO] [SUBSCRIPTION] Cron schedule: Every minute
[2026-09-21 15:19:52] [INFO] [SUBSCRIPTION] Cron timezone: Asia/Kolkata
[2026-09-21 15:19:52] [INFO] ==================================================
[2026-09-21 15:19:52] [INFO] SUBSCRIPTION EXPIRY CRON STARTED
[2026-09-21 15:19:52] [INFO] ==================================================
[2026-09-21 15:19:52] [INFO] [SUBSCRIPTION] Current India Date: 2026-09-21
[2026-09-21 15:19:52] [INFO] [Logger] Running log cleanup check. Retention limit: 30 days.
[2026-09-21 15:19:52] [INFO] [Logger] Cleanup completed. No expired log files found.
[2026-09-21 15:19:52] [INFO] [Logger] Automated log cleanup scheduler started (runs every 24 hours).
[2026-09-21 15:19:52] [INFO] [Server] Server started and listening on port 5000
[2026-09-21 15:19:52] [INFO] [Database] MongoDB Connected successfully: 76.13.244.61
[2026-09-21 15:19:52] [INFO] [OVERSTAY] Staying customers found: 0
[2026-09-21 15:19:52] [INFO] ==================================================
[2026-09-21 15:19:52] [INFO] OVERSTAY CRON COMPLETED
[2026-09-21 15:19:52] [INFO] ==================================================
[2026-09-21 15:19:52] [INFO] Admin user already exists
[2026-09-21 15:19:53] [INFO] [SUBSCRIPTION] Subscriptions found: 2
[2026-09-21 15:19:53] [INFO] [SUBSCRIPTION] mani hotel | Expiry: 2026-10-16 | Days Remaining: 25
[2026-09-21 15:19:53] [INFO] [SUBSCRIPTION] hotel 2 | Expiry: 2026-10-17 | Days Remaining: 26
[2026-09-21 15:19:53] [INFO] ==================================================
[2026-09-21 15:19:53] [INFO] SUBSCRIPTION EXPIRY CRON COMPLETED
[2026-09-21 15:19:53] [INFO] ==================================================
[2026-09-21 15:20:00] [INFO] [OVERSTAY] Cron triggered
[2026-09-21 15:20:00] [INFO] ==================================================
[2026-09-21 15:20:00] [INFO] OVERSTAY CRON STARTED
[2026-09-21 15:20:00] [INFO] ==================================================
[2026-09-21 15:20:00] [INFO] [OVERSTAY] Current India Date/Time: 21/09/2026 15:20:00
[2026-09-21 15:20:00] [INFO] [OVERSTAY] Timezone: Asia/Kolkata
[2026-09-21 15:20:00] [INFO] [SUBSCRIPTION] Expiry cron triggered
[2026-09-21 15:20:00] [INFO] ==================================================
[2026-09-21 15:20:00] [INFO] SUBSCRIPTION EXPIRY CRON STARTED
[2026-09-21 15:20:00] [INFO] ==================================================
[2026-09-21 15:20:00] [INFO] [SUBSCRIPTION] Current India Date: 2026-09-21
[2026-09-21 15:20:00] [INFO] [OVERSTAY] Staying customers found: 0
[2026-09-21 15:20:00] [INFO] ==================================================
[2026-09-21 15:20:00] [INFO] OVERSTAY CRON COMPLETED
[2026-09-21 15:20:00] [INFO] ==================================================
[2026-09-21 15:20:00] [INFO] [SUBSCRIPTION] Subscriptions found: 2
[2026-09-21 15:20:00] [INFO] [SUBSCRIPTION] mani hotel | Expiry: 2026-10-16 | Days Remaining: 25
[2026-09-21 15:20:00] [INFO] [SUBSCRIPTION] hotel 2 | Expiry: 2026-10-17 | Days Remaining: 26
[2026-09-21 15:20:00] [INFO] ==================================================
[2026-09-21 15:20:00] [INFO] SUBSCRIPTION EXPIRY CRON COMPLETED
[2026-09-21 15:20:00] [INFO] ==================================================
[2026-09-21 15:20:09] [INFO] INFO
[2026-09-21 15:20:10] [INFO] INFO
[2026-09-21 15:20:11] [INFO] [Permission Verify] Allowed. User: 6ab0f2913d50939a5cdf480a, Permission: roomsBooking
[2026-09-21 15:20:11] [INFO] [Booking] Get active bookings started. hotelId=6aaa540d5c80eba3c908a921, branchId=6aaa540d5c80eba3c908a923
[2026-09-21 15:20:11] [INFO] [Booking] Active bookings retrieved. hotelId=6aaa540d5c80eba3c908a921, branchId=6aaa540d5c80eba3c908a923, count=2
[2026-09-21 15:20:11] [INFO] [Permission Verify] Allowed. User: 6ab0f2913d50939a5cdf480a, Permission: roomsBooking
[2026-09-21 15:20:11] [INFO] [Booking] Get active bookings started. hotelId=6aaa540d5c80eba3c908a921, branchId=6aaa540d5c80eba3c908a923
[2026-09-21 15:20:11] [INFO] [Booking] Active bookings retrieved. hotelId=6aaa540d5c80eba3c908a921, branchId=6aaa540d5c80eba3c908a923, count=2
[2026-09-21 15:20:11] [INFO] [Permission Verify] Allowed. User: 6ab0f2913d50939a5cdf480a, Permission: users
[2026-09-21 15:20:12] [INFO] [getMySubscription] Loaded subscription 6aaa540d5c80eba3c908a922 | Hotel ID: 6aaa540d5c80eba3c908a921
[2026-09-21 15:20:12] [INFO] [Permission Verify] Allowed. User: 6ab0f2913d50939a5cdf480a, Permission: users
[2026-09-21 15:20:12] [INFO] [getMySubscription] Loaded subscription 6aaa540d5c80eba3c908a922 | Hotel ID: 6aaa540d5c80eba3c908a921
[2026-09-21 15:20:12] [INFO] [Permission Verify] Allowed. User: 6ab0f2913d50939a5cdf480a, Permission: users
[2026-09-21 15:20:12] [INFO] [getMySubscription] Loaded subscription 6aaa540d5c80eba3c908a922 | Hotel ID: 6aaa540d5c80eba3c908a921
[2026-09-21 15:20:12] [INFO] [Permission Verify] Allowed. User: 6ab0f2913d50939a5cdf480a, Permission: users
[2026-09-21 15:20:12] [INFO] [getMySubscription] Loaded subscription 6aaa540d5c80eba3c908a922 | Hotel ID: 6aaa540d5c80eba3c908a921
[2026-09-21 15:20:12] [INFO] [Permission Verify] Allowed. User: 6ab0f2913d50939a5cdf480a, Permission: users
[2026-09-21 15:20:12] [INFO] [getMySubscription] Loaded subscription 6aaa540d5c80eba3c908a922 | Hotel ID: 6aaa540d5c80eba3c908a921
[2026-09-21 15:20:13] [INFO] [Permission Verify] Allowed. User: 6ab0f2913d50939a5cdf480a, Permission: users
[2026-09-21 15:20:13] [INFO] [Permission Verify] Allowed. User: 6ab0f2913d50939a5cdf480a, Permission: roomsBooking
[2026-09-21 15:20:13] [INFO] [Booking] Finding booking. bookingId=6aae46c69d684dd4a1717de4, hotelId=6aaa540d5c80eba3c908a921, branchId=6aaa540d5c80eba3c908a923
[2026-09-21 15:20:13] [INFO] [Booking] Booking retrieved. bookingId=6aae46c69d684dd4a1717de4, hotelId=6aaa540d5c80eba3c908a921, branchId=6aaa540d5c80eba3c908a923
[2026-09-21 15:20:13] [INFO] [getMySubscription] Loaded subscription 6aaa540d5c80eba3c908a922 | Hotel ID: 6aaa540d5c80eba3c908a921
[2026-09-21 15:20:13] [INFO] [Permission Verify] Allowed. User: 6ab0f2913d50939a5cdf480a, Permission: roomsBooking
[2026-09-21 15:20:13] [INFO] [Booking] Get active bookings started. hotelId=6aaa540d5c80eba3c908a921, branchId=6aaa540d5c80eba3c908a923
[2026-09-21 15:20:13] [INFO] [Booking] Active bookings retrieved. hotelId=6aaa540d5c80eba3c908a921, branchId=6aaa540d5c80eba3c908a923, count=2
[2026-09-21 15:20:17] [INFO] [Permission Verify] Allowed. User: 6ab0f2913d50939a5cdf480a, Permission: settings
[2026-09-21 15:20:17] [INFO] [Settings] GET started. userId=6ab0f2913d50939a5cdf480a
[2026-09-21 15:20:17] [INFO] [Settings] Tenant resolved. hotelId=6aaa540d5c80eba3c908a921, branchId=6aaa540d5c80eba3c908a923
[2026-09-21 15:20:17] [INFO] [Settings] Verifying branch ownership. hotelId=6aaa540d5c80eba3c908a921, branchId=6aaa540d5c80eba3c908a923
[2026-09-21 15:20:17] [INFO] [Settings] Searching settings. hotelId=6aaa540d5c80eba3c908a921, branchId=6aaa540d5c80eba3c908a923
[2026-09-21 15:20:17] [INFO] [Settings] GET successful. settingsId=6aae48e19d684dd4a1717e04, hotelId=6aaa540d5c80eba3c908a921, branchId=6aaa540d5c80eba3c908a923
[2026-09-21 15:20:17] [INFO] [Permission Verify] Allowed. User: 6ab0f2913d50939a5cdf480a, Permission: settings
[2026-09-21 15:20:17] [INFO] [Settings] GET started. userId=6ab0f2913d50939a5cdf480a
[2026-09-21 15:20:17] [INFO] [Settings] Tenant resolved. hotelId=6aaa540d5c80eba3c908a921, branchId=6aaa540d5c80eba3c908a923
[2026-09-21 15:20:17] [INFO] [Settings] Verifying branch ownership. hotelId=6aaa540d5c80eba3c908a921, branchId=6aaa540d5c80eba3c908a923
[2026-09-21 15:20:17] [INFO] [Settings] Searching settings. hotelId=6aaa540d5c80eba3c908a921, branchId=6aaa540d5c80eba3c908a923
[2026-09-21 15:20:17] [INFO] [Settings] GET successful. settingsId=6aae48e19d684dd4a1717e04, hotelId=6aaa540d5c80eba3c908a921, branchId=6aaa540d5c80eba3c908a923
[2026-09-21 15:20:24] [INFO] [Invoice] Create invoice started. userId=6ab0f2913d50939a5cdf480a
[2026-09-21 15:20:24] [INFO] [Invoice] Tenant resolved. hotelId=6aaa540d5c80eba3c908a921, branchId=6aaa540d5c80eba3c908a923, userId=6ab0f2913d50939a5cdf480a
[2026-09-21 15:20:24] [INFO] [Invoice] Verifying customer ownership. customerId=6aae46c69d684dd4a1717de3, hotelId=6aaa540d5c80eba3c908a921, branchId=6aaa540d5c80eba3c908a923
[2026-09-21 15:20:24] [INFO] [Invoice] Customer ownership verified. customerId=6aae46c69d684dd4a1717de3, hotelId=6aaa540d5c80eba3c908a921, branchId=6aaa540d5c80eba3c908a923
[2026-09-21 15:20:24] [INFO] [Invoice] Generating invoice number. hotelId=6aaa540d5c80eba3c908a921, branchId=6aaa540d5c80eba3c908a923, year=2026
[2026-09-21 15:20:24] [INFO] [Invoice] Highest existing sequence=0
[2026-09-21 15:20:24] [ERROR] [Invoice] create invoice failed. context={"hotelId":"6aaa540d5c80eba3c908a921","branchId":"6aaa540d5c80eba3c908a923","customerId":"6aae46c69d684dd4a1717de3"}, error=E11000 duplicate key error collection: hotel-billing.invoicecounters index: year_1 dup key: { year: 2026 }
[2026-09-21 15:20:24] [ERROR] [Invoice] create invoice duplicate-key error. keyValue={"year":2026}
[2026-09-21 15:20:41] [INFO] [Invoice] Create invoice started. userId=6ab0f2913d50939a5cdf480a
[2026-09-21 15:20:41] [INFO] [Invoice] Tenant resolved. hotelId=6aaa540d5c80eba3c908a921, branchId=6aaa540d5c80eba3c908a923, userId=6ab0f2913d50939a5cdf480a
[2026-09-21 15:20:41] [INFO] [Invoice] Verifying customer ownership. customerId=6aae46c69d684dd4a1717de3, hotelId=6aaa540d5c80eba3c908a921, branchId=6aaa540d5c80eba3c908a923
[2026-09-21 15:20:41] [INFO] [Invoice] Customer ownership verified. customerId=6aae46c69d684dd4a1717de3, hotelId=6aaa540d5c80eba3c908a921, branchId=6aaa540d5c80eba3c908a923
[2026-09-21 15:20:41] [INFO] [Invoice] Generating invoice number. hotelId=6aaa540d5c80eba3c908a921, branchId=6aaa540d5c80eba3c908a923, year=2026
[2026-09-21 15:20:41] [INFO] [Invoice] Highest existing sequence=0
[2026-09-21 15:20:41] [INFO] [Invoice] Counter created. sequence=0
[2026-09-21 15:20:42] [INFO] [Invoice] Invoice number generated. invoiceNo=INV-MAIN-2026-000001, year=2026, sequence=1
[2026-09-21 15:20:42] [INFO] [Invoice] Room snapshot prepared. invoiceNo=INV-MAIN-2026-000001, roomCount=1, hotelId=6aaa540d5c80eba3c908a921, branchId=6aaa540d5c80eba3c908a923
[2026-09-21 15:20:42] [INFO] [Invoice] Creating invoice document. invoiceNo=INV-MAIN-2026-000001, hotelId=6aaa540d5c80eba3c908a921, branchId=6aaa540d5c80eba3c908a923, customerId=6aae46c69d684dd4a1717de3
[2026-09-21 15:20:42] [INFO] [Invoice] Invoice created successfully. invoiceId=6ab0fdf2ff03b26bc1da8349, invoiceNo=INV-MAIN-2026-000001, hotelId=6aaa540d5c80eba3c908a921, branchId=6aaa540d5c80eba3c908a923, customerId=6aae46c69d684dd4a1717de3
[2026-09-21 15:20:42] [INFO] [Permission Verify] Allowed. User: 6ab0f2913d50939a5cdf480a, Permission: roomsBooking
[2026-09-21 15:20:42] [INFO] [Booking] Finding booking for checkout. bookingId=6aae46c69d684dd4a1717de4, hotelId=6aaa540d5c80eba3c908a921, branchId=6aaa540d5c80eba3c908a923
[2026-09-21 15:20:42] [INFO] [Booking] 1 room(s) selected for checkout. bookingId=6aae46c69d684dd4a1717de4, hotelId=6aaa540d5c80eba3c908a921, branchId=6aaa540d5c80eba3c908a923
[2026-09-21 15:20:42] [INFO] [Booking] Saving checkout. bookingId=6aae46c69d684dd4a1717de4, checkedOutRooms=1, initialPaymentUsed=500, checkoutPayment=21158.3, hotelId=6aaa540d5c80eba3c908a921, branchId=6aaa540d5c80eba3c908a923
[2026-09-21 15:20:42] [INFO] [Booking] Physical rooms released. bookingId=6aae46c69d684dd4a1717de4, roomCount=1, hotelId=6aaa540d5c80eba3c908a921, branchId=6aaa540d5c80eba3c908a923
[2026-09-21 15:20:42] [INFO] [Booking] Checkout completed. bookingId=6aae46c69d684dd4a1717de4, hotelId=6aaa540d5c80eba3c908a921, branchId=6aaa540d5c80eba3c908a923
[2026-09-21 15:20:42] [INFO] [Booking] Food services marked paid. bookingId=6aae46c69d684dd4a1717de4, roomId=6aae46c69d684dd4a1717de5, updatedCount=1, hotelId=6aaa540d5c80eba3c908a921, branchId=6aaa540d5c80eba3c908a923
[2026-09-21 15:20:42] [INFO] [Booking] Room services marked paid. bookingId=6aae46c69d684dd4a1717de4, roomId=6aae46c69d684dd4a1717de5, updatedCount=1, hotelId=6aaa540d5c80eba3c908a921, branchId=6aaa540d5c80eba3c908a923
[2026-09-21 15:20:51] [INFO] [Permission Verify] Allowed. User: 6ab0f2913d50939a5cdf480a, Permission: dashboard
[2026-09-21 15:20:51] [INFO] [Permission Verify] Allowed. User: 6ab0f2913d50939a5cdf480a, Permission: dashboard
[2026-09-21 15:21:00] [INFO] [OVERSTAY] Cron triggered
[2026-09-21 15:21:00] [INFO] ==================================================
[2026-09-21 15:21:00] [INFO] OVERSTAY CRON STARTED
[2026-09-21 15:21:00] [INFO] ==================================================
[2026-09-21 15:21:00] [INFO] [OVERSTAY] Current India Date/Time: 21/09/2026 15:21:00
[2026-09-21 15:21:00] [INFO] [OVERSTAY] Timezone: Asia/Kolkata
[2026-09-21 15:21:00] [INFO] [SUBSCRIPTION] Expiry cron triggered
[2026-09-21 15:21:00] [INFO] ==================================================
[2026-09-21 15:21:00] [INFO] SUBSCRIPTION EXPIRY CRON STARTED
[2026-09-21 15:21:00] [INFO] ==================================================
[2026-09-21 15:21:00] [INFO] [SUBSCRIPTION] Current India Date: 2026-09-21
[2026-09-21 15:21:00] [INFO] [OVERSTAY] Staying customers found: 0
[2026-09-21 15:21:00] [INFO] ==================================================
[2026-09-21 15:21:00] [INFO] OVERSTAY CRON COMPLETED
[2026-09-21 15:21:00] [INFO] ==================================================
[2026-09-21 15:21:00] [INFO] [SUBSCRIPTION] Subscriptions found: 2
[2026-09-21 15:21:00] [INFO] [SUBSCRIPTION] mani hotel | Expiry: 2026-10-16 | Days Remaining: 25
[2026-09-21 15:21:00] [INFO] [SUBSCRIPTION] hotel 2 | Expiry: 2026-10-17 | Days Remaining: 26
[2026-09-21 15:21:00] [INFO] ==================================================
[2026-09-21 15:21:00] [INFO] SUBSCRIPTION EXPIRY CRON COMPLETED
[2026-09-21 15:21:00] [INFO] ==================================================
[2026-09-21 15:22:00] [INFO] [OVERSTAY] Cron triggered
[2026-09-21 15:22:00] [INFO] ==================================================
[2026-09-21 15:22:00] [INFO] OVERSTAY CRON STARTED
[2026-09-21 15:22:00] [INFO] ==================================================
[2026-09-21 15:22:00] [INFO] [OVERSTAY] Current India Date/Time: 21/09/2026 15:22:00
[2026-09-21 15:22:00] [INFO] [OVERSTAY] Timezone: Asia/Kolkata
[2026-09-21 15:22:00] [INFO] [SUBSCRIPTION] Expiry cron triggered
[2026-09-21 15:22:00] [INFO] ==================================================
[2026-09-21 15:22:00] [INFO] SUBSCRIPTION EXPIRY CRON STARTED
[2026-09-21 15:22:00] [INFO] ==================================================
[2026-09-21 15:22:00] [INFO] [SUBSCRIPTION] Current India Date: 2026-09-21
[2026-09-21 15:22:00] [INFO] [OVERSTAY] Staying customers found: 0
[2026-09-21 15:22:00] [INFO] ==================================================
[2026-09-21 15:22:00] [INFO] OVERSTAY CRON COMPLETED
[2026-09-21 15:22:00] [INFO] ==================================================
[2026-09-21 15:22:00] [INFO] [SUBSCRIPTION] Subscriptions found: 2
[2026-09-21 15:22:00] [INFO] [SUBSCRIPTION] mani hotel | Expiry: 2026-10-16 | Days Remaining: 25
[2026-09-21 15:22:00] [INFO] [SUBSCRIPTION] hotel 2 | Expiry: 2026-10-17 | Days Remaining: 26
[2026-09-21 15:22:00] [INFO] ==================================================
[2026-09-21 15:22:00] [INFO] SUBSCRIPTION EXPIRY CRON COMPLETED
[2026-09-21 15:22:00] [INFO] ==================================================
[2026-09-21 15:23:00] [INFO] [OVERSTAY] Cron triggered
[2026-09-21 15:23:00] [INFO] ==================================================
[2026-09-21 15:23:00] [INFO] OVERSTAY CRON STARTED
[2026-09-21 15:23:00] [INFO] ==================================================
[2026-09-21 15:23:00] [INFO] [OVERSTAY] Current India Date/Time: 21/09/2026 15:23:00
[2026-09-21 15:23:00] [INFO] [OVERSTAY] Timezone: Asia/Kolkata
[2026-09-21 15:23:00] [INFO] [SUBSCRIPTION] Expiry cron triggered
[2026-09-21 15:23:00] [INFO] ==================================================
[2026-09-21 15:23:00] [INFO] SUBSCRIPTION EXPIRY CRON STARTED
[2026-09-21 15:23:00] [INFO] ==================================================
[2026-09-21 15:23:00] [INFO] [SUBSCRIPTION] Current India Date: 2026-09-21
[2026-09-21 15:23:00] [INFO] [OVERSTAY] Staying customers found: 0
[2026-09-21 15:23:00] [INFO] ==================================================
[2026-09-21 15:23:00] [INFO] OVERSTAY CRON COMPLETED
[2026-09-21 15:23:00] [INFO] ==================================================
[2026-09-21 15:23:00] [INFO] [SUBSCRIPTION] Subscriptions found: 2
[2026-09-21 15:23:00] [INFO] [SUBSCRIPTION] mani hotel | Expiry: 2026-10-16 | Days Remaining: 25
[2026-09-21 15:23:00] [INFO] [SUBSCRIPTION] hotel 2 | Expiry: 2026-10-17 | Days Remaining: 26
[2026-09-21 15:23:00] [INFO] ==================================================
[2026-09-21 15:23:00] [INFO] SUBSCRIPTION EXPIRY CRON COMPLETED
[2026-09-21 15:23:00] [INFO] ==================================================
[2026-09-21 15:23:47] [INFO] [Auth Verify] Authentication token not found
[2026-09-21 15:23:47] [INFO] [Auth Verify] Authentication token not found
[2026-09-21 15:24:00] [INFO] [OVERSTAY] Cron triggered
[2026-09-21 15:24:00] [INFO] ==================================================
[2026-09-21 15:24:00] [INFO] OVERSTAY CRON STARTED
[2026-09-21 15:24:00] [INFO] ==================================================
[2026-09-21 15:24:00] [INFO] [OVERSTAY] Current India Date/Time: 21/09/2026 15:24:00
[2026-09-21 15:24:00] [INFO] [OVERSTAY] Timezone: Asia/Kolkata
[2026-09-21 15:24:00] [INFO] [SUBSCRIPTION] Expiry cron triggered
[2026-09-21 15:24:00] [INFO] ==================================================
[2026-09-21 15:24:00] [INFO] SUBSCRIPTION EXPIRY CRON STARTED
[2026-09-21 15:24:00] [INFO] ==================================================
[2026-09-21 15:24:00] [INFO] [SUBSCRIPTION] Current India Date: 2026-09-21
[2026-09-21 15:24:00] [INFO] [OVERSTAY] Staying customers found: 0
[2026-09-21 15:24:00] [INFO] ==================================================
[2026-09-21 15:24:00] [INFO] OVERSTAY CRON COMPLETED
[2026-09-21 15:24:00] [INFO] ==================================================
[2026-09-21 15:24:00] [INFO] [SUBSCRIPTION] Subscriptions found: 2
[2026-09-21 15:24:00] [INFO] [SUBSCRIPTION] mani hotel | Expiry: 2026-10-16 | Days Remaining: 25
[2026-09-21 15:24:00] [INFO] [SUBSCRIPTION] hotel 2 | Expiry: 2026-10-17 | Days Remaining: 26
[2026-09-21 15:24:00] [INFO] ==================================================
[2026-09-21 15:24:00] [INFO] SUBSCRIPTION EXPIRY CRON COMPLETED
[2026-09-21 15:24:00] [INFO] ==================================================
[2026-09-21 15:25:00] [INFO] [OVERSTAY] Cron triggered
[2026-09-21 15:25:00] [INFO] ==================================================
[2026-09-21 15:25:00] [INFO] OVERSTAY CRON STARTED
[2026-09-21 15:25:00] [INFO] ==================================================
[2026-09-21 15:25:00] [INFO] [OVERSTAY] Current India Date/Time: 21/09/2026 15:25:00
[2026-09-21 15:25:00] [INFO] [OVERSTAY] Timezone: Asia/Kolkata
[2026-09-21 15:25:00] [INFO] [SUBSCRIPTION] Expiry cron triggered
[2026-09-21 15:25:00] [INFO] ==================================================
[2026-09-21 15:25:00] [INFO] SUBSCRIPTION EXPIRY CRON STARTED
[2026-09-21 15:25:00] [INFO] ==================================================
[2026-09-21 15:25:00] [INFO] [SUBSCRIPTION] Current India Date: 2026-09-21
[2026-09-21 15:25:00] [INFO] [OVERSTAY] Staying customers found: 0
[2026-09-21 15:25:00] [INFO] ==================================================
[2026-09-21 15:25:00] [INFO] OVERSTAY CRON COMPLETED
[2026-09-21 15:25:00] [INFO] ==================================================
[2026-09-21 15:25:00] [INFO] [SUBSCRIPTION] Subscriptions found: 2
[2026-09-21 15:25:00] [INFO] [SUBSCRIPTION] mani hotel | Expiry: 2026-10-16 | Days Remaining: 25
[2026-09-21 15:25:00] [INFO] [SUBSCRIPTION] hotel 2 | Expiry: 2026-10-17 | Days Remaining: 26
[2026-09-21 15:25:00] [INFO] ==================================================
[2026-09-21 15:25:00] [INFO] SUBSCRIPTION EXPIRY CRON COMPLETED
[2026-09-21 15:25:00] [INFO] ==================================================
[2026-09-21 15:26:00] [INFO] [SUBSCRIPTION] Expiry cron triggered
[2026-09-21 15:26:00] [INFO] ==================================================
[2026-09-21 15:26:00] [INFO] SUBSCRIPTION EXPIRY CRON STARTED
[2026-09-21 15:26:00] [INFO] ==================================================
[2026-09-21 15:26:00] [INFO] [SUBSCRIPTION] Current India Date: 2026-09-21
[2026-09-21 15:26:00] [INFO] [OVERSTAY] Cron triggered
[2026-09-21 15:26:00] [INFO] ==================================================
[2026-09-21 15:26:00] [INFO] OVERSTAY CRON STARTED
[2026-09-21 15:26:00] [INFO] ==================================================
[2026-09-21 15:26:00] [INFO] [OVERSTAY] Current India Date/Time: 21/09/2026 15:26:00
[2026-09-21 15:26:00] [INFO] [OVERSTAY] Timezone: Asia/Kolkata
[2026-09-21 15:26:00] [INFO] [OVERSTAY] Staying customers found: 0
[2026-09-21 15:26:00] [INFO] ==================================================
[2026-09-21 15:26:00] [INFO] OVERSTAY CRON COMPLETED
[2026-09-21 15:26:00] [INFO] ==================================================
[2026-09-21 15:26:00] [INFO] [SUBSCRIPTION] Subscriptions found: 2
[2026-09-21 15:26:00] [INFO] [SUBSCRIPTION] mani hotel | Expiry: 2026-10-16 | Days Remaining: 25
[2026-09-21 15:26:00] [INFO] [SUBSCRIPTION] hotel 2 | Expiry: 2026-10-17 | Days Remaining: 26
[2026-09-21 15:26:00] [INFO] ==================================================
[2026-09-21 15:26:00] [INFO] SUBSCRIPTION EXPIRY CRON COMPLETED
[2026-09-21 15:26:00] [INFO] ==================================================
[2026-09-21 15:27:00] [INFO] [SUBSCRIPTION] Expiry cron triggered
[2026-09-21 15:27:00] [INFO] ==================================================
[2026-09-21 15:27:00] [INFO] SUBSCRIPTION EXPIRY CRON STARTED
[2026-09-21 15:27:00] [INFO] ==================================================
[2026-09-21 15:27:00] [INFO] [SUBSCRIPTION] Current India Date: 2026-09-21
[2026-09-21 15:27:00] [INFO] [OVERSTAY] Cron triggered
[2026-09-21 15:27:00] [INFO] ==================================================
[2026-09-21 15:27:00] [INFO] OVERSTAY CRON STARTED
[2026-09-21 15:27:00] [INFO] ==================================================
[2026-09-21 15:27:00] [INFO] [OVERSTAY] Current India Date/Time: 21/09/2026 15:27:00
[2026-09-21 15:27:00] [INFO] [OVERSTAY] Timezone: Asia/Kolkata
[2026-09-21 15:27:00] [INFO] [OVERSTAY] Staying customers found: 0
[2026-09-21 15:27:00] [INFO] ==================================================
[2026-09-21 15:27:00] [INFO] OVERSTAY CRON COMPLETED
[2026-09-21 15:27:00] [INFO] ==================================================
[2026-09-21 15:27:00] [INFO] [SUBSCRIPTION] Subscriptions found: 2
[2026-09-21 15:27:00] [INFO] [SUBSCRIPTION] mani hotel | Expiry: 2026-10-16 | Days Remaining: 25
[2026-09-21 15:27:00] [INFO] [SUBSCRIPTION] hotel 2 | Expiry: 2026-10-17 | Days Remaining: 26
[2026-09-21 15:27:00] [INFO] ==================================================
[2026-09-21 15:27:00] [INFO] SUBSCRIPTION EXPIRY CRON COMPLETED
[2026-09-21 15:27:00] [INFO] ==================================================
[2026-09-21 15:28:00] [INFO] [SUBSCRIPTION] Expiry cron triggered
[2026-09-21 15:28:00] [INFO] ==================================================
[2026-09-21 15:28:00] [INFO] SUBSCRIPTION EXPIRY CRON STARTED
[2026-09-21 15:28:00] [INFO] ==================================================
[2026-09-21 15:28:00] [INFO] [SUBSCRIPTION] Current India Date: 2026-09-21
[2026-09-21 15:28:00] [INFO] [OVERSTAY] Cron triggered
[2026-09-21 15:28:00] [INFO] ==================================================
[2026-09-21 15:28:00] [INFO] OVERSTAY CRON STARTED
[2026-09-21 15:28:00] [INFO] ==================================================
[2026-09-21 15:28:00] [INFO] [OVERSTAY] Current India Date/Time: 21/09/2026 15:28:00
[2026-09-21 15:28:00] [INFO] [OVERSTAY] Timezone: Asia/Kolkata
[2026-09-21 15:28:00] [INFO] [OVERSTAY] Staying customers found: 0
[2026-09-21 15:28:00] [INFO] ==================================================
[2026-09-21 15:28:00] [INFO] OVERSTAY CRON COMPLETED
[2026-09-21 15:28:00] [INFO] ==================================================
[2026-09-21 15:28:00] [INFO] [SUBSCRIPTION] Subscriptions found: 2
[2026-09-21 15:28:00] [INFO] [SUBSCRIPTION] mani hotel | Expiry: 2026-10-16 | Days Remaining: 25
[2026-09-21 15:28:00] [INFO] [SUBSCRIPTION] hotel 2 | Expiry: 2026-10-17 | Days Remaining: 26
[2026-09-21 15:28:00] [INFO] ==================================================
[2026-09-21 15:28:00] [INFO] SUBSCRIPTION EXPIRY CRON COMPLETED
[2026-09-21 15:28:00] [INFO] ==================================================
[2026-09-21 15:29:00] [INFO] [SUBSCRIPTION] Expiry cron triggered
[2026-09-21 15:29:00] [INFO] ==================================================
[2026-09-21 15:29:00] [INFO] SUBSCRIPTION EXPIRY CRON STARTED
[2026-09-21 15:29:00] [INFO] ==================================================
[2026-09-21 15:29:00] [INFO] [SUBSCRIPTION] Current India Date: 2026-09-21
[2026-09-21 15:29:00] [INFO] [OVERSTAY] Cron triggered
[2026-09-21 15:29:00] [INFO] ==================================================
[2026-09-21 15:29:00] [INFO] OVERSTAY CRON STARTED
[2026-09-21 15:29:00] [INFO] ==================================================
[2026-09-21 15:29:00] [INFO] [OVERSTAY] Current India Date/Time: 21/09/2026 15:29:00
[2026-09-21 15:29:00] [INFO] [OVERSTAY] Timezone: Asia/Kolkata
[2026-09-21 15:29:00] [INFO] [OVERSTAY] Staying customers found: 0
[2026-09-21 15:29:00] [INFO] ==================================================
[2026-09-21 15:29:00] [INFO] OVERSTAY CRON COMPLETED
[2026-09-21 15:29:00] [INFO] ==================================================
[2026-09-21 15:29:00] [INFO] [SUBSCRIPTION] Subscriptions found: 2
[2026-09-21 15:29:00] [INFO] [SUBSCRIPTION] mani hotel | Expiry: 2026-10-16 | Days Remaining: 25
[2026-09-21 15:29:00] [INFO] [SUBSCRIPTION] hotel 2 | Expiry: 2026-10-17 | Days Remaining: 26
[2026-09-21 15:29:00] [INFO] ==================================================
[2026-09-21 15:29:00] [INFO] SUBSCRIPTION EXPIRY CRON COMPLETED
[2026-09-21 15:29:00] [INFO] ==================================================
[2026-09-21 15:30:00] [INFO] [SUBSCRIPTION] Expiry cron triggered
[2026-09-21 15:30:00] [INFO] ==================================================
[2026-09-21 15:30:00] [INFO] SUBSCRIPTION EXPIRY CRON STARTED
[2026-09-21 15:30:00] [INFO] ==================================================
[2026-09-21 15:30:00] [INFO] [SUBSCRIPTION] Current India Date: 2026-09-21
[2026-09-21 15:30:00] [INFO] [OVERSTAY] Cron triggered
[2026-09-21 15:30:00] [INFO] ==================================================
[2026-09-21 15:30:00] [INFO] OVERSTAY CRON STARTED
[2026-09-21 15:30:00] [INFO] ==================================================
[2026-09-21 15:30:00] [INFO] [OVERSTAY] Current India Date/Time: 21/09/2026 15:30:00
[2026-09-21 15:30:00] [INFO] [OVERSTAY] Timezone: Asia/Kolkata
[2026-09-21 15:30:00] [INFO] [OVERSTAY] Staying customers found: 0
[2026-09-21 15:30:00] [INFO] ==================================================
[2026-09-21 15:30:00] [INFO] OVERSTAY CRON COMPLETED
[2026-09-21 15:30:00] [INFO] ==================================================
[2026-09-21 15:30:00] [INFO] [SUBSCRIPTION] Subscriptions found: 2
[2026-09-21 15:30:00] [INFO] [SUBSCRIPTION] mani hotel | Expiry: 2026-10-16 | Days Remaining: 25
[2026-09-21 15:30:00] [INFO] [SUBSCRIPTION] hotel 2 | Expiry: 2026-10-17 | Days Remaining: 26
[2026-09-21 15:30:00] [INFO] ==================================================
[2026-09-21 15:30:00] [INFO] SUBSCRIPTION EXPIRY CRON COMPLETED
[2026-09-21 15:30:00] [INFO] ==================================================
[2026-09-21 15:31:00] [INFO] [SUBSCRIPTION] Expiry cron triggered
[2026-09-21 15:31:00] [INFO] ==================================================
[2026-09-21 15:31:00] [INFO] SUBSCRIPTION EXPIRY CRON STARTED
[2026-09-21 15:31:00] [INFO] ==================================================
[2026-09-21 15:31:00] [INFO] [SUBSCRIPTION] Current India Date: 2026-09-21
[2026-09-21 15:31:00] [INFO] [OVERSTAY] Cron triggered
[2026-09-21 15:31:00] [INFO] ==================================================
[2026-09-21 15:31:00] [INFO] OVERSTAY CRON STARTED
[2026-09-21 15:31:00] [INFO] ==================================================
[2026-09-21 15:31:00] [INFO] [OVERSTAY] Current India Date/Time: 21/09/2026 15:31:00
[2026-09-21 15:31:00] [INFO] [OVERSTAY] Timezone: Asia/Kolkata
[2026-09-21 15:31:00] [INFO] [OVERSTAY] Staying customers found: 0
[2026-09-21 15:31:00] [INFO] ==================================================
[2026-09-21 15:31:00] [INFO] OVERSTAY CRON COMPLETED
[2026-09-21 15:31:00] [INFO] ==================================================
[2026-09-21 15:31:00] [INFO] [SUBSCRIPTION] Subscriptions found: 2
[2026-09-21 15:31:00] [INFO] [SUBSCRIPTION] mani hotel | Expiry: 2026-10-16 | Days Remaining: 25
[2026-09-21 15:31:00] [INFO] [SUBSCRIPTION] hotel 2 | Expiry: 2026-10-17 | Days Remaining: 26
[2026-09-21 15:31:00] [INFO] ==================================================
[2026-09-21 15:31:00] [INFO] SUBSCRIPTION EXPIRY CRON COMPLETED
[2026-09-21 15:31:00] [INFO] ==================================================
[2026-09-21 15:32:00] [INFO] [SUBSCRIPTION] Expiry cron triggered
[2026-09-21 15:32:00] [INFO] ==================================================
[2026-09-21 15:32:00] [INFO] SUBSCRIPTION EXPIRY CRON STARTED
[2026-09-21 15:32:00] [INFO] ==================================================
[2026-09-21 15:32:00] [INFO] [SUBSCRIPTION] Current India Date: 2026-09-21
[2026-09-21 15:32:00] [INFO] [OVERSTAY] Cron triggered
[2026-09-21 15:32:00] [INFO] ==================================================
[2026-09-21 15:32:00] [INFO] OVERSTAY CRON STARTED
[2026-09-21 15:32:00] [INFO] ==================================================
[2026-09-21 15:32:00] [INFO] [OVERSTAY] Current India Date/Time: 21/09/2026 15:32:00
[2026-09-21 15:32:00] [INFO] [OVERSTAY] Timezone: Asia/Kolkata
[2026-09-21 15:32:00] [INFO] [OVERSTAY] Staying customers found: 0
[2026-09-21 15:32:00] [INFO] ==================================================
[2026-09-21 15:32:00] [INFO] OVERSTAY CRON COMPLETED
[2026-09-21 15:32:00] [INFO] ==================================================
[2026-09-21 15:32:00] [INFO] [SUBSCRIPTION] Subscriptions found: 2
[2026-09-21 15:32:00] [INFO] [SUBSCRIPTION] mani hotel | Expiry: 2026-10-16 | Days Remaining: 25
[2026-09-21 15:32:00] [INFO] [SUBSCRIPTION] hotel 2 | Expiry: 2026-10-17 | Days Remaining: 26
[2026-09-21 15:32:00] [INFO] ==================================================
[2026-09-21 15:32:00] [INFO] SUBSCRIPTION EXPIRY CRON COMPLETED
[2026-09-21 15:32:00] [INFO] ==================================================
[2026-09-21 15:33:00] [INFO] [SUBSCRIPTION] Expiry cron triggered
[2026-09-21 15:33:00] [INFO] ==================================================
[2026-09-21 15:33:00] [INFO] SUBSCRIPTION EXPIRY CRON STARTED
[2026-09-21 15:33:00] [INFO] ==================================================
[2026-09-21 15:33:00] [INFO] [SUBSCRIPTION] Current India Date: 2026-09-21
[2026-09-21 15:33:00] [INFO] [OVERSTAY] Cron triggered
[2026-09-21 15:33:00] [INFO] ==================================================
[2026-09-21 15:33:00] [INFO] OVERSTAY CRON STARTED
[2026-09-21 15:33:00] [INFO] ==================================================
[2026-09-21 15:33:00] [INFO] [OVERSTAY] Current India Date/Time: 21/09/2026 15:33:00
[2026-09-21 15:33:00] [INFO] [OVERSTAY] Timezone: Asia/Kolkata
[2026-09-21 15:33:00] [INFO] [OVERSTAY] Staying customers found: 0
[2026-09-21 15:33:00] [INFO] ==================================================
[2026-09-21 15:33:00] [INFO] OVERSTAY CRON COMPLETED
[2026-09-21 15:33:00] [INFO] ==================================================
[2026-09-21 15:33:00] [INFO] [SUBSCRIPTION] Subscriptions found: 2
[2026-09-21 15:33:00] [INFO] [SUBSCRIPTION] mani hotel | Expiry: 2026-10-16 | Days Remaining: 25
[2026-09-21 15:33:00] [INFO] [SUBSCRIPTION] hotel 2 | Expiry: 2026-10-17 | Days Remaining: 26
[2026-09-21 15:33:00] [INFO] ==================================================
[2026-09-21 15:33:00] [INFO] SUBSCRIPTION EXPIRY CRON COMPLETED
[2026-09-21 15:33:00] [INFO] ==================================================
[2026-09-21 15:34:00] [INFO] [SUBSCRIPTION] Expiry cron triggered
[2026-09-21 15:34:00] [INFO] ==================================================
[2026-09-21 15:34:00] [INFO] SUBSCRIPTION EXPIRY CRON STARTED
[2026-09-21 15:34:00] [INFO] ==================================================
[2026-09-21 15:34:00] [INFO] [SUBSCRIPTION] Current India Date: 2026-09-21
[2026-09-21 15:34:00] [INFO] [OVERSTAY] Cron triggered
[2026-09-21 15:34:00] [INFO] ==================================================
[2026-09-21 15:34:00] [INFO] OVERSTAY CRON STARTED
[2026-09-21 15:34:00] [INFO] ==================================================
[2026-09-21 15:34:00] [INFO] [OVERSTAY] Current India Date/Time: 21/09/2026 15:34:00
[2026-09-21 15:34:00] [INFO] [OVERSTAY] Timezone: Asia/Kolkata
[2026-09-21 15:34:00] [INFO] [OVERSTAY] Staying customers found: 0
[2026-09-21 15:34:00] [INFO] ==================================================
[2026-09-21 15:34:00] [INFO] OVERSTAY CRON COMPLETED
[2026-09-21 15:34:00] [INFO] ==================================================
[2026-09-21 15:34:00] [INFO] [SUBSCRIPTION] Subscriptions found: 2
[2026-09-21 15:34:00] [INFO] [SUBSCRIPTION] mani hotel | Expiry: 2026-10-16 | Days Remaining: 25
[2026-09-21 15:34:00] [INFO] [SUBSCRIPTION] hotel 2 | Expiry: 2026-10-17 | Days Remaining: 26
[2026-09-21 15:34:00] [INFO] ==================================================
[2026-09-21 15:34:00] [INFO] SUBSCRIPTION EXPIRY CRON COMPLETED
[2026-09-21 15:34:00] [INFO] ==================================================
[2026-09-21 15:35:00] [INFO] [SUBSCRIPTION] Expiry cron triggered
[2026-09-21 15:35:00] [INFO] ==================================================
[2026-09-21 15:35:00] [INFO] SUBSCRIPTION EXPIRY CRON STARTED
[2026-09-21 15:35:00] [INFO] ==================================================
[2026-09-21 15:35:00] [INFO] [SUBSCRIPTION] Current India Date: 2026-09-21
[2026-09-21 15:35:00] [INFO] [OVERSTAY] Cron triggered
[2026-09-21 15:35:00] [INFO] ==================================================
[2026-09-21 15:35:00] [INFO] OVERSTAY CRON STARTED
[2026-09-21 15:35:00] [INFO] ==================================================
[2026-09-21 15:35:00] [INFO] [OVERSTAY] Current India Date/Time: 21/09/2026 15:35:00
[2026-09-21 15:35:00] [INFO] [OVERSTAY] Timezone: Asia/Kolkata
[2026-09-21 15:35:00] [INFO] [OVERSTAY] Staying customers found: 0
[2026-09-21 15:35:00] [INFO] ==================================================
[2026-09-21 15:35:00] [INFO] OVERSTAY CRON COMPLETED
[2026-09-21 15:35:00] [INFO] ==================================================
[2026-09-21 15:35:00] [INFO] [SUBSCRIPTION] Subscriptions found: 2
[2026-09-21 15:35:00] [INFO] [SUBSCRIPTION] mani hotel | Expiry: 2026-10-16 | Days Remaining: 25
[2026-09-21 15:35:00] [INFO] [SUBSCRIPTION] hotel 2 | Expiry: 2026-10-17 | Days Remaining: 26
[2026-09-21 15:35:00] [INFO] ==================================================
[2026-09-21 15:35:00] [INFO] SUBSCRIPTION EXPIRY CRON COMPLETED
[2026-09-21 15:35:00] [INFO] ==================================================
[2026-09-21 15:36:00] [INFO] [SUBSCRIPTION] Expiry cron triggered
[2026-09-21 15:36:00] [INFO] ==================================================
[2026-09-21 15:36:00] [INFO] SUBSCRIPTION EXPIRY CRON STARTED
[2026-09-21 15:36:00] [INFO] ==================================================
[2026-09-21 15:36:00] [INFO] [SUBSCRIPTION] Current India Date: 2026-09-21
[2026-09-21 15:36:00] [INFO] [OVERSTAY] Cron triggered
[2026-09-21 15:36:00] [INFO] ==================================================
[2026-09-21 15:36:00] [INFO] OVERSTAY CRON STARTED
[2026-09-21 15:36:00] [INFO] ==================================================
[2026-09-21 15:36:00] [INFO] [OVERSTAY] Current India Date/Time: 21/09/2026 15:36:00
[2026-09-21 15:36:00] [INFO] [OVERSTAY] Timezone: Asia/Kolkata
[2026-09-21 15:36:00] [INFO] [OVERSTAY] Staying customers found: 0
[2026-09-21 15:36:00] [INFO] ==================================================
[2026-09-21 15:36:00] [INFO] OVERSTAY CRON COMPLETED
[2026-09-21 15:36:00] [INFO] ==================================================
[2026-09-21 15:36:00] [INFO] [SUBSCRIPTION] Subscriptions found: 2
[2026-09-21 15:36:00] [INFO] [SUBSCRIPTION] mani hotel | Expiry: 2026-10-16 | Days Remaining: 25
[2026-09-21 15:36:00] [INFO] [SUBSCRIPTION] hotel 2 | Expiry: 2026-10-17 | Days Remaining: 26
[2026-09-21 15:36:00] [INFO] ==================================================
[2026-09-21 15:36:00] [INFO] SUBSCRIPTION EXPIRY CRON COMPLETED
[2026-09-21 15:36:00] [INFO] ==================================================
[2026-09-21 15:36:03] [INFO] [Permission Verify] Allowed. User: 6ab0f2913d50939a5cdf480a, Permission: dashboard
[2026-09-21 15:36:03] [INFO] [Permission Verify] Allowed. User: 6ab0f2913d50939a5cdf480a, Permission: dashboard
[2026-09-21 15:36:05] [INFO] INFO
[2026-09-21 15:36:05] [INFO] INFO
[2026-09-21 15:36:08] [INFO] [Permission Verify] Allowed. User: 6ab0f2913d50939a5cdf480a, Permission: serviceManagement
[2026-09-21 15:36:08] [INFO] INFO
[2026-09-21 15:36:08] [INFO] [Permission Verify] Allowed. User: 6ab0f2913d50939a5cdf480a, Permission: serviceManagement
[2026-09-21 15:36:08] [INFO] INFO
[2026-09-21 15:36:09] [INFO] [Permission Verify] Allowed. User: 6ab0f2913d50939a5cdf480a, Permission: customer
[2026-09-21 15:36:09] [INFO] [Permission Verify] Allowed. User: 6ab0f2913d50939a5cdf480a, Permission: customer
[2026-09-21 15:36:21] [INFO] [Permission Verify] Allowed. User: 6ab0f2913d50939a5cdf480a, Permission: settings
[2026-09-21 15:36:21] [INFO] [Settings] GET started. userId=6ab0f2913d50939a5cdf480a
[2026-09-21 15:36:21] [INFO] [Settings] Tenant resolved. hotelId=6aaa540d5c80eba3c908a921, branchId=6aaa540d5c80eba3c908a923
[2026-09-21 15:36:21] [INFO] [Settings] Verifying branch ownership. hotelId=6aaa540d5c80eba3c908a921, branchId=6aaa540d5c80eba3c908a923
[2026-09-21 15:36:21] [INFO] [Settings] Searching settings. hotelId=6aaa540d5c80eba3c908a921, branchId=6aaa540d5c80eba3c908a923
[2026-09-21 15:36:21] [INFO] [Settings] GET successful. settingsId=6aae48e19d684dd4a1717e04, hotelId=6aaa540d5c80eba3c908a921, branchId=6aaa540d5c80eba3c908a923
[2026-09-21 15:36:21] [INFO] [Permission Verify] Allowed. User: 6ab0f2913d50939a5cdf480a, Permission: settings
[2026-09-21 15:36:21] [INFO] [Settings] GET started. userId=6ab0f2913d50939a5cdf480a
[2026-09-21 15:36:21] [INFO] [Settings] Tenant resolved. hotelId=6aaa540d5c80eba3c908a921, branchId=6aaa540d5c80eba3c908a923
[2026-09-21 15:36:21] [INFO] [Settings] Verifying branch ownership. hotelId=6aaa540d5c80eba3c908a921, branchId=6aaa540d5c80eba3c908a923
[2026-09-21 15:36:21] [INFO] [Settings] Searching settings. hotelId=6aaa540d5c80eba3c908a921, branchId=6aaa540d5c80eba3c908a923
[2026-09-21 15:36:21] [INFO] [Settings] GET successful. settingsId=6aae48e19d684dd4a1717e04, hotelId=6aaa540d5c80eba3c908a921, branchId=6aaa540d5c80eba3c908a923
[2026-09-21 15:36:22] [INFO] [Permission Verify] Allowed. User: 6ab0f2913d50939a5cdf480a, Permission: users
[2026-09-21 15:36:22] [INFO] [getAllUsers] Loaded 2 users | Hotel ID: 6aaa540d5c80eba3c908a921 | Branch ID: 6aaa540d5c80eba3c908a923 | Subscription: 6aaa540d5c80eba3c908a922
[2026-09-21 15:36:22] [INFO] [Permission Verify] Allowed. User: 6ab0f2913d50939a5cdf480a, Permission: users
[2026-09-21 15:36:22] [INFO] [Permission Verify] Allowed. User: 6ab0f2913d50939a5cdf480a, Permission: users
[2026-09-21 15:36:22] [INFO] [getAllUsers] Loaded 2 users | Hotel ID: 6aaa540d5c80eba3c908a921 | Branch ID: 6aaa540d5c80eba3c908a923 | Subscription: 6aaa540d5c80eba3c908a922
[2026-09-21 15:36:22] [INFO] [getMySubscription] Loaded subscription 6aaa540d5c80eba3c908a922 | Hotel ID: 6aaa540d5c80eba3c908a921
[2026-09-21 15:36:22] [INFO] [Permission Verify] Allowed. User: 6ab0f2913d50939a5cdf480a, Permission: users
[2026-09-21 15:36:22] [INFO] [Permission Verify] Forbidden. User: 6ab0f2913d50939a5cdf480a, Role: receptionist, Permission: plans
[2026-09-21 15:36:22] [INFO] [getMySubscription] Loaded subscription 6aaa540d5c80eba3c908a922 | Hotel ID: 6aaa540d5c80eba3c908a921
[2026-09-21 15:36:22] [INFO] [Permission Verify] Forbidden. User: 6ab0f2913d50939a5cdf480a, Role: receptionist, Permission: plans
[2026-09-21 15:36:31] [INFO] [LOGIN] Login request received for email: abdmani1718@gmail.com
[2026-09-21 15:36:37] [INFO] OTP sent to abdmani1718@gmail.com
[2026-09-21 15:36:37] [INFO] [LOGIN] OTP sent successfully to abdmani1718@gmail.com
[2026-09-21 15:36:48] [INFO] [LOGIN] OTP verified successfully. User: abdmani1718@gmail.com, Role: hotelOwner, Hotel: 6aaa540d5c80eba3c908a921, Branch: 6aaa540d5c80eba3c908a923
[2026-09-21 15:36:48] [INFO] [Permission Verify] Allowed. User: 6aaa540e5c80eba3c908a924, Permission: dashboard
[2026-09-21 15:36:48] [INFO] [Permission Verify] Allowed. User: 6aaa540e5c80eba3c908a924, Permission: dashboard
[2026-09-21 15:36:53] [INFO] [Permission Verify] Allowed. User: 6aaa540e5c80eba3c908a924, Permission: users
[2026-09-21 15:36:53] [INFO] [getAllUsers] Loaded 2 users | Hotel ID: 6aaa540d5c80eba3c908a921 | Branch ID: 6aaa540d5c80eba3c908a923 | Subscription: 6aaa540d5c80eba3c908a922
[2026-09-21 15:36:53] [INFO] [Permission Verify] Allowed. User: 6aaa540e5c80eba3c908a924, Permission: users
[2026-09-21 15:36:53] [INFO] [Permission Verify] Allowed. User: 6aaa540e5c80eba3c908a924, Permission: users
[2026-09-21 15:36:53] [INFO] [getAllUsers] Loaded 2 users | Hotel ID: 6aaa540d5c80eba3c908a921 | Branch ID: 6aaa540d5c80eba3c908a923 | Subscription: 6aaa540d5c80eba3c908a922
[2026-09-21 15:36:53] [INFO] [getMySubscription] Loaded subscription 6aaa540d5c80eba3c908a922 | Hotel ID: 6aaa540d5c80eba3c908a921
[2026-09-21 15:36:53] [INFO] [Permission Verify] Allowed. User: 6aaa540e5c80eba3c908a924, Permission: users
[2026-09-21 15:36:53] [INFO] [Permission Verify] Forbidden. User: 6aaa540e5c80eba3c908a924, Role: hotelOwner, Permission: plans
[2026-09-21 15:36:53] [INFO] [getMySubscription] Loaded subscription 6aaa540d5c80eba3c908a922 | Hotel ID: 6aaa540d5c80eba3c908a921
[2026-09-21 15:36:53] [INFO] [Permission Verify] Forbidden. User: 6aaa540e5c80eba3c908a924, Role: hotelOwner, Permission: plans
[2026-09-21 15:36:56] [INFO] [Permission Verify] Allowed. User: 6aaa540e5c80eba3c908a924, Permission: settings
[2026-09-21 15:36:56] [INFO] [Settings] GET started. userId=6aaa540e5c80eba3c908a924
[2026-09-21 15:36:56] [INFO] [Settings] Tenant resolved. hotelId=6aaa540d5c80eba3c908a921, branchId=6aaa540d5c80eba3c908a923
[2026-09-21 15:36:56] [INFO] [Settings] Verifying branch ownership. hotelId=6aaa540d5c80eba3c908a921, branchId=6aaa540d5c80eba3c908a923
[2026-09-21 15:36:56] [INFO] [Settings] Searching settings. hotelId=6aaa540d5c80eba3c908a921, branchId=6aaa540d5c80eba3c908a923
[2026-09-21 15:36:56] [INFO] [Settings] GET successful. settingsId=6aae48e19d684dd4a1717e04, hotelId=6aaa540d5c80eba3c908a921, branchId=6aaa540d5c80eba3c908a923
[2026-09-21 15:36:56] [INFO] [Permission Verify] Allowed. User: 6aaa540e5c80eba3c908a924, Permission: settings
[2026-09-21 15:36:56] [INFO] [Settings] GET started. userId=6aaa540e5c80eba3c908a924
[2026-09-21 15:36:56] [INFO] [Settings] Tenant resolved. hotelId=6aaa540d5c80eba3c908a921, branchId=6aaa540d5c80eba3c908a923
[2026-09-21 15:36:56] [INFO] [Settings] Verifying branch ownership. hotelId=6aaa540d5c80eba3c908a921, branchId=6aaa540d5c80eba3c908a923
[2026-09-21 15:36:56] [INFO] [Settings] Searching settings. hotelId=6aaa540d5c80eba3c908a921, branchId=6aaa540d5c80eba3c908a923
[2026-09-21 15:36:56] [INFO] [Settings] GET successful. settingsId=6aae48e19d684dd4a1717e04, hotelId=6aaa540d5c80eba3c908a921, branchId=6aaa540d5c80eba3c908a923
[2026-09-21 15:36:57] [INFO] [Permission Verify] Allowed. User: 6aaa540e5c80eba3c908a924, Permission: invoice
[2026-09-21 15:36:57] [INFO] [Invoice] Get all invoices started. hotelId=6aaa540d5c80eba3c908a921, branchId=6aaa540d5c80eba3c908a923
[2026-09-21 15:36:57] [INFO] [Invoice] Get all invoices completed. hotelId=6aaa540d5c80eba3c908a921, branchId=6aaa540d5c80eba3c908a923, count=1
[2026-09-21 15:36:57] [INFO] [Permission Verify] Allowed. User: 6aaa540e5c80eba3c908a924, Permission: invoice
[2026-09-21 15:36:57] [INFO] [Invoice] Get all invoices started. hotelId=6aaa540d5c80eba3c908a921, branchId=6aaa540d5c80eba3c908a923
[2026-09-21 15:36:57] [INFO] [Invoice] Get all invoices completed. hotelId=6aaa540d5c80eba3c908a921, branchId=6aaa540d5c80eba3c908a923, count=1
[2026-09-21 15:37:00] [INFO] [OVERSTAY] Cron triggered
[2026-09-21 15:37:00] [INFO] ==================================================
[2026-09-21 15:37:00] [INFO] OVERSTAY CRON STARTED
[2026-09-21 15:37:00] [INFO] ==================================================
[2026-09-21 15:37:00] [INFO] [OVERSTAY] Current India Date/Time: 21/09/2026 15:37:00
[2026-09-21 15:37:00] [INFO] [OVERSTAY] Timezone: Asia/Kolkata
[2026-09-21 15:37:00] [INFO] [SUBSCRIPTION] Expiry cron triggered
[2026-09-21 15:37:00] [INFO] ==================================================
[2026-09-21 15:37:00] [INFO] SUBSCRIPTION EXPIRY CRON STARTED
[2026-09-21 15:37:00] [INFO] ==================================================
[2026-09-21 15:37:00] [INFO] [SUBSCRIPTION] Current India Date: 2026-09-21
[2026-09-21 15:37:00] [INFO] [OVERSTAY] Staying customers found: 0
[2026-09-21 15:37:00] [INFO] ==================================================
[2026-09-21 15:37:00] [INFO] OVERSTAY CRON COMPLETED
[2026-09-21 15:37:00] [INFO] ==================================================
[2026-09-21 15:37:00] [INFO] [SUBSCRIPTION] Subscriptions found: 2
[2026-09-21 15:37:00] [INFO] [SUBSCRIPTION] mani hotel | Expiry: 2026-10-16 | Days Remaining: 25
[2026-09-21 15:37:00] [INFO] [SUBSCRIPTION] hotel 2 | Expiry: 2026-10-17 | Days Remaining: 26
[2026-09-21 15:37:00] [INFO] ==================================================
[2026-09-21 15:37:00] [INFO] SUBSCRIPTION EXPIRY CRON COMPLETED
[2026-09-21 15:37:00] [INFO] ==================================================
[2026-09-21 15:38:00] [INFO] [OVERSTAY] Cron triggered
[2026-09-21 15:38:00] [INFO] ==================================================
[2026-09-21 15:38:00] [INFO] OVERSTAY CRON STARTED
[2026-09-21 15:38:00] [INFO] ==================================================
[2026-09-21 15:38:00] [INFO] [OVERSTAY] Current India Date/Time: 21/09/2026 15:38:00
[2026-09-21 15:38:00] [INFO] [OVERSTAY] Timezone: Asia/Kolkata
[2026-09-21 15:38:00] [INFO] [SUBSCRIPTION] Expiry cron triggered
[2026-09-21 15:38:00] [INFO] ==================================================
[2026-09-21 15:38:00] [INFO] SUBSCRIPTION EXPIRY CRON STARTED
[2026-09-21 15:38:00] [INFO] ==================================================
[2026-09-21 15:38:00] [INFO] [SUBSCRIPTION] Current India Date: 2026-09-21
[2026-09-21 15:38:00] [INFO] [OVERSTAY] Staying customers found: 0
[2026-09-21 15:38:00] [INFO] ==================================================
[2026-09-21 15:38:00] [INFO] OVERSTAY CRON COMPLETED
[2026-09-21 15:38:00] [INFO] ==================================================
[2026-09-21 15:38:00] [INFO] [SUBSCRIPTION] Subscriptions found: 2
[2026-09-21 15:38:00] [INFO] [SUBSCRIPTION] mani hotel | Expiry: 2026-10-16 | Days Remaining: 25
[2026-09-21 15:38:00] [INFO] [SUBSCRIPTION] hotel 2 | Expiry: 2026-10-17 | Days Remaining: 26
[2026-09-21 15:38:00] [INFO] ==================================================
[2026-09-21 15:38:00] [INFO] SUBSCRIPTION EXPIRY CRON COMPLETED
[2026-09-21 15:38:00] [INFO] ==================================================
[2026-09-21 15:38:04] [INFO] INFO
[2026-09-21 15:38:04] [INFO] INFO
[2026-09-21 15:38:11] [INFO] [Permission Verify] Allowed. User: 6ab0f2913d50939a5cdf480a, Permission: serviceManagement
[2026-09-21 15:38:12] [INFO] INFO
[2026-09-21 15:38:12] [INFO] [Permission Verify] Allowed. User: 6ab0f2913d50939a5cdf480a, Permission: serviceManagement
[2026-09-21 15:38:12] [INFO] INFO
[2026-09-21 15:38:13] [INFO] [Permission Verify] Allowed. User: 6ab0f2913d50939a5cdf480a, Permission: customer
[2026-09-21 15:38:13] [INFO] [Permission Verify] Allowed. User: 6ab0f2913d50939a5cdf480a, Permission: customer
[2026-09-21 15:38:15] [INFO] [Permission Verify] Allowed. User: 6ab0f2913d50939a5cdf480a, Permission: settings
[2026-09-21 15:38:15] [INFO] [Settings] GET started. userId=6ab0f2913d50939a5cdf480a
[2026-09-21 15:38:15] [INFO] [Settings] Tenant resolved. hotelId=6aaa540d5c80eba3c908a921, branchId=6aaa540d5c80eba3c908a923
[2026-09-21 15:38:15] [INFO] [Settings] Verifying branch ownership. hotelId=6aaa540d5c80eba3c908a921, branchId=6aaa540d5c80eba3c908a923
[2026-09-21 15:38:15] [INFO] [Settings] Searching settings. hotelId=6aaa540d5c80eba3c908a921, branchId=6aaa540d5c80eba3c908a923
[2026-09-21 15:38:15] [INFO] [Settings] GET successful. settingsId=6aae48e19d684dd4a1717e04, hotelId=6aaa540d5c80eba3c908a921, branchId=6aaa540d5c80eba3c908a923
[2026-09-21 15:38:15] [INFO] [Permission Verify] Allowed. User: 6ab0f2913d50939a5cdf480a, Permission: settings
[2026-09-21 15:38:15] [INFO] [Settings] GET started. userId=6ab0f2913d50939a5cdf480a
[2026-09-21 15:38:15] [INFO] [Settings] Tenant resolved. hotelId=6aaa540d5c80eba3c908a921, branchId=6aaa540d5c80eba3c908a923
[2026-09-21 15:38:15] [INFO] [Settings] Verifying branch ownership. hotelId=6aaa540d5c80eba3c908a921, branchId=6aaa540d5c80eba3c908a923
[2026-09-21 15:38:15] [INFO] [Settings] Searching settings. hotelId=6aaa540d5c80eba3c908a921, branchId=6aaa540d5c80eba3c908a923
[2026-09-21 15:38:15] [INFO] [Settings] GET successful. settingsId=6aae48e19d684dd4a1717e04, hotelId=6aaa540d5c80eba3c908a921, branchId=6aaa540d5c80eba3c908a923
[2026-09-21 15:38:15] [INFO] [Permission Verify] Allowed. User: 6ab0f2913d50939a5cdf480a, Permission: users
[2026-09-21 15:38:15] [INFO] [getAllUsers] Loaded 2 users | Hotel ID: 6aaa540d5c80eba3c908a921 | Branch ID: 6aaa540d5c80eba3c908a923 | Subscription: 6aaa540d5c80eba3c908a922
[2026-09-21 15:38:15] [INFO] [Permission Verify] Allowed. User: 6ab0f2913d50939a5cdf480a, Permission: users
[2026-09-21 15:38:15] [INFO] [Permission Verify] Allowed. User: 6ab0f2913d50939a5cdf480a, Permission: users
[2026-09-21 15:38:15] [INFO] [getAllUsers] Loaded 2 users | Hotel ID: 6aaa540d5c80eba3c908a921 | Branch ID: 6aaa540d5c80eba3c908a923 | Subscription: 6aaa540d5c80eba3c908a922
[2026-09-21 15:38:16] [INFO] [getMySubscription] Loaded subscription 6aaa540d5c80eba3c908a922 | Hotel ID: 6aaa540d5c80eba3c908a921
[2026-09-21 15:38:16] [INFO] [Permission Verify] Allowed. User: 6ab0f2913d50939a5cdf480a, Permission: users
[2026-09-21 15:38:16] [INFO] [Permission Verify] Forbidden. User: 6ab0f2913d50939a5cdf480a, Role: receptionist, Permission: plans
[2026-09-21 15:38:16] [INFO] [getMySubscription] Loaded subscription 6aaa540d5c80eba3c908a922 | Hotel ID: 6aaa540d5c80eba3c908a921
[2026-09-21 15:38:16] [INFO] [Permission Verify] Forbidden. User: 6ab0f2913d50939a5cdf480a, Role: receptionist, Permission: plans
[2026-09-21 15:38:40] [INFO] [Permission Verify] Allowed. User: 6ab0f2913d50939a5cdf480a, Permission: dashboard
[2026-09-21 15:38:40] [INFO] [Permission Verify] Allowed. User: 6ab0f2913d50939a5cdf480a, Permission: dashboard
[2026-09-21 15:38:43] [INFO] User logged out: abd recep
[2026-09-21 15:38:49] [INFO] [LOGIN] Login request received for email: manikandan@jayamwebsolutions.com
[2026-09-21 15:38:53] [INFO] OTP sent to manikandan@jayamwebsolutions.com
[2026-09-21 15:38:53] [INFO] [LOGIN] OTP sent successfully to manikandan@jayamwebsolutions.com
[2026-09-21 15:39:00] [INFO] [OVERSTAY] Cron triggered
[2026-09-21 15:39:00] [INFO] ==================================================
[2026-09-21 15:39:00] [INFO] OVERSTAY CRON STARTED
[2026-09-21 15:39:00] [INFO] ==================================================
[2026-09-21 15:39:00] [INFO] [OVERSTAY] Current India Date/Time: 21/09/2026 15:39:00
[2026-09-21 15:39:00] [INFO] [OVERSTAY] Timezone: Asia/Kolkata
[2026-09-21 15:39:00] [INFO] [SUBSCRIPTION] Expiry cron triggered
[2026-09-21 15:39:00] [INFO] ==================================================
[2026-09-21 15:39:00] [INFO] SUBSCRIPTION EXPIRY CRON STARTED
[2026-09-21 15:39:00] [INFO] ==================================================
[2026-09-21 15:39:00] [INFO] [SUBSCRIPTION] Current India Date: 2026-09-21
[2026-09-21 15:39:00] [INFO] [OVERSTAY] Staying customers found: 0
[2026-09-21 15:39:00] [INFO] ==================================================
[2026-09-21 15:39:00] [INFO] OVERSTAY CRON COMPLETED
[2026-09-21 15:39:00] [INFO] ==================================================
[2026-09-21 15:39:00] [INFO] [SUBSCRIPTION] Subscriptions found: 2
[2026-09-21 15:39:00] [INFO] [SUBSCRIPTION] mani hotel | Expiry: 2026-10-16 | Days Remaining: 25
[2026-09-21 15:39:00] [INFO] [SUBSCRIPTION] hotel 2 | Expiry: 2026-10-17 | Days Remaining: 26
[2026-09-21 15:39:00] [INFO] ==================================================
[2026-09-21 15:39:00] [INFO] SUBSCRIPTION EXPIRY CRON COMPLETED
[2026-09-21 15:39:00] [INFO] ==================================================
[2026-09-21 15:39:40] [INFO] [LOGIN] OTP verified successfully. User: manikandan@jayamwebsolutions.com, Role: admin, Hotel: N/A, Branch: N/A
[2026-09-21 15:39:40] [INFO] Hotel registrations retrieved successfully. Total registrations: 2
[2026-09-21 15:39:40] [INFO] Hotel registrations retrieved successfully. Total registrations: 2
[2026-09-21 15:39:40] [INFO] Hotel registrations retrieved successfully. Total registrations: 2
[2026-09-21 15:39:40] [INFO] Hotel registrations retrieved successfully. Total registrations: 2
[2026-09-21 15:39:44] [INFO] Hotel registrations retrieved successfully. Total registrations: 2
[2026-09-21 15:39:44] [INFO] Hotel registrations retrieved successfully. Total registrations: 2
[2026-09-21 15:39:48] [INFO] Hotel registrations retrieved successfully. Total registrations: 2
[2026-09-21 15:39:48] [INFO] Hotel registrations retrieved successfully. Total registrations: 2
[2026-09-21 15:39:50] [INFO] Hotel registrations retrieved successfully. Total registrations: 2
[2026-09-21 15:39:50] [INFO] Hotel registrations retrieved successfully. Total registrations: 2
[2026-09-21 15:39:50] [INFO] Hotel registrations retrieved successfully. Total registrations: 2
[2026-09-21 15:39:50] [INFO] Hotel registrations retrieved successfully. Total registrations: 2
[2026-09-21 15:39:51] [INFO] Hotel registrations retrieved successfully. Total registrations: 2
[2026-09-21 15:39:51] [INFO] Hotel registrations retrieved successfully. Total registrations: 2
[2026-09-21 15:39:53] [INFO] Hotel registrations retrieved successfully. Total registrations: 2
[2026-09-21 15:39:53] [INFO] Hotel registrations retrieved successfully. Total registrations: 2
[2026-09-21 15:39:54] [INFO] Hotel registrations retrieved successfully. Total registrations: 2
[2026-09-21 15:39:54] [INFO] Hotel registrations retrieved successfully. Total registrations: 2
[2026-09-21 15:39:54] [INFO] Hotel registrations retrieved successfully. Total registrations: 2
[2026-09-21 15:39:54] [INFO] Hotel registrations retrieved successfully. Total registrations: 2
[2026-09-21 15:39:57] [INFO] Hotel registrations retrieved successfully. Total registrations: 2
[2026-09-21 15:39:57] [INFO] Hotel registrations retrieved successfully. Total registrations: 2
[2026-09-21 15:39:57] [INFO] Hotel registrations retrieved successfully. Total registrations: 2
[2026-09-21 15:39:57] [INFO] Hotel registrations retrieved successfully. Total registrations: 2
[2026-09-21 15:40:00] [INFO] [OVERSTAY] Cron triggered
[2026-09-21 15:40:00] [INFO] ==================================================
[2026-09-21 15:40:00] [INFO] OVERSTAY CRON STARTED
[2026-09-21 15:40:00] [INFO] ==================================================
[2026-09-21 15:40:00] [INFO] [OVERSTAY] Current India Date/Time: 21/09/2026 15:40:00
[2026-09-21 15:40:00] [INFO] [OVERSTAY] Timezone: Asia/Kolkata
[2026-09-21 15:40:00] [INFO] [SUBSCRIPTION] Expiry cron triggered
[2026-09-21 15:40:00] [INFO] ==================================================
[2026-09-21 15:40:00] [INFO] SUBSCRIPTION EXPIRY CRON STARTED
[2026-09-21 15:40:00] [INFO] ==================================================
[2026-09-21 15:40:00] [INFO] [SUBSCRIPTION] Current India Date: 2026-09-21
[2026-09-21 15:40:00] [INFO] [OVERSTAY] Staying customers found: 0
[2026-09-21 15:40:00] [INFO] ==================================================
[2026-09-21 15:40:00] [INFO] OVERSTAY CRON COMPLETED
[2026-09-21 15:40:00] [INFO] ==================================================
[2026-09-21 15:40:00] [INFO] [SUBSCRIPTION] Subscriptions found: 2
[2026-09-21 15:40:00] [INFO] [SUBSCRIPTION] mani hotel | Expiry: 2026-10-16 | Days Remaining: 25
[2026-09-21 15:40:00] [INFO] [SUBSCRIPTION] hotel 2 | Expiry: 2026-10-17 | Days Remaining: 26
[2026-09-21 15:40:00] [INFO] ==================================================
[2026-09-21 15:40:00] [INFO] SUBSCRIPTION EXPIRY CRON COMPLETED
[2026-09-21 15:40:00] [INFO] ==================================================
[2026-09-21 15:41:00] [INFO] [OVERSTAY] Cron triggered
[2026-09-21 15:41:00] [INFO] ==================================================
[2026-09-21 15:41:00] [INFO] OVERSTAY CRON STARTED
[2026-09-21 15:41:00] [INFO] ==================================================
[2026-09-21 15:41:00] [INFO] [OVERSTAY] Current India Date/Time: 21/09/2026 15:41:00
[2026-09-21 15:41:00] [INFO] [OVERSTAY] Timezone: Asia/Kolkata
[2026-09-21 15:41:00] [INFO] [SUBSCRIPTION] Expiry cron triggered
[2026-09-21 15:41:00] [INFO] ==================================================
[2026-09-21 15:41:00] [INFO] SUBSCRIPTION EXPIRY CRON STARTED
[2026-09-21 15:41:00] [INFO] ==================================================
[2026-09-21 15:41:00] [INFO] [SUBSCRIPTION] Current India Date: 2026-09-21
[2026-09-21 15:41:00] [INFO] [OVERSTAY] Staying customers found: 0
[2026-09-21 15:41:00] [INFO] ==================================================
[2026-09-21 15:41:00] [INFO] OVERSTAY CRON COMPLETED
[2026-09-21 15:41:00] [INFO] ==================================================
[2026-09-21 15:41:00] [INFO] [SUBSCRIPTION] Subscriptions found: 2
[2026-09-21 15:41:00] [INFO] [SUBSCRIPTION] mani hotel | Expiry: 2026-10-16 | Days Remaining: 25
[2026-09-21 15:41:00] [INFO] [SUBSCRIPTION] hotel 2 | Expiry: 2026-10-17 | Days Remaining: 26
[2026-09-21 15:41:00] [INFO] ==================================================
[2026-09-21 15:41:00] [INFO] SUBSCRIPTION EXPIRY CRON COMPLETED
[2026-09-21 15:41:00] [INFO] ==================================================
[2026-09-21 15:42:00] [INFO] [OVERSTAY] Cron triggered
[2026-09-21 15:42:00] [INFO] ==================================================
[2026-09-21 15:42:00] [INFO] OVERSTAY CRON STARTED
[2026-09-21 15:42:00] [INFO] ==================================================
[2026-09-21 15:42:00] [INFO] [OVERSTAY] Current India Date/Time: 21/09/2026 15:42:00
[2026-09-21 15:42:00] [INFO] [OVERSTAY] Timezone: Asia/Kolkata
[2026-09-21 15:42:00] [INFO] [SUBSCRIPTION] Expiry cron triggered
[2026-09-21 15:42:00] [INFO] ==================================================
[2026-09-21 15:42:00] [INFO] SUBSCRIPTION EXPIRY CRON STARTED
[2026-09-21 15:42:00] [INFO] ==================================================
[2026-09-21 15:42:00] [INFO] [SUBSCRIPTION] Current India Date: 2026-09-21
[2026-09-21 15:42:00] [INFO] [OVERSTAY] Staying customers found: 0
[2026-09-21 15:42:00] [INFO] ==================================================
[2026-09-21 15:42:00] [INFO] OVERSTAY CRON COMPLETED
[2026-09-21 15:42:00] [INFO] ==================================================
[2026-09-21 15:42:00] [INFO] [SUBSCRIPTION] Subscriptions found: 2
[2026-09-21 15:42:00] [INFO] [SUBSCRIPTION] mani hotel | Expiry: 2026-10-16 | Days Remaining: 25
[2026-09-21 15:42:00] [INFO] [SUBSCRIPTION] hotel 2 | Expiry: 2026-10-17 | Days Remaining: 26
[2026-09-21 15:42:00] [INFO] ==================================================
[2026-09-21 15:42:00] [INFO] SUBSCRIPTION EXPIRY CRON COMPLETED
[2026-09-21 15:42:00] [INFO] ==================================================
[2026-09-21 15:43:00] [INFO] [SUBSCRIPTION] Expiry cron triggered
[2026-09-21 15:43:00] [INFO] ==================================================
[2026-09-21 15:43:00] [INFO] SUBSCRIPTION EXPIRY CRON STARTED
[2026-09-21 15:43:00] [INFO] ==================================================
[2026-09-21 15:43:00] [INFO] [SUBSCRIPTION] Current India Date: 2026-09-21
[2026-09-21 15:43:00] [INFO] [OVERSTAY] Cron triggered
[2026-09-21 15:43:00] [INFO] ==================================================
[2026-09-21 15:43:00] [INFO] OVERSTAY CRON STARTED
[2026-09-21 15:43:00] [INFO] ==================================================
[2026-09-21 15:43:00] [INFO] [OVERSTAY] Current India Date/Time: 21/09/2026 15:43:00
[2026-09-21 15:43:00] [INFO] [OVERSTAY] Timezone: Asia/Kolkata
[2026-09-21 15:43:00] [INFO] [OVERSTAY] Staying customers found: 0
[2026-09-21 15:43:00] [INFO] ==================================================
[2026-09-21 15:43:00] [INFO] OVERSTAY CRON COMPLETED
[2026-09-21 15:43:00] [INFO] ==================================================
[2026-09-21 15:43:00] [INFO] [SUBSCRIPTION] Subscriptions found: 2
[2026-09-21 15:43:00] [INFO] [SUBSCRIPTION] mani hotel | Expiry: 2026-10-16 | Days Remaining: 25
[2026-09-21 15:43:00] [INFO] [SUBSCRIPTION] hotel 2 | Expiry: 2026-10-17 | Days Remaining: 26
[2026-09-21 15:43:00] [INFO] ==================================================
[2026-09-21 15:43:00] [INFO] SUBSCRIPTION EXPIRY CRON COMPLETED
[2026-09-21 15:43:00] [INFO] ==================================================
[2026-09-21 15:43:34] [INFO] Hotel registrations retrieved successfully. Total registrations: 2
[2026-09-21 15:43:34] [INFO] Hotel registrations retrieved successfully. Total registrations: 2
[2026-09-21 15:44:00] [INFO] [SUBSCRIPTION] Expiry cron triggered
[2026-09-21 15:44:00] [INFO] ==================================================
[2026-09-21 15:44:00] [INFO] SUBSCRIPTION EXPIRY CRON STARTED
[2026-09-21 15:44:00] [INFO] ==================================================
[2026-09-21 15:44:00] [INFO] [SUBSCRIPTION] Current India Date: 2026-09-21
[2026-09-21 15:44:00] [INFO] [OVERSTAY] Cron triggered
[2026-09-21 15:44:00] [INFO] ==================================================
[2026-09-21 15:44:00] [INFO] OVERSTAY CRON STARTED
[2026-09-21 15:44:00] [INFO] ==================================================
[2026-09-21 15:44:00] [INFO] [OVERSTAY] Current India Date/Time: 21/09/2026 15:44:00
[2026-09-21 15:44:00] [INFO] [OVERSTAY] Timezone: Asia/Kolkata
[2026-09-21 15:44:00] [INFO] [OVERSTAY] Staying customers found: 0
[2026-09-21 15:44:00] [INFO] ==================================================
[2026-09-21 15:44:00] [INFO] OVERSTAY CRON COMPLETED
[2026-09-21 15:44:00] [INFO] ==================================================
[2026-09-21 15:44:00] [INFO] [SUBSCRIPTION] Subscriptions found: 2
[2026-09-21 15:44:00] [INFO] [SUBSCRIPTION] mani hotel | Expiry: 2026-10-16 | Days Remaining: 25
[2026-09-21 15:44:00] [INFO] [SUBSCRIPTION] hotel 2 | Expiry: 2026-10-17 | Days Remaining: 26
[2026-09-21 15:44:00] [INFO] ==================================================
[2026-09-21 15:44:00] [INFO] SUBSCRIPTION EXPIRY CRON COMPLETED
[2026-09-21 15:44:00] [INFO] ==================================================
[2026-09-21 15:45:00] [INFO] [SUBSCRIPTION] Expiry cron triggered
[2026-09-21 15:45:00] [INFO] ==================================================
[2026-09-21 15:45:00] [INFO] SUBSCRIPTION EXPIRY CRON STARTED
[2026-09-21 15:45:00] [INFO] ==================================================
[2026-09-21 15:45:00] [INFO] [SUBSCRIPTION] Current India Date: 2026-09-21
[2026-09-21 15:45:00] [INFO] [OVERSTAY] Cron triggered
[2026-09-21 15:45:00] [INFO] ==================================================
[2026-09-21 15:45:00] [INFO] OVERSTAY CRON STARTED
[2026-09-21 15:45:00] [INFO] ==================================================
[2026-09-21 15:45:00] [INFO] [OVERSTAY] Current India Date/Time: 21/09/2026 15:45:00
[2026-09-21 15:45:00] [INFO] [OVERSTAY] Timezone: Asia/Kolkata
[2026-09-21 15:45:00] [INFO] [OVERSTAY] Staying customers found: 0
[2026-09-21 15:45:00] [INFO] ==================================================
[2026-09-21 15:45:00] [INFO] OVERSTAY CRON COMPLETED
[2026-09-21 15:45:00] [INFO] ==================================================
[2026-09-21 15:45:00] [INFO] [SUBSCRIPTION] Subscriptions found: 2
[2026-09-21 15:45:00] [INFO] [SUBSCRIPTION] mani hotel | Expiry: 2026-10-16 | Days Remaining: 25
[2026-09-21 15:45:00] [INFO] [SUBSCRIPTION] hotel 2 | Expiry: 2026-10-17 | Days Remaining: 26
[2026-09-21 15:45:00] [INFO] ==================================================
[2026-09-21 15:45:00] [INFO] SUBSCRIPTION EXPIRY CRON COMPLETED
[2026-09-21 15:45:00] [INFO] ==================================================
[2026-09-21 15:46:00] [INFO] [SUBSCRIPTION] Expiry cron triggered
[2026-09-21 15:46:00] [INFO] ==================================================
[2026-09-21 15:46:00] [INFO] SUBSCRIPTION EXPIRY CRON STARTED
[2026-09-21 15:46:00] [INFO] ==================================================
[2026-09-21 15:46:00] [INFO] [SUBSCRIPTION] Current India Date: 2026-09-21
[2026-09-21 15:46:00] [INFO] [OVERSTAY] Cron triggered
[2026-09-21 15:46:00] [INFO] ==================================================
[2026-09-21 15:46:00] [INFO] OVERSTAY CRON STARTED
[2026-09-21 15:46:00] [INFO] ==================================================
[2026-09-21 15:46:00] [INFO] [OVERSTAY] Current India Date/Time: 21/09/2026 15:46:00
[2026-09-21 15:46:00] [INFO] [OVERSTAY] Timezone: Asia/Kolkata
[2026-09-21 15:46:00] [INFO] [OVERSTAY] Staying customers found: 0
[2026-09-21 15:46:00] [INFO] ==================================================
[2026-09-21 15:46:00] [INFO] OVERSTAY CRON COMPLETED
[2026-09-21 15:46:00] [INFO] ==================================================
[2026-09-21 15:46:00] [INFO] [SUBSCRIPTION] Subscriptions found: 2
[2026-09-21 15:46:00] [INFO] [SUBSCRIPTION] mani hotel | Expiry: 2026-10-16 | Days Remaining: 25
[2026-09-21 15:46:00] [INFO] [SUBSCRIPTION] hotel 2 | Expiry: 2026-10-17 | Days Remaining: 26
[2026-09-21 15:46:00] [INFO] ==================================================
[2026-09-21 15:46:00] [INFO] SUBSCRIPTION EXPIRY CRON COMPLETED
[2026-09-21 15:46:00] [INFO] ==================================================
[2026-09-21 15:47:00] [INFO] [SUBSCRIPTION] Expiry cron triggered
[2026-09-21 15:47:00] [INFO] ==================================================
[2026-09-21 15:47:00] [INFO] SUBSCRIPTION EXPIRY CRON STARTED
[2026-09-21 15:47:00] [INFO] ==================================================
[2026-09-21 15:47:00] [INFO] [SUBSCRIPTION] Current India Date: 2026-09-21
[2026-09-21 15:47:00] [INFO] [OVERSTAY] Cron triggered
[2026-09-21 15:47:00] [INFO] ==================================================
[2026-09-21 15:47:00] [INFO] OVERSTAY CRON STARTED
[2026-09-21 15:47:00] [INFO] ==================================================
[2026-09-21 15:47:00] [INFO] [OVERSTAY] Current India Date/Time: 21/09/2026 15:47:00
[2026-09-21 15:47:00] [INFO] [OVERSTAY] Timezone: Asia/Kolkata
[2026-09-21 15:47:00] [INFO] [OVERSTAY] Staying customers found: 0
[2026-09-21 15:47:00] [INFO] ==================================================
[2026-09-21 15:47:00] [INFO] OVERSTAY CRON COMPLETED
[2026-09-21 15:47:00] [INFO] ==================================================
[2026-09-21 15:47:00] [INFO] [SUBSCRIPTION] Subscriptions found: 2
[2026-09-21 15:47:00] [INFO] [SUBSCRIPTION] mani hotel | Expiry: 2026-10-16 | Days Remaining: 25
[2026-09-21 15:47:00] [INFO] [SUBSCRIPTION] hotel 2 | Expiry: 2026-10-17 | Days Remaining: 26
[2026-09-21 15:47:00] [INFO] ==================================================
[2026-09-21 15:47:00] [INFO] SUBSCRIPTION EXPIRY CRON COMPLETED
[2026-09-21 15:47:00] [INFO] ==================================================
[2026-09-21 15:48:00] [INFO] [SUBSCRIPTION] Expiry cron triggered
[2026-09-21 15:48:00] [INFO] ==================================================
[2026-09-21 15:48:00] [INFO] SUBSCRIPTION EXPIRY CRON STARTED
[2026-09-21 15:48:00] [INFO] ==================================================
[2026-09-21 15:48:00] [INFO] [SUBSCRIPTION] Current India Date: 2026-09-21
[2026-09-21 15:48:00] [INFO] [OVERSTAY] Cron triggered
[2026-09-21 15:48:00] [INFO] ==================================================
[2026-09-21 15:48:00] [INFO] OVERSTAY CRON STARTED
[2026-09-21 15:48:00] [INFO] ==================================================
[2026-09-21 15:48:00] [INFO] [OVERSTAY] Current India Date/Time: 21/09/2026 15:48:00
[2026-09-21 15:48:00] [INFO] [OVERSTAY] Timezone: Asia/Kolkata
[2026-09-21 15:48:00] [INFO] [OVERSTAY] Staying customers found: 0
[2026-09-21 15:48:00] [INFO] ==================================================
[2026-09-21 15:48:00] [INFO] OVERSTAY CRON COMPLETED
[2026-09-21 15:48:00] [INFO] ==================================================
[2026-09-21 15:48:00] [INFO] [SUBSCRIPTION] Subscriptions found: 2
[2026-09-21 15:48:00] [INFO] [SUBSCRIPTION] mani hotel | Expiry: 2026-10-16 | Days Remaining: 25
[2026-09-21 15:48:00] [INFO] [SUBSCRIPTION] hotel 2 | Expiry: 2026-10-17 | Days Remaining: 26
[2026-09-21 15:48:00] [INFO] ==================================================
[2026-09-21 15:48:00] [INFO] SUBSCRIPTION EXPIRY CRON COMPLETED
[2026-09-21 15:48:00] [INFO] ==================================================
[2026-09-21 15:49:00] [INFO] [SUBSCRIPTION] Expiry cron triggered
[2026-09-21 15:49:00] [INFO] ==================================================
[2026-09-21 15:49:00] [INFO] SUBSCRIPTION EXPIRY CRON STARTED
[2026-09-21 15:49:00] [INFO] ==================================================
[2026-09-21 15:49:00] [INFO] [SUBSCRIPTION] Current India Date: 2026-09-21
[2026-09-21 15:49:00] [INFO] [OVERSTAY] Cron triggered
[2026-09-21 15:49:00] [INFO] ==================================================
[2026-09-21 15:49:00] [INFO] OVERSTAY CRON STARTED
[2026-09-21 15:49:00] [INFO] ==================================================
[2026-09-21 15:49:00] [INFO] [OVERSTAY] Current India Date/Time: 21/09/2026 15:49:00
[2026-09-21 15:49:00] [INFO] [OVERSTAY] Timezone: Asia/Kolkata
[2026-09-21 15:49:00] [INFO] [OVERSTAY] Staying customers found: 0
[2026-09-21 15:49:00] [INFO] ==================================================
[2026-09-21 15:49:00] [INFO] OVERSTAY CRON COMPLETED
[2026-09-21 15:49:00] [INFO] ==================================================
[2026-09-21 15:49:00] [INFO] [SUBSCRIPTION] Subscriptions found: 2
[2026-09-21 15:49:00] [INFO] [SUBSCRIPTION] mani hotel | Expiry: 2026-10-16 | Days Remaining: 25
[2026-09-21 15:49:00] [INFO] [SUBSCRIPTION] hotel 2 | Expiry: 2026-10-17 | Days Remaining: 26
[2026-09-21 15:49:00] [INFO] ==================================================
[2026-09-21 15:49:00] [INFO] SUBSCRIPTION EXPIRY CRON COMPLETED
[2026-09-21 15:49:00] [INFO] ==================================================
[2026-09-21 15:50:00] [INFO] [OVERSTAY] Cron triggered
[2026-09-21 15:50:00] [INFO] ==================================================
[2026-09-21 15:50:00] [INFO] OVERSTAY CRON STARTED
[2026-09-21 15:50:00] [INFO] ==================================================
[2026-09-21 15:50:00] [INFO] [OVERSTAY] Current India Date/Time: 21/09/2026 15:50:00
[2026-09-21 15:50:00] [INFO] [OVERSTAY] Timezone: Asia/Kolkata
[2026-09-21 15:50:00] [INFO] [SUBSCRIPTION] Expiry cron triggered
[2026-09-21 15:50:00] [INFO] ==================================================
[2026-09-21 15:50:00] [INFO] SUBSCRIPTION EXPIRY CRON STARTED
[2026-09-21 15:50:00] [INFO] ==================================================
[2026-09-21 15:50:00] [INFO] [SUBSCRIPTION] Current India Date: 2026-09-21
[2026-09-21 15:50:00] [INFO] [OVERSTAY] Staying customers found: 0
[2026-09-21 15:50:00] [INFO] ==================================================
[2026-09-21 15:50:00] [INFO] OVERSTAY CRON COMPLETED
[2026-09-21 15:50:00] [INFO] ==================================================
[2026-09-21 15:50:00] [INFO] [SUBSCRIPTION] Subscriptions found: 2
[2026-09-21 15:50:00] [INFO] [SUBSCRIPTION] mani hotel | Expiry: 2026-10-16 | Days Remaining: 25
[2026-09-21 15:50:00] [INFO] [SUBSCRIPTION] hotel 2 | Expiry: 2026-10-17 | Days Remaining: 26
[2026-09-21 15:50:00] [INFO] ==================================================
[2026-09-21 15:50:00] [INFO] SUBSCRIPTION EXPIRY CRON COMPLETED
[2026-09-21 15:50:00] [INFO] ==================================================
[2026-09-21 15:51:00] [INFO] [OVERSTAY] Cron triggered
[2026-09-21 15:51:00] [INFO] ==================================================
[2026-09-21 15:51:00] [INFO] OVERSTAY CRON STARTED
[2026-09-21 15:51:00] [INFO] ==================================================
[2026-09-21 15:51:00] [INFO] [OVERSTAY] Current India Date/Time: 21/09/2026 15:51:00
[2026-09-21 15:51:00] [INFO] [OVERSTAY] Timezone: Asia/Kolkata
[2026-09-21 15:51:00] [INFO] [SUBSCRIPTION] Expiry cron triggered
[2026-09-21 15:51:00] [INFO] ==================================================
[2026-09-21 15:51:00] [INFO] SUBSCRIPTION EXPIRY CRON STARTED
[2026-09-21 15:51:00] [INFO] ==================================================
[2026-09-21 15:51:00] [INFO] [SUBSCRIPTION] Current India Date: 2026-09-21
[2026-09-21 15:51:00] [INFO] [OVERSTAY] Staying customers found: 0
[2026-09-21 15:51:00] [INFO] ==================================================
[2026-09-21 15:51:00] [INFO] OVERSTAY CRON COMPLETED
[2026-09-21 15:51:00] [INFO] ==================================================
[2026-09-21 15:51:00] [INFO] [SUBSCRIPTION] Subscriptions found: 2
[2026-09-21 15:51:00] [INFO] [SUBSCRIPTION] mani hotel | Expiry: 2026-10-16 | Days Remaining: 25
[2026-09-21 15:51:00] [INFO] [SUBSCRIPTION] hotel 2 | Expiry: 2026-10-17 | Days Remaining: 26
[2026-09-21 15:51:00] [INFO] ==================================================
[2026-09-21 15:51:00] [INFO] SUBSCRIPTION EXPIRY CRON COMPLETED
[2026-09-21 15:51:00] [INFO] ==================================================
[2026-09-21 15:52:00] [INFO] [OVERSTAY] Cron triggered
[2026-09-21 15:52:00] [INFO] ==================================================
[2026-09-21 15:52:00] [INFO] OVERSTAY CRON STARTED
[2026-09-21 15:52:00] [INFO] ==================================================
[2026-09-21 15:52:00] [INFO] [OVERSTAY] Current India Date/Time: 21/09/2026 15:52:00
[2026-09-21 15:52:00] [INFO] [OVERSTAY] Timezone: Asia/Kolkata
[2026-09-21 15:52:00] [INFO] [SUBSCRIPTION] Expiry cron triggered
[2026-09-21 15:52:00] [INFO] ==================================================
[2026-09-21 15:52:00] [INFO] SUBSCRIPTION EXPIRY CRON STARTED
[2026-09-21 15:52:00] [INFO] ==================================================
[2026-09-21 15:52:00] [INFO] [SUBSCRIPTION] Current India Date: 2026-09-21
[2026-09-21 15:52:00] [INFO] [OVERSTAY] Staying customers found: 0
[2026-09-21 15:52:00] [INFO] ==================================================
[2026-09-21 15:52:00] [INFO] OVERSTAY CRON COMPLETED
[2026-09-21 15:52:00] [INFO] ==================================================
[2026-09-21 15:52:00] [INFO] [SUBSCRIPTION] Subscriptions found: 2
[2026-09-21 15:52:00] [INFO] [SUBSCRIPTION] mani hotel | Expiry: 2026-10-16 | Days Remaining: 25
[2026-09-21 15:52:00] [INFO] [SUBSCRIPTION] hotel 2 | Expiry: 2026-10-17 | Days Remaining: 26
[2026-09-21 15:52:00] [INFO] ==================================================
[2026-09-21 15:52:00] [INFO] SUBSCRIPTION EXPIRY CRON COMPLETED
[2026-09-21 15:52:00] [INFO] ==================================================
[2026-09-21 15:53:00] [INFO] [OVERSTAY] Cron triggered
[2026-09-21 15:53:00] [INFO] ==================================================
[2026-09-21 15:53:00] [INFO] OVERSTAY CRON STARTED
[2026-09-21 15:53:00] [INFO] ==================================================
[2026-09-21 15:53:00] [INFO] [OVERSTAY] Current India Date/Time: 21/09/2026 15:53:00
[2026-09-21 15:53:00] [INFO] [OVERSTAY] Timezone: Asia/Kolkata
[2026-09-21 15:53:00] [INFO] [SUBSCRIPTION] Expiry cron triggered
[2026-09-21 15:53:00] [INFO] ==================================================
[2026-09-21 15:53:00] [INFO] SUBSCRIPTION EXPIRY CRON STARTED
[2026-09-21 15:53:00] [INFO] ==================================================
[2026-09-21 15:53:00] [INFO] [SUBSCRIPTION] Current India Date: 2026-09-21
[2026-09-21 15:53:00] [INFO] [OVERSTAY] Staying customers found: 0
[2026-09-21 15:53:00] [INFO] ==================================================
[2026-09-21 15:53:00] [INFO] OVERSTAY CRON COMPLETED
[2026-09-21 15:53:00] [INFO] ==================================================
[2026-09-21 15:53:00] [INFO] [SUBSCRIPTION] Subscriptions found: 2
[2026-09-21 15:53:00] [INFO] [SUBSCRIPTION] mani hotel | Expiry: 2026-10-16 | Days Remaining: 25
[2026-09-21 15:53:00] [INFO] [SUBSCRIPTION] hotel 2 | Expiry: 2026-10-17 | Days Remaining: 26
[2026-09-21 15:53:00] [INFO] ==================================================
[2026-09-21 15:53:00] [INFO] SUBSCRIPTION EXPIRY CRON COMPLETED
[2026-09-21 15:53:00] [INFO] ==================================================
[2026-09-21 15:54:00] [INFO] [OVERSTAY] Cron triggered
[2026-09-21 15:54:00] [INFO] ==================================================
[2026-09-21 15:54:00] [INFO] OVERSTAY CRON STARTED
[2026-09-21 15:54:00] [INFO] ==================================================
[2026-09-21 15:54:00] [INFO] [OVERSTAY] Current India Date/Time: 21/09/2026 15:54:00
[2026-09-21 15:54:00] [INFO] [OVERSTAY] Timezone: Asia/Kolkata
[2026-09-21 15:54:00] [INFO] [SUBSCRIPTION] Expiry cron triggered
[2026-09-21 15:54:00] [INFO] ==================================================
[2026-09-21 15:54:00] [INFO] SUBSCRIPTION EXPIRY CRON STARTED
[2026-09-21 15:54:00] [INFO] ==================================================
[2026-09-21 15:54:00] [INFO] [SUBSCRIPTION] Current India Date: 2026-09-21
[2026-09-21 15:54:00] [INFO] [OVERSTAY] Staying customers found: 0
[2026-09-21 15:54:00] [INFO] ==================================================
[2026-09-21 15:54:00] [INFO] OVERSTAY CRON COMPLETED
[2026-09-21 15:54:00] [INFO] ==================================================
[2026-09-21 15:54:00] [INFO] [SUBSCRIPTION] Subscriptions found: 2
[2026-09-21 15:54:00] [INFO] [SUBSCRIPTION] mani hotel | Expiry: 2026-10-16 | Days Remaining: 25
[2026-09-21 15:54:00] [INFO] [SUBSCRIPTION] hotel 2 | Expiry: 2026-10-17 | Days Remaining: 26
[2026-09-21 15:54:00] [INFO] ==================================================
[2026-09-21 15:54:00] [INFO] SUBSCRIPTION EXPIRY CRON COMPLETED
[2026-09-21 15:54:00] [INFO] ==================================================
[2026-09-21 15:55:00] [INFO] [SUBSCRIPTION] Expiry cron triggered
[2026-09-21 15:55:00] [INFO] ==================================================
[2026-09-21 15:55:00] [INFO] SUBSCRIPTION EXPIRY CRON STARTED
[2026-09-21 15:55:00] [INFO] ==================================================
[2026-09-21 15:55:00] [INFO] [SUBSCRIPTION] Current India Date: 2026-09-21
[2026-09-21 15:55:00] [INFO] [OVERSTAY] Cron triggered
[2026-09-21 15:55:00] [INFO] ==================================================
[2026-09-21 15:55:00] [INFO] OVERSTAY CRON STARTED
[2026-09-21 15:55:00] [INFO] ==================================================
[2026-09-21 15:55:00] [INFO] [OVERSTAY] Current India Date/Time: 21/09/2026 15:55:00
[2026-09-21 15:55:00] [INFO] [OVERSTAY] Timezone: Asia/Kolkata
[2026-09-21 15:55:00] [INFO] [OVERSTAY] Staying customers found: 0
[2026-09-21 15:55:00] [INFO] ==================================================
[2026-09-21 15:55:00] [INFO] OVERSTAY CRON COMPLETED
[2026-09-21 15:55:00] [INFO] ==================================================
[2026-09-21 15:55:00] [INFO] [SUBSCRIPTION] Subscriptions found: 2
[2026-09-21 15:55:00] [INFO] [SUBSCRIPTION] mani hotel | Expiry: 2026-10-16 | Days Remaining: 25
[2026-09-21 15:55:00] [INFO] [SUBSCRIPTION] hotel 2 | Expiry: 2026-10-17 | Days Remaining: 26
[2026-09-21 15:55:00] [INFO] ==================================================
[2026-09-21 15:55:00] [INFO] SUBSCRIPTION EXPIRY CRON COMPLETED
[2026-09-21 15:55:00] [INFO] ==================================================
[2026-09-21 15:56:00] [INFO] [SUBSCRIPTION] Expiry cron triggered
[2026-09-21 15:56:00] [INFO] ==================================================
[2026-09-21 15:56:00] [INFO] SUBSCRIPTION EXPIRY CRON STARTED
[2026-09-21 15:56:00] [INFO] ==================================================
[2026-09-21 15:56:00] [INFO] [SUBSCRIPTION] Current India Date: 2026-09-21
[2026-09-21 15:56:00] [INFO] [OVERSTAY] Cron triggered
[2026-09-21 15:56:00] [INFO] ==================================================
[2026-09-21 15:56:00] [INFO] OVERSTAY CRON STARTED
[2026-09-21 15:56:00] [INFO] ==================================================
[2026-09-21 15:56:00] [INFO] [OVERSTAY] Current India Date/Time: 21/09/2026 15:56:00
[2026-09-21 15:56:00] [INFO] [OVERSTAY] Timezone: Asia/Kolkata
[2026-09-21 15:56:00] [INFO] [OVERSTAY] Staying customers found: 0
[2026-09-21 15:56:00] [INFO] ==================================================
[2026-09-21 15:56:00] [INFO] OVERSTAY CRON COMPLETED
[2026-09-21 15:56:00] [INFO] ==================================================
[2026-09-21 15:56:00] [INFO] [SUBSCRIPTION] Subscriptions found: 2
[2026-09-21 15:56:00] [INFO] [SUBSCRIPTION] mani hotel | Expiry: 2026-10-16 | Days Remaining: 25
[2026-09-21 15:56:00] [INFO] [SUBSCRIPTION] hotel 2 | Expiry: 2026-10-17 | Days Remaining: 26
[2026-09-21 15:56:00] [INFO] ==================================================
[2026-09-21 15:56:00] [INFO] SUBSCRIPTION EXPIRY CRON COMPLETED
[2026-09-21 15:56:00] [INFO] ==================================================
[2026-09-21 15:57:00] [INFO] [SUBSCRIPTION] Expiry cron triggered
[2026-09-21 15:57:00] [INFO] ==================================================
[2026-09-21 15:57:00] [INFO] SUBSCRIPTION EXPIRY CRON STARTED
[2026-09-21 15:57:00] [INFO] ==================================================
[2026-09-21 15:57:00] [INFO] [SUBSCRIPTION] Current India Date: 2026-09-21
[2026-09-21 15:57:00] [INFO] [OVERSTAY] Cron triggered
[2026-09-21 15:57:00] [INFO] ==================================================
[2026-09-21 15:57:00] [INFO] OVERSTAY CRON STARTED
[2026-09-21 15:57:00] [INFO] ==================================================
[2026-09-21 15:57:00] [INFO] [OVERSTAY] Current India Date/Time: 21/09/2026 15:57:00
[2026-09-21 15:57:00] [INFO] [OVERSTAY] Timezone: Asia/Kolkata
[2026-09-21 15:57:00] [INFO] [OVERSTAY] Staying customers found: 0
[2026-09-21 15:57:00] [INFO] ==================================================
[2026-09-21 15:57:00] [INFO] OVERSTAY CRON COMPLETED
[2026-09-21 15:57:00] [INFO] ==================================================
[2026-09-21 15:57:00] [INFO] [SUBSCRIPTION] Subscriptions found: 2
[2026-09-21 15:57:00] [INFO] [SUBSCRIPTION] mani hotel | Expiry: 2026-10-16 | Days Remaining: 25
[2026-09-21 15:57:00] [INFO] [SUBSCRIPTION] hotel 2 | Expiry: 2026-10-17 | Days Remaining: 26
[2026-09-21 15:57:00] [INFO] ==================================================
[2026-09-21 15:57:00] [INFO] SUBSCRIPTION EXPIRY CRON COMPLETED
[2026-09-21 15:57:00] [INFO] ==================================================
[2026-09-21 15:58:00] [INFO] [SUBSCRIPTION] Expiry cron triggered
[2026-09-21 15:58:00] [INFO] ==================================================
[2026-09-21 15:58:00] [INFO] SUBSCRIPTION EXPIRY CRON STARTED
[2026-09-21 15:58:00] [INFO] ==================================================
[2026-09-21 15:58:00] [INFO] [SUBSCRIPTION] Current India Date: 2026-09-21
[2026-09-21 15:58:00] [INFO] [OVERSTAY] Cron triggered
[2026-09-21 15:58:00] [INFO] ==================================================
[2026-09-21 15:58:00] [INFO] OVERSTAY CRON STARTED
[2026-09-21 15:58:00] [INFO] ==================================================
[2026-09-21 15:58:00] [INFO] [OVERSTAY] Current India Date/Time: 21/09/2026 15:58:00
[2026-09-21 15:58:00] [INFO] [OVERSTAY] Timezone: Asia/Kolkata
[2026-09-21 15:58:00] [INFO] [OVERSTAY] Staying customers found: 0
[2026-09-21 15:58:00] [INFO] ==================================================
[2026-09-21 15:58:00] [INFO] OVERSTAY CRON COMPLETED
[2026-09-21 15:58:00] [INFO] ==================================================
[2026-09-21 15:58:00] [INFO] [SUBSCRIPTION] Subscriptions found: 2
[2026-09-21 15:58:00] [INFO] [SUBSCRIPTION] mani hotel | Expiry: 2026-10-16 | Days Remaining: 25
[2026-09-21 15:58:00] [INFO] [SUBSCRIPTION] hotel 2 | Expiry: 2026-10-17 | Days Remaining: 26
[2026-09-21 15:58:00] [INFO] ==================================================
[2026-09-21 15:58:00] [INFO] SUBSCRIPTION EXPIRY CRON COMPLETED
[2026-09-21 15:58:00] [INFO] ==================================================
[2026-09-21 15:59:00] [INFO] [SUBSCRIPTION] Expiry cron triggered
[2026-09-21 15:59:00] [INFO] ==================================================
[2026-09-21 15:59:00] [INFO] SUBSCRIPTION EXPIRY CRON STARTED
[2026-09-21 15:59:00] [INFO] ==================================================
[2026-09-21 15:59:00] [INFO] [SUBSCRIPTION] Current India Date: 2026-09-21
[2026-09-21 15:59:00] [INFO] [OVERSTAY] Cron triggered
[2026-09-21 15:59:00] [INFO] ==================================================
[2026-09-21 15:59:00] [INFO] OVERSTAY CRON STARTED
[2026-09-21 15:59:00] [INFO] ==================================================
[2026-09-21 15:59:00] [INFO] [OVERSTAY] Current India Date/Time: 21/09/2026 15:59:00
[2026-09-21 15:59:00] [INFO] [OVERSTAY] Timezone: Asia/Kolkata
[2026-09-21 15:59:00] [INFO] [OVERSTAY] Staying customers found: 0
[2026-09-21 15:59:00] [INFO] ==================================================
[2026-09-21 15:59:00] [INFO] OVERSTAY CRON COMPLETED
[2026-09-21 15:59:00] [INFO] ==================================================
[2026-09-21 15:59:00] [INFO] [SUBSCRIPTION] Subscriptions found: 2
[2026-09-21 15:59:00] [INFO] [SUBSCRIPTION] mani hotel | Expiry: 2026-10-16 | Days Remaining: 25
[2026-09-21 15:59:00] [INFO] [SUBSCRIPTION] hotel 2 | Expiry: 2026-10-17 | Days Remaining: 26
[2026-09-21 15:59:00] [INFO] ==================================================
[2026-09-21 15:59:00] [INFO] SUBSCRIPTION EXPIRY CRON COMPLETED
[2026-09-21 15:59:00] [INFO] ==================================================
[2026-09-21 16:00:00] [INFO] [SUBSCRIPTION] Expiry cron triggered
[2026-09-21 16:00:00] [INFO] ==================================================
[2026-09-21 16:00:00] [INFO] SUBSCRIPTION EXPIRY CRON STARTED
[2026-09-21 16:00:00] [INFO] ==================================================
[2026-09-21 16:00:00] [INFO] [SUBSCRIPTION] Current India Date: 2026-09-21
[2026-09-21 16:00:00] [INFO] [OVERSTAY] Cron triggered
[2026-09-21 16:00:00] [INFO] ==================================================
[2026-09-21 16:00:00] [INFO] OVERSTAY CRON STARTED
[2026-09-21 16:00:00] [INFO] ==================================================
[2026-09-21 16:00:00] [INFO] [OVERSTAY] Current India Date/Time: 21/09/2026 16:00:00
[2026-09-21 16:00:00] [INFO] [OVERSTAY] Timezone: Asia/Kolkata
[2026-09-21 16:00:00] [INFO] [OVERSTAY] Staying customers found: 0
[2026-09-21 16:00:00] [INFO] ==================================================
[2026-09-21 16:00:00] [INFO] OVERSTAY CRON COMPLETED
[2026-09-21 16:00:00] [INFO] ==================================================
[2026-09-21 16:00:00] [INFO] [SUBSCRIPTION] Subscriptions found: 2
[2026-09-21 16:00:00] [INFO] [SUBSCRIPTION] mani hotel | Expiry: 2026-10-16 | Days Remaining: 25
[2026-09-21 16:00:00] [INFO] [SUBSCRIPTION] hotel 2 | Expiry: 2026-10-17 | Days Remaining: 26
[2026-09-21 16:00:00] [INFO] ==================================================
[2026-09-21 16:00:00] [INFO] SUBSCRIPTION EXPIRY CRON COMPLETED
[2026-09-21 16:00:00] [INFO] ==================================================
[2026-09-21 16:01:00] [INFO] [OVERSTAY] Cron triggered
[2026-09-21 16:01:00] [INFO] ==================================================
[2026-09-21 16:01:00] [INFO] OVERSTAY CRON STARTED
[2026-09-21 16:01:00] [INFO] ==================================================
[2026-09-21 16:01:00] [INFO] [OVERSTAY] Current India Date/Time: 21/09/2026 16:01:00
[2026-09-21 16:01:00] [INFO] [OVERSTAY] Timezone: Asia/Kolkata
[2026-09-21 16:01:00] [INFO] [SUBSCRIPTION] Expiry cron triggered
[2026-09-21 16:01:00] [INFO] ==================================================
[2026-09-21 16:01:00] [INFO] SUBSCRIPTION EXPIRY CRON STARTED
[2026-09-21 16:01:00] [INFO] ==================================================
[2026-09-21 16:01:00] [INFO] [SUBSCRIPTION] Current India Date: 2026-09-21
[2026-09-21 16:01:00] [INFO] [OVERSTAY] Staying customers found: 0
[2026-09-21 16:01:00] [INFO] ==================================================
[2026-09-21 16:01:00] [INFO] OVERSTAY CRON COMPLETED
[2026-09-21 16:01:00] [INFO] ==================================================
[2026-09-21 16:01:00] [INFO] [SUBSCRIPTION] Subscriptions found: 2
[2026-09-21 16:01:00] [INFO] [SUBSCRIPTION] mani hotel | Expiry: 2026-10-16 | Days Remaining: 25
[2026-09-21 16:01:00] [INFO] [SUBSCRIPTION] hotel 2 | Expiry: 2026-10-17 | Days Remaining: 26
[2026-09-21 16:01:00] [INFO] ==================================================
[2026-09-21 16:01:00] [INFO] SUBSCRIPTION EXPIRY CRON COMPLETED
[2026-09-21 16:01:00] [INFO] ==================================================
[2026-09-21 16:02:00] [INFO] [OVERSTAY] Cron triggered
[2026-09-21 16:02:00] [INFO] ==================================================
[2026-09-21 16:02:00] [INFO] OVERSTAY CRON STARTED
[2026-09-21 16:02:00] [INFO] ==================================================
[2026-09-21 16:02:00] [INFO] [OVERSTAY] Current India Date/Time: 21/09/2026 16:02:00
[2026-09-21 16:02:00] [INFO] [OVERSTAY] Timezone: Asia/Kolkata
[2026-09-21 16:02:00] [INFO] [SUBSCRIPTION] Expiry cron triggered
[2026-09-21 16:02:00] [INFO] ==================================================
[2026-09-21 16:02:00] [INFO] SUBSCRIPTION EXPIRY CRON STARTED
[2026-09-21 16:02:00] [INFO] ==================================================
[2026-09-21 16:02:00] [INFO] [SUBSCRIPTION] Current India Date: 2026-09-21
[2026-09-21 16:02:00] [INFO] [OVERSTAY] Staying customers found: 0
[2026-09-21 16:02:00] [INFO] ==================================================
[2026-09-21 16:02:00] [INFO] OVERSTAY CRON COMPLETED
[2026-09-21 16:02:00] [INFO] ==================================================
[2026-09-21 16:02:00] [INFO] [SUBSCRIPTION] Subscriptions found: 2
[2026-09-21 16:02:00] [INFO] [SUBSCRIPTION] mani hotel | Expiry: 2026-10-16 | Days Remaining: 25
[2026-09-21 16:02:00] [INFO] [SUBSCRIPTION] hotel 2 | Expiry: 2026-10-17 | Days Remaining: 26
[2026-09-21 16:02:00] [INFO] ==================================================
[2026-09-21 16:02:00] [INFO] SUBSCRIPTION EXPIRY CRON COMPLETED
[2026-09-21 16:02:00] [INFO] ==================================================
[2026-09-21 16:03:00] [INFO] [OVERSTAY] Cron triggered
[2026-09-21 16:03:00] [INFO] ==================================================
[2026-09-21 16:03:00] [INFO] OVERSTAY CRON STARTED
[2026-09-21 16:03:00] [INFO] ==================================================
[2026-09-21 16:03:00] [INFO] [OVERSTAY] Current India Date/Time: 21/09/2026 16:03:00
[2026-09-21 16:03:00] [INFO] [OVERSTAY] Timezone: Asia/Kolkata
[2026-09-21 16:03:00] [INFO] [SUBSCRIPTION] Expiry cron triggered
[2026-09-21 16:03:00] [INFO] ==================================================
[2026-09-21 16:03:00] [INFO] SUBSCRIPTION EXPIRY CRON STARTED
[2026-09-21 16:03:00] [INFO] ==================================================
[2026-09-21 16:03:00] [INFO] [SUBSCRIPTION] Current India Date: 2026-09-21
[2026-09-21 16:03:00] [INFO] [OVERSTAY] Staying customers found: 0
[2026-09-21 16:03:00] [INFO] ==================================================
[2026-09-21 16:03:00] [INFO] OVERSTAY CRON COMPLETED
[2026-09-21 16:03:00] [INFO] ==================================================
[2026-09-21 16:03:00] [INFO] [SUBSCRIPTION] Subscriptions found: 2
[2026-09-21 16:03:00] [INFO] [SUBSCRIPTION] mani hotel | Expiry: 2026-10-16 | Days Remaining: 25
[2026-09-21 16:03:00] [INFO] [SUBSCRIPTION] hotel 2 | Expiry: 2026-10-17 | Days Remaining: 26
[2026-09-21 16:03:00] [INFO] ==================================================
[2026-09-21 16:03:00] [INFO] SUBSCRIPTION EXPIRY CRON COMPLETED
[2026-09-21 16:03:00] [INFO] ==================================================
[2026-09-21 16:04:00] [INFO] [OVERSTAY] Cron triggered
[2026-09-21 16:04:00] [INFO] ==================================================
[2026-09-21 16:04:00] [INFO] OVERSTAY CRON STARTED
[2026-09-21 16:04:00] [INFO] ==================================================
[2026-09-21 16:04:00] [INFO] [OVERSTAY] Current India Date/Time: 21/09/2026 16:04:00
[2026-09-21 16:04:00] [INFO] [OVERSTAY] Timezone: Asia/Kolkata
[2026-09-21 16:04:00] [INFO] [SUBSCRIPTION] Expiry cron triggered
[2026-09-21 16:04:00] [INFO] ==================================================
[2026-09-21 16:04:00] [INFO] SUBSCRIPTION EXPIRY CRON STARTED
[2026-09-21 16:04:00] [INFO] ==================================================
[2026-09-21 16:04:00] [INFO] [SUBSCRIPTION] Current India Date: 2026-09-21
[2026-09-21 16:04:00] [INFO] [OVERSTAY] Staying customers found: 0
[2026-09-21 16:04:00] [INFO] ==================================================
[2026-09-21 16:04:00] [INFO] OVERSTAY CRON COMPLETED
[2026-09-21 16:04:00] [INFO] ==================================================
[2026-09-21 16:04:00] [INFO] [SUBSCRIPTION] Subscriptions found: 2
[2026-09-21 16:04:00] [INFO] [SUBSCRIPTION] mani hotel | Expiry: 2026-10-16 | Days Remaining: 25
[2026-09-21 16:04:00] [INFO] [SUBSCRIPTION] hotel 2 | Expiry: 2026-10-17 | Days Remaining: 26
[2026-09-21 16:04:00] [INFO] ==================================================
[2026-09-21 16:04:00] [INFO] SUBSCRIPTION EXPIRY CRON COMPLETED
[2026-09-21 16:04:00] [INFO] ==================================================
[2026-09-21 16:05:00] [INFO] [OVERSTAY] Cron triggered
[2026-09-21 16:05:00] [INFO] ==================================================
[2026-09-21 16:05:00] [INFO] OVERSTAY CRON STARTED
[2026-09-21 16:05:00] [INFO] ==================================================
[2026-09-21 16:05:00] [INFO] [OVERSTAY] Current India Date/Time: 21/09/2026 16:05:00
[2026-09-21 16:05:00] [INFO] [OVERSTAY] Timezone: Asia/Kolkata
[2026-09-21 16:05:00] [INFO] [SUBSCRIPTION] Expiry cron triggered
[2026-09-21 16:05:00] [INFO] ==================================================
[2026-09-21 16:05:00] [INFO] SUBSCRIPTION EXPIRY CRON STARTED
[2026-09-21 16:05:00] [INFO] ==================================================
[2026-09-21 16:05:00] [INFO] [SUBSCRIPTION] Current India Date: 2026-09-21
[2026-09-21 16:05:00] [INFO] [OVERSTAY] Staying customers found: 0
[2026-09-21 16:05:00] [INFO] ==================================================
[2026-09-21 16:05:00] [INFO] OVERSTAY CRON COMPLETED
[2026-09-21 16:05:00] [INFO] ==================================================
[2026-09-21 16:05:00] [INFO] [SUBSCRIPTION] Subscriptions found: 2
[2026-09-21 16:05:00] [INFO] [SUBSCRIPTION] mani hotel | Expiry: 2026-10-16 | Days Remaining: 25
[2026-09-21 16:05:00] [INFO] [SUBSCRIPTION] hotel 2 | Expiry: 2026-10-17 | Days Remaining: 26
[2026-09-21 16:05:00] [INFO] ==================================================
[2026-09-21 16:05:00] [INFO] SUBSCRIPTION EXPIRY CRON COMPLETED
[2026-09-21 16:05:00] [INFO] ==================================================
[2026-09-21 16:06:00] [INFO] [OVERSTAY] Cron triggered
[2026-09-21 16:06:00] [INFO] ==================================================
[2026-09-21 16:06:00] [INFO] OVERSTAY CRON STARTED
[2026-09-21 16:06:00] [INFO] ==================================================
[2026-09-21 16:06:00] [INFO] [OVERSTAY] Current India Date/Time: 21/09/2026 16:06:00
[2026-09-21 16:06:00] [INFO] [OVERSTAY] Timezone: Asia/Kolkata
[2026-09-21 16:06:00] [INFO] [SUBSCRIPTION] Expiry cron triggered
[2026-09-21 16:06:00] [INFO] ==================================================
[2026-09-21 16:06:00] [INFO] SUBSCRIPTION EXPIRY CRON STARTED
[2026-09-21 16:06:00] [INFO] ==================================================
[2026-09-21 16:06:00] [INFO] [SUBSCRIPTION] Current India Date: 2026-09-21
[2026-09-21 16:06:00] [INFO] [OVERSTAY] Staying customers found: 0
[2026-09-21 16:06:00] [INFO] ==================================================
[2026-09-21 16:06:00] [INFO] OVERSTAY CRON COMPLETED
[2026-09-21 16:06:00] [INFO] ==================================================
[2026-09-21 16:06:00] [INFO] [SUBSCRIPTION] Subscriptions found: 2
[2026-09-21 16:06:00] [INFO] [SUBSCRIPTION] mani hotel | Expiry: 2026-10-16 | Days Remaining: 25
[2026-09-21 16:06:00] [INFO] [SUBSCRIPTION] hotel 2 | Expiry: 2026-10-17 | Days Remaining: 26
[2026-09-21 16:06:00] [INFO] ==================================================
[2026-09-21 16:06:00] [INFO] SUBSCRIPTION EXPIRY CRON COMPLETED
[2026-09-21 16:06:00] [INFO] ==================================================
[2026-09-21 16:07:00] [INFO] [OVERSTAY] Cron triggered
[2026-09-21 16:07:00] [INFO] ==================================================
[2026-09-21 16:07:00] [INFO] OVERSTAY CRON STARTED
[2026-09-21 16:07:00] [INFO] ==================================================
[2026-09-21 16:07:00] [INFO] [OVERSTAY] Current India Date/Time: 21/09/2026 16:07:00
[2026-09-21 16:07:00] [INFO] [OVERSTAY] Timezone: Asia/Kolkata
[2026-09-21 16:07:00] [INFO] [SUBSCRIPTION] Expiry cron triggered
[2026-09-21 16:07:00] [INFO] ==================================================
[2026-09-21 16:07:00] [INFO] SUBSCRIPTION EXPIRY CRON STARTED
[2026-09-21 16:07:00] [INFO] ==================================================
[2026-09-21 16:07:00] [INFO] [SUBSCRIPTION] Current India Date: 2026-09-21
[2026-09-21 16:07:00] [INFO] [OVERSTAY] Staying customers found: 0
[2026-09-21 16:07:00] [INFO] ==================================================
[2026-09-21 16:07:00] [INFO] OVERSTAY CRON COMPLETED
[2026-09-21 16:07:00] [INFO] ==================================================
[2026-09-21 16:07:00] [INFO] [SUBSCRIPTION] Subscriptions found: 2
[2026-09-21 16:07:00] [INFO] [SUBSCRIPTION] mani hotel | Expiry: 2026-10-16 | Days Remaining: 25
[2026-09-21 16:07:00] [INFO] [SUBSCRIPTION] hotel 2 | Expiry: 2026-10-17 | Days Remaining: 26
[2026-09-21 16:07:00] [INFO] ==================================================
[2026-09-21 16:07:00] [INFO] SUBSCRIPTION EXPIRY CRON COMPLETED
[2026-09-21 16:07:00] [INFO] ==================================================
[2026-09-21 16:08:00] [INFO] [OVERSTAY] Cron triggered
[2026-09-21 16:08:00] [INFO] ==================================================
[2026-09-21 16:08:00] [INFO] OVERSTAY CRON STARTED
[2026-09-21 16:08:00] [INFO] ==================================================
[2026-09-21 16:08:00] [INFO] [OVERSTAY] Current India Date/Time: 21/09/2026 16:08:00
[2026-09-21 16:08:00] [INFO] [OVERSTAY] Timezone: Asia/Kolkata
[2026-09-21 16:08:00] [INFO] [SUBSCRIPTION] Expiry cron triggered
[2026-09-21 16:08:00] [INFO] ==================================================
[2026-09-21 16:08:00] [INFO] SUBSCRIPTION EXPIRY CRON STARTED
[2026-09-21 16:08:00] [INFO] ==================================================
[2026-09-21 16:08:00] [INFO] [SUBSCRIPTION] Current India Date: 2026-09-21
[2026-09-21 16:08:00] [INFO] [OVERSTAY] Staying customers found: 0
[2026-09-21 16:08:00] [INFO] ==================================================
[2026-09-21 16:08:00] [INFO] OVERSTAY CRON COMPLETED
[2026-09-21 16:08:00] [INFO] ==================================================
[2026-09-21 16:08:00] [INFO] [SUBSCRIPTION] Subscriptions found: 2
[2026-09-21 16:08:00] [INFO] [SUBSCRIPTION] mani hotel | Expiry: 2026-10-16 | Days Remaining: 25
[2026-09-21 16:08:00] [INFO] [SUBSCRIPTION] hotel 2 | Expiry: 2026-10-17 | Days Remaining: 26
[2026-09-21 16:08:00] [INFO] ==================================================
[2026-09-21 16:08:00] [INFO] SUBSCRIPTION EXPIRY CRON COMPLETED
[2026-09-21 16:08:00] [INFO] ==================================================
[2026-09-21 16:09:00] [INFO] [OVERSTAY] Cron triggered
[2026-09-21 16:09:00] [INFO] ==================================================
[2026-09-21 16:09:00] [INFO] OVERSTAY CRON STARTED
[2026-09-21 16:09:00] [INFO] ==================================================
[2026-09-21 16:09:00] [INFO] [OVERSTAY] Current India Date/Time: 21/09/2026 16:09:00
[2026-09-21 16:09:00] [INFO] [OVERSTAY] Timezone: Asia/Kolkata
[2026-09-21 16:09:00] [INFO] [SUBSCRIPTION] Expiry cron triggered
[2026-09-21 16:09:00] [INFO] ==================================================
[2026-09-21 16:09:00] [INFO] SUBSCRIPTION EXPIRY CRON STARTED
[2026-09-21 16:09:00] [INFO] ==================================================
[2026-09-21 16:09:00] [INFO] [SUBSCRIPTION] Current India Date: 2026-09-21
[2026-09-21 16:09:00] [INFO] [OVERSTAY] Staying customers found: 0
[2026-09-21 16:09:00] [INFO] ==================================================
[2026-09-21 16:09:00] [INFO] OVERSTAY CRON COMPLETED
[2026-09-21 16:09:00] [INFO] ==================================================
[2026-09-21 16:09:00] [INFO] [SUBSCRIPTION] Subscriptions found: 2
[2026-09-21 16:09:00] [INFO] [SUBSCRIPTION] mani hotel | Expiry: 2026-10-16 | Days Remaining: 25
[2026-09-21 16:09:00] [INFO] [SUBSCRIPTION] hotel 2 | Expiry: 2026-10-17 | Days Remaining: 26
[2026-09-21 16:09:00] [INFO] ==================================================
[2026-09-21 16:09:00] [INFO] SUBSCRIPTION EXPIRY CRON COMPLETED
[2026-09-21 16:09:00] [INFO] ==================================================
[2026-09-21 16:10:00] [INFO] [SUBSCRIPTION] Expiry cron triggered
[2026-09-21 16:10:00] [INFO] ==================================================
[2026-09-21 16:10:00] [INFO] SUBSCRIPTION EXPIRY CRON STARTED
[2026-09-21 16:10:00] [INFO] ==================================================
[2026-09-21 16:10:00] [INFO] [SUBSCRIPTION] Current India Date: 2026-09-21
[2026-09-21 16:10:00] [INFO] [OVERSTAY] Cron triggered
[2026-09-21 16:10:00] [INFO] ==================================================
[2026-09-21 16:10:00] [INFO] OVERSTAY CRON STARTED
[2026-09-21 16:10:00] [INFO] ==================================================
[2026-09-21 16:10:00] [INFO] [OVERSTAY] Current India Date/Time: 21/09/2026 16:10:00
[2026-09-21 16:10:00] [INFO] [OVERSTAY] Timezone: Asia/Kolkata
[2026-09-21 16:10:00] [INFO] [OVERSTAY] Staying customers found: 0
[2026-09-21 16:10:00] [INFO] ==================================================
[2026-09-21 16:10:00] [INFO] OVERSTAY CRON COMPLETED
[2026-09-21 16:10:00] [INFO] ==================================================
[2026-09-21 16:10:00] [INFO] [SUBSCRIPTION] Subscriptions found: 2
[2026-09-21 16:10:00] [INFO] [SUBSCRIPTION] mani hotel | Expiry: 2026-10-16 | Days Remaining: 25
[2026-09-21 16:10:00] [INFO] [SUBSCRIPTION] hotel 2 | Expiry: 2026-10-17 | Days Remaining: 26
[2026-09-21 16:10:00] [INFO] ==================================================
[2026-09-21 16:10:00] [INFO] SUBSCRIPTION EXPIRY CRON COMPLETED
[2026-09-21 16:10:00] [INFO] ==================================================
[2026-09-21 16:11:00] [INFO] [SUBSCRIPTION] Expiry cron triggered
[2026-09-21 16:11:00] [INFO] ==================================================
[2026-09-21 16:11:00] [INFO] SUBSCRIPTION EXPIRY CRON STARTED
[2026-09-21 16:11:00] [INFO] ==================================================
[2026-09-21 16:11:00] [INFO] [SUBSCRIPTION] Current India Date: 2026-09-21
[2026-09-21 16:11:00] [INFO] [OVERSTAY] Cron triggered
[2026-09-21 16:11:00] [INFO] ==================================================
[2026-09-21 16:11:00] [INFO] OVERSTAY CRON STARTED
[2026-09-21 16:11:00] [INFO] ==================================================
[2026-09-21 16:11:00] [INFO] [OVERSTAY] Current India Date/Time: 21/09/2026 16:11:00
[2026-09-21 16:11:00] [INFO] [OVERSTAY] Timezone: Asia/Kolkata
[2026-09-21 16:11:00] [INFO] [OVERSTAY] Staying customers found: 0
[2026-09-21 16:11:00] [INFO] ==================================================
[2026-09-21 16:11:00] [INFO] OVERSTAY CRON COMPLETED
[2026-09-21 16:11:00] [INFO] ==================================================
[2026-09-21 16:11:00] [INFO] [SUBSCRIPTION] Subscriptions found: 2
[2026-09-21 16:11:00] [INFO] [SUBSCRIPTION] mani hotel | Expiry: 2026-10-16 | Days Remaining: 25
[2026-09-21 16:11:00] [INFO] [SUBSCRIPTION] hotel 2 | Expiry: 2026-10-17 | Days Remaining: 26
[2026-09-21 16:11:00] [INFO] ==================================================
[2026-09-21 16:11:00] [INFO] SUBSCRIPTION EXPIRY CRON COMPLETED
[2026-09-21 16:11:00] [INFO] ==================================================
[2026-09-21 16:12:00] [INFO] [SUBSCRIPTION] Expiry cron triggered
[2026-09-21 16:12:00] [INFO] ==================================================
[2026-09-21 16:12:00] [INFO] SUBSCRIPTION EXPIRY CRON STARTED
[2026-09-21 16:12:00] [INFO] ==================================================
[2026-09-21 16:12:00] [INFO] [SUBSCRIPTION] Current India Date: 2026-09-21
[2026-09-21 16:12:00] [INFO] [OVERSTAY] Cron triggered
[2026-09-21 16:12:00] [INFO] ==================================================
[2026-09-21 16:12:00] [INFO] OVERSTAY CRON STARTED
[2026-09-21 16:12:00] [INFO] ==================================================
[2026-09-21 16:12:00] [INFO] [OVERSTAY] Current India Date/Time: 21/09/2026 16:12:00
[2026-09-21 16:12:00] [INFO] [OVERSTAY] Timezone: Asia/Kolkata
[2026-09-21 16:12:00] [INFO] [OVERSTAY] Staying customers found: 0
[2026-09-21 16:12:00] [INFO] ==================================================
[2026-09-21 16:12:00] [INFO] OVERSTAY CRON COMPLETED
[2026-09-21 16:12:00] [INFO] ==================================================
[2026-09-21 16:12:00] [INFO] [SUBSCRIPTION] Subscriptions found: 2
[2026-09-21 16:12:00] [INFO] [SUBSCRIPTION] mani hotel | Expiry: 2026-10-16 | Days Remaining: 25
[2026-09-21 16:12:00] [INFO] [SUBSCRIPTION] hotel 2 | Expiry: 2026-10-17 | Days Remaining: 26
[2026-09-21 16:12:00] [INFO] ==================================================
[2026-09-21 16:12:00] [INFO] SUBSCRIPTION EXPIRY CRON COMPLETED
[2026-09-21 16:12:00] [INFO] ==================================================
[2026-09-21 16:13:00] [INFO] [SUBSCRIPTION] Expiry cron triggered
[2026-09-21 16:13:00] [INFO] ==================================================
[2026-09-21 16:13:00] [INFO] SUBSCRIPTION EXPIRY CRON STARTED
[2026-09-21 16:13:00] [INFO] ==================================================
[2026-09-21 16:13:00] [INFO] [SUBSCRIPTION] Current India Date: 2026-09-21
[2026-09-21 16:13:00] [INFO] [OVERSTAY] Cron triggered
[2026-09-21 16:13:00] [INFO] ==================================================
[2026-09-21 16:13:00] [INFO] OVERSTAY CRON STARTED
[2026-09-21 16:13:00] [INFO] ==================================================
[2026-09-21 16:13:00] [INFO] [OVERSTAY] Current India Date/Time: 21/09/2026 16:13:00
[2026-09-21 16:13:00] [INFO] [OVERSTAY] Timezone: Asia/Kolkata
[2026-09-21 16:13:00] [INFO] [OVERSTAY] Staying customers found: 0
[2026-09-21 16:13:00] [INFO] ==================================================
[2026-09-21 16:13:00] [INFO] OVERSTAY CRON COMPLETED
[2026-09-21 16:13:00] [INFO] ==================================================
[2026-09-21 16:13:00] [INFO] [SUBSCRIPTION] Subscriptions found: 2
[2026-09-21 16:13:00] [INFO] [SUBSCRIPTION] mani hotel | Expiry: 2026-10-16 | Days Remaining: 25
[2026-09-21 16:13:00] [INFO] [SUBSCRIPTION] hotel 2 | Expiry: 2026-10-17 | Days Remaining: 26
[2026-09-21 16:13:00] [INFO] ==================================================
[2026-09-21 16:13:00] [INFO] SUBSCRIPTION EXPIRY CRON COMPLETED
[2026-09-21 16:13:00] [INFO] ==================================================
[2026-09-21 16:14:00] [INFO] [SUBSCRIPTION] Expiry cron triggered
[2026-09-21 16:14:00] [INFO] ==================================================
[2026-09-21 16:14:00] [INFO] SUBSCRIPTION EXPIRY CRON STARTED
[2026-09-21 16:14:00] [INFO] ==================================================
[2026-09-21 16:14:00] [INFO] [SUBSCRIPTION] Current India Date: 2026-09-21
[2026-09-21 16:14:00] [INFO] [OVERSTAY] Cron triggered
[2026-09-21 16:14:00] [INFO] ==================================================
[2026-09-21 16:14:00] [INFO] OVERSTAY CRON STARTED
[2026-09-21 16:14:00] [INFO] ==================================================
[2026-09-21 16:14:00] [INFO] [OVERSTAY] Current India Date/Time: 21/09/2026 16:14:00
[2026-09-21 16:14:00] [INFO] [OVERSTAY] Timezone: Asia/Kolkata
[2026-09-21 16:14:00] [INFO] [OVERSTAY] Staying customers found: 0
[2026-09-21 16:14:00] [INFO] ==================================================
[2026-09-21 16:14:00] [INFO] OVERSTAY CRON COMPLETED
[2026-09-21 16:14:00] [INFO] ==================================================
[2026-09-21 16:14:00] [INFO] [SUBSCRIPTION] Subscriptions found: 2
[2026-09-21 16:14:00] [INFO] [SUBSCRIPTION] mani hotel | Expiry: 2026-10-16 | Days Remaining: 25
[2026-09-21 16:14:00] [INFO] [SUBSCRIPTION] hotel 2 | Expiry: 2026-10-17 | Days Remaining: 26
[2026-09-21 16:14:00] [INFO] ==================================================
[2026-09-21 16:14:00] [INFO] SUBSCRIPTION EXPIRY CRON COMPLETED
[2026-09-21 16:14:00] [INFO] ==================================================
[2026-09-21 16:15:00] [INFO] [OVERSTAY] Cron triggered
[2026-09-21 16:15:00] [INFO] ==================================================
[2026-09-21 16:15:00] [INFO] OVERSTAY CRON STARTED
[2026-09-21 16:15:00] [INFO] ==================================================
[2026-09-21 16:15:00] [INFO] [OVERSTAY] Current India Date/Time: 21/09/2026 16:15:00
[2026-09-21 16:15:00] [INFO] [OVERSTAY] Timezone: Asia/Kolkata
[2026-09-21 16:15:00] [INFO] [SUBSCRIPTION] Expiry cron triggered
[2026-09-21 16:15:00] [INFO] ==================================================
[2026-09-21 16:15:00] [INFO] SUBSCRIPTION EXPIRY CRON STARTED
[2026-09-21 16:15:00] [INFO] ==================================================
[2026-09-21 16:15:00] [INFO] [SUBSCRIPTION] Current India Date: 2026-09-21
[2026-09-21 16:15:00] [INFO] [OVERSTAY] Staying customers found: 0
[2026-09-21 16:15:00] [INFO] ==================================================
[2026-09-21 16:15:00] [INFO] OVERSTAY CRON COMPLETED
[2026-09-21 16:15:00] [INFO] ==================================================
[2026-09-21 16:15:00] [INFO] [SUBSCRIPTION] Subscriptions found: 2
[2026-09-21 16:15:00] [INFO] [SUBSCRIPTION] mani hotel | Expiry: 2026-10-16 | Days Remaining: 25
[2026-09-21 16:15:00] [INFO] [SUBSCRIPTION] hotel 2 | Expiry: 2026-10-17 | Days Remaining: 26
[2026-09-21 16:15:00] [INFO] ==================================================
[2026-09-21 16:15:00] [INFO] SUBSCRIPTION EXPIRY CRON COMPLETED
[2026-09-21 16:15:00] [INFO] ==================================================
[2026-09-21 16:15:10] [INFO] Hotel registrations retrieved successfully. Total registrations: 2
[2026-09-21 16:15:10] [INFO] Hotel registrations retrieved successfully. Total registrations: 2
[2026-09-21 16:15:10] [INFO] Hotel registrations retrieved successfully. Total registrations: 2
[2026-09-21 16:15:10] [INFO] Hotel registrations retrieved successfully. Total registrations: 2
[2026-09-21 16:15:13] [INFO] Hotel registrations retrieved successfully. Total registrations: 2
[2026-09-21 16:15:13] [INFO] Hotel registrations retrieved successfully. Total registrations: 2
[2026-09-21 16:15:14] [INFO] Hotel registrations retrieved successfully. Total registrations: 2
[2026-09-21 16:15:14] [INFO] Hotel registrations retrieved successfully. Total registrations: 2
[2026-09-21 16:15:25] [INFO] Hotel registrations retrieved successfully. Total registrations: 2
[2026-09-21 16:15:25] [INFO] Hotel registrations retrieved successfully. Total registrations: 2
[2026-09-21 16:15:28] [INFO] Hotel registrations retrieved successfully. Total registrations: 2
[2026-09-21 16:15:28] [INFO] Hotel registrations retrieved successfully. Total registrations: 2
[2026-09-21 16:16:00] [INFO] [SUBSCRIPTION] Expiry cron triggered
[2026-09-21 16:16:00] [INFO] ==================================================
[2026-09-21 16:16:00] [INFO] SUBSCRIPTION EXPIRY CRON STARTED
[2026-09-21 16:16:00] [INFO] ==================================================
[2026-09-21 16:16:00] [INFO] [SUBSCRIPTION] Current India Date: 2026-09-21
[2026-09-21 16:16:00] [INFO] [OVERSTAY] Cron triggered
[2026-09-21 16:16:00] [INFO] ==================================================
[2026-09-21 16:16:00] [INFO] OVERSTAY CRON STARTED
[2026-09-21 16:16:00] [INFO] ==================================================
[2026-09-21 16:16:00] [INFO] [OVERSTAY] Current India Date/Time: 21/09/2026 16:16:00
[2026-09-21 16:16:00] [INFO] [OVERSTAY] Timezone: Asia/Kolkata
[2026-09-21 16:16:00] [INFO] [OVERSTAY] Staying customers found: 0
[2026-09-21 16:16:00] [INFO] ==================================================
[2026-09-21 16:16:00] [INFO] OVERSTAY CRON COMPLETED
[2026-09-21 16:16:00] [INFO] ==================================================
[2026-09-21 16:16:00] [INFO] [SUBSCRIPTION] Subscriptions found: 2
[2026-09-21 16:16:00] [INFO] [SUBSCRIPTION] mani hotel | Expiry: 2026-10-16 | Days Remaining: 25
[2026-09-21 16:16:00] [INFO] [SUBSCRIPTION] hotel 2 | Expiry: 2026-10-17 | Days Remaining: 26
[2026-09-21 16:16:00] [INFO] ==================================================
[2026-09-21 16:16:00] [INFO] SUBSCRIPTION EXPIRY CRON COMPLETED
[2026-09-21 16:16:00] [INFO] ==================================================
[2026-09-21 16:16:09] [INFO] Hotel registrations retrieved successfully. Total registrations: 2
[2026-09-21 16:16:09] [INFO] Hotel registrations retrieved successfully. Total registrations: 2
[2026-09-21 16:16:39] [INFO] Hotel registrations retrieved successfully. Total registrations: 2
[2026-09-21 16:16:39] [INFO] Hotel registrations retrieved successfully. Total registrations: 2
[2026-09-21 16:16:40] [INFO] Hotel registrations retrieved successfully. Total registrations: 2
[2026-09-21 16:16:40] [INFO] Hotel registrations retrieved successfully. Total registrations: 2
[2026-09-21 16:16:41] [INFO] Hotel registrations retrieved successfully. Total registrations: 2
[2026-09-21 16:16:41] [INFO] Hotel registrations retrieved successfully. Total registrations: 2
[2026-09-21 16:17:00] [INFO] [SUBSCRIPTION] Expiry cron triggered
[2026-09-21 16:17:00] [INFO] ==================================================
[2026-09-21 16:17:00] [INFO] SUBSCRIPTION EXPIRY CRON STARTED
[2026-09-21 16:17:00] [INFO] ==================================================
[2026-09-21 16:17:00] [INFO] [SUBSCRIPTION] Current India Date: 2026-09-21
[2026-09-21 16:17:00] [INFO] [OVERSTAY] Cron triggered
[2026-09-21 16:17:00] [INFO] ==================================================
[2026-09-21 16:17:00] [INFO] OVERSTAY CRON STARTED
[2026-09-21 16:17:00] [INFO] ==================================================
[2026-09-21 16:17:00] [INFO] [OVERSTAY] Current India Date/Time: 21/09/2026 16:17:00
[2026-09-21 16:17:00] [INFO] [OVERSTAY] Timezone: Asia/Kolkata
[2026-09-21 16:17:00] [INFO] [OVERSTAY] Staying customers found: 0
[2026-09-21 16:17:00] [INFO] ==================================================
[2026-09-21 16:17:00] [INFO] OVERSTAY CRON COMPLETED
[2026-09-21 16:17:00] [INFO] ==================================================
[2026-09-21 16:17:00] [INFO] [SUBSCRIPTION] Subscriptions found: 2
[2026-09-21 16:17:00] [INFO] [SUBSCRIPTION] mani hotel | Expiry: 2026-10-16 | Days Remaining: 25
[2026-09-21 16:17:00] [INFO] [SUBSCRIPTION] hotel 2 | Expiry: 2026-10-17 | Days Remaining: 26
[2026-09-21 16:17:00] [INFO] ==================================================
[2026-09-21 16:17:00] [INFO] SUBSCRIPTION EXPIRY CRON COMPLETED
[2026-09-21 16:17:00] [INFO] ==================================================
[2026-09-21 16:18:00] [INFO] [SUBSCRIPTION] Expiry cron triggered
[2026-09-21 16:18:00] [INFO] ==================================================
[2026-09-21 16:18:00] [INFO] SUBSCRIPTION EXPIRY CRON STARTED
[2026-09-21 16:18:00] [INFO] ==================================================
[2026-09-21 16:18:00] [INFO] [SUBSCRIPTION] Current India Date: 2026-09-21
[2026-09-21 16:18:00] [INFO] [OVERSTAY] Cron triggered
[2026-09-21 16:18:00] [INFO] ==================================================
[2026-09-21 16:18:00] [INFO] OVERSTAY CRON STARTED
[2026-09-21 16:18:00] [INFO] ==================================================
[2026-09-21 16:18:00] [INFO] [OVERSTAY] Current India Date/Time: 21/09/2026 16:18:00
[2026-09-21 16:18:00] [INFO] [OVERSTAY] Timezone: Asia/Kolkata
[2026-09-21 16:18:00] [INFO] [OVERSTAY] Staying customers found: 0
[2026-09-21 16:18:00] [INFO] ==================================================
[2026-09-21 16:18:00] [INFO] OVERSTAY CRON COMPLETED
[2026-09-21 16:18:00] [INFO] ==================================================
[2026-09-21 16:18:00] [INFO] [SUBSCRIPTION] Subscriptions found: 2
[2026-09-21 16:18:00] [INFO] [SUBSCRIPTION] mani hotel | Expiry: 2026-10-16 | Days Remaining: 25
[2026-09-21 16:18:00] [INFO] [SUBSCRIPTION] hotel 2 | Expiry: 2026-10-17 | Days Remaining: 26
[2026-09-21 16:18:00] [INFO] ==================================================
[2026-09-21 16:18:00] [INFO] SUBSCRIPTION EXPIRY CRON COMPLETED
[2026-09-21 16:18:00] [INFO] ==================================================
[2026-09-21 16:18:18] [INFO] Hotel registrations retrieved successfully. Total registrations: 2
[2026-09-21 16:18:18] [INFO] Hotel registrations retrieved successfully. Total registrations: 2
[2026-09-21 16:18:21] [INFO] Hotel registrations retrieved successfully. Total registrations: 2
[2026-09-21 16:18:21] [INFO] Hotel registrations retrieved successfully. Total registrations: 2
[2026-09-21 16:18:24] [INFO] Hotel registrations retrieved successfully. Total registrations: 2
[2026-09-21 16:18:24] [INFO] Hotel registrations retrieved successfully. Total registrations: 2
[2026-09-21 16:18:25] [INFO] Hotel registrations retrieved successfully. Total registrations: 2
[2026-09-21 16:18:25] [INFO] Hotel registrations retrieved successfully. Total registrations: 2
[2026-09-21 16:18:47] [INFO] Hotel registrations retrieved successfully. Total registrations: 2
[2026-09-21 16:18:47] [INFO] Hotel registrations retrieved successfully. Total registrations: 2
[2026-09-21 16:19:00] [INFO] [SUBSCRIPTION] Expiry cron triggered
[2026-09-21 16:19:00] [INFO] ==================================================
[2026-09-21 16:19:00] [INFO] SUBSCRIPTION EXPIRY CRON STARTED
[2026-09-21 16:19:00] [INFO] ==================================================
[2026-09-21 16:19:00] [INFO] [SUBSCRIPTION] Current India Date: 2026-09-21
[2026-09-21 16:19:00] [INFO] [OVERSTAY] Cron triggered
[2026-09-21 16:19:00] [INFO] ==================================================
[2026-09-21 16:19:00] [INFO] OVERSTAY CRON STARTED
[2026-09-21 16:19:00] [INFO] ==================================================
[2026-09-21 16:19:00] [INFO] [OVERSTAY] Current India Date/Time: 21/09/2026 16:19:00
[2026-09-21 16:19:00] [INFO] [OVERSTAY] Timezone: Asia/Kolkata
[2026-09-21 16:19:00] [INFO] [OVERSTAY] Staying customers found: 0
[2026-09-21 16:19:00] [INFO] ==================================================
[2026-09-21 16:19:00] [INFO] OVERSTAY CRON COMPLETED
[2026-09-21 16:19:00] [INFO] ==================================================
[2026-09-21 16:19:00] [INFO] [SUBSCRIPTION] Subscriptions found: 2
[2026-09-21 16:19:00] [INFO] [SUBSCRIPTION] mani hotel | Expiry: 2026-10-16 | Days Remaining: 25
[2026-09-21 16:19:00] [INFO] [SUBSCRIPTION] hotel 2 | Expiry: 2026-10-17 | Days Remaining: 26
[2026-09-21 16:19:00] [INFO] ==================================================
[2026-09-21 16:19:00] [INFO] SUBSCRIPTION EXPIRY CRON COMPLETED
[2026-09-21 16:19:00] [INFO] ==================================================
[2026-09-21 16:19:54] [INFO] Hotel registrations retrieved successfully. Total registrations: 2
[2026-09-21 16:19:54] [INFO] Hotel registrations retrieved successfully. Total registrations: 2
[2026-09-21 16:19:55] [INFO] Hotel registrations retrieved successfully. Total registrations: 2
[2026-09-21 16:19:55] [INFO] Hotel registrations retrieved successfully. Total registrations: 2
[2026-09-21 16:20:00] [INFO] [SUBSCRIPTION] Expiry cron triggered
[2026-09-21 16:20:00] [INFO] ==================================================
[2026-09-21 16:20:00] [INFO] SUBSCRIPTION EXPIRY CRON STARTED
[2026-09-21 16:20:00] [INFO] ==================================================
[2026-09-21 16:20:00] [INFO] [SUBSCRIPTION] Current India Date: 2026-09-21
[2026-09-21 16:20:00] [INFO] [OVERSTAY] Cron triggered
[2026-09-21 16:20:00] [INFO] ==================================================
[2026-09-21 16:20:00] [INFO] OVERSTAY CRON STARTED
[2026-09-21 16:20:00] [INFO] ==================================================
[2026-09-21 16:20:00] [INFO] [OVERSTAY] Current India Date/Time: 21/09/2026 16:20:00
[2026-09-21 16:20:00] [INFO] [OVERSTAY] Timezone: Asia/Kolkata
[2026-09-21 16:20:00] [INFO] [OVERSTAY] Staying customers found: 0
[2026-09-21 16:20:00] [INFO] ==================================================
[2026-09-21 16:20:00] [INFO] OVERSTAY CRON COMPLETED
[2026-09-21 16:20:00] [INFO] ==================================================
[2026-09-21 16:20:00] [INFO] [SUBSCRIPTION] Subscriptions found: 2
[2026-09-21 16:20:00] [INFO] [SUBSCRIPTION] mani hotel | Expiry: 2026-10-16 | Days Remaining: 25
[2026-09-21 16:20:00] [INFO] [SUBSCRIPTION] hotel 2 | Expiry: 2026-10-17 | Days Remaining: 26
[2026-09-21 16:20:00] [INFO] ==================================================
[2026-09-21 16:20:00] [INFO] SUBSCRIPTION EXPIRY CRON COMPLETED
[2026-09-21 16:20:00] [INFO] ==================================================
[2026-09-21 16:21:00] [INFO] [SUBSCRIPTION] Expiry cron triggered
[2026-09-21 16:21:00] [INFO] ==================================================
[2026-09-21 16:21:00] [INFO] SUBSCRIPTION EXPIRY CRON STARTED
[2026-09-21 16:21:00] [INFO] ==================================================
[2026-09-21 16:21:00] [INFO] [SUBSCRIPTION] Current India Date: 2026-09-21
[2026-09-21 16:21:00] [INFO] [OVERSTAY] Cron triggered
[2026-09-21 16:21:00] [INFO] ==================================================
[2026-09-21 16:21:00] [INFO] OVERSTAY CRON STARTED
[2026-09-21 16:21:00] [INFO] ==================================================
[2026-09-21 16:21:00] [INFO] [OVERSTAY] Current India Date/Time: 21/09/2026 16:21:00
[2026-09-21 16:21:00] [INFO] [OVERSTAY] Timezone: Asia/Kolkata
[2026-09-21 16:21:00] [INFO] [OVERSTAY] Staying customers found: 0
[2026-09-21 16:21:00] [INFO] ==================================================
[2026-09-21 16:21:00] [INFO] OVERSTAY CRON COMPLETED
[2026-09-21 16:21:00] [INFO] ==================================================
[2026-09-21 16:21:00] [INFO] [SUBSCRIPTION] Subscriptions found: 2
[2026-09-21 16:21:00] [INFO] [SUBSCRIPTION] mani hotel | Expiry: 2026-10-16 | Days Remaining: 25
[2026-09-21 16:21:00] [INFO] [SUBSCRIPTION] hotel 2 | Expiry: 2026-10-17 | Days Remaining: 26
[2026-09-21 16:21:00] [INFO] ==================================================
[2026-09-21 16:21:00] [INFO] SUBSCRIPTION EXPIRY CRON COMPLETED
[2026-09-21 16:21:00] [INFO] ==================================================
[2026-09-21 16:21:03] [INFO] Hotel registrations retrieved successfully. Total registrations: 2
[2026-09-21 16:21:03] [INFO] Hotel registrations retrieved successfully. Total registrations: 2
[2026-09-21 16:21:05] [INFO] Hotel registrations retrieved successfully. Total registrations: 2
[2026-09-21 16:21:05] [INFO] Hotel registrations retrieved successfully. Total registrations: 2
[2026-09-21 16:21:05] [INFO] Hotel registrations retrieved successfully. Total registrations: 2
[2026-09-21 16:21:05] [INFO] Hotel registrations retrieved successfully. Total registrations: 2
[2026-09-21 16:21:06] [INFO] Hotel registrations retrieved successfully. Total registrations: 2
[2026-09-21 16:21:06] [INFO] Hotel registrations retrieved successfully. Total registrations: 2
[2026-09-21 16:21:07] [INFO] Hotel registrations retrieved successfully. Total registrations: 2
[2026-09-21 16:21:07] [INFO] Hotel registrations retrieved successfully. Total registrations: 2
[2026-09-21 16:21:09] [INFO] Hotel registrations retrieved successfully. Total registrations: 2
[2026-09-21 16:21:09] [INFO] Hotel registrations retrieved successfully. Total registrations: 2
[2026-09-21 16:21:10] [INFO] Hotel registrations retrieved successfully. Total registrations: 2
[2026-09-21 16:21:10] [INFO] Hotel registrations retrieved successfully. Total registrations: 2
[2026-09-21 16:21:10] [INFO] Hotel registrations retrieved successfully. Total registrations: 2
[2026-09-21 16:21:10] [INFO] Hotel registrations retrieved successfully. Total registrations: 2
[2026-09-21 16:21:11] [INFO] Hotel registrations retrieved successfully. Total registrations: 2
[2026-09-21 16:21:11] [INFO] Hotel registrations retrieved successfully. Total registrations: 2
[2026-09-21 16:21:11] [INFO] Hotel registrations retrieved successfully. Total registrations: 2
[2026-09-21 16:21:12] [INFO] Hotel registrations retrieved successfully. Total registrations: 2
[2026-09-21 16:21:18] [INFO] Hotel registrations retrieved successfully. Total registrations: 2
[2026-09-21 16:21:19] [INFO] Hotel registrations retrieved successfully. Total registrations: 2
[2026-09-21 16:21:20] [INFO] Hotel registrations retrieved successfully. Total registrations: 2
[2026-09-21 16:21:20] [INFO] Hotel registrations retrieved successfully. Total registrations: 2
[2026-09-21 16:22:00] [INFO] [SUBSCRIPTION] Expiry cron triggered
[2026-09-21 16:22:00] [INFO] ==================================================
[2026-09-21 16:22:00] [INFO] SUBSCRIPTION EXPIRY CRON STARTED
[2026-09-21 16:22:00] [INFO] ==================================================
[2026-09-21 16:22:00] [INFO] [SUBSCRIPTION] Current India Date: 2026-09-21
[2026-09-21 16:22:00] [INFO] [OVERSTAY] Cron triggered
[2026-09-21 16:22:00] [INFO] ==================================================
[2026-09-21 16:22:00] [INFO] OVERSTAY CRON STARTED
[2026-09-21 16:22:00] [INFO] ==================================================
[2026-09-21 16:22:00] [INFO] [OVERSTAY] Current India Date/Time: 21/09/2026 16:22:00
[2026-09-21 16:22:00] [INFO] [OVERSTAY] Timezone: Asia/Kolkata
[2026-09-21 16:22:00] [INFO] [OVERSTAY] Staying customers found: 0
[2026-09-21 16:22:00] [INFO] ==================================================
[2026-09-21 16:22:00] [INFO] OVERSTAY CRON COMPLETED
[2026-09-21 16:22:00] [INFO] ==================================================
[2026-09-21 16:22:00] [INFO] [SUBSCRIPTION] Subscriptions found: 2
[2026-09-21 16:22:00] [INFO] [SUBSCRIPTION] mani hotel | Expiry: 2026-10-16 | Days Remaining: 25
[2026-09-21 16:22:00] [INFO] [SUBSCRIPTION] hotel 2 | Expiry: 2026-10-17 | Days Remaining: 26
[2026-09-21 16:22:00] [INFO] ==================================================
[2026-09-21 16:22:00] [INFO] SUBSCRIPTION EXPIRY CRON COMPLETED
[2026-09-21 16:22:00] [INFO] ==================================================
[2026-09-21 16:22:17] [INFO] Hotel registrations retrieved successfully. Total registrations: 2
[2026-09-21 16:22:17] [INFO] Hotel registrations retrieved successfully. Total registrations: 2
[2026-09-21 16:23:00] [INFO] [SUBSCRIPTION] Expiry cron triggered
[2026-09-21 16:23:00] [INFO] ==================================================
[2026-09-21 16:23:00] [INFO] SUBSCRIPTION EXPIRY CRON STARTED
[2026-09-21 16:23:00] [INFO] ==================================================
[2026-09-21 16:23:00] [INFO] [SUBSCRIPTION] Current India Date: 2026-09-21
[2026-09-21 16:23:00] [INFO] [OVERSTAY] Cron triggered
[2026-09-21 16:23:00] [INFO] ==================================================
[2026-09-21 16:23:00] [INFO] OVERSTAY CRON STARTED
[2026-09-21 16:23:00] [INFO] ==================================================
[2026-09-21 16:23:00] [INFO] [OVERSTAY] Current India Date/Time: 21/09/2026 16:23:00
[2026-09-21 16:23:00] [INFO] [OVERSTAY] Timezone: Asia/Kolkata
[2026-09-21 16:23:00] [INFO] [OVERSTAY] Staying customers found: 0
[2026-09-21 16:23:00] [INFO] ==================================================
[2026-09-21 16:23:00] [INFO] OVERSTAY CRON COMPLETED
[2026-09-21 16:23:00] [INFO] ==================================================
[2026-09-21 16:23:00] [INFO] [SUBSCRIPTION] Subscriptions found: 2
[2026-09-21 16:23:00] [INFO] [SUBSCRIPTION] mani hotel | Expiry: 2026-10-16 | Days Remaining: 25
[2026-09-21 16:23:00] [INFO] [SUBSCRIPTION] hotel 2 | Expiry: 2026-10-17 | Days Remaining: 26
[2026-09-21 16:23:00] [INFO] ==================================================
[2026-09-21 16:23:00] [INFO] SUBSCRIPTION EXPIRY CRON COMPLETED
[2026-09-21 16:23:00] [INFO] ==================================================
[2026-09-21 16:24:00] [INFO] [SUBSCRIPTION] Expiry cron triggered
[2026-09-21 16:24:00] [INFO] ==================================================
[2026-09-21 16:24:00] [INFO] SUBSCRIPTION EXPIRY CRON STARTED
[2026-09-21 16:24:00] [INFO] ==================================================
[2026-09-21 16:24:00] [INFO] [SUBSCRIPTION] Current India Date: 2026-09-21
[2026-09-21 16:24:00] [INFO] [OVERSTAY] Cron triggered
[2026-09-21 16:24:00] [INFO] ==================================================
[2026-09-21 16:24:00] [INFO] OVERSTAY CRON STARTED
[2026-09-21 16:24:00] [INFO] ==================================================
[2026-09-21 16:24:00] [INFO] [OVERSTAY] Current India Date/Time: 21/09/2026 16:24:00
[2026-09-21 16:24:00] [INFO] [OVERSTAY] Timezone: Asia/Kolkata
[2026-09-21 16:24:00] [INFO] [OVERSTAY] Staying customers found: 0
[2026-09-21 16:24:00] [INFO] ==================================================
[2026-09-21 16:24:00] [INFO] OVERSTAY CRON COMPLETED
[2026-09-21 16:24:00] [INFO] ==================================================
[2026-09-21 16:24:00] [INFO] [SUBSCRIPTION] Subscriptions found: 2
[2026-09-21 16:24:00] [INFO] [SUBSCRIPTION] mani hotel | Expiry: 2026-10-16 | Days Remaining: 25
[2026-09-21 16:24:00] [INFO] [SUBSCRIPTION] hotel 2 | Expiry: 2026-10-17 | Days Remaining: 26
[2026-09-21 16:24:00] [INFO] ==================================================
[2026-09-21 16:24:00] [INFO] SUBSCRIPTION EXPIRY CRON COMPLETED
[2026-09-21 16:24:00] [INFO] ==================================================
[2026-09-21 16:25:00] [INFO] [SUBSCRIPTION] Expiry cron triggered
[2026-09-21 16:25:00] [INFO] ==================================================
[2026-09-21 16:25:00] [INFO] SUBSCRIPTION EXPIRY CRON STARTED
[2026-09-21 16:25:00] [INFO] ==================================================
[2026-09-21 16:25:00] [INFO] [SUBSCRIPTION] Current India Date: 2026-09-21
[2026-09-21 16:25:00] [INFO] [OVERSTAY] Cron triggered
[2026-09-21 16:25:00] [INFO] ==================================================
[2026-09-21 16:25:00] [INFO] OVERSTAY CRON STARTED
[2026-09-21 16:25:00] [INFO] ==================================================
[2026-09-21 16:25:00] [INFO] [OVERSTAY] Current India Date/Time: 21/09/2026 16:25:00
[2026-09-21 16:25:00] [INFO] [OVERSTAY] Timezone: Asia/Kolkata
[2026-09-21 16:25:00] [INFO] [OVERSTAY] Staying customers found: 0
[2026-09-21 16:25:00] [INFO] ==================================================
[2026-09-21 16:25:00] [INFO] OVERSTAY CRON COMPLETED
[2026-09-21 16:25:00] [INFO] ==================================================
[2026-09-21 16:25:00] [INFO] [SUBSCRIPTION] Subscriptions found: 2
[2026-09-21 16:25:00] [INFO] [SUBSCRIPTION] mani hotel | Expiry: 2026-10-16 | Days Remaining: 25
[2026-09-21 16:25:00] [INFO] [SUBSCRIPTION] hotel 2 | Expiry: 2026-10-17 | Days Remaining: 26
[2026-09-21 16:25:00] [INFO] ==================================================
[2026-09-21 16:25:00] [INFO] SUBSCRIPTION EXPIRY CRON COMPLETED
[2026-09-21 16:25:00] [INFO] ==================================================
[2026-09-21 16:26:00] [INFO] [SUBSCRIPTION] Expiry cron triggered
[2026-09-21 16:26:00] [INFO] ==================================================
[2026-09-21 16:26:00] [INFO] SUBSCRIPTION EXPIRY CRON STARTED
[2026-09-21 16:26:00] [INFO] ==================================================
[2026-09-21 16:26:00] [INFO] [SUBSCRIPTION] Current India Date: 2026-09-21
[2026-09-21 16:26:00] [INFO] [OVERSTAY] Cron triggered
[2026-09-21 16:26:00] [INFO] ==================================================
[2026-09-21 16:26:00] [INFO] OVERSTAY CRON STARTED
[2026-09-21 16:26:00] [INFO] ==================================================
[2026-09-21 16:26:00] [INFO] [OVERSTAY] Current India Date/Time: 21/09/2026 16:26:00
[2026-09-21 16:26:00] [INFO] [OVERSTAY] Timezone: Asia/Kolkata
[2026-09-21 16:26:00] [INFO] [OVERSTAY] Staying customers found: 0
[2026-09-21 16:26:00] [INFO] ==================================================
[2026-09-21 16:26:00] [INFO] OVERSTAY CRON COMPLETED
[2026-09-21 16:26:00] [INFO] ==================================================
[2026-09-21 16:26:00] [INFO] [SUBSCRIPTION] Subscriptions found: 2
[2026-09-21 16:26:00] [INFO] [SUBSCRIPTION] mani hotel | Expiry: 2026-10-16 | Days Remaining: 25
[2026-09-21 16:26:00] [INFO] [SUBSCRIPTION] hotel 2 | Expiry: 2026-10-17 | Days Remaining: 26
[2026-09-21 16:26:00] [INFO] ==================================================
[2026-09-21 16:26:00] [INFO] SUBSCRIPTION EXPIRY CRON COMPLETED
[2026-09-21 16:26:00] [INFO] ==================================================
[2026-09-21 16:27:00] [INFO] [SUBSCRIPTION] Expiry cron triggered
[2026-09-21 16:27:00] [INFO] ==================================================
[2026-09-21 16:27:00] [INFO] SUBSCRIPTION EXPIRY CRON STARTED
[2026-09-21 16:27:00] [INFO] ==================================================
[2026-09-21 16:27:00] [INFO] [SUBSCRIPTION] Current India Date: 2026-09-21
[2026-09-21 16:27:00] [INFO] [OVERSTAY] Cron triggered
[2026-09-21 16:27:00] [INFO] ==================================================
[2026-09-21 16:27:00] [INFO] OVERSTAY CRON STARTED
[2026-09-21 16:27:00] [INFO] ==================================================
[2026-09-21 16:27:00] [INFO] [OVERSTAY] Current India Date/Time: 21/09/2026 16:27:00
[2026-09-21 16:27:00] [INFO] [OVERSTAY] Timezone: Asia/Kolkata
[2026-09-21 16:27:00] [INFO] [OVERSTAY] Staying customers found: 0
[2026-09-21 16:27:00] [INFO] ==================================================
[2026-09-21 16:27:00] [INFO] OVERSTAY CRON COMPLETED
[2026-09-21 16:27:00] [INFO] ==================================================
[2026-09-21 16:27:00] [INFO] [SUBSCRIPTION] Subscriptions found: 2
[2026-09-21 16:27:00] [INFO] [SUBSCRIPTION] mani hotel | Expiry: 2026-10-16 | Days Remaining: 25
[2026-09-21 16:27:00] [INFO] [SUBSCRIPTION] hotel 2 | Expiry: 2026-10-17 | Days Remaining: 26
[2026-09-21 16:27:00] [INFO] ==================================================
[2026-09-21 16:27:00] [INFO] SUBSCRIPTION EXPIRY CRON COMPLETED
[2026-09-21 16:27:00] [INFO] ==================================================
[2026-09-21 16:28:00] [INFO] [SUBSCRIPTION] Expiry cron triggered
[2026-09-21 16:28:00] [INFO] ==================================================
[2026-09-21 16:28:00] [INFO] SUBSCRIPTION EXPIRY CRON STARTED
[2026-09-21 16:28:00] [INFO] ==================================================
[2026-09-21 16:28:00] [INFO] [SUBSCRIPTION] Current India Date: 2026-09-21
[2026-09-21 16:28:00] [INFO] [OVERSTAY] Cron triggered
[2026-09-21 16:28:00] [INFO] ==================================================
[2026-09-21 16:28:00] [INFO] OVERSTAY CRON STARTED
[2026-09-21 16:28:00] [INFO] ==================================================
[2026-09-21 16:28:00] [INFO] [OVERSTAY] Current India Date/Time: 21/09/2026 16:28:00
[2026-09-21 16:28:00] [INFO] [OVERSTAY] Timezone: Asia/Kolkata
[2026-09-21 16:28:00] [INFO] [OVERSTAY] Staying customers found: 0
[2026-09-21 16:28:00] [INFO] ==================================================
[2026-09-21 16:28:00] [INFO] OVERSTAY CRON COMPLETED
[2026-09-21 16:28:00] [INFO] ==================================================
[2026-09-21 16:28:00] [INFO] [SUBSCRIPTION] Subscriptions found: 2
[2026-09-21 16:28:00] [INFO] [SUBSCRIPTION] mani hotel | Expiry: 2026-10-16 | Days Remaining: 25
[2026-09-21 16:28:00] [INFO] [SUBSCRIPTION] hotel 2 | Expiry: 2026-10-17 | Days Remaining: 26
[2026-09-21 16:28:00] [INFO] ==================================================
[2026-09-21 16:28:00] [INFO] SUBSCRIPTION EXPIRY CRON COMPLETED
[2026-09-21 16:28:00] [INFO] ==================================================
[2026-09-21 16:29:00] [INFO] [SUBSCRIPTION] Expiry cron triggered
[2026-09-21 16:29:00] [INFO] ==================================================
[2026-09-21 16:29:00] [INFO] SUBSCRIPTION EXPIRY CRON STARTED
[2026-09-21 16:29:00] [INFO] ==================================================
[2026-09-21 16:29:00] [INFO] [SUBSCRIPTION] Current India Date: 2026-09-21
[2026-09-21 16:29:00] [INFO] [OVERSTAY] Cron triggered
[2026-09-21 16:29:00] [INFO] ==================================================
[2026-09-21 16:29:00] [INFO] OVERSTAY CRON STARTED
[2026-09-21 16:29:00] [INFO] ==================================================
[2026-09-21 16:29:00] [INFO] [OVERSTAY] Current India Date/Time: 21/09/2026 16:29:00
[2026-09-21 16:29:00] [INFO] [OVERSTAY] Timezone: Asia/Kolkata
[2026-09-21 16:29:00] [INFO] [OVERSTAY] Staying customers found: 0
[2026-09-21 16:29:00] [INFO] ==================================================
[2026-09-21 16:29:00] [INFO] OVERSTAY CRON COMPLETED
[2026-09-21 16:29:00] [INFO] ==================================================
[2026-09-21 16:29:00] [INFO] [SUBSCRIPTION] Subscriptions found: 2
[2026-09-21 16:29:00] [INFO] [SUBSCRIPTION] mani hotel | Expiry: 2026-10-16 | Days Remaining: 25
[2026-09-21 16:29:00] [INFO] [SUBSCRIPTION] hotel 2 | Expiry: 2026-10-17 | Days Remaining: 26
[2026-09-21 16:29:00] [INFO] ==================================================
[2026-09-21 16:29:00] [INFO] SUBSCRIPTION EXPIRY CRON COMPLETED
[2026-09-21 16:29:00] [INFO] ==================================================
[2026-09-21 16:30:00] [INFO] [OVERSTAY] Cron triggered
[2026-09-21 16:30:00] [INFO] ==================================================
[2026-09-21 16:30:00] [INFO] OVERSTAY CRON STARTED
[2026-09-21 16:30:00] [INFO] ==================================================
[2026-09-21 16:30:00] [INFO] [OVERSTAY] Current India Date/Time: 21/09/2026 16:30:00
[2026-09-21 16:30:00] [INFO] [OVERSTAY] Timezone: Asia/Kolkata
[2026-09-21 16:30:00] [INFO] [SUBSCRIPTION] Expiry cron triggered
[2026-09-21 16:30:00] [INFO] ==================================================
[2026-09-21 16:30:00] [INFO] SUBSCRIPTION EXPIRY CRON STARTED
[2026-09-21 16:30:00] [INFO] ==================================================
[2026-09-21 16:30:00] [INFO] [SUBSCRIPTION] Current India Date: 2026-09-21
[2026-09-21 16:30:00] [INFO] [OVERSTAY] Staying customers found: 0
[2026-09-21 16:30:00] [INFO] ==================================================
[2026-09-21 16:30:00] [INFO] OVERSTAY CRON COMPLETED
[2026-09-21 16:30:00] [INFO] ==================================================
[2026-09-21 16:30:00] [INFO] [SUBSCRIPTION] Subscriptions found: 2
[2026-09-21 16:30:00] [INFO] [SUBSCRIPTION] mani hotel | Expiry: 2026-10-16 | Days Remaining: 25
[2026-09-21 16:30:00] [INFO] [SUBSCRIPTION] hotel 2 | Expiry: 2026-10-17 | Days Remaining: 26
[2026-09-21 16:30:00] [INFO] ==================================================
[2026-09-21 16:30:00] [INFO] SUBSCRIPTION EXPIRY CRON COMPLETED
[2026-09-21 16:30:00] [INFO] ==================================================
[2026-09-21 16:31:00] [INFO] [OVERSTAY] Cron triggered
[2026-09-21 16:31:00] [INFO] ==================================================
[2026-09-21 16:31:00] [INFO] OVERSTAY CRON STARTED
[2026-09-21 16:31:00] [INFO] ==================================================
[2026-09-21 16:31:00] [INFO] [OVERSTAY] Current India Date/Time: 21/09/2026 16:31:00
[2026-09-21 16:31:00] [INFO] [OVERSTAY] Timezone: Asia/Kolkata
[2026-09-21 16:31:00] [INFO] [SUBSCRIPTION] Expiry cron triggered
[2026-09-21 16:31:00] [INFO] ==================================================
[2026-09-21 16:31:00] [INFO] SUBSCRIPTION EXPIRY CRON STARTED
[2026-09-21 16:31:00] [INFO] ==================================================
[2026-09-21 16:31:00] [INFO] [SUBSCRIPTION] Current India Date: 2026-09-21
[2026-09-21 16:31:00] [INFO] [OVERSTAY] Staying customers found: 0
[2026-09-21 16:31:00] [INFO] ==================================================
[2026-09-21 16:31:00] [INFO] OVERSTAY CRON COMPLETED
[2026-09-21 16:31:00] [INFO] ==================================================
[2026-09-21 16:31:00] [INFO] [SUBSCRIPTION] Subscriptions found: 2
[2026-09-21 16:31:00] [INFO] [SUBSCRIPTION] mani hotel | Expiry: 2026-10-16 | Days Remaining: 25
[2026-09-21 16:31:00] [INFO] [SUBSCRIPTION] hotel 2 | Expiry: 2026-10-17 | Days Remaining: 26
[2026-09-21 16:31:00] [INFO] ==================================================
[2026-09-21 16:31:00] [INFO] SUBSCRIPTION EXPIRY CRON COMPLETED
[2026-09-21 16:31:00] [INFO] ==================================================
[2026-09-21 16:32:00] [INFO] [SUBSCRIPTION] Expiry cron triggered
[2026-09-21 16:32:00] [INFO] ==================================================
[2026-09-21 16:32:00] [INFO] SUBSCRIPTION EXPIRY CRON STARTED
[2026-09-21 16:32:00] [INFO] ==================================================
[2026-09-21 16:32:00] [INFO] [SUBSCRIPTION] Current India Date: 2026-09-21
[2026-09-21 16:32:00] [INFO] [OVERSTAY] Cron triggered
[2026-09-21 16:32:00] [INFO] ==================================================
[2026-09-21 16:32:00] [INFO] OVERSTAY CRON STARTED
[2026-09-21 16:32:00] [INFO] ==================================================
[2026-09-21 16:32:00] [INFO] [OVERSTAY] Current India Date/Time: 21/09/2026 16:32:00
[2026-09-21 16:32:00] [INFO] [OVERSTAY] Timezone: Asia/Kolkata
[2026-09-21 16:32:00] [INFO] [OVERSTAY] Staying customers found: 0
[2026-09-21 16:32:00] [INFO] ==================================================
[2026-09-21 16:32:00] [INFO] OVERSTAY CRON COMPLETED
[2026-09-21 16:32:00] [INFO] ==================================================
[2026-09-21 16:32:00] [INFO] [SUBSCRIPTION] Subscriptions found: 2
[2026-09-21 16:32:00] [INFO] [SUBSCRIPTION] mani hotel | Expiry: 2026-10-16 | Days Remaining: 25
[2026-09-21 16:32:00] [INFO] [SUBSCRIPTION] hotel 2 | Expiry: 2026-10-17 | Days Remaining: 26
[2026-09-21 16:32:00] [INFO] ==================================================
[2026-09-21 16:32:00] [INFO] SUBSCRIPTION EXPIRY CRON COMPLETED
[2026-09-21 16:32:00] [INFO] ==================================================
[2026-09-21 16:33:00] [INFO] [SUBSCRIPTION] Expiry cron triggered
[2026-09-21 16:33:00] [INFO] ==================================================
[2026-09-21 16:33:00] [INFO] SUBSCRIPTION EXPIRY CRON STARTED
[2026-09-21 16:33:00] [INFO] ==================================================
[2026-09-21 16:33:00] [INFO] [SUBSCRIPTION] Current India Date: 2026-09-21
[2026-09-21 16:33:00] [INFO] [OVERSTAY] Cron triggered
[2026-09-21 16:33:00] [INFO] ==================================================
[2026-09-21 16:33:00] [INFO] OVERSTAY CRON STARTED
[2026-09-21 16:33:00] [INFO] ==================================================
[2026-09-21 16:33:00] [INFO] [OVERSTAY] Current India Date/Time: 21/09/2026 16:33:00
[2026-09-21 16:33:00] [INFO] [OVERSTAY] Timezone: Asia/Kolkata
[2026-09-21 16:33:00] [INFO] [OVERSTAY] Staying customers found: 0
[2026-09-21 16:33:00] [INFO] ==================================================
[2026-09-21 16:33:00] [INFO] OVERSTAY CRON COMPLETED
[2026-09-21 16:33:00] [INFO] ==================================================
[2026-09-21 16:33:00] [INFO] [SUBSCRIPTION] Subscriptions found: 2
[2026-09-21 16:33:00] [INFO] [SUBSCRIPTION] mani hotel | Expiry: 2026-10-16 | Days Remaining: 25
[2026-09-21 16:33:00] [INFO] [SUBSCRIPTION] hotel 2 | Expiry: 2026-10-17 | Days Remaining: 26
[2026-09-21 16:33:00] [INFO] ==================================================
[2026-09-21 16:33:00] [INFO] SUBSCRIPTION EXPIRY CRON COMPLETED
[2026-09-21 16:33:00] [INFO] ==================================================
[2026-09-21 16:34:00] [INFO] [SUBSCRIPTION] Expiry cron triggered
[2026-09-21 16:34:00] [INFO] ==================================================
[2026-09-21 16:34:00] [INFO] SUBSCRIPTION EXPIRY CRON STARTED
[2026-09-21 16:34:00] [INFO] ==================================================
[2026-09-21 16:34:00] [INFO] [SUBSCRIPTION] Current India Date: 2026-09-21
[2026-09-21 16:34:00] [INFO] [OVERSTAY] Cron triggered
[2026-09-21 16:34:00] [INFO] ==================================================
[2026-09-21 16:34:00] [INFO] OVERSTAY CRON STARTED
[2026-09-21 16:34:00] [INFO] ==================================================
[2026-09-21 16:34:00] [INFO] [OVERSTAY] Current India Date/Time: 21/09/2026 16:34:00
[2026-09-21 16:34:00] [INFO] [OVERSTAY] Timezone: Asia/Kolkata
[2026-09-21 16:34:00] [INFO] [OVERSTAY] Staying customers found: 0
[2026-09-21 16:34:00] [INFO] ==================================================
[2026-09-21 16:34:00] [INFO] OVERSTAY CRON COMPLETED
[2026-09-21 16:34:00] [INFO] ==================================================
[2026-09-21 16:34:00] [INFO] [SUBSCRIPTION] Subscriptions found: 2
[2026-09-21 16:34:00] [INFO] [SUBSCRIPTION] mani hotel | Expiry: 2026-10-16 | Days Remaining: 25
[2026-09-21 16:34:00] [INFO] [SUBSCRIPTION] hotel 2 | Expiry: 2026-10-17 | Days Remaining: 26
[2026-09-21 16:34:00] [INFO] ==================================================
[2026-09-21 16:34:00] [INFO] SUBSCRIPTION EXPIRY CRON COMPLETED
[2026-09-21 16:34:00] [INFO] ==================================================
[2026-09-21 16:35:00] [INFO] [OVERSTAY] Cron triggered
[2026-09-21 16:35:00] [INFO] ==================================================
[2026-09-21 16:35:00] [INFO] OVERSTAY CRON STARTED
[2026-09-21 16:35:00] [INFO] ==================================================
[2026-09-21 16:35:00] [INFO] [OVERSTAY] Current India Date/Time: 21/09/2026 16:35:00
[2026-09-21 16:35:00] [INFO] [OVERSTAY] Timezone: Asia/Kolkata
[2026-09-21 16:35:00] [INFO] [SUBSCRIPTION] Expiry cron triggered
[2026-09-21 16:35:00] [INFO] ==================================================
[2026-09-21 16:35:00] [INFO] SUBSCRIPTION EXPIRY CRON STARTED
[2026-09-21 16:35:00] [INFO] ==================================================
[2026-09-21 16:35:00] [INFO] [SUBSCRIPTION] Current India Date: 2026-09-21
[2026-09-21 16:35:00] [INFO] [OVERSTAY] Staying customers found: 0
[2026-09-21 16:35:00] [INFO] ==================================================
[2026-09-21 16:35:00] [INFO] OVERSTAY CRON COMPLETED
[2026-09-21 16:35:00] [INFO] ==================================================
[2026-09-21 16:35:00] [INFO] [SUBSCRIPTION] Subscriptions found: 2
[2026-09-21 16:35:00] [INFO] [SUBSCRIPTION] mani hotel | Expiry: 2026-10-16 | Days Remaining: 25
[2026-09-21 16:35:00] [INFO] [SUBSCRIPTION] hotel 2 | Expiry: 2026-10-17 | Days Remaining: 26
[2026-09-21 16:35:00] [INFO] ==================================================
[2026-09-21 16:35:00] [INFO] SUBSCRIPTION EXPIRY CRON COMPLETED
[2026-09-21 16:35:00] [INFO] ==================================================
[2026-09-21 16:36:00] [INFO] [OVERSTAY] Cron triggered
[2026-09-21 16:36:00] [INFO] ==================================================
[2026-09-21 16:36:00] [INFO] OVERSTAY CRON STARTED
[2026-09-21 16:36:00] [INFO] ==================================================
[2026-09-21 16:36:00] [INFO] [OVERSTAY] Current India Date/Time: 21/09/2026 16:36:00
[2026-09-21 16:36:00] [INFO] [OVERSTAY] Timezone: Asia/Kolkata
[2026-09-21 16:36:00] [INFO] [SUBSCRIPTION] Expiry cron triggered
[2026-09-21 16:36:00] [INFO] ==================================================
[2026-09-21 16:36:00] [INFO] SUBSCRIPTION EXPIRY CRON STARTED
[2026-09-21 16:36:00] [INFO] ==================================================
[2026-09-21 16:36:00] [INFO] [SUBSCRIPTION] Current India Date: 2026-09-21
[2026-09-21 16:36:00] [INFO] [OVERSTAY] Staying customers found: 0
[2026-09-21 16:36:00] [INFO] ==================================================
[2026-09-21 16:36:00] [INFO] OVERSTAY CRON COMPLETED
[2026-09-21 16:36:00] [INFO] ==================================================
[2026-09-21 16:36:00] [INFO] [SUBSCRIPTION] Subscriptions found: 2
[2026-09-21 16:36:00] [INFO] [SUBSCRIPTION] mani hotel | Expiry: 2026-10-16 | Days Remaining: 25
[2026-09-21 16:36:00] [INFO] [SUBSCRIPTION] hotel 2 | Expiry: 2026-10-17 | Days Remaining: 26
[2026-09-21 16:36:00] [INFO] ==================================================
[2026-09-21 16:36:00] [INFO] SUBSCRIPTION EXPIRY CRON COMPLETED
[2026-09-21 16:36:00] [INFO] ==================================================
[2026-09-21 16:37:00] [INFO] [OVERSTAY] Cron triggered
[2026-09-21 16:37:00] [INFO] ==================================================
[2026-09-21 16:37:00] [INFO] OVERSTAY CRON STARTED
[2026-09-21 16:37:00] [INFO] ==================================================
[2026-09-21 16:37:00] [INFO] [OVERSTAY] Current India Date/Time: 21/09/2026 16:37:00
[2026-09-21 16:37:00] [INFO] [OVERSTAY] Timezone: Asia/Kolkata
[2026-09-21 16:37:00] [INFO] [SUBSCRIPTION] Expiry cron triggered
[2026-09-21 16:37:00] [INFO] ==================================================
[2026-09-21 16:37:00] [INFO] SUBSCRIPTION EXPIRY CRON STARTED
[2026-09-21 16:37:00] [INFO] ==================================================
[2026-09-21 16:37:00] [INFO] [SUBSCRIPTION] Current India Date: 2026-09-21
[2026-09-21 16:37:00] [INFO] [OVERSTAY] Staying customers found: 0
[2026-09-21 16:37:00] [INFO] ==================================================
[2026-09-21 16:37:00] [INFO] OVERSTAY CRON COMPLETED
[2026-09-21 16:37:00] [INFO] ==================================================
[2026-09-21 16:37:00] [INFO] [SUBSCRIPTION] Subscriptions found: 2
[2026-09-21 16:37:00] [INFO] [SUBSCRIPTION] mani hotel | Expiry: 2026-10-16 | Days Remaining: 25
[2026-09-21 16:37:00] [INFO] [SUBSCRIPTION] hotel 2 | Expiry: 2026-10-17 | Days Remaining: 26
[2026-09-21 16:37:00] [INFO] ==================================================
[2026-09-21 16:37:00] [INFO] SUBSCRIPTION EXPIRY CRON COMPLETED
[2026-09-21 16:37:00] [INFO] ==================================================
[2026-09-21 16:38:00] [INFO] [OVERSTAY] Cron triggered
[2026-09-21 16:38:00] [INFO] ==================================================
[2026-09-21 16:38:00] [INFO] OVERSTAY CRON STARTED
[2026-09-21 16:38:00] [INFO] ==================================================
[2026-09-21 16:38:00] [INFO] [OVERSTAY] Current India Date/Time: 21/09/2026 16:38:00
[2026-09-21 16:38:00] [INFO] [OVERSTAY] Timezone: Asia/Kolkata
[2026-09-21 16:38:00] [INFO] [SUBSCRIPTION] Expiry cron triggered
[2026-09-21 16:38:00] [INFO] ==================================================
[2026-09-21 16:38:00] [INFO] SUBSCRIPTION EXPIRY CRON STARTED
[2026-09-21 16:38:00] [INFO] ==================================================
[2026-09-21 16:38:00] [INFO] [SUBSCRIPTION] Current India Date: 2026-09-21
[2026-09-21 16:38:00] [INFO] [OVERSTAY] Staying customers found: 0
[2026-09-21 16:38:00] [INFO] ==================================================
[2026-09-21 16:38:00] [INFO] OVERSTAY CRON COMPLETED
[2026-09-21 16:38:00] [INFO] ==================================================
[2026-09-21 16:38:00] [INFO] [SUBSCRIPTION] Subscriptions found: 2
[2026-09-21 16:38:00] [INFO] [SUBSCRIPTION] mani hotel | Expiry: 2026-10-16 | Days Remaining: 25
[2026-09-21 16:38:00] [INFO] [SUBSCRIPTION] hotel 2 | Expiry: 2026-10-17 | Days Remaining: 26
[2026-09-21 16:38:00] [INFO] ==================================================
[2026-09-21 16:38:00] [INFO] SUBSCRIPTION EXPIRY CRON COMPLETED
[2026-09-21 16:38:00] [INFO] ==================================================
[2026-09-21 16:39:00] [INFO] [OVERSTAY] Cron triggered
[2026-09-21 16:39:00] [INFO] ==================================================
[2026-09-21 16:39:00] [INFO] OVERSTAY CRON STARTED
[2026-09-21 16:39:00] [INFO] ==================================================
[2026-09-21 16:39:00] [INFO] [OVERSTAY] Current India Date/Time: 21/09/2026 16:39:00
[2026-09-21 16:39:00] [INFO] [OVERSTAY] Timezone: Asia/Kolkata
[2026-09-21 16:39:00] [INFO] [SUBSCRIPTION] Expiry cron triggered
[2026-09-21 16:39:00] [INFO] ==================================================
[2026-09-21 16:39:00] [INFO] SUBSCRIPTION EXPIRY CRON STARTED
[2026-09-21 16:39:00] [INFO] ==================================================
[2026-09-21 16:39:00] [INFO] [SUBSCRIPTION] Current India Date: 2026-09-21
[2026-09-21 16:39:00] [INFO] [OVERSTAY] Staying customers found: 0
[2026-09-21 16:39:00] [INFO] ==================================================
[2026-09-21 16:39:00] [INFO] OVERSTAY CRON COMPLETED
[2026-09-21 16:39:00] [INFO] ==================================================
[2026-09-21 16:39:00] [INFO] [SUBSCRIPTION] Subscriptions found: 2
[2026-09-21 16:39:00] [INFO] [SUBSCRIPTION] mani hotel | Expiry: 2026-10-16 | Days Remaining: 25
[2026-09-21 16:39:00] [INFO] [SUBSCRIPTION] hotel 2 | Expiry: 2026-10-17 | Days Remaining: 26
[2026-09-21 16:39:00] [INFO] ==================================================
[2026-09-21 16:39:00] [INFO] SUBSCRIPTION EXPIRY CRON COMPLETED
[2026-09-21 16:39:00] [INFO] ==================================================
[2026-09-21 16:40:00] [INFO] [OVERSTAY] Cron triggered
[2026-09-21 16:40:00] [INFO] ==================================================
[2026-09-21 16:40:00] [INFO] OVERSTAY CRON STARTED
[2026-09-21 16:40:00] [INFO] ==================================================
[2026-09-21 16:40:00] [INFO] [OVERSTAY] Current India Date/Time: 21/09/2026 16:40:00
[2026-09-21 16:40:00] [INFO] [OVERSTAY] Timezone: Asia/Kolkata
[2026-09-21 16:40:00] [INFO] [SUBSCRIPTION] Expiry cron triggered
[2026-09-21 16:40:00] [INFO] ==================================================
[2026-09-21 16:40:00] [INFO] SUBSCRIPTION EXPIRY CRON STARTED
[2026-09-21 16:40:00] [INFO] ==================================================
[2026-09-21 16:40:00] [INFO] [SUBSCRIPTION] Current India Date: 2026-09-21
[2026-09-21 16:40:00] [INFO] [OVERSTAY] Staying customers found: 0
[2026-09-21 16:40:00] [INFO] ==================================================
[2026-09-21 16:40:00] [INFO] OVERSTAY CRON COMPLETED
[2026-09-21 16:40:00] [INFO] ==================================================
[2026-09-21 16:40:00] [INFO] [SUBSCRIPTION] Subscriptions found: 2
[2026-09-21 16:40:00] [INFO] [SUBSCRIPTION] mani hotel | Expiry: 2026-10-16 | Days Remaining: 25
[2026-09-21 16:40:00] [INFO] [SUBSCRIPTION] hotel 2 | Expiry: 2026-10-17 | Days Remaining: 26
[2026-09-21 16:40:00] [INFO] ==================================================
[2026-09-21 16:40:00] [INFO] SUBSCRIPTION EXPIRY CRON COMPLETED
[2026-09-21 16:40:00] [INFO] ==================================================
[2026-09-21 16:41:00] [INFO] [SUBSCRIPTION] Expiry cron triggered
[2026-09-21 16:41:00] [INFO] ==================================================
[2026-09-21 16:41:00] [INFO] SUBSCRIPTION EXPIRY CRON STARTED
[2026-09-21 16:41:00] [INFO] ==================================================
[2026-09-21 16:41:00] [INFO] [SUBSCRIPTION] Current India Date: 2026-09-21
[2026-09-21 16:41:00] [INFO] [OVERSTAY] Cron triggered
[2026-09-21 16:41:00] [INFO] ==================================================
[2026-09-21 16:41:00] [INFO] OVERSTAY CRON STARTED
[2026-09-21 16:41:00] [INFO] ==================================================
[2026-09-21 16:41:00] [INFO] [OVERSTAY] Current India Date/Time: 21/09/2026 16:41:00
[2026-09-21 16:41:00] [INFO] [OVERSTAY] Timezone: Asia/Kolkata
[2026-09-21 16:41:00] [INFO] [OVERSTAY] Staying customers found: 0
[2026-09-21 16:41:00] [INFO] ==================================================
[2026-09-21 16:41:00] [INFO] OVERSTAY CRON COMPLETED
[2026-09-21 16:41:00] [INFO] ==================================================
[2026-09-21 16:41:00] [INFO] [SUBSCRIPTION] Subscriptions found: 2
[2026-09-21 16:41:00] [INFO] [SUBSCRIPTION] mani hotel | Expiry: 2026-10-16 | Days Remaining: 25
[2026-09-21 16:41:00] [INFO] [SUBSCRIPTION] hotel 2 | Expiry: 2026-10-17 | Days Remaining: 26
[2026-09-21 16:41:00] [INFO] ==================================================
[2026-09-21 16:41:00] [INFO] SUBSCRIPTION EXPIRY CRON COMPLETED
[2026-09-21 16:41:00] [INFO] ==================================================
[2026-09-21 16:42:00] [INFO] [SUBSCRIPTION] Expiry cron triggered
[2026-09-21 16:42:00] [INFO] ==================================================
[2026-09-21 16:42:00] [INFO] SUBSCRIPTION EXPIRY CRON STARTED
[2026-09-21 16:42:00] [INFO] ==================================================
[2026-09-21 16:42:00] [INFO] [SUBSCRIPTION] Current India Date: 2026-09-21
[2026-09-21 16:42:00] [INFO] [OVERSTAY] Cron triggered
[2026-09-21 16:42:00] [INFO] ==================================================
[2026-09-21 16:42:00] [INFO] OVERSTAY CRON STARTED
[2026-09-21 16:42:00] [INFO] ==================================================
[2026-09-21 16:42:00] [INFO] [OVERSTAY] Current India Date/Time: 21/09/2026 16:42:00
[2026-09-21 16:42:00] [INFO] [OVERSTAY] Timezone: Asia/Kolkata
[2026-09-21 16:42:00] [INFO] [OVERSTAY] Staying customers found: 0
[2026-09-21 16:42:00] [INFO] ==================================================
[2026-09-21 16:42:00] [INFO] OVERSTAY CRON COMPLETED
[2026-09-21 16:42:00] [INFO] ==================================================
[2026-09-21 16:42:00] [INFO] [SUBSCRIPTION] Subscriptions found: 2
[2026-09-21 16:42:00] [INFO] [SUBSCRIPTION] mani hotel | Expiry: 2026-10-16 | Days Remaining: 25
[2026-09-21 16:42:00] [INFO] [SUBSCRIPTION] hotel 2 | Expiry: 2026-10-17 | Days Remaining: 26
[2026-09-21 16:42:00] [INFO] ==================================================
[2026-09-21 16:42:00] [INFO] SUBSCRIPTION EXPIRY CRON COMPLETED
[2026-09-21 16:42:00] [INFO] ==================================================
[2026-09-21 16:43:00] [INFO] [SUBSCRIPTION] Expiry cron triggered
[2026-09-21 16:43:00] [INFO] ==================================================
[2026-09-21 16:43:00] [INFO] SUBSCRIPTION EXPIRY CRON STARTED
[2026-09-21 16:43:00] [INFO] ==================================================
[2026-09-21 16:43:00] [INFO] [SUBSCRIPTION] Current India Date: 2026-09-21
[2026-09-21 16:43:00] [INFO] [OVERSTAY] Cron triggered
[2026-09-21 16:43:00] [INFO] ==================================================
[2026-09-21 16:43:00] [INFO] OVERSTAY CRON STARTED
[2026-09-21 16:43:00] [INFO] ==================================================
[2026-09-21 16:43:00] [INFO] [OVERSTAY] Current India Date/Time: 21/09/2026 16:43:00
[2026-09-21 16:43:00] [INFO] [OVERSTAY] Timezone: Asia/Kolkata
[2026-09-21 16:43:00] [INFO] [OVERSTAY] Staying customers found: 0
[2026-09-21 16:43:00] [INFO] ==================================================
[2026-09-21 16:43:00] [INFO] OVERSTAY CRON COMPLETED
[2026-09-21 16:43:00] [INFO] ==================================================
[2026-09-21 16:43:00] [INFO] [SUBSCRIPTION] Subscriptions found: 2
[2026-09-21 16:43:00] [INFO] [SUBSCRIPTION] mani hotel | Expiry: 2026-10-16 | Days Remaining: 25
[2026-09-21 16:43:00] [INFO] [SUBSCRIPTION] hotel 2 | Expiry: 2026-10-17 | Days Remaining: 26
[2026-09-21 16:43:00] [INFO] ==================================================
[2026-09-21 16:43:00] [INFO] SUBSCRIPTION EXPIRY CRON COMPLETED
[2026-09-21 16:43:00] [INFO] ==================================================
[2026-09-21 16:44:00] [INFO] [OVERSTAY] Cron triggered
[2026-09-21 16:44:00] [INFO] ==================================================
[2026-09-21 16:44:00] [INFO] OVERSTAY CRON STARTED
[2026-09-21 16:44:00] [INFO] ==================================================
[2026-09-21 16:44:00] [INFO] [OVERSTAY] Current India Date/Time: 21/09/2026 16:44:00
[2026-09-21 16:44:00] [INFO] [OVERSTAY] Timezone: Asia/Kolkata
[2026-09-21 16:44:00] [INFO] [SUBSCRIPTION] Expiry cron triggered
[2026-09-21 16:44:00] [INFO] ==================================================
[2026-09-21 16:44:00] [INFO] SUBSCRIPTION EXPIRY CRON STARTED
[2026-09-21 16:44:00] [INFO] ==================================================
[2026-09-21 16:44:00] [INFO] [SUBSCRIPTION] Current India Date: 2026-09-21
[2026-09-21 16:44:00] [INFO] [OVERSTAY] Staying customers found: 0
[2026-09-21 16:44:00] [INFO] ==================================================
[2026-09-21 16:44:00] [INFO] OVERSTAY CRON COMPLETED
[2026-09-21 16:44:00] [INFO] ==================================================
[2026-09-21 16:44:00] [INFO] [SUBSCRIPTION] Subscriptions found: 2
[2026-09-21 16:44:00] [INFO] [SUBSCRIPTION] mani hotel | Expiry: 2026-10-16 | Days Remaining: 25
[2026-09-21 16:44:00] [INFO] [SUBSCRIPTION] hotel 2 | Expiry: 2026-10-17 | Days Remaining: 26
[2026-09-21 16:44:00] [INFO] ==================================================
[2026-09-21 16:44:00] [INFO] SUBSCRIPTION EXPIRY CRON COMPLETED
[2026-09-21 16:44:00] [INFO] ==================================================
[2026-09-21 16:45:00] [INFO] [OVERSTAY] Cron triggered
[2026-09-21 16:45:00] [INFO] ==================================================
[2026-09-21 16:45:00] [INFO] OVERSTAY CRON STARTED
[2026-09-21 16:45:00] [INFO] ==================================================
[2026-09-21 16:45:00] [INFO] [OVERSTAY] Current India Date/Time: 21/09/2026 16:45:00
[2026-09-21 16:45:00] [INFO] [OVERSTAY] Timezone: Asia/Kolkata
[2026-09-21 16:45:00] [INFO] [SUBSCRIPTION] Expiry cron triggered
[2026-09-21 16:45:00] [INFO] ==================================================
[2026-09-21 16:45:00] [INFO] SUBSCRIPTION EXPIRY CRON STARTED
[2026-09-21 16:45:00] [INFO] ==================================================
[2026-09-21 16:45:00] [INFO] [SUBSCRIPTION] Current India Date: 2026-09-21
[2026-09-21 16:45:00] [INFO] [OVERSTAY] Staying customers found: 0
[2026-09-21 16:45:00] [INFO] ==================================================
[2026-09-21 16:45:00] [INFO] OVERSTAY CRON COMPLETED
[2026-09-21 16:45:00] [INFO] ==================================================
[2026-09-21 16:45:00] [INFO] [SUBSCRIPTION] Subscriptions found: 2
[2026-09-21 16:45:00] [INFO] [SUBSCRIPTION] mani hotel | Expiry: 2026-10-16 | Days Remaining: 25
[2026-09-21 16:45:00] [INFO] [SUBSCRIPTION] hotel 2 | Expiry: 2026-10-17 | Days Remaining: 26
[2026-09-21 16:45:00] [INFO] ==================================================
[2026-09-21 16:45:00] [INFO] SUBSCRIPTION EXPIRY CRON COMPLETED
[2026-09-21 16:45:00] [INFO] ==================================================
[2026-09-21 16:46:00] [INFO] [OVERSTAY] Cron triggered
[2026-09-21 16:46:00] [INFO] ==================================================
[2026-09-21 16:46:00] [INFO] OVERSTAY CRON STARTED
[2026-09-21 16:46:00] [INFO] ==================================================
[2026-09-21 16:46:00] [INFO] [OVERSTAY] Current India Date/Time: 21/09/2026 16:46:00
[2026-09-21 16:46:00] [INFO] [OVERSTAY] Timezone: Asia/Kolkata
[2026-09-21 16:46:00] [INFO] [SUBSCRIPTION] Expiry cron triggered
[2026-09-21 16:46:00] [INFO] ==================================================
[2026-09-21 16:46:00] [INFO] SUBSCRIPTION EXPIRY CRON STARTED
[2026-09-21 16:46:00] [INFO] ==================================================
[2026-09-21 16:46:00] [INFO] [SUBSCRIPTION] Current India Date: 2026-09-21
[2026-09-21 16:46:00] [INFO] [OVERSTAY] Staying customers found: 0
[2026-09-21 16:46:00] [INFO] ==================================================
[2026-09-21 16:46:00] [INFO] OVERSTAY CRON COMPLETED
[2026-09-21 16:46:00] [INFO] ==================================================
[2026-09-21 16:46:00] [INFO] [SUBSCRIPTION] Subscriptions found: 2
[2026-09-21 16:46:00] [INFO] [SUBSCRIPTION] mani hotel | Expiry: 2026-10-16 | Days Remaining: 25
[2026-09-21 16:46:00] [INFO] [SUBSCRIPTION] hotel 2 | Expiry: 2026-10-17 | Days Remaining: 26
[2026-09-21 16:46:00] [INFO] ==================================================
[2026-09-21 16:46:00] [INFO] SUBSCRIPTION EXPIRY CRON COMPLETED
[2026-09-21 16:46:00] [INFO] ==================================================
[2026-09-21 16:47:00] [INFO] [OVERSTAY] Cron triggered
[2026-09-21 16:47:00] [INFO] ==================================================
[2026-09-21 16:47:00] [INFO] OVERSTAY CRON STARTED
[2026-09-21 16:47:00] [INFO] ==================================================
[2026-09-21 16:47:00] [INFO] [OVERSTAY] Current India Date/Time: 21/09/2026 16:47:00
[2026-09-21 16:47:00] [INFO] [OVERSTAY] Timezone: Asia/Kolkata
[2026-09-21 16:47:00] [INFO] [SUBSCRIPTION] Expiry cron triggered
[2026-09-21 16:47:00] [INFO] ==================================================
[2026-09-21 16:47:00] [INFO] SUBSCRIPTION EXPIRY CRON STARTED
[2026-09-21 16:47:00] [INFO] ==================================================
[2026-09-21 16:47:00] [INFO] [SUBSCRIPTION] Current India Date: 2026-09-21
[2026-09-21 16:47:00] [INFO] [OVERSTAY] Staying customers found: 0
[2026-09-21 16:47:00] [INFO] ==================================================
[2026-09-21 16:47:00] [INFO] OVERSTAY CRON COMPLETED
[2026-09-21 16:47:00] [INFO] ==================================================
[2026-09-21 16:47:00] [INFO] [SUBSCRIPTION] Subscriptions found: 2
[2026-09-21 16:47:00] [INFO] [SUBSCRIPTION] mani hotel | Expiry: 2026-10-16 | Days Remaining: 25
[2026-09-21 16:47:00] [INFO] [SUBSCRIPTION] hotel 2 | Expiry: 2026-10-17 | Days Remaining: 26
[2026-09-21 16:47:00] [INFO] ==================================================
[2026-09-21 16:47:00] [INFO] SUBSCRIPTION EXPIRY CRON COMPLETED
[2026-09-21 16:47:00] [INFO] ==================================================
[2026-09-21 16:48:00] [INFO] [OVERSTAY] Cron triggered
[2026-09-21 16:48:00] [INFO] ==================================================
[2026-09-21 16:48:00] [INFO] OVERSTAY CRON STARTED
[2026-09-21 16:48:00] [INFO] ==================================================
[2026-09-21 16:48:00] [INFO] [OVERSTAY] Current India Date/Time: 21/09/2026 16:48:00
[2026-09-21 16:48:00] [INFO] [OVERSTAY] Timezone: Asia/Kolkata
[2026-09-21 16:48:00] [INFO] [SUBSCRIPTION] Expiry cron triggered
[2026-09-21 16:48:00] [INFO] ==================================================
[2026-09-21 16:48:00] [INFO] SUBSCRIPTION EXPIRY CRON STARTED
[2026-09-21 16:48:00] [INFO] ==================================================
[2026-09-21 16:48:00] [INFO] [SUBSCRIPTION] Current India Date: 2026-09-21
[2026-09-21 16:48:00] [INFO] [OVERSTAY] Staying customers found: 0
[2026-09-21 16:48:00] [INFO] ==================================================
[2026-09-21 16:48:00] [INFO] OVERSTAY CRON COMPLETED
[2026-09-21 16:48:00] [INFO] ==================================================
[2026-09-21 16:48:00] [INFO] [SUBSCRIPTION] Subscriptions found: 2
[2026-09-21 16:48:00] [INFO] [SUBSCRIPTION] mani hotel | Expiry: 2026-10-16 | Days Remaining: 25
[2026-09-21 16:48:00] [INFO] [SUBSCRIPTION] hotel 2 | Expiry: 2026-10-17 | Days Remaining: 26
[2026-09-21 16:48:00] [INFO] ==================================================
[2026-09-21 16:48:00] [INFO] SUBSCRIPTION EXPIRY CRON COMPLETED
[2026-09-21 16:48:00] [INFO] ==================================================
[2026-09-21 16:49:00] [INFO] [OVERSTAY] Cron triggered
[2026-09-21 16:49:00] [INFO] ==================================================
[2026-09-21 16:49:00] [INFO] OVERSTAY CRON STARTED
[2026-09-21 16:49:00] [INFO] ==================================================
[2026-09-21 16:49:00] [INFO] [OVERSTAY] Current India Date/Time: 21/09/2026 16:49:00
[2026-09-21 16:49:00] [INFO] [OVERSTAY] Timezone: Asia/Kolkata
[2026-09-21 16:49:00] [INFO] [SUBSCRIPTION] Expiry cron triggered
[2026-09-21 16:49:00] [INFO] ==================================================
[2026-09-21 16:49:00] [INFO] SUBSCRIPTION EXPIRY CRON STARTED
[2026-09-21 16:49:00] [INFO] ==================================================
[2026-09-21 16:49:00] [INFO] [SUBSCRIPTION] Current India Date: 2026-09-21
[2026-09-21 16:49:00] [INFO] [OVERSTAY] Staying customers found: 0
[2026-09-21 16:49:00] [INFO] ==================================================
[2026-09-21 16:49:00] [INFO] OVERSTAY CRON COMPLETED
[2026-09-21 16:49:00] [INFO] ==================================================
[2026-09-21 16:49:00] [INFO] [SUBSCRIPTION] Subscriptions found: 2
[2026-09-21 16:49:00] [INFO] [SUBSCRIPTION] mani hotel | Expiry: 2026-10-16 | Days Remaining: 25
[2026-09-21 16:49:00] [INFO] [SUBSCRIPTION] hotel 2 | Expiry: 2026-10-17 | Days Remaining: 26
[2026-09-21 16:49:00] [INFO] ==================================================
[2026-09-21 16:49:00] [INFO] SUBSCRIPTION EXPIRY CRON COMPLETED
[2026-09-21 16:49:00] [INFO] ==================================================
[2026-09-21 16:50:00] [INFO] [SUBSCRIPTION] Expiry cron triggered
[2026-09-21 16:50:00] [INFO] ==================================================
[2026-09-21 16:50:00] [INFO] SUBSCRIPTION EXPIRY CRON STARTED
[2026-09-21 16:50:00] [INFO] ==================================================
[2026-09-21 16:50:00] [INFO] [SUBSCRIPTION] Current India Date: 2026-09-21
[2026-09-21 16:50:00] [INFO] [OVERSTAY] Cron triggered
[2026-09-21 16:50:00] [INFO] ==================================================
[2026-09-21 16:50:00] [INFO] OVERSTAY CRON STARTED
[2026-09-21 16:50:00] [INFO] ==================================================
[2026-09-21 16:50:00] [INFO] [OVERSTAY] Current India Date/Time: 21/09/2026 16:50:00
[2026-09-21 16:50:00] [INFO] [OVERSTAY] Timezone: Asia/Kolkata
[2026-09-21 16:50:00] [INFO] [OVERSTAY] Staying customers found: 0
[2026-09-21 16:50:00] [INFO] ==================================================
[2026-09-21 16:50:00] [INFO] OVERSTAY CRON COMPLETED
[2026-09-21 16:50:00] [INFO] ==================================================
[2026-09-21 16:50:00] [INFO] [SUBSCRIPTION] Subscriptions found: 2
[2026-09-21 16:50:00] [INFO] [SUBSCRIPTION] mani hotel | Expiry: 2026-10-16 | Days Remaining: 25
[2026-09-21 16:50:00] [INFO] [SUBSCRIPTION] hotel 2 | Expiry: 2026-10-17 | Days Remaining: 26
[2026-09-21 16:50:00] [INFO] ==================================================
[2026-09-21 16:50:00] [INFO] SUBSCRIPTION EXPIRY CRON COMPLETED
[2026-09-21 16:50:00] [INFO] ==================================================
[2026-09-21 16:51:00] [INFO] [SUBSCRIPTION] Expiry cron triggered
[2026-09-21 16:51:00] [INFO] ==================================================
[2026-09-21 16:51:00] [INFO] SUBSCRIPTION EXPIRY CRON STARTED
[2026-09-21 16:51:00] [INFO] ==================================================
[2026-09-21 16:51:00] [INFO] [SUBSCRIPTION] Current India Date: 2026-09-21
[2026-09-21 16:51:00] [INFO] [OVERSTAY] Cron triggered
[2026-09-21 16:51:00] [INFO] ==================================================
[2026-09-21 16:51:00] [INFO] OVERSTAY CRON STARTED
[2026-09-21 16:51:00] [INFO] ==================================================
[2026-09-21 16:51:00] [INFO] [OVERSTAY] Current India Date/Time: 21/09/2026 16:51:00
[2026-09-21 16:51:00] [INFO] [OVERSTAY] Timezone: Asia/Kolkata
[2026-09-21 16:51:00] [INFO] [OVERSTAY] Staying customers found: 0
[2026-09-21 16:51:00] [INFO] ==================================================
[2026-09-21 16:51:00] [INFO] OVERSTAY CRON COMPLETED
[2026-09-21 16:51:00] [INFO] ==================================================
[2026-09-21 16:51:00] [INFO] [SUBSCRIPTION] Subscriptions found: 2
[2026-09-21 16:51:00] [INFO] [SUBSCRIPTION] mani hotel | Expiry: 2026-10-16 | Days Remaining: 25
[2026-09-21 16:51:00] [INFO] [SUBSCRIPTION] hotel 2 | Expiry: 2026-10-17 | Days Remaining: 26
[2026-09-21 16:51:00] [INFO] ==================================================
[2026-09-21 16:51:00] [INFO] SUBSCRIPTION EXPIRY CRON COMPLETED
[2026-09-21 16:51:00] [INFO] ==================================================
[2026-09-21 16:51:36] [INFO] Hotel registrations retrieved successfully. Total registrations: 2
[2026-09-21 16:51:36] [INFO] Hotel registrations retrieved successfully. Total registrations: 2
[2026-09-21 16:51:41] [INFO] Hotel registrations retrieved successfully. Total registrations: 2
[2026-09-21 16:51:41] [INFO] Hotel registrations retrieved successfully. Total registrations: 2
[2026-09-21 16:51:42] [INFO] Hotel registrations retrieved successfully. Total registrations: 2
[2026-09-21 16:51:42] [INFO] Hotel registrations retrieved successfully. Total registrations: 2
[2026-09-21 16:51:46] [INFO] Hotel registrations retrieved successfully. Total registrations: 2
[2026-09-21 16:51:48] [INFO] Hotel registrations retrieved successfully. Total registrations: 2
[2026-09-21 16:51:49] [INFO] Hotel registrations retrieved successfully. Total registrations: 2
[2026-09-21 16:51:51] [INFO] Hotel registrations retrieved successfully. Total registrations: 2
[2026-09-21 16:51:51] [INFO] Hotel registrations retrieved successfully. Total registrations: 2
[2026-09-21 16:51:53] [INFO] Hotel registrations retrieved successfully. Total registrations: 2
[2026-09-21 16:52:00] [INFO] [SUBSCRIPTION] Expiry cron triggered
[2026-09-21 16:52:00] [INFO] ==================================================
[2026-09-21 16:52:00] [INFO] SUBSCRIPTION EXPIRY CRON STARTED
[2026-09-21 16:52:00] [INFO] ==================================================
[2026-09-21 16:52:00] [INFO] [SUBSCRIPTION] Current India Date: 2026-09-21
[2026-09-21 16:52:00] [INFO] [OVERSTAY] Cron triggered
[2026-09-21 16:52:00] [INFO] ==================================================
[2026-09-21 16:52:00] [INFO] OVERSTAY CRON STARTED
[2026-09-21 16:52:00] [INFO] ==================================================
[2026-09-21 16:52:00] [INFO] [OVERSTAY] Current India Date/Time: 21/09/2026 16:52:00
[2026-09-21 16:52:00] [INFO] [OVERSTAY] Timezone: Asia/Kolkata
[2026-09-21 16:52:00] [INFO] [OVERSTAY] Staying customers found: 0
[2026-09-21 16:52:00] [INFO] ==================================================
[2026-09-21 16:52:00] [INFO] OVERSTAY CRON COMPLETED
[2026-09-21 16:52:00] [INFO] ==================================================
[2026-09-21 16:52:00] [INFO] [SUBSCRIPTION] Subscriptions found: 2
[2026-09-21 16:52:00] [INFO] [SUBSCRIPTION] mani hotel | Expiry: 2026-10-16 | Days Remaining: 25
[2026-09-21 16:52:00] [INFO] [SUBSCRIPTION] hotel 2 | Expiry: 2026-10-17 | Days Remaining: 26
[2026-09-21 16:52:00] [INFO] ==================================================
[2026-09-21 16:52:00] [INFO] SUBSCRIPTION EXPIRY CRON COMPLETED
[2026-09-21 16:52:00] [INFO] ==================================================
[2026-09-21 16:52:40] [INFO] Hotel registrations retrieved successfully. Total registrations: 2
[2026-09-21 16:52:40] [INFO] Hotel registrations retrieved successfully. Total registrations: 2
[2026-09-21 16:52:59] [INFO] Hotel registrations retrieved successfully. Total registrations: 2
[2026-09-21 16:52:59] [INFO] Hotel registrations retrieved successfully. Total registrations: 2
[2026-09-21 16:53:00] [INFO] [SUBSCRIPTION] Expiry cron triggered
[2026-09-21 16:53:00] [INFO] ==================================================
[2026-09-21 16:53:00] [INFO] SUBSCRIPTION EXPIRY CRON STARTED
[2026-09-21 16:53:00] [INFO] ==================================================
[2026-09-21 16:53:00] [INFO] [SUBSCRIPTION] Current India Date: 2026-09-21
[2026-09-21 16:53:00] [INFO] [OVERSTAY] Cron triggered
[2026-09-21 16:53:00] [INFO] ==================================================
[2026-09-21 16:53:00] [INFO] OVERSTAY CRON STARTED
[2026-09-21 16:53:00] [INFO] ==================================================
[2026-09-21 16:53:00] [INFO] [OVERSTAY] Current India Date/Time: 21/09/2026 16:53:00
[2026-09-21 16:53:00] [INFO] [OVERSTAY] Timezone: Asia/Kolkata
[2026-09-21 16:53:00] [INFO] [OVERSTAY] Staying customers found: 0
[2026-09-21 16:53:00] [INFO] ==================================================
[2026-09-21 16:53:00] [INFO] OVERSTAY CRON COMPLETED
[2026-09-21 16:53:00] [INFO] ==================================================
[2026-09-21 16:53:00] [INFO] [SUBSCRIPTION] Subscriptions found: 2
[2026-09-21 16:53:00] [INFO] [SUBSCRIPTION] mani hotel | Expiry: 2026-10-16 | Days Remaining: 25
[2026-09-21 16:53:00] [INFO] [SUBSCRIPTION] hotel 2 | Expiry: 2026-10-17 | Days Remaining: 26
[2026-09-21 16:53:00] [INFO] ==================================================
[2026-09-21 16:53:00] [INFO] SUBSCRIPTION EXPIRY CRON COMPLETED
[2026-09-21 16:53:00] [INFO] ==================================================
[2026-09-21 16:53:01] [INFO] Hotel registrations retrieved successfully. Total registrations: 2
[2026-09-21 16:53:01] [INFO] Hotel registrations retrieved successfully. Total registrations: 2
[2026-09-21 16:53:05] [INFO] Hotel registrations retrieved successfully. Total registrations: 2
[2026-09-21 16:53:05] [INFO] Hotel registrations retrieved successfully. Total registrations: 2
[2026-09-21 16:53:06] [INFO] Hotel registrations retrieved successfully. Total registrations: 2
[2026-09-21 16:53:06] [INFO] Hotel registrations retrieved successfully. Total registrations: 2
[2026-09-21 16:53:08] [INFO] Hotel registrations retrieved successfully. Total registrations: 2
[2026-09-21 16:53:08] [INFO] Hotel registrations retrieved successfully. Total registrations: 2
[2026-09-21 16:54:00] [INFO] [SUBSCRIPTION] Expiry cron triggered
[2026-09-21 16:54:00] [INFO] ==================================================
[2026-09-21 16:54:00] [INFO] SUBSCRIPTION EXPIRY CRON STARTED
[2026-09-21 16:54:00] [INFO] ==================================================
[2026-09-21 16:54:00] [INFO] [SUBSCRIPTION] Current India Date: 2026-09-21
[2026-09-21 16:54:00] [INFO] [OVERSTAY] Cron triggered
[2026-09-21 16:54:00] [INFO] ==================================================
[2026-09-21 16:54:00] [INFO] OVERSTAY CRON STARTED
[2026-09-21 16:54:00] [INFO] ==================================================
[2026-09-21 16:54:00] [INFO] [OVERSTAY] Current India Date/Time: 21/09/2026 16:54:00
[2026-09-21 16:54:00] [INFO] [OVERSTAY] Timezone: Asia/Kolkata
[2026-09-21 16:54:00] [INFO] [OVERSTAY] Staying customers found: 0
[2026-09-21 16:54:00] [INFO] ==================================================
[2026-09-21 16:54:00] [INFO] OVERSTAY CRON COMPLETED
[2026-09-21 16:54:00] [INFO] ==================================================
[2026-09-21 16:54:00] [INFO] [SUBSCRIPTION] Subscriptions found: 2
[2026-09-21 16:54:00] [INFO] [SUBSCRIPTION] mani hotel | Expiry: 2026-10-16 | Days Remaining: 25
[2026-09-21 16:54:00] [INFO] [SUBSCRIPTION] hotel 2 | Expiry: 2026-10-17 | Days Remaining: 26
[2026-09-21 16:54:00] [INFO] ==================================================
[2026-09-21 16:54:00] [INFO] SUBSCRIPTION EXPIRY CRON COMPLETED
[2026-09-21 16:54:00] [INFO] ==================================================
[2026-09-21 16:55:00] [INFO] [SUBSCRIPTION] Expiry cron triggered
[2026-09-21 16:55:00] [INFO] ==================================================
[2026-09-21 16:55:00] [INFO] SUBSCRIPTION EXPIRY CRON STARTED
[2026-09-21 16:55:00] [INFO] ==================================================
[2026-09-21 16:55:00] [INFO] [SUBSCRIPTION] Current India Date: 2026-09-21
[2026-09-21 16:55:00] [INFO] [OVERSTAY] Cron triggered
[2026-09-21 16:55:00] [INFO] ==================================================
[2026-09-21 16:55:00] [INFO] OVERSTAY CRON STARTED
[2026-09-21 16:55:00] [INFO] ==================================================
[2026-09-21 16:55:00] [INFO] [OVERSTAY] Current India Date/Time: 21/09/2026 16:55:00
[2026-09-21 16:55:00] [INFO] [OVERSTAY] Timezone: Asia/Kolkata
[2026-09-21 16:55:00] [INFO] [OVERSTAY] Staying customers found: 0
[2026-09-21 16:55:00] [INFO] ==================================================
[2026-09-21 16:55:00] [INFO] OVERSTAY CRON COMPLETED
[2026-09-21 16:55:00] [INFO] ==================================================
[2026-09-21 16:55:00] [INFO] [SUBSCRIPTION] Subscriptions found: 2
[2026-09-21 16:55:00] [INFO] [SUBSCRIPTION] mani hotel | Expiry: 2026-10-16 | Days Remaining: 25
[2026-09-21 16:55:00] [INFO] [SUBSCRIPTION] hotel 2 | Expiry: 2026-10-17 | Days Remaining: 26
[2026-09-21 16:55:00] [INFO] ==================================================
[2026-09-21 16:55:00] [INFO] SUBSCRIPTION EXPIRY CRON COMPLETED
[2026-09-21 16:55:00] [INFO] ==================================================
[2026-09-21 16:56:00] [INFO] [SUBSCRIPTION] Expiry cron triggered
[2026-09-21 16:56:00] [INFO] ==================================================
[2026-09-21 16:56:00] [INFO] SUBSCRIPTION EXPIRY CRON STARTED
[2026-09-21 16:56:00] [INFO] ==================================================
[2026-09-21 16:56:00] [INFO] [SUBSCRIPTION] Current India Date: 2026-09-21
[2026-09-21 16:56:00] [INFO] [OVERSTAY] Cron triggered
[2026-09-21 16:56:00] [INFO] ==================================================
[2026-09-21 16:56:00] [INFO] OVERSTAY CRON STARTED
[2026-09-21 16:56:00] [INFO] ==================================================
[2026-09-21 16:56:00] [INFO] [OVERSTAY] Current India Date/Time: 21/09/2026 16:56:00
[2026-09-21 16:56:00] [INFO] [OVERSTAY] Timezone: Asia/Kolkata
[2026-09-21 16:56:00] [INFO] [OVERSTAY] Staying customers found: 0
[2026-09-21 16:56:00] [INFO] ==================================================
[2026-09-21 16:56:00] [INFO] OVERSTAY CRON COMPLETED
[2026-09-21 16:56:00] [INFO] ==================================================
[2026-09-21 16:56:00] [INFO] [SUBSCRIPTION] Subscriptions found: 2
[2026-09-21 16:56:00] [INFO] [SUBSCRIPTION] mani hotel | Expiry: 2026-10-16 | Days Remaining: 25
[2026-09-21 16:56:00] [INFO] [SUBSCRIPTION] hotel 2 | Expiry: 2026-10-17 | Days Remaining: 26
[2026-09-21 16:56:00] [INFO] ==================================================
[2026-09-21 16:56:00] [INFO] SUBSCRIPTION EXPIRY CRON COMPLETED
[2026-09-21 16:56:00] [INFO] ==================================================
[2026-09-21 16:57:00] [INFO] [SUBSCRIPTION] Expiry cron triggered
[2026-09-21 16:57:00] [INFO] ==================================================
[2026-09-21 16:57:00] [INFO] SUBSCRIPTION EXPIRY CRON STARTED
[2026-09-21 16:57:00] [INFO] ==================================================
[2026-09-21 16:57:00] [INFO] [SUBSCRIPTION] Current India Date: 2026-09-21
[2026-09-21 16:57:00] [INFO] [OVERSTAY] Cron triggered
[2026-09-21 16:57:00] [INFO] ==================================================
[2026-09-21 16:57:00] [INFO] OVERSTAY CRON STARTED
[2026-09-21 16:57:00] [INFO] ==================================================
[2026-09-21 16:57:00] [INFO] [OVERSTAY] Current India Date/Time: 21/09/2026 16:57:00
[2026-09-21 16:57:00] [INFO] [OVERSTAY] Timezone: Asia/Kolkata
[2026-09-21 16:57:00] [INFO] [OVERSTAY] Staying customers found: 0
[2026-09-21 16:57:00] [INFO] ==================================================
[2026-09-21 16:57:00] [INFO] OVERSTAY CRON COMPLETED
[2026-09-21 16:57:00] [INFO] ==================================================
[2026-09-21 16:57:00] [INFO] [SUBSCRIPTION] Subscriptions found: 2
[2026-09-21 16:57:00] [INFO] [SUBSCRIPTION] mani hotel | Expiry: 2026-10-16 | Days Remaining: 25
[2026-09-21 16:57:00] [INFO] [SUBSCRIPTION] hotel 2 | Expiry: 2026-10-17 | Days Remaining: 26
[2026-09-21 16:57:00] [INFO] ==================================================
[2026-09-21 16:57:00] [INFO] SUBSCRIPTION EXPIRY CRON COMPLETED
[2026-09-21 16:57:00] [INFO] ==================================================
[2026-09-21 16:58:00] [INFO] [SUBSCRIPTION] Expiry cron triggered
[2026-09-21 16:58:00] [INFO] ==================================================
[2026-09-21 16:58:00] [INFO] SUBSCRIPTION EXPIRY CRON STARTED
[2026-09-21 16:58:00] [INFO] ==================================================
[2026-09-21 16:58:00] [INFO] [SUBSCRIPTION] Current India Date: 2026-09-21
[2026-09-21 16:58:00] [INFO] [OVERSTAY] Cron triggered
[2026-09-21 16:58:00] [INFO] ==================================================
[2026-09-21 16:58:00] [INFO] OVERSTAY CRON STARTED
[2026-09-21 16:58:00] [INFO] ==================================================
[2026-09-21 16:58:00] [INFO] [OVERSTAY] Current India Date/Time: 21/09/2026 16:58:00
[2026-09-21 16:58:00] [INFO] [OVERSTAY] Timezone: Asia/Kolkata
[2026-09-21 16:58:00] [INFO] [OVERSTAY] Staying customers found: 0
[2026-09-21 16:58:00] [INFO] ==================================================
[2026-09-21 16:58:00] [INFO] OVERSTAY CRON COMPLETED
[2026-09-21 16:58:00] [INFO] ==================================================
[2026-09-21 16:58:00] [INFO] [SUBSCRIPTION] Subscriptions found: 2
[2026-09-21 16:58:00] [INFO] [SUBSCRIPTION] mani hotel | Expiry: 2026-10-16 | Days Remaining: 25
[2026-09-21 16:58:00] [INFO] [SUBSCRIPTION] hotel 2 | Expiry: 2026-10-17 | Days Remaining: 26
[2026-09-21 16:58:00] [INFO] ==================================================
[2026-09-21 16:58:00] [INFO] SUBSCRIPTION EXPIRY CRON COMPLETED
[2026-09-21 16:58:00] [INFO] ==================================================
[2026-09-21 16:59:00] [INFO] [SUBSCRIPTION] Expiry cron triggered
[2026-09-21 16:59:00] [INFO] ==================================================
[2026-09-21 16:59:00] [INFO] SUBSCRIPTION EXPIRY CRON STARTED
[2026-09-21 16:59:00] [INFO] ==================================================
[2026-09-21 16:59:00] [INFO] [SUBSCRIPTION] Current India Date: 2026-09-21
[2026-09-21 16:59:00] [INFO] [OVERSTAY] Cron triggered
[2026-09-21 16:59:00] [INFO] ==================================================
[2026-09-21 16:59:00] [INFO] OVERSTAY CRON STARTED
[2026-09-21 16:59:00] [INFO] ==================================================
[2026-09-21 16:59:00] [INFO] [OVERSTAY] Current India Date/Time: 21/09/2026 16:59:00
[2026-09-21 16:59:00] [INFO] [OVERSTAY] Timezone: Asia/Kolkata
[2026-09-21 16:59:00] [INFO] [OVERSTAY] Staying customers found: 0
[2026-09-21 16:59:00] [INFO] ==================================================
[2026-09-21 16:59:00] [INFO] OVERSTAY CRON COMPLETED
[2026-09-21 16:59:00] [INFO] ==================================================
[2026-09-21 16:59:00] [INFO] [SUBSCRIPTION] Subscriptions found: 2
[2026-09-21 16:59:00] [INFO] [SUBSCRIPTION] mani hotel | Expiry: 2026-10-16 | Days Remaining: 25
[2026-09-21 16:59:00] [INFO] [SUBSCRIPTION] hotel 2 | Expiry: 2026-10-17 | Days Remaining: 26
[2026-09-21 16:59:00] [INFO] ==================================================
[2026-09-21 16:59:00] [INFO] SUBSCRIPTION EXPIRY CRON COMPLETED
[2026-09-21 16:59:00] [INFO] ==================================================
[2026-09-21 16:59:09] [INFO] Hotel registrations retrieved successfully. Total registrations: 2
[2026-09-21 16:59:09] [INFO] Hotel registrations retrieved successfully. Total registrations: 2
[2026-09-21 16:59:15] [INFO] Hotel registrations retrieved successfully. Total registrations: 2
[2026-09-21 16:59:16] [INFO] Hotel registrations retrieved successfully. Total registrations: 2
[2026-09-21 16:59:16] [INFO] Hotel registrations retrieved successfully. Total registrations: 2
[2026-09-21 16:59:17] [INFO] Hotel registrations retrieved successfully. Total registrations: 2
[2026-09-21 17:00:00] [INFO] [SUBSCRIPTION] Expiry cron triggered
[2026-09-21 17:00:00] [INFO] ==================================================
[2026-09-21 17:00:00] [INFO] SUBSCRIPTION EXPIRY CRON STARTED
[2026-09-21 17:00:00] [INFO] ==================================================
[2026-09-21 17:00:00] [INFO] [SUBSCRIPTION] Current India Date: 2026-09-21
[2026-09-21 17:00:00] [INFO] [OVERSTAY] Cron triggered
[2026-09-21 17:00:00] [INFO] ==================================================
[2026-09-21 17:00:00] [INFO] OVERSTAY CRON STARTED
[2026-09-21 17:00:00] [INFO] ==================================================
[2026-09-21 17:00:00] [INFO] [OVERSTAY] Current India Date/Time: 21/09/2026 17:00:00
[2026-09-21 17:00:00] [INFO] [OVERSTAY] Timezone: Asia/Kolkata
[2026-09-21 17:00:00] [INFO] [OVERSTAY] Staying customers found: 0
[2026-09-21 17:00:00] [INFO] ==================================================
[2026-09-21 17:00:00] [INFO] OVERSTAY CRON COMPLETED
[2026-09-21 17:00:00] [INFO] ==================================================
[2026-09-21 17:00:00] [INFO] [SUBSCRIPTION] Subscriptions found: 2
[2026-09-21 17:00:00] [INFO] [SUBSCRIPTION] mani hotel | Expiry: 2026-10-16 | Days Remaining: 25
[2026-09-21 17:00:00] [INFO] [SUBSCRIPTION] hotel 2 | Expiry: 2026-10-17 | Days Remaining: 26
[2026-09-21 17:00:00] [INFO] ==================================================
[2026-09-21 17:00:00] [INFO] SUBSCRIPTION EXPIRY CRON COMPLETED
[2026-09-21 17:00:00] [INFO] ==================================================
[2026-09-21 17:00:03] [INFO] Hotel registrations retrieved successfully. Total registrations: 2
[2026-09-21 17:00:03] [INFO] Hotel registrations retrieved successfully. Total registrations: 2
[2026-09-21 17:00:35] [INFO] Hotel registrations retrieved successfully. Total registrations: 2
[2026-09-21 17:00:35] [INFO] Hotel registrations retrieved successfully. Total registrations: 2
[2026-09-21 17:01:00] [INFO] [SUBSCRIPTION] Expiry cron triggered
[2026-09-21 17:01:00] [INFO] ==================================================
[2026-09-21 17:01:00] [INFO] SUBSCRIPTION EXPIRY CRON STARTED
[2026-09-21 17:01:00] [INFO] ==================================================
[2026-09-21 17:01:00] [INFO] [SUBSCRIPTION] Current India Date: 2026-09-21
[2026-09-21 17:01:00] [INFO] [OVERSTAY] Cron triggered
[2026-09-21 17:01:00] [INFO] ==================================================
[2026-09-21 17:01:00] [INFO] OVERSTAY CRON STARTED
[2026-09-21 17:01:00] [INFO] ==================================================
[2026-09-21 17:01:00] [INFO] [OVERSTAY] Current India Date/Time: 21/09/2026 17:01:00
[2026-09-21 17:01:00] [INFO] [OVERSTAY] Timezone: Asia/Kolkata
[2026-09-21 17:01:00] [INFO] [OVERSTAY] Staying customers found: 0
[2026-09-21 17:01:00] [INFO] ==================================================
[2026-09-21 17:01:00] [INFO] OVERSTAY CRON COMPLETED
[2026-09-21 17:01:00] [INFO] ==================================================
[2026-09-21 17:01:00] [INFO] [SUBSCRIPTION] Subscriptions found: 2
[2026-09-21 17:01:00] [INFO] [SUBSCRIPTION] mani hotel | Expiry: 2026-10-16 | Days Remaining: 25
[2026-09-21 17:01:00] [INFO] [SUBSCRIPTION] hotel 2 | Expiry: 2026-10-17 | Days Remaining: 26
[2026-09-21 17:01:00] [INFO] ==================================================
[2026-09-21 17:01:00] [INFO] SUBSCRIPTION EXPIRY CRON COMPLETED
[2026-09-21 17:01:00] [INFO] ==================================================
[2026-09-21 17:01:30] [INFO] Hotel registrations retrieved successfully. Total registrations: 2
[2026-09-21 17:01:30] [INFO] Hotel registrations retrieved successfully. Total registrations: 2
[2026-09-21 17:01:32] [INFO] Hotel registrations retrieved successfully. Total registrations: 2
[2026-09-21 17:01:32] [INFO] Hotel registrations retrieved successfully. Total registrations: 2
[2026-09-21 17:01:39] [INFO] Hotel registrations retrieved successfully. Total registrations: 2
[2026-09-21 17:01:39] [INFO] Hotel registrations retrieved successfully. Total registrations: 2
[2026-09-21 17:01:48] [INFO] Hotel registrations retrieved successfully. Total registrations: 2
[2026-09-21 17:01:49] [INFO] Hotel registrations retrieved successfully. Total registrations: 2
[2026-09-21 17:01:52] [INFO] Hotel registrations retrieved successfully. Total registrations: 2
[2026-09-21 17:01:52] [INFO] Hotel registrations retrieved successfully. Total registrations: 2
[2026-09-21 17:01:53] [INFO] Hotel registrations retrieved successfully. Total registrations: 2
[2026-09-21 17:01:54] [INFO] Hotel registrations retrieved successfully. Total registrations: 2
[2026-09-21 17:01:57] [INFO] Hotel registrations retrieved successfully. Total registrations: 2
[2026-09-21 17:01:57] [INFO] Hotel registrations retrieved successfully. Total registrations: 2
[2026-09-21 17:01:59] [INFO] Hotel registrations retrieved successfully. Total registrations: 2
[2026-09-21 17:01:59] [INFO] Hotel registrations retrieved successfully. Total registrations: 2
[2026-09-21 17:02:00] [INFO] [SUBSCRIPTION] Expiry cron triggered
[2026-09-21 17:02:00] [INFO] ==================================================
[2026-09-21 17:02:00] [INFO] SUBSCRIPTION EXPIRY CRON STARTED
[2026-09-21 17:02:00] [INFO] ==================================================
[2026-09-21 17:02:00] [INFO] [SUBSCRIPTION] Current India Date: 2026-09-21
[2026-09-21 17:02:00] [INFO] [OVERSTAY] Cron triggered
[2026-09-21 17:02:00] [INFO] ==================================================
[2026-09-21 17:02:00] [INFO] OVERSTAY CRON STARTED
[2026-09-21 17:02:00] [INFO] ==================================================
[2026-09-21 17:02:00] [INFO] [OVERSTAY] Current India Date/Time: 21/09/2026 17:02:00
[2026-09-21 17:02:00] [INFO] [OVERSTAY] Timezone: Asia/Kolkata
[2026-09-21 17:02:00] [INFO] [OVERSTAY] Staying customers found: 0
[2026-09-21 17:02:00] [INFO] ==================================================
[2026-09-21 17:02:00] [INFO] OVERSTAY CRON COMPLETED
[2026-09-21 17:02:00] [INFO] ==================================================
[2026-09-21 17:02:00] [INFO] [SUBSCRIPTION] Subscriptions found: 2
[2026-09-21 17:02:00] [INFO] [SUBSCRIPTION] mani hotel | Expiry: 2026-10-16 | Days Remaining: 25
[2026-09-21 17:02:00] [INFO] [SUBSCRIPTION] hotel 2 | Expiry: 2026-10-17 | Days Remaining: 26
[2026-09-21 17:02:00] [INFO] ==================================================
[2026-09-21 17:02:00] [INFO] SUBSCRIPTION EXPIRY CRON COMPLETED
[2026-09-21 17:02:00] [INFO] ==================================================
[2026-09-21 17:02:46] [INFO] Hotel registrations retrieved successfully. Total registrations: 2
[2026-09-21 17:02:46] [INFO] Hotel registrations retrieved successfully. Total registrations: 2
[2026-09-21 17:02:59] [INFO] Hotel registrations retrieved successfully. Total registrations: 2
[2026-09-21 17:02:59] [INFO] Hotel registrations retrieved successfully. Total registrations: 2
[2026-09-21 17:03:00] [INFO] [SUBSCRIPTION] Expiry cron triggered
[2026-09-21 17:03:00] [INFO] ==================================================
[2026-09-21 17:03:00] [INFO] SUBSCRIPTION EXPIRY CRON STARTED
[2026-09-21 17:03:00] [INFO] ==================================================
[2026-09-21 17:03:00] [INFO] [SUBSCRIPTION] Current India Date: 2026-09-21
[2026-09-21 17:03:00] [INFO] [OVERSTAY] Cron triggered
[2026-09-21 17:03:00] [INFO] ==================================================
[2026-09-21 17:03:00] [INFO] OVERSTAY CRON STARTED
[2026-09-21 17:03:00] [INFO] ==================================================
[2026-09-21 17:03:00] [INFO] [OVERSTAY] Current India Date/Time: 21/09/2026 17:03:00
[2026-09-21 17:03:00] [INFO] [OVERSTAY] Timezone: Asia/Kolkata
[2026-09-21 17:03:00] [INFO] [OVERSTAY] Staying customers found: 0
[2026-09-21 17:03:00] [INFO] ==================================================
[2026-09-21 17:03:00] [INFO] OVERSTAY CRON COMPLETED
[2026-09-21 17:03:00] [INFO] ==================================================
[2026-09-21 17:03:00] [INFO] [SUBSCRIPTION] Subscriptions found: 2
[2026-09-21 17:03:00] [INFO] [SUBSCRIPTION] mani hotel | Expiry: 2026-10-16 | Days Remaining: 25
[2026-09-21 17:03:00] [INFO] [SUBSCRIPTION] hotel 2 | Expiry: 2026-10-17 | Days Remaining: 26
[2026-09-21 17:03:00] [INFO] ==================================================
[2026-09-21 17:03:00] [INFO] SUBSCRIPTION EXPIRY CRON COMPLETED
[2026-09-21 17:03:00] [INFO] ==================================================
[2026-09-21 17:03:25] [INFO] Hotel registrations retrieved successfully. Total registrations: 2
[2026-09-21 17:03:25] [INFO] Hotel registrations retrieved successfully. Total registrations: 2
[2026-09-21 17:03:26] [INFO] Hotel registrations retrieved successfully. Total registrations: 2
[2026-09-21 17:03:26] [INFO] Hotel registrations retrieved successfully. Total registrations: 2
[2026-09-21 17:03:30] [INFO] Hotel registrations retrieved successfully. Total registrations: 2
[2026-09-21 17:03:30] [INFO] Hotel registrations retrieved successfully. Total registrations: 2
[2026-09-21 17:04:00] [INFO] [SUBSCRIPTION] Expiry cron triggered
[2026-09-21 17:04:00] [INFO] ==================================================
[2026-09-21 17:04:00] [INFO] SUBSCRIPTION EXPIRY CRON STARTED
[2026-09-21 17:04:00] [INFO] ==================================================
[2026-09-21 17:04:00] [INFO] [SUBSCRIPTION] Current India Date: 2026-09-21
[2026-09-21 17:04:00] [INFO] [OVERSTAY] Cron triggered
[2026-09-21 17:04:00] [INFO] ==================================================
[2026-09-21 17:04:00] [INFO] OVERSTAY CRON STARTED
[2026-09-21 17:04:00] [INFO] ==================================================
[2026-09-21 17:04:00] [INFO] [OVERSTAY] Current India Date/Time: 21/09/2026 17:04:00
[2026-09-21 17:04:00] [INFO] [OVERSTAY] Timezone: Asia/Kolkata
[2026-09-21 17:04:00] [INFO] [OVERSTAY] Staying customers found: 0
[2026-09-21 17:04:00] [INFO] ==================================================
[2026-09-21 17:04:00] [INFO] OVERSTAY CRON COMPLETED
[2026-09-21 17:04:00] [INFO] ==================================================
[2026-09-21 17:04:00] [INFO] [SUBSCRIPTION] Subscriptions found: 2
[2026-09-21 17:04:00] [INFO] [SUBSCRIPTION] mani hotel | Expiry: 2026-10-16 | Days Remaining: 25
[2026-09-21 17:04:00] [INFO] [SUBSCRIPTION] hotel 2 | Expiry: 2026-10-17 | Days Remaining: 26
[2026-09-21 17:04:00] [INFO] ==================================================
[2026-09-21 17:04:00] [INFO] SUBSCRIPTION EXPIRY CRON COMPLETED
[2026-09-21 17:04:00] [INFO] ==================================================
[2026-09-21 17:05:00] [INFO] [SUBSCRIPTION] Expiry cron triggered
[2026-09-21 17:05:00] [INFO] ==================================================
[2026-09-21 17:05:00] [INFO] SUBSCRIPTION EXPIRY CRON STARTED
[2026-09-21 17:05:00] [INFO] ==================================================
[2026-09-21 17:05:00] [INFO] [SUBSCRIPTION] Current India Date: 2026-09-21
[2026-09-21 17:05:00] [INFO] [OVERSTAY] Cron triggered
[2026-09-21 17:05:00] [INFO] ==================================================
[2026-09-21 17:05:00] [INFO] OVERSTAY CRON STARTED
[2026-09-21 17:05:00] [INFO] ==================================================
[2026-09-21 17:05:00] [INFO] [OVERSTAY] Current India Date/Time: 21/09/2026 17:05:00
[2026-09-21 17:05:00] [INFO] [OVERSTAY] Timezone: Asia/Kolkata
[2026-09-21 17:05:00] [INFO] [OVERSTAY] Staying customers found: 0
[2026-09-21 17:05:00] [INFO] ==================================================
[2026-09-21 17:05:00] [INFO] OVERSTAY CRON COMPLETED
[2026-09-21 17:05:00] [INFO] ==================================================
[2026-09-21 17:05:00] [INFO] [SUBSCRIPTION] Subscriptions found: 2
[2026-09-21 17:05:00] [INFO] [SUBSCRIPTION] mani hotel | Expiry: 2026-10-16 | Days Remaining: 25
[2026-09-21 17:05:00] [INFO] [SUBSCRIPTION] hotel 2 | Expiry: 2026-10-17 | Days Remaining: 26
[2026-09-21 17:05:00] [INFO] ==================================================
[2026-09-21 17:05:00] [INFO] SUBSCRIPTION EXPIRY CRON COMPLETED
[2026-09-21 17:05:00] [INFO] ==================================================
[2026-09-21 17:06:00] [INFO] [SUBSCRIPTION] Expiry cron triggered
[2026-09-21 17:06:00] [INFO] ==================================================
[2026-09-21 17:06:00] [INFO] SUBSCRIPTION EXPIRY CRON STARTED
[2026-09-21 17:06:00] [INFO] ==================================================
[2026-09-21 17:06:00] [INFO] [SUBSCRIPTION] Current India Date: 2026-09-21
[2026-09-21 17:06:00] [INFO] [OVERSTAY] Cron triggered
[2026-09-21 17:06:00] [INFO] ==================================================
[2026-09-21 17:06:00] [INFO] OVERSTAY CRON STARTED
[2026-09-21 17:06:00] [INFO] ==================================================
[2026-09-21 17:06:00] [INFO] [OVERSTAY] Current India Date/Time: 21/09/2026 17:06:00
[2026-09-21 17:06:00] [INFO] [OVERSTAY] Timezone: Asia/Kolkata
[2026-09-21 17:06:00] [INFO] [OVERSTAY] Staying customers found: 0
[2026-09-21 17:06:00] [INFO] ==================================================
[2026-09-21 17:06:00] [INFO] OVERSTAY CRON COMPLETED
[2026-09-21 17:06:00] [INFO] ==================================================
[2026-09-21 17:06:00] [INFO] [SUBSCRIPTION] Subscriptions found: 2
[2026-09-21 17:06:00] [INFO] [SUBSCRIPTION] mani hotel | Expiry: 2026-10-16 | Days Remaining: 25
[2026-09-21 17:06:00] [INFO] [SUBSCRIPTION] hotel 2 | Expiry: 2026-10-17 | Days Remaining: 26
[2026-09-21 17:06:00] [INFO] ==================================================
[2026-09-21 17:06:00] [INFO] SUBSCRIPTION EXPIRY CRON COMPLETED
[2026-09-21 17:06:00] [INFO] ==================================================
[2026-09-21 17:07:00] [INFO] [SUBSCRIPTION] Expiry cron triggered
[2026-09-21 17:07:00] [INFO] ==================================================
[2026-09-21 17:07:00] [INFO] SUBSCRIPTION EXPIRY CRON STARTED
[2026-09-21 17:07:00] [INFO] ==================================================
[2026-09-21 17:07:00] [INFO] [SUBSCRIPTION] Current India Date: 2026-09-21
[2026-09-21 17:07:00] [INFO] [OVERSTAY] Cron triggered
[2026-09-21 17:07:00] [INFO] ==================================================
[2026-09-21 17:07:00] [INFO] OVERSTAY CRON STARTED
[2026-09-21 17:07:00] [INFO] ==================================================
[2026-09-21 17:07:00] [INFO] [OVERSTAY] Current India Date/Time: 21/09/2026 17:07:00
[2026-09-21 17:07:00] [INFO] [OVERSTAY] Timezone: Asia/Kolkata
[2026-09-21 17:07:00] [INFO] [OVERSTAY] Staying customers found: 0
[2026-09-21 17:07:00] [INFO] ==================================================
[2026-09-21 17:07:00] [INFO] OVERSTAY CRON COMPLETED
[2026-09-21 17:07:00] [INFO] ==================================================
[2026-09-21 17:07:00] [INFO] [SUBSCRIPTION] Subscriptions found: 2
[2026-09-21 17:07:00] [INFO] [SUBSCRIPTION] mani hotel | Expiry: 2026-10-16 | Days Remaining: 25
[2026-09-21 17:07:00] [INFO] [SUBSCRIPTION] hotel 2 | Expiry: 2026-10-17 | Days Remaining: 26
[2026-09-21 17:07:00] [INFO] ==================================================
[2026-09-21 17:07:00] [INFO] SUBSCRIPTION EXPIRY CRON COMPLETED
[2026-09-21 17:07:00] [INFO] ==================================================
[2026-09-21 17:08:00] [INFO] [SUBSCRIPTION] Expiry cron triggered
[2026-09-21 17:08:00] [INFO] ==================================================
[2026-09-21 17:08:00] [INFO] SUBSCRIPTION EXPIRY CRON STARTED
[2026-09-21 17:08:00] [INFO] ==================================================
[2026-09-21 17:08:00] [INFO] [SUBSCRIPTION] Current India Date: 2026-09-21
[2026-09-21 17:08:00] [INFO] [OVERSTAY] Cron triggered
[2026-09-21 17:08:00] [INFO] ==================================================
[2026-09-21 17:08:00] [INFO] OVERSTAY CRON STARTED
[2026-09-21 17:08:00] [INFO] ==================================================
[2026-09-21 17:08:00] [INFO] [OVERSTAY] Current India Date/Time: 21/09/2026 17:08:00
[2026-09-21 17:08:00] [INFO] [OVERSTAY] Timezone: Asia/Kolkata
[2026-09-21 17:08:00] [INFO] [OVERSTAY] Staying customers found: 0
[2026-09-21 17:08:00] [INFO] ==================================================
[2026-09-21 17:08:00] [INFO] OVERSTAY CRON COMPLETED
[2026-09-21 17:08:00] [INFO] ==================================================
[2026-09-21 17:08:00] [INFO] [SUBSCRIPTION] Subscriptions found: 2
[2026-09-21 17:08:00] [INFO] [SUBSCRIPTION] mani hotel | Expiry: 2026-10-16 | Days Remaining: 25
[2026-09-21 17:08:00] [INFO] [SUBSCRIPTION] hotel 2 | Expiry: 2026-10-17 | Days Remaining: 26
[2026-09-21 17:08:00] [INFO] ==================================================
[2026-09-21 17:08:00] [INFO] SUBSCRIPTION EXPIRY CRON COMPLETED
[2026-09-21 17:08:00] [INFO] ==================================================
[2026-09-21 17:09:00] [INFO] [SUBSCRIPTION] Expiry cron triggered
[2026-09-21 17:09:00] [INFO] ==================================================
[2026-09-21 17:09:00] [INFO] SUBSCRIPTION EXPIRY CRON STARTED
[2026-09-21 17:09:00] [INFO] ==================================================
[2026-09-21 17:09:00] [INFO] [SUBSCRIPTION] Current India Date: 2026-09-21
[2026-09-21 17:09:00] [INFO] [OVERSTAY] Cron triggered
[2026-09-21 17:09:00] [INFO] ==================================================
[2026-09-21 17:09:00] [INFO] OVERSTAY CRON STARTED
[2026-09-21 17:09:00] [INFO] ==================================================
[2026-09-21 17:09:00] [INFO] [OVERSTAY] Current India Date/Time: 21/09/2026 17:09:00
[2026-09-21 17:09:00] [INFO] [OVERSTAY] Timezone: Asia/Kolkata
[2026-09-21 17:09:00] [INFO] [OVERSTAY] Staying customers found: 0
[2026-09-21 17:09:00] [INFO] ==================================================
[2026-09-21 17:09:00] [INFO] OVERSTAY CRON COMPLETED
[2026-09-21 17:09:00] [INFO] ==================================================
[2026-09-21 17:09:00] [INFO] [SUBSCRIPTION] Subscriptions found: 2
[2026-09-21 17:09:00] [INFO] [SUBSCRIPTION] mani hotel | Expiry: 2026-10-16 | Days Remaining: 25
[2026-09-21 17:09:00] [INFO] [SUBSCRIPTION] hotel 2 | Expiry: 2026-10-17 | Days Remaining: 26
[2026-09-21 17:09:00] [INFO] ==================================================
[2026-09-21 17:09:00] [INFO] SUBSCRIPTION EXPIRY CRON COMPLETED
[2026-09-21 17:09:00] [INFO] ==================================================
[2026-09-21 17:09:18] [INFO] Hotel registrations retrieved successfully. Total registrations: 2
[2026-09-21 17:09:18] [INFO] Hotel registrations retrieved successfully. Total registrations: 2
[2026-09-21 17:10:00] [INFO] [SUBSCRIPTION] Expiry cron triggered
[2026-09-21 17:10:00] [INFO] ==================================================
[2026-09-21 17:10:00] [INFO] SUBSCRIPTION EXPIRY CRON STARTED
[2026-09-21 17:10:00] [INFO] ==================================================
[2026-09-21 17:10:00] [INFO] [SUBSCRIPTION] Current India Date: 2026-09-21
[2026-09-21 17:10:00] [INFO] [OVERSTAY] Cron triggered
[2026-09-21 17:10:00] [INFO] ==================================================
[2026-09-21 17:10:00] [INFO] OVERSTAY CRON STARTED
[2026-09-21 17:10:00] [INFO] ==================================================
[2026-09-21 17:10:00] [INFO] [OVERSTAY] Current India Date/Time: 21/09/2026 17:10:00
[2026-09-21 17:10:00] [INFO] [OVERSTAY] Timezone: Asia/Kolkata
[2026-09-21 17:10:00] [INFO] [OVERSTAY] Staying customers found: 0
[2026-09-21 17:10:00] [INFO] ==================================================
[2026-09-21 17:10:00] [INFO] OVERSTAY CRON COMPLETED
[2026-09-21 17:10:00] [INFO] ==================================================
[2026-09-21 17:10:00] [INFO] [SUBSCRIPTION] Subscriptions found: 2
[2026-09-21 17:10:00] [INFO] [SUBSCRIPTION] mani hotel | Expiry: 2026-10-16 | Days Remaining: 25
[2026-09-21 17:10:00] [INFO] [SUBSCRIPTION] hotel 2 | Expiry: 2026-10-17 | Days Remaining: 26
[2026-09-21 17:10:00] [INFO] ==================================================
[2026-09-21 17:10:00] [INFO] SUBSCRIPTION EXPIRY CRON COMPLETED
[2026-09-21 17:10:00] [INFO] ==================================================
[2026-09-21 17:11:00] [INFO] [SUBSCRIPTION] Expiry cron triggered
[2026-09-21 17:11:00] [INFO] ==================================================
[2026-09-21 17:11:00] [INFO] SUBSCRIPTION EXPIRY CRON STARTED
[2026-09-21 17:11:00] [INFO] ==================================================
[2026-09-21 17:11:00] [INFO] [SUBSCRIPTION] Current India Date: 2026-09-21
[2026-09-21 17:11:00] [INFO] [OVERSTAY] Cron triggered
[2026-09-21 17:11:00] [INFO] ==================================================
[2026-09-21 17:11:00] [INFO] OVERSTAY CRON STARTED
[2026-09-21 17:11:00] [INFO] ==================================================
[2026-09-21 17:11:00] [INFO] [OVERSTAY] Current India Date/Time: 21/09/2026 17:11:00
[2026-09-21 17:11:00] [INFO] [OVERSTAY] Timezone: Asia/Kolkata
[2026-09-21 17:11:00] [INFO] [OVERSTAY] Staying customers found: 0
[2026-09-21 17:11:00] [INFO] ==================================================
[2026-09-21 17:11:00] [INFO] OVERSTAY CRON COMPLETED
[2026-09-21 17:11:00] [INFO] ==================================================
[2026-09-21 17:11:00] [INFO] [SUBSCRIPTION] Subscriptions found: 2
[2026-09-21 17:11:00] [INFO] [SUBSCRIPTION] mani hotel | Expiry: 2026-10-16 | Days Remaining: 25
[2026-09-21 17:11:00] [INFO] [SUBSCRIPTION] hotel 2 | Expiry: 2026-10-17 | Days Remaining: 26
[2026-09-21 17:11:00] [INFO] ==================================================
[2026-09-21 17:11:00] [INFO] SUBSCRIPTION EXPIRY CRON COMPLETED
[2026-09-21 17:11:00] [INFO] ==================================================
[2026-09-21 17:12:00] [INFO] [OVERSTAY] Cron triggered
[2026-09-21 17:12:00] [INFO] ==================================================
[2026-09-21 17:12:00] [INFO] OVERSTAY CRON STARTED
[2026-09-21 17:12:00] [INFO] ==================================================
[2026-09-21 17:12:00] [INFO] [OVERSTAY] Current India Date/Time: 21/09/2026 17:12:00
[2026-09-21 17:12:00] [INFO] [OVERSTAY] Timezone: Asia/Kolkata
[2026-09-21 17:12:00] [INFO] [SUBSCRIPTION] Expiry cron triggered
[2026-09-21 17:12:00] [INFO] ==================================================
[2026-09-21 17:12:00] [INFO] SUBSCRIPTION EXPIRY CRON STARTED
[2026-09-21 17:12:00] [INFO] ==================================================
[2026-09-21 17:12:00] [INFO] [SUBSCRIPTION] Current India Date: 2026-09-21
[2026-09-21 17:12:00] [INFO] [OVERSTAY] Staying customers found: 0
[2026-09-21 17:12:00] [INFO] ==================================================
[2026-09-21 17:12:00] [INFO] OVERSTAY CRON COMPLETED
[2026-09-21 17:12:00] [INFO] ==================================================
[2026-09-21 17:12:00] [INFO] [SUBSCRIPTION] Subscriptions found: 2
[2026-09-21 17:12:00] [INFO] [SUBSCRIPTION] mani hotel | Expiry: 2026-10-16 | Days Remaining: 25
[2026-09-21 17:12:00] [INFO] [SUBSCRIPTION] hotel 2 | Expiry: 2026-10-17 | Days Remaining: 26
[2026-09-21 17:12:00] [INFO] ==================================================
[2026-09-21 17:12:00] [INFO] SUBSCRIPTION EXPIRY CRON COMPLETED
[2026-09-21 17:12:00] [INFO] ==================================================
[2026-09-21 17:12:31] [INFO] Hotel registrations retrieved successfully. Total registrations: 2
[2026-09-21 17:12:31] [INFO] Hotel registrations retrieved successfully. Total registrations: 2
[2026-09-21 17:13:00] [INFO] [OVERSTAY] Cron triggered
[2026-09-21 17:13:00] [INFO] ==================================================
[2026-09-21 17:13:00] [INFO] OVERSTAY CRON STARTED
[2026-09-21 17:13:00] [INFO] ==================================================
[2026-09-21 17:13:00] [INFO] [OVERSTAY] Current India Date/Time: 21/09/2026 17:13:00
[2026-09-21 17:13:00] [INFO] [OVERSTAY] Timezone: Asia/Kolkata
[2026-09-21 17:13:00] [INFO] [SUBSCRIPTION] Expiry cron triggered
[2026-09-21 17:13:00] [INFO] ==================================================
[2026-09-21 17:13:00] [INFO] SUBSCRIPTION EXPIRY CRON STARTED
[2026-09-21 17:13:00] [INFO] ==================================================
[2026-09-21 17:13:00] [INFO] [SUBSCRIPTION] Current India Date: 2026-09-21
[2026-09-21 17:13:00] [INFO] [OVERSTAY] Staying customers found: 0
[2026-09-21 17:13:00] [INFO] ==================================================
[2026-09-21 17:13:00] [INFO] OVERSTAY CRON COMPLETED
[2026-09-21 17:13:00] [INFO] ==================================================
[2026-09-21 17:13:00] [INFO] [SUBSCRIPTION] Subscriptions found: 2
[2026-09-21 17:13:00] [INFO] [SUBSCRIPTION] mani hotel | Expiry: 2026-10-16 | Days Remaining: 25
[2026-09-21 17:13:00] [INFO] [SUBSCRIPTION] hotel 2 | Expiry: 2026-10-17 | Days Remaining: 26
[2026-09-21 17:13:00] [INFO] ==================================================
[2026-09-21 17:13:00] [INFO] SUBSCRIPTION EXPIRY CRON COMPLETED
[2026-09-21 17:13:00] [INFO] ==================================================
[2026-09-21 17:13:54] [INFO] Hotel registrations retrieved successfully. Total registrations: 2
[2026-09-21 17:13:54] [INFO] Hotel registrations retrieved successfully. Total registrations: 2
[2026-09-21 17:14:00] [INFO] [OVERSTAY] Cron triggered
[2026-09-21 17:14:00] [INFO] ==================================================
[2026-09-21 17:14:00] [INFO] OVERSTAY CRON STARTED
[2026-09-21 17:14:00] [INFO] ==================================================
[2026-09-21 17:14:00] [INFO] [OVERSTAY] Current India Date/Time: 21/09/2026 17:14:00
[2026-09-21 17:14:00] [INFO] [OVERSTAY] Timezone: Asia/Kolkata
[2026-09-21 17:14:00] [INFO] [SUBSCRIPTION] Expiry cron triggered
[2026-09-21 17:14:00] [INFO] ==================================================
[2026-09-21 17:14:00] [INFO] SUBSCRIPTION EXPIRY CRON STARTED
[2026-09-21 17:14:00] [INFO] ==================================================
[2026-09-21 17:14:00] [INFO] [SUBSCRIPTION] Current India Date: 2026-09-21
[2026-09-21 17:14:00] [INFO] [OVERSTAY] Staying customers found: 0
[2026-09-21 17:14:00] [INFO] ==================================================
[2026-09-21 17:14:00] [INFO] OVERSTAY CRON COMPLETED
[2026-09-21 17:14:00] [INFO] ==================================================
[2026-09-21 17:14:00] [INFO] [SUBSCRIPTION] Subscriptions found: 2
[2026-09-21 17:14:00] [INFO] [SUBSCRIPTION] mani hotel | Expiry: 2026-10-16 | Days Remaining: 25
[2026-09-21 17:14:00] [INFO] [SUBSCRIPTION] hotel 2 | Expiry: 2026-10-17 | Days Remaining: 26
[2026-09-21 17:14:00] [INFO] ==================================================
[2026-09-21 17:14:00] [INFO] SUBSCRIPTION EXPIRY CRON COMPLETED
[2026-09-21 17:14:00] [INFO] ==================================================
[2026-09-21 17:14:59] [INFO] Hotel registrations retrieved successfully. Total registrations: 2
[2026-09-21 17:14:59] [INFO] Hotel registrations retrieved successfully. Total registrations: 2
[2026-09-21 17:15:00] [INFO] [OVERSTAY] Cron triggered
[2026-09-21 17:15:00] [INFO] ==================================================
[2026-09-21 17:15:00] [INFO] OVERSTAY CRON STARTED
[2026-09-21 17:15:00] [INFO] ==================================================
[2026-09-21 17:15:00] [INFO] [OVERSTAY] Current India Date/Time: 21/09/2026 17:15:00
[2026-09-21 17:15:00] [INFO] [OVERSTAY] Timezone: Asia/Kolkata
[2026-09-21 17:15:00] [INFO] [SUBSCRIPTION] Expiry cron triggered
[2026-09-21 17:15:00] [INFO] ==================================================
[2026-09-21 17:15:00] [INFO] SUBSCRIPTION EXPIRY CRON STARTED
[2026-09-21 17:15:00] [INFO] ==================================================
[2026-09-21 17:15:00] [INFO] [SUBSCRIPTION] Current India Date: 2026-09-21
[2026-09-21 17:15:00] [INFO] [OVERSTAY] Staying customers found: 0
[2026-09-21 17:15:00] [INFO] ==================================================
[2026-09-21 17:15:00] [INFO] OVERSTAY CRON COMPLETED
[2026-09-21 17:15:00] [INFO] ==================================================
[2026-09-21 17:15:00] [INFO] [SUBSCRIPTION] Subscriptions found: 2
[2026-09-21 17:15:00] [INFO] [SUBSCRIPTION] mani hotel | Expiry: 2026-10-16 | Days Remaining: 25
[2026-09-21 17:15:00] [INFO] [SUBSCRIPTION] hotel 2 | Expiry: 2026-10-17 | Days Remaining: 26
[2026-09-21 17:15:00] [INFO] ==================================================
[2026-09-21 17:15:00] [INFO] SUBSCRIPTION EXPIRY CRON COMPLETED
[2026-09-21 17:15:00] [INFO] ==================================================
[2026-09-21 17:16:00] [INFO] [SUBSCRIPTION] Expiry cron triggered
[2026-09-21 17:16:00] [INFO] ==================================================
[2026-09-21 17:16:00] [INFO] SUBSCRIPTION EXPIRY CRON STARTED
[2026-09-21 17:16:00] [INFO] ==================================================
[2026-09-21 17:16:00] [INFO] [SUBSCRIPTION] Current India Date: 2026-09-21
[2026-09-21 17:16:00] [INFO] [OVERSTAY] Cron triggered
[2026-09-21 17:16:00] [INFO] ==================================================
[2026-09-21 17:16:00] [INFO] OVERSTAY CRON STARTED
[2026-09-21 17:16:00] [INFO] ==================================================
[2026-09-21 17:16:00] [INFO] [OVERSTAY] Current India Date/Time: 21/09/2026 17:16:00
[2026-09-21 17:16:00] [INFO] [OVERSTAY] Timezone: Asia/Kolkata
[2026-09-21 17:16:00] [INFO] [OVERSTAY] Staying customers found: 0
[2026-09-21 17:16:00] [INFO] ==================================================
[2026-09-21 17:16:00] [INFO] OVERSTAY CRON COMPLETED
[2026-09-21 17:16:00] [INFO] ==================================================
[2026-09-21 17:16:00] [INFO] [SUBSCRIPTION] Subscriptions found: 2
[2026-09-21 17:16:00] [INFO] [SUBSCRIPTION] mani hotel | Expiry: 2026-10-16 | Days Remaining: 25
[2026-09-21 17:16:00] [INFO] [SUBSCRIPTION] hotel 2 | Expiry: 2026-10-17 | Days Remaining: 26
[2026-09-21 17:16:00] [INFO] ==================================================
[2026-09-21 17:16:00] [INFO] SUBSCRIPTION EXPIRY CRON COMPLETED
[2026-09-21 17:16:00] [INFO] ==================================================
[2026-09-21 17:16:21] [INFO] Hotel registrations retrieved successfully. Total registrations: 2
[2026-09-21 17:16:21] [INFO] Hotel registrations retrieved successfully. Total registrations: 2
[2026-09-21 17:17:00] [INFO] [OVERSTAY] Cron triggered
[2026-09-21 17:17:00] [INFO] ==================================================
[2026-09-21 17:17:00] [INFO] OVERSTAY CRON STARTED
[2026-09-21 17:17:00] [INFO] ==================================================
[2026-09-21 17:17:00] [INFO] [OVERSTAY] Current India Date/Time: 21/09/2026 17:17:00
[2026-09-21 17:17:00] [INFO] [OVERSTAY] Timezone: Asia/Kolkata
[2026-09-21 17:17:00] [INFO] [SUBSCRIPTION] Expiry cron triggered
[2026-09-21 17:17:00] [INFO] ==================================================
[2026-09-21 17:17:00] [INFO] SUBSCRIPTION EXPIRY CRON STARTED
[2026-09-21 17:17:00] [INFO] ==================================================
[2026-09-21 17:17:00] [INFO] [SUBSCRIPTION] Current India Date: 2026-09-21
[2026-09-21 17:17:00] [INFO] [OVERSTAY] Staying customers found: 0
[2026-09-21 17:17:00] [INFO] ==================================================
[2026-09-21 17:17:00] [INFO] OVERSTAY CRON COMPLETED
[2026-09-21 17:17:00] [INFO] ==================================================
[2026-09-21 17:17:00] [INFO] [SUBSCRIPTION] Subscriptions found: 2
[2026-09-21 17:17:00] [INFO] [SUBSCRIPTION] mani hotel | Expiry: 2026-10-16 | Days Remaining: 25
[2026-09-21 17:17:00] [INFO] [SUBSCRIPTION] hotel 2 | Expiry: 2026-10-17 | Days Remaining: 26
[2026-09-21 17:17:00] [INFO] ==================================================
[2026-09-21 17:17:00] [INFO] SUBSCRIPTION EXPIRY CRON COMPLETED
[2026-09-21 17:17:00] [INFO] ==================================================
[2026-09-21 17:17:18] [INFO] Hotel registrations retrieved successfully. Total registrations: 2
[2026-09-21 17:17:18] [INFO] Hotel registrations retrieved successfully. Total registrations: 2
[2026-09-21 17:17:18] [INFO] Hotel registrations retrieved successfully. Total registrations: 2
[2026-09-21 17:17:18] [INFO] Hotel registrations retrieved successfully. Total registrations: 2
[2026-09-21 17:18:00] [INFO] [OVERSTAY] Cron triggered
[2026-09-21 17:18:00] [INFO] ==================================================
[2026-09-21 17:18:00] [INFO] OVERSTAY CRON STARTED
[2026-09-21 17:18:00] [INFO] ==================================================
[2026-09-21 17:18:00] [INFO] [OVERSTAY] Current India Date/Time: 21/09/2026 17:18:00
[2026-09-21 17:18:00] [INFO] [OVERSTAY] Timezone: Asia/Kolkata
[2026-09-21 17:18:00] [INFO] [SUBSCRIPTION] Expiry cron triggered
[2026-09-21 17:18:00] [INFO] ==================================================
[2026-09-21 17:18:00] [INFO] SUBSCRIPTION EXPIRY CRON STARTED
[2026-09-21 17:18:00] [INFO] ==================================================
[2026-09-21 17:18:00] [INFO] [SUBSCRIPTION] Current India Date: 2026-09-21
[2026-09-21 17:18:00] [INFO] [OVERSTAY] Staying customers found: 0
[2026-09-21 17:18:00] [INFO] ==================================================
[2026-09-21 17:18:00] [INFO] OVERSTAY CRON COMPLETED
[2026-09-21 17:18:00] [INFO] ==================================================
[2026-09-21 17:18:00] [INFO] [SUBSCRIPTION] Subscriptions found: 2
[2026-09-21 17:18:00] [INFO] [SUBSCRIPTION] mani hotel | Expiry: 2026-10-16 | Days Remaining: 25
[2026-09-21 17:18:00] [INFO] [SUBSCRIPTION] hotel 2 | Expiry: 2026-10-17 | Days Remaining: 26
[2026-09-21 17:18:00] [INFO] ==================================================
[2026-09-21 17:18:00] [INFO] SUBSCRIPTION EXPIRY CRON COMPLETED
[2026-09-21 17:18:00] [INFO] ==================================================
[2026-09-21 17:18:00] [INFO] Hotel registrations retrieved successfully. Total registrations: 2
[2026-09-21 17:18:00] [INFO] Hotel registrations retrieved successfully. Total registrations: 2
[2026-09-21 17:19:00] [INFO] [OVERSTAY] Cron triggered
[2026-09-21 17:19:00] [INFO] ==================================================
[2026-09-21 17:19:00] [INFO] OVERSTAY CRON STARTED
[2026-09-21 17:19:00] [INFO] ==================================================
[2026-09-21 17:19:00] [INFO] [OVERSTAY] Current India Date/Time: 21/09/2026 17:19:00
[2026-09-21 17:19:00] [INFO] [OVERSTAY] Timezone: Asia/Kolkata
[2026-09-21 17:19:00] [INFO] [SUBSCRIPTION] Expiry cron triggered
[2026-09-21 17:19:00] [INFO] ==================================================
[2026-09-21 17:19:00] [INFO] SUBSCRIPTION EXPIRY CRON STARTED
[2026-09-21 17:19:00] [INFO] ==================================================
[2026-09-21 17:19:00] [INFO] [SUBSCRIPTION] Current India Date: 2026-09-21
[2026-09-21 17:19:00] [INFO] [OVERSTAY] Staying customers found: 0
[2026-09-21 17:19:00] [INFO] ==================================================
[2026-09-21 17:19:00] [INFO] OVERSTAY CRON COMPLETED
[2026-09-21 17:19:00] [INFO] ==================================================
[2026-09-21 17:19:00] [INFO] [SUBSCRIPTION] Subscriptions found: 2
[2026-09-21 17:19:00] [INFO] [SUBSCRIPTION] mani hotel | Expiry: 2026-10-16 | Days Remaining: 25
[2026-09-21 17:19:00] [INFO] [SUBSCRIPTION] hotel 2 | Expiry: 2026-10-17 | Days Remaining: 26
[2026-09-21 17:19:00] [INFO] ==================================================
[2026-09-21 17:19:00] [INFO] SUBSCRIPTION EXPIRY CRON COMPLETED
[2026-09-21 17:19:00] [INFO] ==================================================
[2026-09-21 17:19:55] [INFO] Hotel registrations retrieved successfully. Total registrations: 2
[2026-09-21 17:19:55] [INFO] Hotel registrations retrieved successfully. Total registrations: 2
[2026-09-21 17:20:00] [INFO] [OVERSTAY] Cron triggered
[2026-09-21 17:20:00] [INFO] ==================================================
[2026-09-21 17:20:00] [INFO] OVERSTAY CRON STARTED
[2026-09-21 17:20:00] [INFO] ==================================================
[2026-09-21 17:20:00] [INFO] [OVERSTAY] Current India Date/Time: 21/09/2026 17:20:00
[2026-09-21 17:20:00] [INFO] [OVERSTAY] Timezone: Asia/Kolkata
[2026-09-21 17:20:00] [INFO] [SUBSCRIPTION] Expiry cron triggered
[2026-09-21 17:20:00] [INFO] ==================================================
[2026-09-21 17:20:00] [INFO] SUBSCRIPTION EXPIRY CRON STARTED
[2026-09-21 17:20:00] [INFO] ==================================================
[2026-09-21 17:20:00] [INFO] [SUBSCRIPTION] Current India Date: 2026-09-21
[2026-09-21 17:20:00] [INFO] [OVERSTAY] Staying customers found: 0
[2026-09-21 17:20:00] [INFO] ==================================================
[2026-09-21 17:20:00] [INFO] OVERSTAY CRON COMPLETED
[2026-09-21 17:20:00] [INFO] ==================================================
[2026-09-21 17:20:00] [INFO] [SUBSCRIPTION] Subscriptions found: 2
[2026-09-21 17:20:00] [INFO] [SUBSCRIPTION] mani hotel | Expiry: 2026-10-16 | Days Remaining: 25
[2026-09-21 17:20:00] [INFO] [SUBSCRIPTION] hotel 2 | Expiry: 2026-10-17 | Days Remaining: 26
[2026-09-21 17:20:00] [INFO] ==================================================
[2026-09-21 17:20:00] [INFO] SUBSCRIPTION EXPIRY CRON COMPLETED
[2026-09-21 17:20:00] [INFO] ==================================================
[2026-09-21 17:20:10] [INFO] Hotel registrations retrieved successfully. Total registrations: 2
[2026-09-21 17:20:10] [INFO] Hotel registrations retrieved successfully. Total registrations: 2
[2026-09-21 17:21:00] [INFO] [OVERSTAY] Cron triggered
[2026-09-21 17:21:00] [INFO] ==================================================
[2026-09-21 17:21:00] [INFO] OVERSTAY CRON STARTED
[2026-09-21 17:21:00] [INFO] ==================================================
[2026-09-21 17:21:00] [INFO] [OVERSTAY] Current India Date/Time: 21/09/2026 17:21:00
[2026-09-21 17:21:00] [INFO] [OVERSTAY] Timezone: Asia/Kolkata
[2026-09-21 17:21:00] [INFO] [SUBSCRIPTION] Expiry cron triggered
[2026-09-21 17:21:00] [INFO] ==================================================
[2026-09-21 17:21:00] [INFO] SUBSCRIPTION EXPIRY CRON STARTED
[2026-09-21 17:21:00] [INFO] ==================================================
[2026-09-21 17:21:00] [INFO] [SUBSCRIPTION] Current India Date: 2026-09-21
[2026-09-21 17:21:00] [INFO] [OVERSTAY] Staying customers found: 0
[2026-09-21 17:21:00] [INFO] ==================================================
[2026-09-21 17:21:00] [INFO] OVERSTAY CRON COMPLETED
[2026-09-21 17:21:00] [INFO] ==================================================
[2026-09-21 17:21:00] [INFO] [SUBSCRIPTION] Subscriptions found: 2
[2026-09-21 17:21:00] [INFO] [SUBSCRIPTION] mani hotel | Expiry: 2026-10-16 | Days Remaining: 25
[2026-09-21 17:21:00] [INFO] [SUBSCRIPTION] hotel 2 | Expiry: 2026-10-17 | Days Remaining: 26
[2026-09-21 17:21:00] [INFO] ==================================================
[2026-09-21 17:21:00] [INFO] SUBSCRIPTION EXPIRY CRON COMPLETED
[2026-09-21 17:21:00] [INFO] ==================================================
[2026-09-21 17:22:00] [INFO] [OVERSTAY] Cron triggered
[2026-09-21 17:22:00] [INFO] ==================================================
[2026-09-21 17:22:00] [INFO] OVERSTAY CRON STARTED
[2026-09-21 17:22:00] [INFO] ==================================================
[2026-09-21 17:22:00] [INFO] [OVERSTAY] Current India Date/Time: 21/09/2026 17:22:00
[2026-09-21 17:22:00] [INFO] [OVERSTAY] Timezone: Asia/Kolkata
[2026-09-21 17:22:00] [INFO] [SUBSCRIPTION] Expiry cron triggered
[2026-09-21 17:22:00] [INFO] ==================================================
[2026-09-21 17:22:00] [INFO] SUBSCRIPTION EXPIRY CRON STARTED
[2026-09-21 17:22:00] [INFO] ==================================================
[2026-09-21 17:22:00] [INFO] [SUBSCRIPTION] Current India Date: 2026-09-21
[2026-09-21 17:22:00] [INFO] [OVERSTAY] Staying customers found: 0
[2026-09-21 17:22:00] [INFO] ==================================================
[2026-09-21 17:22:00] [INFO] OVERSTAY CRON COMPLETED
[2026-09-21 17:22:00] [INFO] ==================================================
[2026-09-21 17:22:00] [INFO] [SUBSCRIPTION] Subscriptions found: 2
[2026-09-21 17:22:00] [INFO] [SUBSCRIPTION] mani hotel | Expiry: 2026-10-16 | Days Remaining: 25
[2026-09-21 17:22:00] [INFO] [SUBSCRIPTION] hotel 2 | Expiry: 2026-10-17 | Days Remaining: 26
[2026-09-21 17:22:00] [INFO] ==================================================
[2026-09-21 17:22:00] [INFO] SUBSCRIPTION EXPIRY CRON COMPLETED
[2026-09-21 17:22:00] [INFO] ==================================================
[2026-09-21 17:23:00] [INFO] [OVERSTAY] Cron triggered
[2026-09-21 17:23:00] [INFO] ==================================================
[2026-09-21 17:23:00] [INFO] OVERSTAY CRON STARTED
[2026-09-21 17:23:00] [INFO] ==================================================
[2026-09-21 17:23:00] [INFO] [OVERSTAY] Current India Date/Time: 21/09/2026 17:23:00
[2026-09-21 17:23:00] [INFO] [OVERSTAY] Timezone: Asia/Kolkata
[2026-09-21 17:23:00] [INFO] [SUBSCRIPTION] Expiry cron triggered
[2026-09-21 17:23:00] [INFO] ==================================================
[2026-09-21 17:23:00] [INFO] SUBSCRIPTION EXPIRY CRON STARTED
[2026-09-21 17:23:00] [INFO] ==================================================
[2026-09-21 17:23:00] [INFO] [SUBSCRIPTION] Current India Date: 2026-09-21
[2026-09-21 17:23:00] [INFO] [OVERSTAY] Staying customers found: 0
[2026-09-21 17:23:00] [INFO] ==================================================
[2026-09-21 17:23:00] [INFO] OVERSTAY CRON COMPLETED
[2026-09-21 17:23:00] [INFO] ==================================================
[2026-09-21 17:23:00] [INFO] [SUBSCRIPTION] Subscriptions found: 2
[2026-09-21 17:23:00] [INFO] [SUBSCRIPTION] mani hotel | Expiry: 2026-10-16 | Days Remaining: 25
[2026-09-21 17:23:00] [INFO] [SUBSCRIPTION] hotel 2 | Expiry: 2026-10-17 | Days Remaining: 26
[2026-09-21 17:23:00] [INFO] ==================================================
[2026-09-21 17:23:00] [INFO] SUBSCRIPTION EXPIRY CRON COMPLETED
[2026-09-21 17:23:00] [INFO] ==================================================
[2026-09-21 17:23:27] [INFO] Hotel registrations retrieved successfully. Total registrations: 2
[2026-09-21 17:23:27] [INFO] Hotel registrations retrieved successfully. Total registrations: 2
[2026-09-21 17:24:00] [INFO] [OVERSTAY] Cron triggered
[2026-09-21 17:24:00] [INFO] ==================================================
[2026-09-21 17:24:00] [INFO] OVERSTAY CRON STARTED
[2026-09-21 17:24:00] [INFO] ==================================================
[2026-09-21 17:24:00] [INFO] [OVERSTAY] Current India Date/Time: 21/09/2026 17:24:00
[2026-09-21 17:24:00] [INFO] [OVERSTAY] Timezone: Asia/Kolkata
[2026-09-21 17:24:00] [INFO] [SUBSCRIPTION] Expiry cron triggered
[2026-09-21 17:24:00] [INFO] ==================================================
[2026-09-21 17:24:00] [INFO] SUBSCRIPTION EXPIRY CRON STARTED
[2026-09-21 17:24:00] [INFO] ==================================================
[2026-09-21 17:24:00] [INFO] [SUBSCRIPTION] Current India Date: 2026-09-21
[2026-09-21 17:24:00] [INFO] [OVERSTAY] Staying customers found: 0
[2026-09-21 17:24:00] [INFO] ==================================================
[2026-09-21 17:24:00] [INFO] OVERSTAY CRON COMPLETED
[2026-09-21 17:24:00] [INFO] ==================================================
[2026-09-21 17:24:00] [INFO] [SUBSCRIPTION] Subscriptions found: 2
[2026-09-21 17:24:00] [INFO] [SUBSCRIPTION] mani hotel | Expiry: 2026-10-16 | Days Remaining: 25
[2026-09-21 17:24:00] [INFO] [SUBSCRIPTION] hotel 2 | Expiry: 2026-10-17 | Days Remaining: 26
[2026-09-21 17:24:00] [INFO] ==================================================
[2026-09-21 17:24:00] [INFO] SUBSCRIPTION EXPIRY CRON COMPLETED
[2026-09-21 17:24:00] [INFO] ==================================================
[2026-09-21 17:25:00] [INFO] [OVERSTAY] Cron triggered
[2026-09-21 17:25:00] [INFO] ==================================================
[2026-09-21 17:25:00] [INFO] OVERSTAY CRON STARTED
[2026-09-21 17:25:00] [INFO] ==================================================
[2026-09-21 17:25:00] [INFO] [OVERSTAY] Current India Date/Time: 21/09/2026 17:25:00
[2026-09-21 17:25:00] [INFO] [OVERSTAY] Timezone: Asia/Kolkata
[2026-09-21 17:25:00] [INFO] [SUBSCRIPTION] Expiry cron triggered
[2026-09-21 17:25:00] [INFO] ==================================================
[2026-09-21 17:25:00] [INFO] SUBSCRIPTION EXPIRY CRON STARTED
[2026-09-21 17:25:00] [INFO] ==================================================
[2026-09-21 17:25:00] [INFO] [SUBSCRIPTION] Current India Date: 2026-09-21
[2026-09-21 17:25:00] [INFO] [OVERSTAY] Staying customers found: 0
[2026-09-21 17:25:00] [INFO] ==================================================
[2026-09-21 17:25:00] [INFO] OVERSTAY CRON COMPLETED
[2026-09-21 17:25:00] [INFO] ==================================================
[2026-09-21 17:25:00] [INFO] [SUBSCRIPTION] Subscriptions found: 2
[2026-09-21 17:25:00] [INFO] [SUBSCRIPTION] mani hotel | Expiry: 2026-10-16 | Days Remaining: 25
[2026-09-21 17:25:00] [INFO] [SUBSCRIPTION] hotel 2 | Expiry: 2026-10-17 | Days Remaining: 26
[2026-09-21 17:25:00] [INFO] ==================================================
[2026-09-21 17:25:00] [INFO] SUBSCRIPTION EXPIRY CRON COMPLETED
[2026-09-21 17:25:00] [INFO] ==================================================
[2026-09-21 17:25:07] [INFO] Hotel registrations retrieved successfully. Total registrations: 2
[2026-09-21 17:25:07] [INFO] Hotel registrations retrieved successfully. Total registrations: 2
[2026-09-21 17:25:19] [INFO] Hotel registrations retrieved successfully. Total registrations: 2
[2026-09-21 17:25:19] [INFO] Hotel registrations retrieved successfully. Total registrations: 2
[2026-09-21 17:25:19] [INFO] Hotel registrations retrieved successfully. Total registrations: 2
[2026-09-21 17:25:20] [INFO] Hotel registrations retrieved successfully. Total registrations: 2
[2026-09-21 17:25:56] [INFO] SaaS notification marked as read: 6aaa53d75c80eba3c908a920
[2026-09-21 17:25:56] [INFO] Hotel registrations retrieved successfully. Total registrations: 2
[2026-09-21 17:25:56] [INFO] Hotel registrations retrieved successfully. Total registrations: 2
[2026-09-21 17:26:00] [INFO] [OVERSTAY] Cron triggered
[2026-09-21 17:26:00] [INFO] ==================================================
[2026-09-21 17:26:00] [INFO] OVERSTAY CRON STARTED
[2026-09-21 17:26:00] [INFO] ==================================================
[2026-09-21 17:26:00] [INFO] [OVERSTAY] Current India Date/Time: 21/09/2026 17:26:00
[2026-09-21 17:26:00] [INFO] [OVERSTAY] Timezone: Asia/Kolkata
[2026-09-21 17:26:00] [INFO] [SUBSCRIPTION] Expiry cron triggered
[2026-09-21 17:26:00] [INFO] ==================================================
[2026-09-21 17:26:00] [INFO] SUBSCRIPTION EXPIRY CRON STARTED
[2026-09-21 17:26:00] [INFO] ==================================================
[2026-09-21 17:26:00] [INFO] [SUBSCRIPTION] Current India Date: 2026-09-21
[2026-09-21 17:26:00] [INFO] [OVERSTAY] Staying customers found: 0
[2026-09-21 17:26:00] [INFO] ==================================================
[2026-09-21 17:26:00] [INFO] OVERSTAY CRON COMPLETED
[2026-09-21 17:26:00] [INFO] ==================================================
[2026-09-21 17:26:00] [INFO] [SUBSCRIPTION] Subscriptions found: 2
[2026-09-21 17:26:00] [INFO] [SUBSCRIPTION] mani hotel | Expiry: 2026-10-16 | Days Remaining: 25
[2026-09-21 17:26:00] [INFO] [SUBSCRIPTION] hotel 2 | Expiry: 2026-10-17 | Days Remaining: 26
[2026-09-21 17:26:00] [INFO] ==================================================
[2026-09-21 17:26:00] [INFO] SUBSCRIPTION EXPIRY CRON COMPLETED
[2026-09-21 17:26:00] [INFO] ==================================================
[2026-09-21 17:26:22] [INFO] Hotel registrations retrieved successfully. Total registrations: 2
[2026-09-21 17:26:22] [INFO] Hotel registrations retrieved successfully. Total registrations: 2
[2026-09-21 17:27:00] [INFO] [OVERSTAY] Cron triggered
[2026-09-21 17:27:00] [INFO] ==================================================
[2026-09-21 17:27:00] [INFO] OVERSTAY CRON STARTED
[2026-09-21 17:27:00] [INFO] ==================================================
[2026-09-21 17:27:00] [INFO] [OVERSTAY] Current India Date/Time: 21/09/2026 17:27:00
[2026-09-21 17:27:00] [INFO] [OVERSTAY] Timezone: Asia/Kolkata
[2026-09-21 17:27:00] [INFO] [SUBSCRIPTION] Expiry cron triggered
[2026-09-21 17:27:00] [INFO] ==================================================
[2026-09-21 17:27:00] [INFO] SUBSCRIPTION EXPIRY CRON STARTED
[2026-09-21 17:27:00] [INFO] ==================================================
[2026-09-21 17:27:00] [INFO] [SUBSCRIPTION] Current India Date: 2026-09-21
[2026-09-21 17:27:00] [INFO] [OVERSTAY] Staying customers found: 0
[2026-09-21 17:27:00] [INFO] ==================================================
[2026-09-21 17:27:00] [INFO] OVERSTAY CRON COMPLETED
[2026-09-21 17:27:00] [INFO] ==================================================
[2026-09-21 17:27:00] [INFO] [SUBSCRIPTION] Subscriptions found: 2
[2026-09-21 17:27:00] [INFO] [SUBSCRIPTION] mani hotel | Expiry: 2026-10-16 | Days Remaining: 25
[2026-09-21 17:27:00] [INFO] [SUBSCRIPTION] hotel 2 | Expiry: 2026-10-17 | Days Remaining: 26
[2026-09-21 17:27:00] [INFO] ==================================================
[2026-09-21 17:27:00] [INFO] SUBSCRIPTION EXPIRY CRON COMPLETED
[2026-09-21 17:27:00] [INFO] ==================================================
[2026-09-21 17:28:00] [INFO] [OVERSTAY] Cron triggered
[2026-09-21 17:28:00] [INFO] ==================================================
[2026-09-21 17:28:00] [INFO] OVERSTAY CRON STARTED
[2026-09-21 17:28:00] [INFO] ==================================================
[2026-09-21 17:28:00] [INFO] [OVERSTAY] Current India Date/Time: 21/09/2026 17:28:00
[2026-09-21 17:28:00] [INFO] [OVERSTAY] Timezone: Asia/Kolkata
[2026-09-21 17:28:00] [INFO] [SUBSCRIPTION] Expiry cron triggered
[2026-09-21 17:28:00] [INFO] ==================================================
[2026-09-21 17:28:00] [INFO] SUBSCRIPTION EXPIRY CRON STARTED
[2026-09-21 17:28:00] [INFO] ==================================================
[2026-09-21 17:28:00] [INFO] [SUBSCRIPTION] Current India Date: 2026-09-21
[2026-09-21 17:28:00] [INFO] [OVERSTAY] Staying customers found: 0
[2026-09-21 17:28:00] [INFO] ==================================================
[2026-09-21 17:28:00] [INFO] OVERSTAY CRON COMPLETED
[2026-09-21 17:28:00] [INFO] ==================================================
[2026-09-21 17:28:00] [INFO] [SUBSCRIPTION] Subscriptions found: 2
[2026-09-21 17:28:00] [INFO] [SUBSCRIPTION] mani hotel | Expiry: 2026-10-16 | Days Remaining: 25
[2026-09-21 17:28:00] [INFO] [SUBSCRIPTION] hotel 2 | Expiry: 2026-10-17 | Days Remaining: 26
[2026-09-21 17:28:00] [INFO] ==================================================
[2026-09-21 17:28:00] [INFO] SUBSCRIPTION EXPIRY CRON COMPLETED
[2026-09-21 17:28:00] [INFO] ==================================================
[2026-09-21 17:29:00] [INFO] [SUBSCRIPTION] Expiry cron triggered
[2026-09-21 17:29:00] [INFO] ==================================================
[2026-09-21 17:29:00] [INFO] SUBSCRIPTION EXPIRY CRON STARTED
[2026-09-21 17:29:00] [INFO] ==================================================
[2026-09-21 17:29:00] [INFO] [SUBSCRIPTION] Current India Date: 2026-09-21
[2026-09-21 17:29:00] [INFO] [OVERSTAY] Cron triggered
[2026-09-21 17:29:00] [INFO] ==================================================
[2026-09-21 17:29:00] [INFO] OVERSTAY CRON STARTED
[2026-09-21 17:29:00] [INFO] ==================================================
[2026-09-21 17:29:00] [INFO] [OVERSTAY] Current India Date/Time: 21/09/2026 17:29:00
[2026-09-21 17:29:00] [INFO] [OVERSTAY] Timezone: Asia/Kolkata
[2026-09-21 17:29:00] [INFO] [OVERSTAY] Staying customers found: 0
[2026-09-21 17:29:00] [INFO] ==================================================
[2026-09-21 17:29:00] [INFO] OVERSTAY CRON COMPLETED
[2026-09-21 17:29:00] [INFO] ==================================================
[2026-09-21 17:29:00] [INFO] [SUBSCRIPTION] Subscriptions found: 2
[2026-09-21 17:29:00] [INFO] [SUBSCRIPTION] mani hotel | Expiry: 2026-10-16 | Days Remaining: 25
[2026-09-21 17:29:00] [INFO] [SUBSCRIPTION] hotel 2 | Expiry: 2026-10-17 | Days Remaining: 26
[2026-09-21 17:29:00] [INFO] ==================================================
[2026-09-21 17:29:00] [INFO] SUBSCRIPTION EXPIRY CRON COMPLETED
[2026-09-21 17:29:00] [INFO] ==================================================
[2026-09-21 17:30:00] [INFO] [SUBSCRIPTION] Expiry cron triggered
[2026-09-21 17:30:00] [INFO] ==================================================
[2026-09-21 17:30:00] [INFO] SUBSCRIPTION EXPIRY CRON STARTED
[2026-09-21 17:30:00] [INFO] ==================================================
[2026-09-21 17:30:00] [INFO] [SUBSCRIPTION] Current India Date: 2026-09-21
[2026-09-21 17:30:00] [INFO] [OVERSTAY] Cron triggered
[2026-09-21 17:30:00] [INFO] ==================================================
[2026-09-21 17:30:00] [INFO] OVERSTAY CRON STARTED
[2026-09-21 17:30:00] [INFO] ==================================================
[2026-09-21 17:30:00] [INFO] [OVERSTAY] Current India Date/Time: 21/09/2026 17:30:00
[2026-09-21 17:30:00] [INFO] [OVERSTAY] Timezone: Asia/Kolkata
[2026-09-21 17:30:00] [INFO] [OVERSTAY] Staying customers found: 0
[2026-09-21 17:30:00] [INFO] ==================================================
[2026-09-21 17:30:00] [INFO] OVERSTAY CRON COMPLETED
[2026-09-21 17:30:00] [INFO] ==================================================
[2026-09-21 17:30:00] [INFO] [SUBSCRIPTION] Subscriptions found: 2
[2026-09-21 17:30:00] [INFO] [SUBSCRIPTION] mani hotel | Expiry: 2026-10-16 | Days Remaining: 25
[2026-09-21 17:30:00] [INFO] [SUBSCRIPTION] hotel 2 | Expiry: 2026-10-17 | Days Remaining: 26
[2026-09-21 17:30:00] [INFO] ==================================================
[2026-09-21 17:30:00] [INFO] SUBSCRIPTION EXPIRY CRON COMPLETED
[2026-09-21 17:30:00] [INFO] ==================================================
[2026-09-21 17:31:00] [INFO] [SUBSCRIPTION] Expiry cron triggered
[2026-09-21 17:31:00] [INFO] ==================================================
[2026-09-21 17:31:00] [INFO] SUBSCRIPTION EXPIRY CRON STARTED
[2026-09-21 17:31:00] [INFO] ==================================================
[2026-09-21 17:31:00] [INFO] [SUBSCRIPTION] Current India Date: 2026-09-21
[2026-09-21 17:31:00] [INFO] [OVERSTAY] Cron triggered
[2026-09-21 17:31:00] [INFO] ==================================================
[2026-09-21 17:31:00] [INFO] OVERSTAY CRON STARTED
[2026-09-21 17:31:00] [INFO] ==================================================
[2026-09-21 17:31:00] [INFO] [OVERSTAY] Current India Date/Time: 21/09/2026 17:31:00
[2026-09-21 17:31:00] [INFO] [OVERSTAY] Timezone: Asia/Kolkata
[2026-09-21 17:31:00] [INFO] [OVERSTAY] Staying customers found: 0
[2026-09-21 17:31:00] [INFO] ==================================================
[2026-09-21 17:31:00] [INFO] OVERSTAY CRON COMPLETED
[2026-09-21 17:31:00] [INFO] ==================================================
[2026-09-21 17:31:00] [INFO] [SUBSCRIPTION] Subscriptions found: 2
[2026-09-21 17:31:00] [INFO] [SUBSCRIPTION] mani hotel | Expiry: 2026-10-16 | Days Remaining: 25
[2026-09-21 17:31:00] [INFO] [SUBSCRIPTION] hotel 2 | Expiry: 2026-10-17 | Days Remaining: 26
[2026-09-21 17:31:00] [INFO] ==================================================
[2026-09-21 17:31:00] [INFO] SUBSCRIPTION EXPIRY CRON COMPLETED
[2026-09-21 17:31:00] [INFO] ==================================================
[2026-09-21 17:32:00] [INFO] [SUBSCRIPTION] Expiry cron triggered
[2026-09-21 17:32:00] [INFO] ==================================================
[2026-09-21 17:32:00] [INFO] SUBSCRIPTION EXPIRY CRON STARTED
[2026-09-21 17:32:00] [INFO] ==================================================
[2026-09-21 17:32:00] [INFO] [SUBSCRIPTION] Current India Date: 2026-09-21
[2026-09-21 17:32:00] [INFO] [OVERSTAY] Cron triggered
[2026-09-21 17:32:00] [INFO] ==================================================
[2026-09-21 17:32:00] [INFO] OVERSTAY CRON STARTED
[2026-09-21 17:32:00] [INFO] ==================================================
[2026-09-21 17:32:00] [INFO] [OVERSTAY] Current India Date/Time: 21/09/2026 17:32:00
[2026-09-21 17:32:00] [INFO] [OVERSTAY] Timezone: Asia/Kolkata
[2026-09-21 17:32:00] [INFO] [OVERSTAY] Staying customers found: 0
[2026-09-21 17:32:00] [INFO] ==================================================
[2026-09-21 17:32:00] [INFO] OVERSTAY CRON COMPLETED
[2026-09-21 17:32:00] [INFO] ==================================================
[2026-09-21 17:32:00] [INFO] [SUBSCRIPTION] Subscriptions found: 2
[2026-09-21 17:32:00] [INFO] [SUBSCRIPTION] mani hotel | Expiry: 2026-10-16 | Days Remaining: 25
[2026-09-21 17:32:00] [INFO] [SUBSCRIPTION] hotel 2 | Expiry: 2026-10-17 | Days Remaining: 26
[2026-09-21 17:32:00] [INFO] ==================================================
[2026-09-21 17:32:00] [INFO] SUBSCRIPTION EXPIRY CRON COMPLETED
[2026-09-21 17:32:00] [INFO] ==================================================
[2026-09-21 17:33:00] [INFO] [SUBSCRIPTION] Expiry cron triggered
[2026-09-21 17:33:00] [INFO] ==================================================
[2026-09-21 17:33:00] [INFO] SUBSCRIPTION EXPIRY CRON STARTED
[2026-09-21 17:33:00] [INFO] ==================================================
[2026-09-21 17:33:00] [INFO] [SUBSCRIPTION] Current India Date: 2026-09-21
[2026-09-21 17:33:00] [INFO] [OVERSTAY] Cron triggered
[2026-09-21 17:33:00] [INFO] ==================================================
[2026-09-21 17:33:00] [INFO] OVERSTAY CRON STARTED
[2026-09-21 17:33:00] [INFO] ==================================================
[2026-09-21 17:33:00] [INFO] [OVERSTAY] Current India Date/Time: 21/09/2026 17:33:00
[2026-09-21 17:33:00] [INFO] [OVERSTAY] Timezone: Asia/Kolkata
[2026-09-21 17:33:00] [INFO] [OVERSTAY] Staying customers found: 0
[2026-09-21 17:33:00] [INFO] ==================================================
[2026-09-21 17:33:00] [INFO] OVERSTAY CRON COMPLETED
[2026-09-21 17:33:00] [INFO] ==================================================
[2026-09-21 17:33:00] [INFO] [SUBSCRIPTION] Subscriptions found: 2
[2026-09-21 17:33:00] [INFO] [SUBSCRIPTION] mani hotel | Expiry: 2026-10-16 | Days Remaining: 25
[2026-09-21 17:33:00] [INFO] [SUBSCRIPTION] hotel 2 | Expiry: 2026-10-17 | Days Remaining: 26
[2026-09-21 17:33:00] [INFO] ==================================================
[2026-09-21 17:33:00] [INFO] SUBSCRIPTION EXPIRY CRON COMPLETED
[2026-09-21 17:33:00] [INFO] ==================================================
[2026-09-21 17:34:00] [INFO] [SUBSCRIPTION] Expiry cron triggered
[2026-09-21 17:34:00] [INFO] ==================================================
[2026-09-21 17:34:00] [INFO] SUBSCRIPTION EXPIRY CRON STARTED
[2026-09-21 17:34:00] [INFO] ==================================================
[2026-09-21 17:34:00] [INFO] [SUBSCRIPTION] Current India Date: 2026-09-21
[2026-09-21 17:34:00] [INFO] [OVERSTAY] Cron triggered
[2026-09-21 17:34:00] [INFO] ==================================================
[2026-09-21 17:34:00] [INFO] OVERSTAY CRON STARTED
[2026-09-21 17:34:00] [INFO] ==================================================
[2026-09-21 17:34:00] [INFO] [OVERSTAY] Current India Date/Time: 21/09/2026 17:34:00
[2026-09-21 17:34:00] [INFO] [OVERSTAY] Timezone: Asia/Kolkata
[2026-09-21 17:34:00] [INFO] [OVERSTAY] Staying customers found: 0
[2026-09-21 17:34:00] [INFO] ==================================================
[2026-09-21 17:34:00] [INFO] OVERSTAY CRON COMPLETED
[2026-09-21 17:34:00] [INFO] ==================================================
[2026-09-21 17:34:00] [INFO] [SUBSCRIPTION] Subscriptions found: 2
[2026-09-21 17:34:00] [INFO] [SUBSCRIPTION] mani hotel | Expiry: 2026-10-16 | Days Remaining: 25
[2026-09-21 17:34:00] [INFO] [SUBSCRIPTION] hotel 2 | Expiry: 2026-10-17 | Days Remaining: 26
[2026-09-21 17:34:00] [INFO] ==================================================
[2026-09-21 17:34:00] [INFO] SUBSCRIPTION EXPIRY CRON COMPLETED
[2026-09-21 17:34:00] [INFO] ==================================================
[2026-09-21 17:35:00] [INFO] [SUBSCRIPTION] Expiry cron triggered
[2026-09-21 17:35:00] [INFO] ==================================================
[2026-09-21 17:35:00] [INFO] SUBSCRIPTION EXPIRY CRON STARTED
[2026-09-21 17:35:00] [INFO] ==================================================
[2026-09-21 17:35:00] [INFO] [SUBSCRIPTION] Current India Date: 2026-09-21
[2026-09-21 17:35:00] [INFO] [OVERSTAY] Cron triggered
[2026-09-21 17:35:00] [INFO] ==================================================
[2026-09-21 17:35:00] [INFO] OVERSTAY CRON STARTED
[2026-09-21 17:35:00] [INFO] ==================================================
[2026-09-21 17:35:00] [INFO] [OVERSTAY] Current India Date/Time: 21/09/2026 17:35:00
[2026-09-21 17:35:00] [INFO] [OVERSTAY] Timezone: Asia/Kolkata
[2026-09-21 17:35:00] [INFO] [OVERSTAY] Staying customers found: 0
[2026-09-21 17:35:00] [INFO] ==================================================
[2026-09-21 17:35:00] [INFO] OVERSTAY CRON COMPLETED
[2026-09-21 17:35:00] [INFO] ==================================================
[2026-09-21 17:35:00] [INFO] [SUBSCRIPTION] Subscriptions found: 2
[2026-09-21 17:35:00] [INFO] [SUBSCRIPTION] mani hotel | Expiry: 2026-10-16 | Days Remaining: 25
[2026-09-21 17:35:00] [INFO] [SUBSCRIPTION] hotel 2 | Expiry: 2026-10-17 | Days Remaining: 26
[2026-09-21 17:35:00] [INFO] ==================================================
[2026-09-21 17:35:00] [INFO] SUBSCRIPTION EXPIRY CRON COMPLETED
[2026-09-21 17:35:00] [INFO] ==================================================
[2026-09-21 17:36:00] [INFO] [SUBSCRIPTION] Expiry cron triggered
[2026-09-21 17:36:00] [INFO] ==================================================
[2026-09-21 17:36:00] [INFO] SUBSCRIPTION EXPIRY CRON STARTED
[2026-09-21 17:36:00] [INFO] ==================================================
[2026-09-21 17:36:00] [INFO] [SUBSCRIPTION] Current India Date: 2026-09-21
[2026-09-21 17:36:00] [INFO] [OVERSTAY] Cron triggered
[2026-09-21 17:36:00] [INFO] ==================================================
[2026-09-21 17:36:00] [INFO] OVERSTAY CRON STARTED
[2026-09-21 17:36:00] [INFO] ==================================================
[2026-09-21 17:36:00] [INFO] [OVERSTAY] Current India Date/Time: 21/09/2026 17:36:00
[2026-09-21 17:36:00] [INFO] [OVERSTAY] Timezone: Asia/Kolkata
[2026-09-21 17:36:00] [INFO] [OVERSTAY] Staying customers found: 0
[2026-09-21 17:36:00] [INFO] ==================================================
[2026-09-21 17:36:00] [INFO] OVERSTAY CRON COMPLETED
[2026-09-21 17:36:00] [INFO] ==================================================
[2026-09-21 17:36:00] [INFO] [SUBSCRIPTION] Subscriptions found: 2
[2026-09-21 17:36:00] [INFO] [SUBSCRIPTION] mani hotel | Expiry: 2026-10-16 | Days Remaining: 25
[2026-09-21 17:36:00] [INFO] [SUBSCRIPTION] hotel 2 | Expiry: 2026-10-17 | Days Remaining: 26
[2026-09-21 17:36:00] [INFO] ==================================================
[2026-09-21 17:36:00] [INFO] SUBSCRIPTION EXPIRY CRON COMPLETED
[2026-09-21 17:36:00] [INFO] ==================================================
[2026-09-21 17:37:00] [INFO] [SUBSCRIPTION] Expiry cron triggered
[2026-09-21 17:37:00] [INFO] ==================================================
[2026-09-21 17:37:00] [INFO] SUBSCRIPTION EXPIRY CRON STARTED
[2026-09-21 17:37:00] [INFO] ==================================================
[2026-09-21 17:37:00] [INFO] [SUBSCRIPTION] Current India Date: 2026-09-21
[2026-09-21 17:37:00] [INFO] [OVERSTAY] Cron triggered
[2026-09-21 17:37:00] [INFO] ==================================================
[2026-09-21 17:37:00] [INFO] OVERSTAY CRON STARTED
[2026-09-21 17:37:00] [INFO] ==================================================
[2026-09-21 17:37:00] [INFO] [OVERSTAY] Current India Date/Time: 21/09/2026 17:37:00
[2026-09-21 17:37:00] [INFO] [OVERSTAY] Timezone: Asia/Kolkata
[2026-09-21 17:37:00] [INFO] [OVERSTAY] Staying customers found: 0
[2026-09-21 17:37:00] [INFO] ==================================================
[2026-09-21 17:37:00] [INFO] OVERSTAY CRON COMPLETED
[2026-09-21 17:37:00] [INFO] ==================================================
[2026-09-21 17:37:00] [INFO] [SUBSCRIPTION] Subscriptions found: 2
[2026-09-21 17:37:00] [INFO] [SUBSCRIPTION] mani hotel | Expiry: 2026-10-16 | Days Remaining: 25
[2026-09-21 17:37:00] [INFO] [SUBSCRIPTION] hotel 2 | Expiry: 2026-10-17 | Days Remaining: 26
[2026-09-21 17:37:00] [INFO] ==================================================
[2026-09-21 17:37:00] [INFO] SUBSCRIPTION EXPIRY CRON COMPLETED
[2026-09-21 17:37:00] [INFO] ==================================================
[2026-09-21 17:38:00] [INFO] [SUBSCRIPTION] Expiry cron triggered
[2026-09-21 17:38:00] [INFO] ==================================================
[2026-09-21 17:38:00] [INFO] SUBSCRIPTION EXPIRY CRON STARTED
[2026-09-21 17:38:00] [INFO] ==================================================
[2026-09-21 17:38:00] [INFO] [SUBSCRIPTION] Current India Date: 2026-09-21
[2026-09-21 17:38:00] [INFO] [OVERSTAY] Cron triggered
[2026-09-21 17:38:00] [INFO] ==================================================
[2026-09-21 17:38:00] [INFO] OVERSTAY CRON STARTED
[2026-09-21 17:38:00] [INFO] ==================================================
[2026-09-21 17:38:00] [INFO] [OVERSTAY] Current India Date/Time: 21/09/2026 17:38:00
[2026-09-21 17:38:00] [INFO] [OVERSTAY] Timezone: Asia/Kolkata
[2026-09-21 17:38:00] [INFO] [OVERSTAY] Staying customers found: 0
[2026-09-21 17:38:00] [INFO] ==================================================
[2026-09-21 17:38:00] [INFO] OVERSTAY CRON COMPLETED
[2026-09-21 17:38:00] [INFO] ==================================================
[2026-09-21 17:38:00] [INFO] [SUBSCRIPTION] Subscriptions found: 2
[2026-09-21 17:38:00] [INFO] [SUBSCRIPTION] mani hotel | Expiry: 2026-10-16 | Days Remaining: 25
[2026-09-21 17:38:00] [INFO] [SUBSCRIPTION] hotel 2 | Expiry: 2026-10-17 | Days Remaining: 26
[2026-09-21 17:38:00] [INFO] ==================================================
[2026-09-21 17:38:00] [INFO] SUBSCRIPTION EXPIRY CRON COMPLETED
[2026-09-21 17:38:00] [INFO] ==================================================
[2026-09-21 17:39:00] [INFO] [SUBSCRIPTION] Expiry cron triggered
[2026-09-21 17:39:00] [INFO] ==================================================
[2026-09-21 17:39:00] [INFO] SUBSCRIPTION EXPIRY CRON STARTED
[2026-09-21 17:39:00] [INFO] ==================================================
[2026-09-21 17:39:00] [INFO] [SUBSCRIPTION] Current India Date: 2026-09-21
[2026-09-21 17:39:00] [INFO] [OVERSTAY] Cron triggered
[2026-09-21 17:39:00] [INFO] ==================================================
[2026-09-21 17:39:00] [INFO] OVERSTAY CRON STARTED
[2026-09-21 17:39:00] [INFO] ==================================================
[2026-09-21 17:39:00] [INFO] [OVERSTAY] Current India Date/Time: 21/09/2026 17:39:00
[2026-09-21 17:39:00] [INFO] [OVERSTAY] Timezone: Asia/Kolkata
[2026-09-21 17:39:00] [INFO] [OVERSTAY] Staying customers found: 0
[2026-09-21 17:39:00] [INFO] ==================================================
[2026-09-21 17:39:00] [INFO] OVERSTAY CRON COMPLETED
[2026-09-21 17:39:00] [INFO] ==================================================
[2026-09-21 17:39:00] [INFO] [SUBSCRIPTION] Subscriptions found: 2
[2026-09-21 17:39:00] [INFO] [SUBSCRIPTION] mani hotel | Expiry: 2026-10-16 | Days Remaining: 25
[2026-09-21 17:39:00] [INFO] [SUBSCRIPTION] hotel 2 | Expiry: 2026-10-17 | Days Remaining: 26
[2026-09-21 17:39:00] [INFO] ==================================================
[2026-09-21 17:39:00] [INFO] SUBSCRIPTION EXPIRY CRON COMPLETED
[2026-09-21 17:39:00] [INFO] ==================================================
[2026-09-21 17:39:02] [INFO] Hotel registrations retrieved successfully. Total registrations: 2
[2026-09-21 17:39:02] [INFO] Hotel registrations retrieved successfully. Total registrations: 2
[2026-09-21 17:39:13] [INFO] Hotel registrations retrieved successfully. Total registrations: 2
[2026-09-21 17:39:13] [INFO] Hotel registrations retrieved successfully. Total registrations: 2
[2026-09-21 17:39:17] [INFO] Hotel registrations retrieved successfully. Total registrations: 2
[2026-09-21 17:39:17] [INFO] Hotel registrations retrieved successfully. Total registrations: 2
[2026-09-21 17:39:57] [INFO] Hotel registrations retrieved successfully. Total registrations: 2
[2026-09-21 17:39:58] [INFO] Hotel registrations retrieved successfully. Total registrations: 2
[2026-09-21 17:39:58] [INFO] Hotel registrations retrieved successfully. Total registrations: 2
[2026-09-21 17:39:58] [INFO] Hotel registrations retrieved successfully. Total registrations: 2
[2026-09-21 17:40:00] [INFO] [SUBSCRIPTION] Expiry cron triggered
[2026-09-21 17:40:00] [INFO] ==================================================
[2026-09-21 17:40:00] [INFO] SUBSCRIPTION EXPIRY CRON STARTED
[2026-09-21 17:40:00] [INFO] ==================================================
[2026-09-21 17:40:00] [INFO] [SUBSCRIPTION] Current India Date: 2026-09-21
[2026-09-21 17:40:00] [INFO] [OVERSTAY] Cron triggered
[2026-09-21 17:40:00] [INFO] ==================================================
[2026-09-21 17:40:00] [INFO] OVERSTAY CRON STARTED
[2026-09-21 17:40:00] [INFO] ==================================================
[2026-09-21 17:40:00] [INFO] [OVERSTAY] Current India Date/Time: 21/09/2026 17:40:00
[2026-09-21 17:40:00] [INFO] [OVERSTAY] Timezone: Asia/Kolkata
[2026-09-21 17:40:00] [INFO] [OVERSTAY] Staying customers found: 0
[2026-09-21 17:40:00] [INFO] ==================================================
[2026-09-21 17:40:00] [INFO] OVERSTAY CRON COMPLETED
[2026-09-21 17:40:00] [INFO] ==================================================
[2026-09-21 17:40:00] [INFO] [SUBSCRIPTION] Subscriptions found: 2
[2026-09-21 17:40:00] [INFO] [SUBSCRIPTION] mani hotel | Expiry: 2026-10-16 | Days Remaining: 25
[2026-09-21 17:40:00] [INFO] [SUBSCRIPTION] hotel 2 | Expiry: 2026-10-17 | Days Remaining: 26
[2026-09-21 17:40:00] [INFO] ==================================================
[2026-09-21 17:40:00] [INFO] SUBSCRIPTION EXPIRY CRON COMPLETED
[2026-09-21 17:40:00] [INFO] ==================================================
[2026-09-21 17:40:01] [INFO] Hotel registrations retrieved successfully. Total registrations: 2
[2026-09-21 17:40:02] [INFO] Hotel registrations retrieved successfully. Total registrations: 2
[2026-09-21 17:40:07] [INFO] Hotel registrations retrieved successfully. Total registrations: 2
[2026-09-21 17:40:07] [INFO] Hotel registrations retrieved successfully. Total registrations: 2
[2026-09-21 17:40:07] [INFO] Hotel registrations retrieved successfully. Total registrations: 2
[2026-09-21 17:40:07] [INFO] Hotel registrations retrieved successfully. Total registrations: 2
[2026-09-21 17:40:09] [INFO] Hotel registrations retrieved successfully. Total registrations: 2
[2026-09-21 17:40:10] [INFO] Hotel registrations retrieved successfully. Total registrations: 2
[2026-09-21 17:40:13] [INFO] Hotel registrations retrieved successfully. Total registrations: 2
[2026-09-21 17:40:13] [INFO] Hotel registrations retrieved successfully. Total registrations: 2
[2026-09-21 17:41:00] [INFO] [SUBSCRIPTION] Expiry cron triggered
[2026-09-21 17:41:00] [INFO] ==================================================
[2026-09-21 17:41:00] [INFO] SUBSCRIPTION EXPIRY CRON STARTED
[2026-09-21 17:41:00] [INFO] ==================================================
[2026-09-21 17:41:00] [INFO] [SUBSCRIPTION] Current India Date: 2026-09-21
[2026-09-21 17:41:00] [INFO] [OVERSTAY] Cron triggered
[2026-09-21 17:41:00] [INFO] ==================================================
[2026-09-21 17:41:00] [INFO] OVERSTAY CRON STARTED
[2026-09-21 17:41:00] [INFO] ==================================================
[2026-09-21 17:41:00] [INFO] [OVERSTAY] Current India Date/Time: 21/09/2026 17:41:00
[2026-09-21 17:41:00] [INFO] [OVERSTAY] Timezone: Asia/Kolkata
[2026-09-21 17:41:00] [INFO] [OVERSTAY] Staying customers found: 0
[2026-09-21 17:41:00] [INFO] ==================================================
[2026-09-21 17:41:00] [INFO] OVERSTAY CRON COMPLETED
[2026-09-21 17:41:00] [INFO] ==================================================
[2026-09-21 17:41:00] [INFO] [SUBSCRIPTION] Subscriptions found: 2
[2026-09-21 17:41:00] [INFO] [SUBSCRIPTION] mani hotel | Expiry: 2026-10-16 | Days Remaining: 25
[2026-09-21 17:41:00] [INFO] [SUBSCRIPTION] hotel 2 | Expiry: 2026-10-17 | Days Remaining: 26
[2026-09-21 17:41:00] [INFO] ==================================================
[2026-09-21 17:41:00] [INFO] SUBSCRIPTION EXPIRY CRON COMPLETED
[2026-09-21 17:41:00] [INFO] ==================================================
[2026-09-21 17:41:24] [INFO] Hotel registrations retrieved successfully. Total registrations: 2
[2026-09-21 17:41:24] [INFO] Hotel registrations retrieved successfully. Total registrations: 2
[2026-09-21 17:41:25] [INFO] Hotel registrations retrieved successfully. Total registrations: 2
[2026-09-21 17:41:25] [INFO] Hotel registrations retrieved successfully. Total registrations: 2
[2026-09-21 17:41:28] [INFO] Hotel registrations retrieved successfully. Total registrations: 2
[2026-09-21 17:41:28] [INFO] Hotel registrations retrieved successfully. Total registrations: 2
[2026-09-21 17:41:40] [INFO] Hotel registrations retrieved successfully. Total registrations: 2
[2026-09-21 17:41:40] [INFO] Hotel registrations retrieved successfully. Total registrations: 2
[2026-09-21 17:42:00] [INFO] [OVERSTAY] Cron triggered
[2026-09-21 17:42:00] [INFO] ==================================================
[2026-09-21 17:42:00] [INFO] OVERSTAY CRON STARTED
[2026-09-21 17:42:00] [INFO] ==================================================
[2026-09-21 17:42:00] [INFO] [OVERSTAY] Current India Date/Time: 21/09/2026 17:42:00
[2026-09-21 17:42:00] [INFO] [OVERSTAY] Timezone: Asia/Kolkata
[2026-09-21 17:42:00] [INFO] [SUBSCRIPTION] Expiry cron triggered
[2026-09-21 17:42:00] [INFO] ==================================================
[2026-09-21 17:42:00] [INFO] SUBSCRIPTION EXPIRY CRON STARTED
[2026-09-21 17:42:00] [INFO] ==================================================
[2026-09-21 17:42:00] [INFO] [SUBSCRIPTION] Current India Date: 2026-09-21
[2026-09-21 17:42:00] [INFO] [OVERSTAY] Staying customers found: 0
[2026-09-21 17:42:00] [INFO] ==================================================
[2026-09-21 17:42:00] [INFO] OVERSTAY CRON COMPLETED
[2026-09-21 17:42:00] [INFO] ==================================================
[2026-09-21 17:42:00] [INFO] [SUBSCRIPTION] Subscriptions found: 2
[2026-09-21 17:42:00] [INFO] [SUBSCRIPTION] mani hotel | Expiry: 2026-10-16 | Days Remaining: 25
[2026-09-21 17:42:00] [INFO] [SUBSCRIPTION] hotel 2 | Expiry: 2026-10-17 | Days Remaining: 26
[2026-09-21 17:42:00] [INFO] ==================================================
[2026-09-21 17:42:00] [INFO] SUBSCRIPTION EXPIRY CRON COMPLETED
[2026-09-21 17:42:00] [INFO] ==================================================
[2026-09-21 17:42:41] [INFO] Hotel registrations retrieved successfully. Total registrations: 2
[2026-09-21 17:42:41] [INFO] Hotel registrations retrieved successfully. Total registrations: 2
[2026-09-21 17:43:00] [INFO] [OVERSTAY] Cron triggered
[2026-09-21 17:43:00] [INFO] ==================================================
[2026-09-21 17:43:00] [INFO] OVERSTAY CRON STARTED
[2026-09-21 17:43:00] [INFO] ==================================================
[2026-09-21 17:43:00] [INFO] [OVERSTAY] Current India Date/Time: 21/09/2026 17:43:00
[2026-09-21 17:43:00] [INFO] [OVERSTAY] Timezone: Asia/Kolkata
[2026-09-21 17:43:00] [INFO] [SUBSCRIPTION] Expiry cron triggered
[2026-09-21 17:43:00] [INFO] ==================================================
[2026-09-21 17:43:00] [INFO] SUBSCRIPTION EXPIRY CRON STARTED
[2026-09-21 17:43:00] [INFO] ==================================================
[2026-09-21 17:43:00] [INFO] [SUBSCRIPTION] Current India Date: 2026-09-21
[2026-09-21 17:43:00] [INFO] [OVERSTAY] Staying customers found: 0
[2026-09-21 17:43:00] [INFO] ==================================================
[2026-09-21 17:43:00] [INFO] OVERSTAY CRON COMPLETED
[2026-09-21 17:43:00] [INFO] ==================================================
[2026-09-21 17:43:00] [INFO] [SUBSCRIPTION] Subscriptions found: 2
[2026-09-21 17:43:00] [INFO] [SUBSCRIPTION] mani hotel | Expiry: 2026-10-16 | Days Remaining: 25
[2026-09-21 17:43:00] [INFO] [SUBSCRIPTION] hotel 2 | Expiry: 2026-10-17 | Days Remaining: 26
[2026-09-21 17:43:00] [INFO] ==================================================
[2026-09-21 17:43:00] [INFO] SUBSCRIPTION EXPIRY CRON COMPLETED
[2026-09-21 17:43:00] [INFO] ==================================================
[2026-09-21 17:44:00] [INFO] [OVERSTAY] Cron triggered
[2026-09-21 17:44:00] [INFO] ==================================================
[2026-09-21 17:44:00] [INFO] OVERSTAY CRON STARTED
[2026-09-21 17:44:00] [INFO] ==================================================
[2026-09-21 17:44:00] [INFO] [OVERSTAY] Current India Date/Time: 21/09/2026 17:44:00
[2026-09-21 17:44:00] [INFO] [OVERSTAY] Timezone: Asia/Kolkata
[2026-09-21 17:44:00] [INFO] [SUBSCRIPTION] Expiry cron triggered
[2026-09-21 17:44:00] [INFO] ==================================================
[2026-09-21 17:44:00] [INFO] SUBSCRIPTION EXPIRY CRON STARTED
[2026-09-21 17:44:00] [INFO] ==================================================
[2026-09-21 17:44:00] [INFO] [SUBSCRIPTION] Current India Date: 2026-09-21
[2026-09-21 17:44:00] [INFO] [OVERSTAY] Staying customers found: 0
[2026-09-21 17:44:00] [INFO] ==================================================
[2026-09-21 17:44:00] [INFO] OVERSTAY CRON COMPLETED
[2026-09-21 17:44:00] [INFO] ==================================================
[2026-09-21 17:44:00] [INFO] [SUBSCRIPTION] Subscriptions found: 2
[2026-09-21 17:44:00] [INFO] [SUBSCRIPTION] mani hotel | Expiry: 2026-10-16 | Days Remaining: 25
[2026-09-21 17:44:00] [INFO] [SUBSCRIPTION] hotel 2 | Expiry: 2026-10-17 | Days Remaining: 26
[2026-09-21 17:44:00] [INFO] ==================================================
[2026-09-21 17:44:00] [INFO] SUBSCRIPTION EXPIRY CRON COMPLETED
[2026-09-21 17:44:00] [INFO] ==================================================
[2026-09-21 17:44:10] [INFO] Hotel registrations retrieved successfully. Total registrations: 2
[2026-09-21 17:44:10] [INFO] Hotel registrations retrieved successfully. Total registrations: 2
[2026-09-21 17:45:00] [INFO] [OVERSTAY] Cron triggered
[2026-09-21 17:45:00] [INFO] ==================================================
[2026-09-21 17:45:00] [INFO] OVERSTAY CRON STARTED
[2026-09-21 17:45:00] [INFO] ==================================================
[2026-09-21 17:45:00] [INFO] [OVERSTAY] Current India Date/Time: 21/09/2026 17:45:00
[2026-09-21 17:45:00] [INFO] [OVERSTAY] Timezone: Asia/Kolkata
[2026-09-21 17:45:00] [INFO] [SUBSCRIPTION] Expiry cron triggered
[2026-09-21 17:45:00] [INFO] ==================================================
[2026-09-21 17:45:00] [INFO] SUBSCRIPTION EXPIRY CRON STARTED
[2026-09-21 17:45:00] [INFO] ==================================================
[2026-09-21 17:45:00] [INFO] [SUBSCRIPTION] Current India Date: 2026-09-21
[2026-09-21 17:45:00] [INFO] [OVERSTAY] Staying customers found: 0
[2026-09-21 17:45:00] [INFO] ==================================================
[2026-09-21 17:45:00] [INFO] OVERSTAY CRON COMPLETED
[2026-09-21 17:45:00] [INFO] ==================================================
[2026-09-21 17:45:00] [INFO] [SUBSCRIPTION] Subscriptions found: 2
[2026-09-21 17:45:00] [INFO] [SUBSCRIPTION] mani hotel | Expiry: 2026-10-16 | Days Remaining: 25
[2026-09-21 17:45:00] [INFO] [SUBSCRIPTION] hotel 2 | Expiry: 2026-10-17 | Days Remaining: 26
[2026-09-21 17:45:00] [INFO] ==================================================
[2026-09-21 17:45:00] [INFO] SUBSCRIPTION EXPIRY CRON COMPLETED
[2026-09-21 17:45:00] [INFO] ==================================================
[2026-09-21 17:46:00] [INFO] [OVERSTAY] Cron triggered
[2026-09-21 17:46:00] [INFO] ==================================================
[2026-09-21 17:46:00] [INFO] OVERSTAY CRON STARTED
[2026-09-21 17:46:00] [INFO] ==================================================
[2026-09-21 17:46:00] [INFO] [OVERSTAY] Current India Date/Time: 21/09/2026 17:46:00
[2026-09-21 17:46:00] [INFO] [OVERSTAY] Timezone: Asia/Kolkata
[2026-09-21 17:46:00] [INFO] [SUBSCRIPTION] Expiry cron triggered
[2026-09-21 17:46:00] [INFO] ==================================================
[2026-09-21 17:46:00] [INFO] SUBSCRIPTION EXPIRY CRON STARTED
[2026-09-21 17:46:00] [INFO] ==================================================
[2026-09-21 17:46:00] [INFO] [SUBSCRIPTION] Current India Date: 2026-09-21
[2026-09-21 17:46:00] [INFO] [OVERSTAY] Staying customers found: 0
[2026-09-21 17:46:00] [INFO] ==================================================
[2026-09-21 17:46:00] [INFO] OVERSTAY CRON COMPLETED
[2026-09-21 17:46:00] [INFO] ==================================================
[2026-09-21 17:46:00] [INFO] [SUBSCRIPTION] Subscriptions found: 2
[2026-09-21 17:46:00] [INFO] [SUBSCRIPTION] mani hotel | Expiry: 2026-10-16 | Days Remaining: 25
[2026-09-21 17:46:00] [INFO] [SUBSCRIPTION] hotel 2 | Expiry: 2026-10-17 | Days Remaining: 26
[2026-09-21 17:46:00] [INFO] ==================================================
[2026-09-21 17:46:00] [INFO] SUBSCRIPTION EXPIRY CRON COMPLETED
[2026-09-21 17:46:00] [INFO] ==================================================
[2026-09-21 17:47:00] [INFO] [OVERSTAY] Cron triggered
[2026-09-21 17:47:00] [INFO] ==================================================
[2026-09-21 17:47:00] [INFO] OVERSTAY CRON STARTED
[2026-09-21 17:47:00] [INFO] ==================================================
[2026-09-21 17:47:00] [INFO] [OVERSTAY] Current India Date/Time: 21/09/2026 17:47:00
[2026-09-21 17:47:00] [INFO] [OVERSTAY] Timezone: Asia/Kolkata
[2026-09-21 17:47:00] [INFO] [SUBSCRIPTION] Expiry cron triggered
[2026-09-21 17:47:00] [INFO] ==================================================
[2026-09-21 17:47:00] [INFO] SUBSCRIPTION EXPIRY CRON STARTED
[2026-09-21 17:47:00] [INFO] ==================================================
[2026-09-21 17:47:00] [INFO] [SUBSCRIPTION] Current India Date: 2026-09-21
[2026-09-21 17:47:00] [INFO] [OVERSTAY] Staying customers found: 0
[2026-09-21 17:47:00] [INFO] ==================================================
[2026-09-21 17:47:00] [INFO] OVERSTAY CRON COMPLETED
[2026-09-21 17:47:00] [INFO] ==================================================
[2026-09-21 17:47:00] [INFO] [SUBSCRIPTION] Subscriptions found: 2
[2026-09-21 17:47:00] [INFO] [SUBSCRIPTION] mani hotel | Expiry: 2026-10-16 | Days Remaining: 25
[2026-09-21 17:47:00] [INFO] [SUBSCRIPTION] hotel 2 | Expiry: 2026-10-17 | Days Remaining: 26
[2026-09-21 17:47:00] [INFO] ==================================================
[2026-09-21 17:47:00] [INFO] SUBSCRIPTION EXPIRY CRON COMPLETED
[2026-09-21 17:47:00] [INFO] ==================================================
[2026-09-21 17:48:00] [INFO] [SUBSCRIPTION] Expiry cron triggered
[2026-09-21 17:48:00] [INFO] ==================================================
[2026-09-21 17:48:00] [INFO] SUBSCRIPTION EXPIRY CRON STARTED
[2026-09-21 17:48:00] [INFO] ==================================================
[2026-09-21 17:48:00] [INFO] [SUBSCRIPTION] Current India Date: 2026-09-21
[2026-09-21 17:48:00] [INFO] [OVERSTAY] Cron triggered
[2026-09-21 17:48:00] [INFO] ==================================================
[2026-09-21 17:48:00] [INFO] OVERSTAY CRON STARTED
[2026-09-21 17:48:00] [INFO] ==================================================
[2026-09-21 17:48:00] [INFO] [OVERSTAY] Current India Date/Time: 21/09/2026 17:48:00
[2026-09-21 17:48:00] [INFO] [OVERSTAY] Timezone: Asia/Kolkata
[2026-09-21 17:48:00] [INFO] [OVERSTAY] Staying customers found: 0
[2026-09-21 17:48:00] [INFO] ==================================================
[2026-09-21 17:48:00] [INFO] OVERSTAY CRON COMPLETED
[2026-09-21 17:48:00] [INFO] ==================================================
[2026-09-21 17:48:00] [INFO] [SUBSCRIPTION] Subscriptions found: 2
[2026-09-21 17:48:00] [INFO] [SUBSCRIPTION] mani hotel | Expiry: 2026-10-16 | Days Remaining: 25
[2026-09-21 17:48:00] [INFO] [SUBSCRIPTION] hotel 2 | Expiry: 2026-10-17 | Days Remaining: 26
[2026-09-21 17:48:00] [INFO] ==================================================
[2026-09-21 17:48:00] [INFO] SUBSCRIPTION EXPIRY CRON COMPLETED
[2026-09-21 17:48:00] [INFO] ==================================================
[2026-09-21 17:49:00] [INFO] [SUBSCRIPTION] Expiry cron triggered
[2026-09-21 17:49:00] [INFO] ==================================================
[2026-09-21 17:49:00] [INFO] SUBSCRIPTION EXPIRY CRON STARTED
[2026-09-21 17:49:00] [INFO] ==================================================
[2026-09-21 17:49:00] [INFO] [SUBSCRIPTION] Current India Date: 2026-09-21
[2026-09-21 17:49:00] [INFO] [OVERSTAY] Cron triggered
[2026-09-21 17:49:00] [INFO] ==================================================
[2026-09-21 17:49:00] [INFO] OVERSTAY CRON STARTED
[2026-09-21 17:49:00] [INFO] ==================================================
[2026-09-21 17:49:00] [INFO] [OVERSTAY] Current India Date/Time: 21/09/2026 17:49:00
[2026-09-21 17:49:00] [INFO] [OVERSTAY] Timezone: Asia/Kolkata
[2026-09-21 17:49:00] [INFO] [OVERSTAY] Staying customers found: 0
[2026-09-21 17:49:00] [INFO] ==================================================
[2026-09-21 17:49:00] [INFO] OVERSTAY CRON COMPLETED
[2026-09-21 17:49:00] [INFO] ==================================================
[2026-09-21 17:49:00] [INFO] [SUBSCRIPTION] Subscriptions found: 2
[2026-09-21 17:49:00] [INFO] [SUBSCRIPTION] mani hotel | Expiry: 2026-10-16 | Days Remaining: 25
[2026-09-21 17:49:00] [INFO] [SUBSCRIPTION] hotel 2 | Expiry: 2026-10-17 | Days Remaining: 26
[2026-09-21 17:49:00] [INFO] ==================================================
[2026-09-21 17:49:00] [INFO] SUBSCRIPTION EXPIRY CRON COMPLETED
[2026-09-21 17:49:00] [INFO] ==================================================
[2026-09-21 17:50:00] [INFO] [OVERSTAY] Cron triggered
[2026-09-21 17:50:00] [INFO] ==================================================
[2026-09-21 17:50:00] [INFO] OVERSTAY CRON STARTED
[2026-09-21 17:50:00] [INFO] ==================================================
[2026-09-21 17:50:00] [INFO] [OVERSTAY] Current India Date/Time: 21/09/2026 17:50:00
[2026-09-21 17:50:00] [INFO] [OVERSTAY] Timezone: Asia/Kolkata
[2026-09-21 17:50:00] [INFO] [SUBSCRIPTION] Expiry cron triggered
[2026-09-21 17:50:00] [INFO] ==================================================
[2026-09-21 17:50:00] [INFO] SUBSCRIPTION EXPIRY CRON STARTED
[2026-09-21 17:50:00] [INFO] ==================================================
[2026-09-21 17:50:00] [INFO] [SUBSCRIPTION] Current India Date: 2026-09-21
[2026-09-21 17:50:00] [INFO] [OVERSTAY] Staying customers found: 0
[2026-09-21 17:50:00] [INFO] ==================================================
[2026-09-21 17:50:00] [INFO] OVERSTAY CRON COMPLETED
[2026-09-21 17:50:00] [INFO] ==================================================
[2026-09-21 17:50:00] [INFO] [SUBSCRIPTION] Subscriptions found: 2
[2026-09-21 17:50:00] [INFO] [SUBSCRIPTION] mani hotel | Expiry: 2026-10-16 | Days Remaining: 25
[2026-09-21 17:50:00] [INFO] [SUBSCRIPTION] hotel 2 | Expiry: 2026-10-17 | Days Remaining: 26
[2026-09-21 17:50:00] [INFO] ==================================================
[2026-09-21 17:50:00] [INFO] SUBSCRIPTION EXPIRY CRON COMPLETED
[2026-09-21 17:50:00] [INFO] ==================================================
[2026-09-21 17:51:00] [INFO] [OVERSTAY] Cron triggered
[2026-09-21 17:51:00] [INFO] ==================================================
[2026-09-21 17:51:00] [INFO] OVERSTAY CRON STARTED
[2026-09-21 17:51:00] [INFO] ==================================================
[2026-09-21 17:51:00] [INFO] [OVERSTAY] Current India Date/Time: 21/09/2026 17:51:00
[2026-09-21 17:51:00] [INFO] [OVERSTAY] Timezone: Asia/Kolkata
[2026-09-21 17:51:00] [INFO] [SUBSCRIPTION] Expiry cron triggered
[2026-09-21 17:51:00] [INFO] ==================================================
[2026-09-21 17:51:00] [INFO] SUBSCRIPTION EXPIRY CRON STARTED
[2026-09-21 17:51:00] [INFO] ==================================================
[2026-09-21 17:51:00] [INFO] [SUBSCRIPTION] Current India Date: 2026-09-21
[2026-09-21 17:51:00] [INFO] [OVERSTAY] Staying customers found: 0
[2026-09-21 17:51:00] [INFO] ==================================================
[2026-09-21 17:51:00] [INFO] OVERSTAY CRON COMPLETED
[2026-09-21 17:51:00] [INFO] ==================================================
[2026-09-21 17:51:00] [INFO] [SUBSCRIPTION] Subscriptions found: 2
[2026-09-21 17:51:00] [INFO] [SUBSCRIPTION] mani hotel | Expiry: 2026-10-16 | Days Remaining: 25
[2026-09-21 17:51:00] [INFO] [SUBSCRIPTION] hotel 2 | Expiry: 2026-10-17 | Days Remaining: 26
[2026-09-21 17:51:00] [INFO] ==================================================
[2026-09-21 17:51:00] [INFO] SUBSCRIPTION EXPIRY CRON COMPLETED
[2026-09-21 17:51:00] [INFO] ==================================================
[2026-09-21 17:52:00] [INFO] [OVERSTAY] Cron triggered
[2026-09-21 17:52:00] [INFO] ==================================================
[2026-09-21 17:52:00] [INFO] OVERSTAY CRON STARTED
[2026-09-21 17:52:00] [INFO] ==================================================
[2026-09-21 17:52:00] [INFO] [OVERSTAY] Current India Date/Time: 21/09/2026 17:52:00
[2026-09-21 17:52:00] [INFO] [OVERSTAY] Timezone: Asia/Kolkata
[2026-09-21 17:52:00] [INFO] [SUBSCRIPTION] Expiry cron triggered
[2026-09-21 17:52:00] [INFO] ==================================================
[2026-09-21 17:52:00] [INFO] SUBSCRIPTION EXPIRY CRON STARTED
[2026-09-21 17:52:00] [INFO] ==================================================
[2026-09-21 17:52:00] [INFO] [SUBSCRIPTION] Current India Date: 2026-09-21
[2026-09-21 17:52:00] [INFO] [OVERSTAY] Staying customers found: 0
[2026-09-21 17:52:00] [INFO] ==================================================
[2026-09-21 17:52:00] [INFO] OVERSTAY CRON COMPLETED
[2026-09-21 17:52:00] [INFO] ==================================================
[2026-09-21 17:52:00] [INFO] [SUBSCRIPTION] Subscriptions found: 2
[2026-09-21 17:52:00] [INFO] [SUBSCRIPTION] mani hotel | Expiry: 2026-10-16 | Days Remaining: 25
[2026-09-21 17:52:00] [INFO] [SUBSCRIPTION] hotel 2 | Expiry: 2026-10-17 | Days Remaining: 26
[2026-09-21 17:52:00] [INFO] ==================================================
[2026-09-21 17:52:00] [INFO] SUBSCRIPTION EXPIRY CRON COMPLETED
[2026-09-21 17:52:00] [INFO] ==================================================
[2026-09-21 17:53:00] [INFO] [OVERSTAY] Cron triggered
[2026-09-21 17:53:00] [INFO] ==================================================
[2026-09-21 17:53:00] [INFO] OVERSTAY CRON STARTED
[2026-09-21 17:53:00] [INFO] ==================================================
[2026-09-21 17:53:00] [INFO] [OVERSTAY] Current India Date/Time: 21/09/2026 17:53:00
[2026-09-21 17:53:00] [INFO] [OVERSTAY] Timezone: Asia/Kolkata
[2026-09-21 17:53:00] [INFO] [SUBSCRIPTION] Expiry cron triggered
[2026-09-21 17:53:00] [INFO] ==================================================
[2026-09-21 17:53:00] [INFO] SUBSCRIPTION EXPIRY CRON STARTED
[2026-09-21 17:53:00] [INFO] ==================================================
[2026-09-21 17:53:00] [INFO] [SUBSCRIPTION] Current India Date: 2026-09-21
[2026-09-21 17:53:00] [INFO] [OVERSTAY] Staying customers found: 0
[2026-09-21 17:53:00] [INFO] ==================================================
[2026-09-21 17:53:00] [INFO] OVERSTAY CRON COMPLETED
[2026-09-21 17:53:00] [INFO] ==================================================
[2026-09-21 17:53:00] [INFO] [SUBSCRIPTION] Subscriptions found: 2
[2026-09-21 17:53:00] [INFO] [SUBSCRIPTION] mani hotel | Expiry: 2026-10-16 | Days Remaining: 25
[2026-09-21 17:53:00] [INFO] [SUBSCRIPTION] hotel 2 | Expiry: 2026-10-17 | Days Remaining: 26
[2026-09-21 17:53:00] [INFO] ==================================================
[2026-09-21 17:53:00] [INFO] SUBSCRIPTION EXPIRY CRON COMPLETED
[2026-09-21 17:53:00] [INFO] ==================================================
[2026-09-21 17:53:59] [INFO] Hotel registrations retrieved successfully. Total registrations: 2
[2026-09-21 17:54:00] [INFO] [OVERSTAY] Cron triggered
[2026-09-21 17:54:00] [INFO] ==================================================
[2026-09-21 17:54:00] [INFO] OVERSTAY CRON STARTED
[2026-09-21 17:54:00] [INFO] ==================================================
[2026-09-21 17:54:00] [INFO] [OVERSTAY] Current India Date/Time: 21/09/2026 17:54:00
[2026-09-21 17:54:00] [INFO] [OVERSTAY] Timezone: Asia/Kolkata
[2026-09-21 17:54:00] [INFO] [SUBSCRIPTION] Expiry cron triggered
[2026-09-21 17:54:00] [INFO] ==================================================
[2026-09-21 17:54:00] [INFO] SUBSCRIPTION EXPIRY CRON STARTED
[2026-09-21 17:54:00] [INFO] ==================================================
[2026-09-21 17:54:00] [INFO] [SUBSCRIPTION] Current India Date: 2026-09-21
[2026-09-21 17:54:00] [INFO] [OVERSTAY] Staying customers found: 0
[2026-09-21 17:54:00] [INFO] ==================================================
[2026-09-21 17:54:00] [INFO] OVERSTAY CRON COMPLETED
[2026-09-21 17:54:00] [INFO] ==================================================
[2026-09-21 17:54:00] [INFO] [SUBSCRIPTION] Subscriptions found: 2
[2026-09-21 17:54:00] [INFO] Hotel registrations retrieved successfully. Total registrations: 2
[2026-09-21 17:54:00] [INFO] [SUBSCRIPTION] mani hotel | Expiry: 2026-10-16 | Days Remaining: 25
[2026-09-21 17:54:00] [INFO] [SUBSCRIPTION] hotel 2 | Expiry: 2026-10-17 | Days Remaining: 26
[2026-09-21 17:54:00] [INFO] ==================================================
[2026-09-21 17:54:00] [INFO] SUBSCRIPTION EXPIRY CRON COMPLETED
[2026-09-21 17:54:00] [INFO] ==================================================
[2026-09-21 17:55:00] [INFO] [OVERSTAY] Cron triggered
[2026-09-21 17:55:00] [INFO] ==================================================
[2026-09-21 17:55:00] [INFO] OVERSTAY CRON STARTED
[2026-09-21 17:55:00] [INFO] ==================================================
[2026-09-21 17:55:00] [INFO] [OVERSTAY] Current India Date/Time: 21/09/2026 17:55:00
[2026-09-21 17:55:00] [INFO] [OVERSTAY] Timezone: Asia/Kolkata
[2026-09-21 17:55:00] [INFO] [SUBSCRIPTION] Expiry cron triggered
[2026-09-21 17:55:00] [INFO] ==================================================
[2026-09-21 17:55:00] [INFO] SUBSCRIPTION EXPIRY CRON STARTED
[2026-09-21 17:55:00] [INFO] ==================================================
[2026-09-21 17:55:00] [INFO] [SUBSCRIPTION] Current India Date: 2026-09-21
[2026-09-21 17:55:00] [INFO] [OVERSTAY] Staying customers found: 0
[2026-09-21 17:55:00] [INFO] ==================================================
[2026-09-21 17:55:00] [INFO] OVERSTAY CRON COMPLETED
[2026-09-21 17:55:00] [INFO] ==================================================
[2026-09-21 17:55:00] [INFO] [SUBSCRIPTION] Subscriptions found: 2
[2026-09-21 17:55:00] [INFO] [SUBSCRIPTION] mani hotel | Expiry: 2026-10-16 | Days Remaining: 25
[2026-09-21 17:55:00] [INFO] [SUBSCRIPTION] hotel 2 | Expiry: 2026-10-17 | Days Remaining: 26
[2026-09-21 17:55:00] [INFO] ==================================================
[2026-09-21 17:55:00] [INFO] SUBSCRIPTION EXPIRY CRON COMPLETED
[2026-09-21 17:55:00] [INFO] ==================================================
[2026-09-21 17:56:00] [INFO] [OVERSTAY] Cron triggered
[2026-09-21 17:56:00] [INFO] ==================================================
[2026-09-21 17:56:00] [INFO] OVERSTAY CRON STARTED
[2026-09-21 17:56:00] [INFO] ==================================================
[2026-09-21 17:56:00] [INFO] [OVERSTAY] Current India Date/Time: 21/09/2026 17:56:00
[2026-09-21 17:56:00] [INFO] [OVERSTAY] Timezone: Asia/Kolkata
[2026-09-21 17:56:00] [INFO] [SUBSCRIPTION] Expiry cron triggered
[2026-09-21 17:56:00] [INFO] ==================================================
[2026-09-21 17:56:00] [INFO] SUBSCRIPTION EXPIRY CRON STARTED
[2026-09-21 17:56:00] [INFO] ==================================================
[2026-09-21 17:56:00] [INFO] [SUBSCRIPTION] Current India Date: 2026-09-21
[2026-09-21 17:56:00] [INFO] [OVERSTAY] Staying customers found: 0
[2026-09-21 17:56:00] [INFO] ==================================================
[2026-09-21 17:56:00] [INFO] OVERSTAY CRON COMPLETED
[2026-09-21 17:56:00] [INFO] ==================================================
[2026-09-21 17:56:00] [INFO] [SUBSCRIPTION] Subscriptions found: 2
[2026-09-21 17:56:00] [INFO] [SUBSCRIPTION] mani hotel | Expiry: 2026-10-16 | Days Remaining: 25
[2026-09-21 17:56:00] [INFO] [SUBSCRIPTION] hotel 2 | Expiry: 2026-10-17 | Days Remaining: 26
[2026-09-21 17:56:00] [INFO] ==================================================
[2026-09-21 17:56:00] [INFO] SUBSCRIPTION EXPIRY CRON COMPLETED
[2026-09-21 17:56:00] [INFO] ==================================================
[2026-09-21 17:57:00] [INFO] [OVERSTAY] Cron triggered
[2026-09-21 17:57:00] [INFO] ==================================================
[2026-09-21 17:57:00] [INFO] OVERSTAY CRON STARTED
[2026-09-21 17:57:00] [INFO] ==================================================
[2026-09-21 17:57:00] [INFO] [OVERSTAY] Current India Date/Time: 21/09/2026 17:57:00
[2026-09-21 17:57:00] [INFO] [OVERSTAY] Timezone: Asia/Kolkata
[2026-09-21 17:57:00] [INFO] [SUBSCRIPTION] Expiry cron triggered
[2026-09-21 17:57:00] [INFO] ==================================================
[2026-09-21 17:57:00] [INFO] SUBSCRIPTION EXPIRY CRON STARTED
[2026-09-21 17:57:00] [INFO] ==================================================
[2026-09-21 17:57:00] [INFO] [SUBSCRIPTION] Current India Date: 2026-09-21
[2026-09-21 17:57:00] [INFO] [OVERSTAY] Staying customers found: 0
[2026-09-21 17:57:00] [INFO] ==================================================
[2026-09-21 17:57:00] [INFO] OVERSTAY CRON COMPLETED
[2026-09-21 17:57:00] [INFO] ==================================================
[2026-09-21 17:57:00] [INFO] [SUBSCRIPTION] Subscriptions found: 2
[2026-09-21 17:57:00] [INFO] [SUBSCRIPTION] mani hotel | Expiry: 2026-10-16 | Days Remaining: 25
[2026-09-21 17:57:00] [INFO] [SUBSCRIPTION] hotel 2 | Expiry: 2026-10-17 | Days Remaining: 26
[2026-09-21 17:57:00] [INFO] ==================================================
[2026-09-21 17:57:00] [INFO] SUBSCRIPTION EXPIRY CRON COMPLETED
[2026-09-21 17:57:00] [INFO] ==================================================
[2026-09-21 17:57:26] [INFO] Hotel registrations retrieved successfully. Total registrations: 2
[2026-09-21 17:57:27] [INFO] Hotel registrations retrieved successfully. Total registrations: 2
[2026-09-21 17:57:27] [INFO] Hotel registrations retrieved successfully. Total registrations: 2
[2026-09-21 17:57:27] [INFO] Hotel registrations retrieved successfully. Total registrations: 2
[2026-09-21 17:57:31] [INFO] Hotel registrations retrieved successfully. Total registrations: 2
[2026-09-21 17:57:31] [INFO] Hotel registrations retrieved successfully. Total registrations: 2
[2026-09-21 17:57:35] [INFO] Hotel registrations retrieved successfully. Total registrations: 2
[2026-09-21 17:57:36] [INFO] Hotel registrations retrieved successfully. Total registrations: 2
[2026-09-21 17:57:37] [INFO] Hotel registrations retrieved successfully. Total registrations: 2
[2026-09-21 17:57:37] [INFO] Hotel registrations retrieved successfully. Total registrations: 2
[2026-09-21 17:58:00] [INFO] [SUBSCRIPTION] Expiry cron triggered
[2026-09-21 17:58:00] [INFO] ==================================================
[2026-09-21 17:58:00] [INFO] SUBSCRIPTION EXPIRY CRON STARTED
[2026-09-21 17:58:00] [INFO] ==================================================
[2026-09-21 17:58:00] [INFO] [SUBSCRIPTION] Current India Date: 2026-09-21
[2026-09-21 17:58:00] [INFO] [OVERSTAY] Cron triggered
[2026-09-21 17:58:00] [INFO] ==================================================
[2026-09-21 17:58:00] [INFO] OVERSTAY CRON STARTED
[2026-09-21 17:58:00] [INFO] ==================================================
[2026-09-21 17:58:00] [INFO] [OVERSTAY] Current India Date/Time: 21/09/2026 17:58:00
[2026-09-21 17:58:00] [INFO] [OVERSTAY] Timezone: Asia/Kolkata
[2026-09-21 17:58:00] [INFO] [SUBSCRIPTION] Subscriptions found: 2
[2026-09-21 17:58:00] [INFO] [OVERSTAY] Staying customers found: 0
[2026-09-21 17:58:00] [INFO] ==================================================
[2026-09-21 17:58:00] [INFO] OVERSTAY CRON COMPLETED
[2026-09-21 17:58:00] [INFO] ==================================================
[2026-09-21 17:58:00] [INFO] [SUBSCRIPTION] mani hotel | Expiry: 2026-10-16 | Days Remaining: 25
[2026-09-21 17:58:00] [INFO] [SUBSCRIPTION] hotel 2 | Expiry: 2026-10-17 | Days Remaining: 26
[2026-09-21 17:58:00] [INFO] ==================================================
[2026-09-21 17:58:00] [INFO] SUBSCRIPTION EXPIRY CRON COMPLETED
[2026-09-21 17:58:00] [INFO] ==================================================
[2026-09-21 17:59:00] [INFO] [SUBSCRIPTION] Expiry cron triggered
[2026-09-21 17:59:00] [INFO] ==================================================
[2026-09-21 17:59:00] [INFO] SUBSCRIPTION EXPIRY CRON STARTED
[2026-09-21 17:59:00] [INFO] ==================================================
[2026-09-21 17:59:00] [INFO] [SUBSCRIPTION] Current India Date: 2026-09-21
[2026-09-21 17:59:00] [INFO] [OVERSTAY] Cron triggered
[2026-09-21 17:59:00] [INFO] ==================================================
[2026-09-21 17:59:00] [INFO] OVERSTAY CRON STARTED
[2026-09-21 17:59:00] [INFO] ==================================================
[2026-09-21 17:59:00] [INFO] [OVERSTAY] Current India Date/Time: 21/09/2026 17:59:00
[2026-09-21 17:59:00] [INFO] [OVERSTAY] Timezone: Asia/Kolkata
[2026-09-21 17:59:00] [INFO] [OVERSTAY] Staying customers found: 0
[2026-09-21 17:59:00] [INFO] ==================================================
[2026-09-21 17:59:00] [INFO] OVERSTAY CRON COMPLETED
[2026-09-21 17:59:00] [INFO] ==================================================
[2026-09-21 17:59:00] [INFO] [SUBSCRIPTION] Subscriptions found: 2
[2026-09-21 17:59:00] [INFO] [SUBSCRIPTION] mani hotel | Expiry: 2026-10-16 | Days Remaining: 25
[2026-09-21 17:59:00] [INFO] [SUBSCRIPTION] hotel 2 | Expiry: 2026-10-17 | Days Remaining: 26
[2026-09-21 17:59:00] [INFO] ==================================================
[2026-09-21 17:59:00] [INFO] SUBSCRIPTION EXPIRY CRON COMPLETED
[2026-09-21 17:59:00] [INFO] ==================================================
[2026-09-21 18:00:00] [INFO] [OVERSTAY] Cron triggered
[2026-09-21 18:00:00] [INFO] ==================================================
[2026-09-21 18:00:00] [INFO] OVERSTAY CRON STARTED
[2026-09-21 18:00:00] [INFO] ==================================================
[2026-09-21 18:00:00] [INFO] [OVERSTAY] Current India Date/Time: 21/09/2026 18:00:00
[2026-09-21 18:00:00] [INFO] [OVERSTAY] Timezone: Asia/Kolkata
[2026-09-21 18:00:00] [INFO] [SUBSCRIPTION] Expiry cron triggered
[2026-09-21 18:00:00] [INFO] ==================================================
[2026-09-21 18:00:00] [INFO] SUBSCRIPTION EXPIRY CRON STARTED
[2026-09-21 18:00:00] [INFO] ==================================================
[2026-09-21 18:00:00] [INFO] [SUBSCRIPTION] Current India Date: 2026-09-21
[2026-09-21 18:00:00] [INFO] [OVERSTAY] Staying customers found: 0
[2026-09-21 18:00:00] [INFO] ==================================================
[2026-09-21 18:00:00] [INFO] OVERSTAY CRON COMPLETED
[2026-09-21 18:00:00] [INFO] ==================================================
[2026-09-21 18:00:00] [INFO] [SUBSCRIPTION] Subscriptions found: 2
[2026-09-21 18:00:00] [INFO] [SUBSCRIPTION] mani hotel | Expiry: 2026-10-16 | Days Remaining: 25
[2026-09-21 18:00:00] [INFO] [SUBSCRIPTION] hotel 2 | Expiry: 2026-10-17 | Days Remaining: 26
[2026-09-21 18:00:00] [INFO] ==================================================
[2026-09-21 18:00:00] [INFO] SUBSCRIPTION EXPIRY CRON COMPLETED
[2026-09-21 18:00:00] [INFO] ==================================================
[2026-09-21 18:01:00] [INFO] [OVERSTAY] Cron triggered
[2026-09-21 18:01:00] [INFO] ==================================================
[2026-09-21 18:01:00] [INFO] OVERSTAY CRON STARTED
[2026-09-21 18:01:00] [INFO] ==================================================
[2026-09-21 18:01:00] [INFO] [OVERSTAY] Current India Date/Time: 21/09/2026 18:01:00
[2026-09-21 18:01:00] [INFO] [OVERSTAY] Timezone: Asia/Kolkata
[2026-09-21 18:01:00] [INFO] [SUBSCRIPTION] Expiry cron triggered
[2026-09-21 18:01:00] [INFO] ==================================================
[2026-09-21 18:01:00] [INFO] SUBSCRIPTION EXPIRY CRON STARTED
[2026-09-21 18:01:00] [INFO] ==================================================
[2026-09-21 18:01:00] [INFO] [SUBSCRIPTION] Current India Date: 2026-09-21
[2026-09-21 18:01:00] [INFO] [OVERSTAY] Staying customers found: 0
[2026-09-21 18:01:00] [INFO] ==================================================
[2026-09-21 18:01:00] [INFO] OVERSTAY CRON COMPLETED
[2026-09-21 18:01:00] [INFO] ==================================================
[2026-09-21 18:01:00] [INFO] [SUBSCRIPTION] Subscriptions found: 2
[2026-09-21 18:01:00] [INFO] [SUBSCRIPTION] mani hotel | Expiry: 2026-10-16 | Days Remaining: 25
[2026-09-21 18:01:00] [INFO] [SUBSCRIPTION] hotel 2 | Expiry: 2026-10-17 | Days Remaining: 26
[2026-09-21 18:01:00] [INFO] ==================================================
[2026-09-21 18:01:00] [INFO] SUBSCRIPTION EXPIRY CRON COMPLETED
[2026-09-21 18:01:00] [INFO] ==================================================
[2026-09-21 18:01:24] [INFO] Hotel registrations retrieved successfully. Total registrations: 2
[2026-09-21 18:01:24] [INFO] Hotel registrations retrieved successfully. Total registrations: 2
[2026-09-21 18:01:57] [INFO] Hotel registrations retrieved successfully. Total registrations: 2
[2026-09-21 18:01:57] [INFO] Hotel registrations retrieved successfully. Total registrations: 2
[2026-09-21 18:02:00] [INFO] [OVERSTAY] Cron triggered
[2026-09-21 18:02:00] [INFO] ==================================================
[2026-09-21 18:02:00] [INFO] OVERSTAY CRON STARTED
[2026-09-21 18:02:00] [INFO] ==================================================
[2026-09-21 18:02:00] [INFO] [OVERSTAY] Current India Date/Time: 21/09/2026 18:02:00
[2026-09-21 18:02:00] [INFO] [OVERSTAY] Timezone: Asia/Kolkata
[2026-09-21 18:02:00] [INFO] [SUBSCRIPTION] Expiry cron triggered
[2026-09-21 18:02:00] [INFO] ==================================================
[2026-09-21 18:02:00] [INFO] SUBSCRIPTION EXPIRY CRON STARTED
[2026-09-21 18:02:00] [INFO] ==================================================
[2026-09-21 18:02:00] [INFO] [SUBSCRIPTION] Current India Date: 2026-09-21
[2026-09-21 18:02:00] [INFO] [OVERSTAY] Staying customers found: 0
[2026-09-21 18:02:00] [INFO] ==================================================
[2026-09-21 18:02:00] [INFO] OVERSTAY CRON COMPLETED
[2026-09-21 18:02:00] [INFO] ==================================================
[2026-09-21 18:02:00] [INFO] [SUBSCRIPTION] Subscriptions found: 2
[2026-09-21 18:02:00] [INFO] [SUBSCRIPTION] mani hotel | Expiry: 2026-10-16 | Days Remaining: 25
[2026-09-21 18:02:00] [INFO] [SUBSCRIPTION] hotel 2 | Expiry: 2026-10-17 | Days Remaining: 26
[2026-09-21 18:02:00] [INFO] ==================================================
[2026-09-21 18:02:00] [INFO] SUBSCRIPTION EXPIRY CRON COMPLETED
[2026-09-21 18:02:00] [INFO] ==================================================
[2026-09-21 18:02:04] [INFO] Hotel registrations retrieved successfully. Total registrations: 2
[2026-09-21 18:02:04] [INFO] Hotel registrations retrieved successfully. Total registrations: 2
[2026-09-21 18:02:43] [INFO] Hotel registrations retrieved successfully. Total registrations: 2
[2026-09-21 18:02:43] [INFO] Hotel registrations retrieved successfully. Total registrations: 2
[2026-09-21 18:03:00] [INFO] [SUBSCRIPTION] Expiry cron triggered
[2026-09-21 18:03:00] [INFO] ==================================================
[2026-09-21 18:03:00] [INFO] SUBSCRIPTION EXPIRY CRON STARTED
[2026-09-21 18:03:00] [INFO] ==================================================
[2026-09-21 18:03:00] [INFO] [SUBSCRIPTION] Current India Date: 2026-09-21
[2026-09-21 18:03:00] [INFO] [OVERSTAY] Cron triggered
[2026-09-21 18:03:00] [INFO] ==================================================
[2026-09-21 18:03:00] [INFO] OVERSTAY CRON STARTED
[2026-09-21 18:03:00] [INFO] ==================================================
[2026-09-21 18:03:00] [INFO] [OVERSTAY] Current India Date/Time: 21/09/2026 18:03:00
[2026-09-21 18:03:00] [INFO] [OVERSTAY] Timezone: Asia/Kolkata
[2026-09-21 18:03:00] [INFO] [OVERSTAY] Staying customers found: 0
[2026-09-21 18:03:00] [INFO] ==================================================
[2026-09-21 18:03:00] [INFO] OVERSTAY CRON COMPLETED
[2026-09-21 18:03:00] [INFO] ==================================================
[2026-09-21 18:03:00] [INFO] [SUBSCRIPTION] Subscriptions found: 2
[2026-09-21 18:03:00] [INFO] [SUBSCRIPTION] mani hotel | Expiry: 2026-10-16 | Days Remaining: 25
[2026-09-21 18:03:00] [INFO] [SUBSCRIPTION] hotel 2 | Expiry: 2026-10-17 | Days Remaining: 26
[2026-09-21 18:03:00] [INFO] ==================================================
[2026-09-21 18:03:00] [INFO] SUBSCRIPTION EXPIRY CRON COMPLETED
[2026-09-21 18:03:00] [INFO] ==================================================
[2026-09-21 18:04:00] [INFO] [OVERSTAY] Cron triggered
[2026-09-21 18:04:00] [INFO] ==================================================
[2026-09-21 18:04:00] [INFO] OVERSTAY CRON STARTED
[2026-09-21 18:04:00] [INFO] ==================================================
[2026-09-21 18:04:00] [INFO] [OVERSTAY] Current India Date/Time: 21/09/2026 18:04:00
[2026-09-21 18:04:00] [INFO] [OVERSTAY] Timezone: Asia/Kolkata
[2026-09-21 18:04:00] [INFO] [SUBSCRIPTION] Expiry cron triggered
[2026-09-21 18:04:00] [INFO] ==================================================
[2026-09-21 18:04:00] [INFO] SUBSCRIPTION EXPIRY CRON STARTED
[2026-09-21 18:04:00] [INFO] ==================================================
[2026-09-21 18:04:00] [INFO] [SUBSCRIPTION] Current India Date: 2026-09-21
[2026-09-21 18:04:00] [INFO] [OVERSTAY] Staying customers found: 0
[2026-09-21 18:04:00] [INFO] ==================================================
[2026-09-21 18:04:00] [INFO] OVERSTAY CRON COMPLETED
[2026-09-21 18:04:00] [INFO] ==================================================
[2026-09-21 18:04:00] [INFO] [SUBSCRIPTION] Subscriptions found: 2
[2026-09-21 18:04:00] [INFO] [SUBSCRIPTION] mani hotel | Expiry: 2026-10-16 | Days Remaining: 25
[2026-09-21 18:04:00] [INFO] [SUBSCRIPTION] hotel 2 | Expiry: 2026-10-17 | Days Remaining: 26
[2026-09-21 18:04:00] [INFO] ==================================================
[2026-09-21 18:04:00] [INFO] SUBSCRIPTION EXPIRY CRON COMPLETED
[2026-09-21 18:04:00] [INFO] ==================================================
[2026-09-21 18:05:00] [INFO] [OVERSTAY] Cron triggered
[2026-09-21 18:05:00] [INFO] ==================================================
[2026-09-21 18:05:00] [INFO] OVERSTAY CRON STARTED
[2026-09-21 18:05:00] [INFO] ==================================================
[2026-09-21 18:05:00] [INFO] [OVERSTAY] Current India Date/Time: 21/09/2026 18:05:00
[2026-09-21 18:05:00] [INFO] [OVERSTAY] Timezone: Asia/Kolkata
[2026-09-21 18:05:00] [INFO] [SUBSCRIPTION] Expiry cron triggered
[2026-09-21 18:05:00] [INFO] ==================================================
[2026-09-21 18:05:00] [INFO] SUBSCRIPTION EXPIRY CRON STARTED
[2026-09-21 18:05:00] [INFO] ==================================================
[2026-09-21 18:05:00] [INFO] [SUBSCRIPTION] Current India Date: 2026-09-21
[2026-09-21 18:05:00] [INFO] [OVERSTAY] Staying customers found: 0
[2026-09-21 18:05:00] [INFO] ==================================================
[2026-09-21 18:05:00] [INFO] OVERSTAY CRON COMPLETED
[2026-09-21 18:05:00] [INFO] ==================================================
[2026-09-21 18:05:00] [INFO] [SUBSCRIPTION] Subscriptions found: 2
[2026-09-21 18:05:00] [INFO] [SUBSCRIPTION] mani hotel | Expiry: 2026-10-16 | Days Remaining: 25
[2026-09-21 18:05:00] [INFO] [SUBSCRIPTION] hotel 2 | Expiry: 2026-10-17 | Days Remaining: 26
[2026-09-21 18:05:00] [INFO] ==================================================
[2026-09-21 18:05:00] [INFO] SUBSCRIPTION EXPIRY CRON COMPLETED
[2026-09-21 18:05:00] [INFO] ==================================================
[2026-09-21 18:06:00] [INFO] [OVERSTAY] Cron triggered
[2026-09-21 18:06:00] [INFO] ==================================================
[2026-09-21 18:06:00] [INFO] OVERSTAY CRON STARTED
[2026-09-21 18:06:00] [INFO] ==================================================
[2026-09-21 18:06:00] [INFO] [OVERSTAY] Current India Date/Time: 21/09/2026 18:06:00
[2026-09-21 18:06:00] [INFO] [OVERSTAY] Timezone: Asia/Kolkata
[2026-09-21 18:06:00] [INFO] [SUBSCRIPTION] Expiry cron triggered
[2026-09-21 18:06:00] [INFO] ==================================================
[2026-09-21 18:06:00] [INFO] SUBSCRIPTION EXPIRY CRON STARTED
[2026-09-21 18:06:00] [INFO] ==================================================
[2026-09-21 18:06:00] [INFO] [SUBSCRIPTION] Current India Date: 2026-09-21
[2026-09-21 18:06:00] [INFO] [OVERSTAY] Staying customers found: 0
[2026-09-21 18:06:00] [INFO] ==================================================
[2026-09-21 18:06:00] [INFO] OVERSTAY CRON COMPLETED
[2026-09-21 18:06:00] [INFO] ==================================================
[2026-09-21 18:06:00] [INFO] [SUBSCRIPTION] Subscriptions found: 2
[2026-09-21 18:06:00] [INFO] [SUBSCRIPTION] mani hotel | Expiry: 2026-10-16 | Days Remaining: 25
[2026-09-21 18:06:00] [INFO] [SUBSCRIPTION] hotel 2 | Expiry: 2026-10-17 | Days Remaining: 26
[2026-09-21 18:06:00] [INFO] ==================================================
[2026-09-21 18:06:00] [INFO] SUBSCRIPTION EXPIRY CRON COMPLETED
[2026-09-21 18:06:00] [INFO] ==================================================
[2026-09-21 18:07:00] [INFO] [OVERSTAY] Cron triggered
[2026-09-21 18:07:00] [INFO] ==================================================
[2026-09-21 18:07:00] [INFO] OVERSTAY CRON STARTED
[2026-09-21 18:07:00] [INFO] ==================================================
[2026-09-21 18:07:00] [INFO] [OVERSTAY] Current India Date/Time: 21/09/2026 18:07:00
[2026-09-21 18:07:00] [INFO] [OVERSTAY] Timezone: Asia/Kolkata
[2026-09-21 18:07:00] [INFO] [SUBSCRIPTION] Expiry cron triggered
[2026-09-21 18:07:00] [INFO] ==================================================
[2026-09-21 18:07:00] [INFO] SUBSCRIPTION EXPIRY CRON STARTED
[2026-09-21 18:07:00] [INFO] ==================================================
[2026-09-21 18:07:00] [INFO] [SUBSCRIPTION] Current India Date: 2026-09-21
[2026-09-21 18:07:00] [INFO] [OVERSTAY] Staying customers found: 0
[2026-09-21 18:07:00] [INFO] ==================================================
[2026-09-21 18:07:00] [INFO] OVERSTAY CRON COMPLETED
[2026-09-21 18:07:00] [INFO] ==================================================
[2026-09-21 18:07:00] [INFO] [SUBSCRIPTION] Subscriptions found: 2
[2026-09-21 18:07:00] [INFO] [SUBSCRIPTION] mani hotel | Expiry: 2026-10-16 | Days Remaining: 25
[2026-09-21 18:07:00] [INFO] [SUBSCRIPTION] hotel 2 | Expiry: 2026-10-17 | Days Remaining: 26
[2026-09-21 18:07:00] [INFO] ==================================================
[2026-09-21 18:07:00] [INFO] SUBSCRIPTION EXPIRY CRON COMPLETED
[2026-09-21 18:07:00] [INFO] ==================================================
[2026-09-21 18:08:00] [INFO] [OVERSTAY] Cron triggered
[2026-09-21 18:08:00] [INFO] ==================================================
[2026-09-21 18:08:00] [INFO] OVERSTAY CRON STARTED
[2026-09-21 18:08:00] [INFO] ==================================================
[2026-09-21 18:08:00] [INFO] [OVERSTAY] Current India Date/Time: 21/09/2026 18:08:00
[2026-09-21 18:08:00] [INFO] [OVERSTAY] Timezone: Asia/Kolkata
[2026-09-21 18:08:00] [INFO] [SUBSCRIPTION] Expiry cron triggered
[2026-09-21 18:08:00] [INFO] ==================================================
[2026-09-21 18:08:00] [INFO] SUBSCRIPTION EXPIRY CRON STARTED
[2026-09-21 18:08:00] [INFO] ==================================================
[2026-09-21 18:08:00] [INFO] [SUBSCRIPTION] Current India Date: 2026-09-21
[2026-09-21 18:08:00] [INFO] [OVERSTAY] Staying customers found: 0
[2026-09-21 18:08:00] [INFO] ==================================================
[2026-09-21 18:08:00] [INFO] OVERSTAY CRON COMPLETED
[2026-09-21 18:08:00] [INFO] ==================================================
[2026-09-21 18:08:00] [INFO] [SUBSCRIPTION] Subscriptions found: 2
[2026-09-21 18:08:00] [INFO] [SUBSCRIPTION] mani hotel | Expiry: 2026-10-16 | Days Remaining: 25
[2026-09-21 18:08:00] [INFO] [SUBSCRIPTION] hotel 2 | Expiry: 2026-10-17 | Days Remaining: 26
[2026-09-21 18:08:00] [INFO] ==================================================
[2026-09-21 18:08:00] [INFO] SUBSCRIPTION EXPIRY CRON COMPLETED
[2026-09-21 18:08:00] [INFO] ==================================================
[2026-09-21 18:09:00] [INFO] [OVERSTAY] Cron triggered
[2026-09-21 18:09:00] [INFO] ==================================================
[2026-09-21 18:09:00] [INFO] OVERSTAY CRON STARTED
[2026-09-21 18:09:00] [INFO] ==================================================
[2026-09-21 18:09:00] [INFO] [OVERSTAY] Current India Date/Time: 21/09/2026 18:09:00
[2026-09-21 18:09:00] [INFO] [OVERSTAY] Timezone: Asia/Kolkata
[2026-09-21 18:09:00] [INFO] [SUBSCRIPTION] Expiry cron triggered
[2026-09-21 18:09:00] [INFO] ==================================================
[2026-09-21 18:09:00] [INFO] SUBSCRIPTION EXPIRY CRON STARTED
[2026-09-21 18:09:00] [INFO] ==================================================
[2026-09-21 18:09:00] [INFO] [SUBSCRIPTION] Current India Date: 2026-09-21
[2026-09-21 18:09:00] [INFO] [OVERSTAY] Staying customers found: 0
[2026-09-21 18:09:00] [INFO] ==================================================
[2026-09-21 18:09:00] [INFO] OVERSTAY CRON COMPLETED
[2026-09-21 18:09:00] [INFO] ==================================================
[2026-09-21 18:09:00] [INFO] [SUBSCRIPTION] Subscriptions found: 2
[2026-09-21 18:09:00] [INFO] [SUBSCRIPTION] mani hotel | Expiry: 2026-10-16 | Days Remaining: 25
[2026-09-21 18:09:00] [INFO] [SUBSCRIPTION] hotel 2 | Expiry: 2026-10-17 | Days Remaining: 26
[2026-09-21 18:09:00] [INFO] ==================================================
[2026-09-21 18:09:00] [INFO] SUBSCRIPTION EXPIRY CRON COMPLETED
[2026-09-21 18:09:00] [INFO] ==================================================
