[2026-09-22 11:51:26] [INFO] [OVERSTAY] Overstay cron initialized successfully
[2026-09-22 11:51:26] [INFO] [OVERSTAY] Cron schedule: Every minute
[2026-09-22 11:51:26] [INFO] [OVERSTAY] Cron timezone: Asia/Kolkata
[2026-09-22 11:51:26] [INFO] ==================================================
[2026-09-22 11:51:26] [INFO] OVERSTAY CRON STARTED
[2026-09-22 11:51:26] [INFO] ==================================================
[2026-09-22 11:51:26] [INFO] [OVERSTAY] Current India Date/Time: 22/09/2026 11:51:26
[2026-09-22 11:51:26] [INFO] [OVERSTAY] Timezone: Asia/Kolkata
[2026-09-22 11:51:26] [INFO] [SUBSCRIPTION] Subscription expiry cron initialized successfully
[2026-09-22 11:51:26] [INFO] [SUBSCRIPTION] Cron schedule: Every minute
[2026-09-22 11:51:26] [INFO] [SUBSCRIPTION] Cron timezone: Asia/Kolkata
[2026-09-22 11:51:26] [INFO] ==================================================
[2026-09-22 11:51:26] [INFO] SUBSCRIPTION EXPIRY CRON STARTED
[2026-09-22 11:51:26] [INFO] ==================================================
[2026-09-22 11:51:26] [INFO] [SUBSCRIPTION] Current India Date: 2026-09-22
[2026-09-22 11:51:28] [INFO] [Logger] Running log cleanup check. Retention limit: 30 days.
[2026-09-22 11:51:28] [INFO] [Logger] Cleanup completed. No expired log files found.
[2026-09-22 11:51:28] [INFO] [Logger] Automated log cleanup scheduler started (runs every 24 hours).
[2026-09-22 11:51:28] [INFO] [Server] Server started and listening on port 5000
[2026-09-22 11:51:28] [INFO] [Database] MongoDB Connected successfully: 76.13.244.61
[2026-09-22 11:51:28] [INFO] Admin user already exists
[2026-09-22 11:51:28] [INFO] [OVERSTAY] Staying customers found: 0
[2026-09-22 11:51:28] [INFO] ==================================================
[2026-09-22 11:51:28] [INFO] OVERSTAY CRON COMPLETED
[2026-09-22 11:51:28] [INFO] ==================================================
[2026-09-22 11:51:28] [INFO] [SUBSCRIPTION] Subscriptions found: 2
[2026-09-22 11:51:28] [INFO] [SUBSCRIPTION] mani hotel | Expiry: 2026-10-16 | Days Remaining: 24
[2026-09-22 11:51:28] [INFO] [SUBSCRIPTION] hotel 2 | Expiry: 2026-10-17 | Days Remaining: 25
[2026-09-22 11:51:28] [INFO] ==================================================
[2026-09-22 11:51:28] [INFO] SUBSCRIPTION EXPIRY CRON COMPLETED
[2026-09-22 11:51:28] [INFO] ==================================================
[2026-09-22 11:51:39] [INFO] Hotel registrations retrieved successfully. Total registrations: 2
[2026-09-22 11:51:39] [INFO] Hotel registrations retrieved successfully. Total registrations: 2
[2026-09-22 11:52:00] [INFO] [OVERSTAY] Cron triggered
[2026-09-22 11:52:00] [INFO] ==================================================
[2026-09-22 11:52:00] [INFO] OVERSTAY CRON STARTED
[2026-09-22 11:52:00] [INFO] ==================================================
[2026-09-22 11:52:00] [INFO] [OVERSTAY] Current India Date/Time: 22/09/2026 11:52:00
[2026-09-22 11:52:00] [INFO] [OVERSTAY] Timezone: Asia/Kolkata
[2026-09-22 11:52:00] [INFO] [SUBSCRIPTION] Expiry cron triggered
[2026-09-22 11:52:00] [INFO] ==================================================
[2026-09-22 11:52:00] [INFO] SUBSCRIPTION EXPIRY CRON STARTED
[2026-09-22 11:52:00] [INFO] ==================================================
[2026-09-22 11:52:00] [INFO] [SUBSCRIPTION] Current India Date: 2026-09-22
[2026-09-22 11:52:00] [INFO] [OVERSTAY] Staying customers found: 0
[2026-09-22 11:52:00] [INFO] ==================================================
[2026-09-22 11:52:00] [INFO] OVERSTAY CRON COMPLETED
[2026-09-22 11:52:00] [INFO] ==================================================
[2026-09-22 11:52:00] [INFO] [SUBSCRIPTION] Subscriptions found: 2
[2026-09-22 11:52:00] [INFO] [SUBSCRIPTION] mani hotel | Expiry: 2026-10-16 | Days Remaining: 24
[2026-09-22 11:52:00] [INFO] [SUBSCRIPTION] hotel 2 | Expiry: 2026-10-17 | Days Remaining: 25
[2026-09-22 11:52:00] [INFO] ==================================================
[2026-09-22 11:52:00] [INFO] SUBSCRIPTION EXPIRY CRON COMPLETED
[2026-09-22 11:52:00] [INFO] ==================================================
[2026-09-22 11:52:02] [INFO] Hotel registrations retrieved successfully. Total registrations: 2
[2026-09-22 11:53:00] [INFO] [OVERSTAY] Cron triggered
[2026-09-22 11:53:00] [INFO] ==================================================
[2026-09-22 11:53:00] [INFO] OVERSTAY CRON STARTED
[2026-09-22 11:53:00] [INFO] ==================================================
[2026-09-22 11:53:00] [INFO] [OVERSTAY] Current India Date/Time: 22/09/2026 11:53:00
[2026-09-22 11:53:00] [INFO] [OVERSTAY] Timezone: Asia/Kolkata
[2026-09-22 11:53:00] [INFO] [SUBSCRIPTION] Expiry cron triggered
[2026-09-22 11:53:00] [INFO] ==================================================
[2026-09-22 11:53:00] [INFO] SUBSCRIPTION EXPIRY CRON STARTED
[2026-09-22 11:53:00] [INFO] ==================================================
[2026-09-22 11:53:00] [INFO] [SUBSCRIPTION] Current India Date: 2026-09-22
[2026-09-22 11:53:00] [INFO] [OVERSTAY] Staying customers found: 0
[2026-09-22 11:53:00] [INFO] ==================================================
[2026-09-22 11:53:00] [INFO] OVERSTAY CRON COMPLETED
[2026-09-22 11:53:00] [INFO] ==================================================
[2026-09-22 11:53:00] [INFO] [SUBSCRIPTION] Subscriptions found: 2
[2026-09-22 11:53:00] [INFO] [SUBSCRIPTION] mani hotel | Expiry: 2026-10-16 | Days Remaining: 24
[2026-09-22 11:53:00] [INFO] [SUBSCRIPTION] hotel 2 | Expiry: 2026-10-17 | Days Remaining: 25
[2026-09-22 11:53:00] [INFO] ==================================================
[2026-09-22 11:53:00] [INFO] SUBSCRIPTION EXPIRY CRON COMPLETED
[2026-09-22 11:53:00] [INFO] ==================================================
[2026-09-22 11:53:55] [INFO] Hotel registrations retrieved successfully. Total registrations: 2
[2026-09-22 11:53:55] [INFO] Hotel registrations retrieved successfully. Total registrations: 2
[2026-09-22 11:54:00] [INFO] [OVERSTAY] Cron triggered
[2026-09-22 11:54:00] [INFO] ==================================================
[2026-09-22 11:54:00] [INFO] OVERSTAY CRON STARTED
[2026-09-22 11:54:00] [INFO] ==================================================
[2026-09-22 11:54:00] [INFO] [OVERSTAY] Current India Date/Time: 22/09/2026 11:54:00
[2026-09-22 11:54:00] [INFO] [OVERSTAY] Timezone: Asia/Kolkata
[2026-09-22 11:54:00] [INFO] [SUBSCRIPTION] Expiry cron triggered
[2026-09-22 11:54:00] [INFO] ==================================================
[2026-09-22 11:54:00] [INFO] SUBSCRIPTION EXPIRY CRON STARTED
[2026-09-22 11:54:00] [INFO] ==================================================
[2026-09-22 11:54:00] [INFO] [SUBSCRIPTION] Current India Date: 2026-09-22
[2026-09-22 11:54:00] [INFO] [OVERSTAY] Staying customers found: 0
[2026-09-22 11:54:00] [INFO] ==================================================
[2026-09-22 11:54:00] [INFO] OVERSTAY CRON COMPLETED
[2026-09-22 11:54:00] [INFO] ==================================================
[2026-09-22 11:54:00] [INFO] [SUBSCRIPTION] Subscriptions found: 2
[2026-09-22 11:54:00] [INFO] [SUBSCRIPTION] mani hotel | Expiry: 2026-10-16 | Days Remaining: 24
[2026-09-22 11:54:00] [INFO] [SUBSCRIPTION] hotel 2 | Expiry: 2026-10-17 | Days Remaining: 25
[2026-09-22 11:54:00] [INFO] ==================================================
[2026-09-22 11:54:00] [INFO] SUBSCRIPTION EXPIRY CRON COMPLETED
[2026-09-22 11:54:00] [INFO] ==================================================
[2026-09-22 11:55:00] [INFO] [OVERSTAY] Cron triggered
[2026-09-22 11:55:00] [INFO] ==================================================
[2026-09-22 11:55:00] [INFO] OVERSTAY CRON STARTED
[2026-09-22 11:55:00] [INFO] ==================================================
[2026-09-22 11:55:00] [INFO] [OVERSTAY] Current India Date/Time: 22/09/2026 11:55:00
[2026-09-22 11:55:00] [INFO] [OVERSTAY] Timezone: Asia/Kolkata
[2026-09-22 11:55:00] [INFO] [SUBSCRIPTION] Expiry cron triggered
[2026-09-22 11:55:00] [INFO] ==================================================
[2026-09-22 11:55:00] [INFO] SUBSCRIPTION EXPIRY CRON STARTED
[2026-09-22 11:55:00] [INFO] ==================================================
[2026-09-22 11:55:00] [INFO] [SUBSCRIPTION] Current India Date: 2026-09-22
[2026-09-22 11:55:00] [INFO] [OVERSTAY] Staying customers found: 0
[2026-09-22 11:55:00] [INFO] ==================================================
[2026-09-22 11:55:00] [INFO] OVERSTAY CRON COMPLETED
[2026-09-22 11:55:00] [INFO] ==================================================
[2026-09-22 11:55:00] [INFO] [SUBSCRIPTION] Subscriptions found: 2
[2026-09-22 11:55:00] [INFO] [SUBSCRIPTION] mani hotel | Expiry: 2026-10-16 | Days Remaining: 24
[2026-09-22 11:55:00] [INFO] [SUBSCRIPTION] hotel 2 | Expiry: 2026-10-17 | Days Remaining: 25
[2026-09-22 11:55:00] [INFO] ==================================================
[2026-09-22 11:55:00] [INFO] SUBSCRIPTION EXPIRY CRON COMPLETED
[2026-09-22 11:55:00] [INFO] ==================================================
[2026-09-22 11:55:04] [INFO] Hotel registrations retrieved successfully. Total registrations: 2
[2026-09-22 11:55:04] [INFO] Hotel registrations retrieved successfully. Total registrations: 2
[2026-09-22 11:55:18] [INFO] Hotel registrations retrieved successfully. Total registrations: 2
[2026-09-22 11:55:18] [INFO] Hotel registrations retrieved successfully. Total registrations: 2
[2026-09-22 11:55:19] [INFO] Hotel registrations retrieved successfully. Total registrations: 2
[2026-09-22 11:55:19] [INFO] Hotel registrations retrieved successfully. Total registrations: 2
[2026-09-22 11:55:51] [INFO] Hotel registrations retrieved successfully. Total registrations: 2
[2026-09-22 11:55:51] [INFO] Hotel registrations retrieved successfully. Total registrations: 2
[2026-09-22 11:55:54] [INFO] Hotel registrations retrieved successfully. Total registrations: 2
[2026-09-22 11:55:54] [INFO] Hotel registrations retrieved successfully. Total registrations: 2
[2026-09-22 11:55:58] [INFO] Hotel registrations retrieved successfully. Total registrations: 2
[2026-09-22 11:55:58] [INFO] Hotel registrations retrieved successfully. Total registrations: 2
[2026-09-22 11:56:00] [INFO] [OVERSTAY] Cron triggered
[2026-09-22 11:56:00] [INFO] ==================================================
[2026-09-22 11:56:00] [INFO] OVERSTAY CRON STARTED
[2026-09-22 11:56:00] [INFO] ==================================================
[2026-09-22 11:56:00] [INFO] [OVERSTAY] Current India Date/Time: 22/09/2026 11:56:00
[2026-09-22 11:56:00] [INFO] [OVERSTAY] Timezone: Asia/Kolkata
[2026-09-22 11:56:00] [INFO] [SUBSCRIPTION] Expiry cron triggered
[2026-09-22 11:56:00] [INFO] ==================================================
[2026-09-22 11:56:00] [INFO] SUBSCRIPTION EXPIRY CRON STARTED
[2026-09-22 11:56:00] [INFO] ==================================================
[2026-09-22 11:56:00] [INFO] [SUBSCRIPTION] Current India Date: 2026-09-22
[2026-09-22 11:56:00] [INFO] [OVERSTAY] Staying customers found: 0
[2026-09-22 11:56:00] [INFO] ==================================================
[2026-09-22 11:56:00] [INFO] OVERSTAY CRON COMPLETED
[2026-09-22 11:56:00] [INFO] ==================================================
[2026-09-22 11:56:00] [INFO] [SUBSCRIPTION] Subscriptions found: 2
[2026-09-22 11:56:00] [INFO] [SUBSCRIPTION] mani hotel | Expiry: 2026-10-16 | Days Remaining: 24
[2026-09-22 11:56:00] [INFO] [SUBSCRIPTION] hotel 2 | Expiry: 2026-10-17 | Days Remaining: 25
[2026-09-22 11:56:00] [INFO] ==================================================
[2026-09-22 11:56:00] [INFO] SUBSCRIPTION EXPIRY CRON COMPLETED
[2026-09-22 11:56:00] [INFO] ==================================================
[2026-09-22 11:56:17] [INFO] Hotel registrations retrieved successfully. Total registrations: 2
[2026-09-22 11:56:18] [INFO] Hotel registrations retrieved successfully. Total registrations: 2
[2026-09-22 11:56:34] [INFO] Hotel registrations retrieved successfully. Total registrations: 2
[2026-09-22 11:56:34] [INFO] Hotel registrations retrieved successfully. Total registrations: 2
[2026-09-22 11:57:00] [INFO] [OVERSTAY] Cron triggered
[2026-09-22 11:57:00] [INFO] ==================================================
[2026-09-22 11:57:00] [INFO] OVERSTAY CRON STARTED
[2026-09-22 11:57:00] [INFO] ==================================================
[2026-09-22 11:57:00] [INFO] [OVERSTAY] Current India Date/Time: 22/09/2026 11:57:00
[2026-09-22 11:57:00] [INFO] [OVERSTAY] Timezone: Asia/Kolkata
[2026-09-22 11:57:00] [INFO] [SUBSCRIPTION] Expiry cron triggered
[2026-09-22 11:57:00] [INFO] ==================================================
[2026-09-22 11:57:00] [INFO] SUBSCRIPTION EXPIRY CRON STARTED
[2026-09-22 11:57:00] [INFO] ==================================================
[2026-09-22 11:57:00] [INFO] [SUBSCRIPTION] Current India Date: 2026-09-22
[2026-09-22 11:57:00] [INFO] [OVERSTAY] Staying customers found: 0
[2026-09-22 11:57:00] [INFO] ==================================================
[2026-09-22 11:57:00] [INFO] OVERSTAY CRON COMPLETED
[2026-09-22 11:57:00] [INFO] ==================================================
[2026-09-22 11:57:00] [INFO] [SUBSCRIPTION] Subscriptions found: 2
[2026-09-22 11:57:00] [INFO] [SUBSCRIPTION] mani hotel | Expiry: 2026-10-16 | Days Remaining: 24
[2026-09-22 11:57:00] [INFO] [SUBSCRIPTION] hotel 2 | Expiry: 2026-10-17 | Days Remaining: 25
[2026-09-22 11:57:00] [INFO] ==================================================
[2026-09-22 11:57:00] [INFO] SUBSCRIPTION EXPIRY CRON COMPLETED
[2026-09-22 11:57:00] [INFO] ==================================================
[2026-09-22 11:58:00] [INFO] [OVERSTAY] Cron triggered
[2026-09-22 11:58:00] [INFO] ==================================================
[2026-09-22 11:58:00] [INFO] OVERSTAY CRON STARTED
[2026-09-22 11:58:00] [INFO] ==================================================
[2026-09-22 11:58:00] [INFO] [OVERSTAY] Current India Date/Time: 22/09/2026 11:58:00
[2026-09-22 11:58:00] [INFO] [OVERSTAY] Timezone: Asia/Kolkata
[2026-09-22 11:58:00] [INFO] [SUBSCRIPTION] Expiry cron triggered
[2026-09-22 11:58:00] [INFO] ==================================================
[2026-09-22 11:58:00] [INFO] SUBSCRIPTION EXPIRY CRON STARTED
[2026-09-22 11:58:00] [INFO] ==================================================
[2026-09-22 11:58:00] [INFO] [SUBSCRIPTION] Current India Date: 2026-09-22
[2026-09-22 11:58:00] [INFO] [OVERSTAY] Staying customers found: 0
[2026-09-22 11:58:00] [INFO] ==================================================
[2026-09-22 11:58:00] [INFO] OVERSTAY CRON COMPLETED
[2026-09-22 11:58:00] [INFO] ==================================================
[2026-09-22 11:58:00] [INFO] [SUBSCRIPTION] Subscriptions found: 2
[2026-09-22 11:58:00] [INFO] [SUBSCRIPTION] mani hotel | Expiry: 2026-10-16 | Days Remaining: 24
[2026-09-22 11:58:00] [INFO] [SUBSCRIPTION] hotel 2 | Expiry: 2026-10-17 | Days Remaining: 25
[2026-09-22 11:58:00] [INFO] ==================================================
[2026-09-22 11:58:00] [INFO] SUBSCRIPTION EXPIRY CRON COMPLETED
[2026-09-22 11:58:00] [INFO] ==================================================
[2026-09-22 11:58:04] [INFO] Hotel registrations retrieved successfully. Total registrations: 2
[2026-09-22 11:58:04] [INFO] Hotel registrations retrieved successfully. Total registrations: 2
[2026-09-22 11:58:09] [INFO] Hotel registrations retrieved successfully. Total registrations: 2
[2026-09-22 11:58:10] [INFO] Hotel registrations retrieved successfully. Total registrations: 2
[2026-09-22 11:59:00] [INFO] [OVERSTAY] Cron triggered
[2026-09-22 11:59:00] [INFO] ==================================================
[2026-09-22 11:59:00] [INFO] OVERSTAY CRON STARTED
[2026-09-22 11:59:00] [INFO] ==================================================
[2026-09-22 11:59:00] [INFO] [OVERSTAY] Current India Date/Time: 22/09/2026 11:59:00
[2026-09-22 11:59:00] [INFO] [OVERSTAY] Timezone: Asia/Kolkata
[2026-09-22 11:59:00] [INFO] [SUBSCRIPTION] Expiry cron triggered
[2026-09-22 11:59:00] [INFO] ==================================================
[2026-09-22 11:59:00] [INFO] SUBSCRIPTION EXPIRY CRON STARTED
[2026-09-22 11:59:00] [INFO] ==================================================
[2026-09-22 11:59:00] [INFO] [SUBSCRIPTION] Current India Date: 2026-09-22
[2026-09-22 11:59:00] [INFO] [OVERSTAY] Staying customers found: 0
[2026-09-22 11:59:00] [INFO] ==================================================
[2026-09-22 11:59:00] [INFO] OVERSTAY CRON COMPLETED
[2026-09-22 11:59:00] [INFO] ==================================================
[2026-09-22 11:59:00] [INFO] [SUBSCRIPTION] Subscriptions found: 2
[2026-09-22 11:59:00] [INFO] [SUBSCRIPTION] mani hotel | Expiry: 2026-10-16 | Days Remaining: 24
[2026-09-22 11:59:00] [INFO] [SUBSCRIPTION] hotel 2 | Expiry: 2026-10-17 | Days Remaining: 25
[2026-09-22 11:59:00] [INFO] ==================================================
[2026-09-22 11:59:00] [INFO] SUBSCRIPTION EXPIRY CRON COMPLETED
[2026-09-22 11:59:00] [INFO] ==================================================
[2026-09-22 12:00:00] [INFO] [OVERSTAY] Cron triggered
[2026-09-22 12:00:00] [INFO] ==================================================
[2026-09-22 12:00:00] [INFO] OVERSTAY CRON STARTED
[2026-09-22 12:00:00] [INFO] ==================================================
[2026-09-22 12:00:00] [INFO] [OVERSTAY] Current India Date/Time: 22/09/2026 12:00:00
[2026-09-22 12:00:00] [INFO] [OVERSTAY] Timezone: Asia/Kolkata
[2026-09-22 12:00:00] [INFO] [SUBSCRIPTION] Expiry cron triggered
[2026-09-22 12:00:00] [INFO] ==================================================
[2026-09-22 12:00:00] [INFO] SUBSCRIPTION EXPIRY CRON STARTED
[2026-09-22 12:00:00] [INFO] ==================================================
[2026-09-22 12:00:00] [INFO] [SUBSCRIPTION] Current India Date: 2026-09-22
[2026-09-22 12:00:00] [INFO] [OVERSTAY] Staying customers found: 0
[2026-09-22 12:00:00] [INFO] ==================================================
[2026-09-22 12:00:00] [INFO] OVERSTAY CRON COMPLETED
[2026-09-22 12:00:00] [INFO] ==================================================
[2026-09-22 12:00:00] [INFO] [SUBSCRIPTION] Subscriptions found: 2
[2026-09-22 12:00:00] [INFO] [SUBSCRIPTION] mani hotel | Expiry: 2026-10-16 | Days Remaining: 24
[2026-09-22 12:00:00] [INFO] [SUBSCRIPTION] hotel 2 | Expiry: 2026-10-17 | Days Remaining: 25
[2026-09-22 12:00:00] [INFO] ==================================================
[2026-09-22 12:00:00] [INFO] SUBSCRIPTION EXPIRY CRON COMPLETED
[2026-09-22 12:00:00] [INFO] ==================================================
[2026-09-22 12:01:00] [INFO] [SUBSCRIPTION] Expiry cron triggered
[2026-09-22 12:01:00] [INFO] ==================================================
[2026-09-22 12:01:00] [INFO] SUBSCRIPTION EXPIRY CRON STARTED
[2026-09-22 12:01:00] [INFO] ==================================================
[2026-09-22 12:01:00] [INFO] [SUBSCRIPTION] Current India Date: 2026-09-22
[2026-09-22 12:01:00] [INFO] [OVERSTAY] Cron triggered
[2026-09-22 12:01:00] [INFO] ==================================================
[2026-09-22 12:01:00] [INFO] OVERSTAY CRON STARTED
[2026-09-22 12:01:00] [INFO] ==================================================
[2026-09-22 12:01:00] [INFO] [OVERSTAY] Current India Date/Time: 22/09/2026 12:01:00
[2026-09-22 12:01:00] [INFO] [OVERSTAY] Timezone: Asia/Kolkata
[2026-09-22 12:01:00] [INFO] [OVERSTAY] Staying customers found: 0
[2026-09-22 12:01:00] [INFO] ==================================================
[2026-09-22 12:01:00] [INFO] OVERSTAY CRON COMPLETED
[2026-09-22 12:01:00] [INFO] ==================================================
[2026-09-22 12:01:00] [INFO] [SUBSCRIPTION] Subscriptions found: 2
[2026-09-22 12:01:00] [INFO] [SUBSCRIPTION] mani hotel | Expiry: 2026-10-16 | Days Remaining: 24
[2026-09-22 12:01:00] [INFO] [SUBSCRIPTION] hotel 2 | Expiry: 2026-10-17 | Days Remaining: 25
[2026-09-22 12:01:00] [INFO] ==================================================
[2026-09-22 12:01:00] [INFO] SUBSCRIPTION EXPIRY CRON COMPLETED
[2026-09-22 12:01:00] [INFO] ==================================================
[2026-09-22 12:01:42] [INFO] New hotel registration created successfully. Registration ID: 6ab220cee55f936bf5d96c14, Hotel: Jayam Hotel, Email: jayamweb.designer2@gmail.com
[2026-09-22 12:02:00] [INFO] [SUBSCRIPTION] Expiry cron triggered
[2026-09-22 12:02:00] [INFO] ==================================================
[2026-09-22 12:02:00] [INFO] SUBSCRIPTION EXPIRY CRON STARTED
[2026-09-22 12:02:00] [INFO] ==================================================
[2026-09-22 12:02:00] [INFO] [SUBSCRIPTION] Current India Date: 2026-09-22
[2026-09-22 12:02:00] [INFO] [OVERSTAY] Cron triggered
[2026-09-22 12:02:00] [INFO] ==================================================
[2026-09-22 12:02:00] [INFO] OVERSTAY CRON STARTED
[2026-09-22 12:02:00] [INFO] ==================================================
[2026-09-22 12:02:00] [INFO] [OVERSTAY] Current India Date/Time: 22/09/2026 12:02:00
[2026-09-22 12:02:00] [INFO] [OVERSTAY] Timezone: Asia/Kolkata
[2026-09-22 12:02:00] [INFO] [OVERSTAY] Staying customers found: 0
[2026-09-22 12:02:00] [INFO] ==================================================
[2026-09-22 12:02:00] [INFO] OVERSTAY CRON COMPLETED
[2026-09-22 12:02:00] [INFO] ==================================================
[2026-09-22 12:02:00] [INFO] [SUBSCRIPTION] Subscriptions found: 2
[2026-09-22 12:02:00] [INFO] [SUBSCRIPTION] mani hotel | Expiry: 2026-10-16 | Days Remaining: 24
[2026-09-22 12:02:00] [INFO] [SUBSCRIPTION] hotel 2 | Expiry: 2026-10-17 | Days Remaining: 25
[2026-09-22 12:02:00] [INFO] ==================================================
[2026-09-22 12:02:00] [INFO] SUBSCRIPTION EXPIRY CRON COMPLETED
[2026-09-22 12:02:00] [INFO] ==================================================
[2026-09-22 12:02:21] [INFO] info
[2026-09-22 12:03:00] [INFO] [SUBSCRIPTION] Expiry cron triggered
[2026-09-22 12:03:00] [INFO] ==================================================
[2026-09-22 12:03:00] [INFO] SUBSCRIPTION EXPIRY CRON STARTED
[2026-09-22 12:03:00] [INFO] ==================================================
[2026-09-22 12:03:00] [INFO] [SUBSCRIPTION] Current India Date: 2026-09-22
[2026-09-22 12:03:00] [INFO] [OVERSTAY] Cron triggered
[2026-09-22 12:03:00] [INFO] ==================================================
[2026-09-22 12:03:00] [INFO] OVERSTAY CRON STARTED
[2026-09-22 12:03:00] [INFO] ==================================================
[2026-09-22 12:03:00] [INFO] [OVERSTAY] Current India Date/Time: 22/09/2026 12:03:00
[2026-09-22 12:03:00] [INFO] [OVERSTAY] Timezone: Asia/Kolkata
[2026-09-22 12:03:00] [INFO] [OVERSTAY] Staying customers found: 0
[2026-09-22 12:03:00] [INFO] ==================================================
[2026-09-22 12:03:00] [INFO] OVERSTAY CRON COMPLETED
[2026-09-22 12:03:00] [INFO] ==================================================
[2026-09-22 12:03:00] [INFO] [SUBSCRIPTION] Subscriptions found: 2
[2026-09-22 12:03:00] [INFO] [SUBSCRIPTION] mani hotel | Expiry: 2026-10-16 | Days Remaining: 24
[2026-09-22 12:03:00] [INFO] [SUBSCRIPTION] hotel 2 | Expiry: 2026-10-17 | Days Remaining: 25
[2026-09-22 12:03:00] [INFO] ==================================================
[2026-09-22 12:03:00] [INFO] SUBSCRIPTION EXPIRY CRON COMPLETED
[2026-09-22 12:03:00] [INFO] ==================================================
[2026-09-22 12:04:00] [INFO] [SUBSCRIPTION] Expiry cron triggered
[2026-09-22 12:04:00] [INFO] ==================================================
[2026-09-22 12:04:00] [INFO] SUBSCRIPTION EXPIRY CRON STARTED
[2026-09-22 12:04:00] [INFO] ==================================================
[2026-09-22 12:04:00] [INFO] [SUBSCRIPTION] Current India Date: 2026-09-22
[2026-09-22 12:04:00] [INFO] [OVERSTAY] Cron triggered
[2026-09-22 12:04:00] [INFO] ==================================================
[2026-09-22 12:04:00] [INFO] OVERSTAY CRON STARTED
[2026-09-22 12:04:00] [INFO] ==================================================
[2026-09-22 12:04:00] [INFO] [OVERSTAY] Current India Date/Time: 22/09/2026 12:04:00
[2026-09-22 12:04:00] [INFO] [OVERSTAY] Timezone: Asia/Kolkata
[2026-09-22 12:04:00] [INFO] [OVERSTAY] Staying customers found: 0
[2026-09-22 12:04:00] [INFO] ==================================================
[2026-09-22 12:04:00] [INFO] OVERSTAY CRON COMPLETED
[2026-09-22 12:04:00] [INFO] ==================================================
[2026-09-22 12:04:00] [INFO] [SUBSCRIPTION] Subscriptions found: 2
[2026-09-22 12:04:00] [INFO] [SUBSCRIPTION] mani hotel | Expiry: 2026-10-16 | Days Remaining: 24
[2026-09-22 12:04:00] [INFO] [SUBSCRIPTION] hotel 2 | Expiry: 2026-10-17 | Days Remaining: 25
[2026-09-22 12:04:00] [INFO] ==================================================
[2026-09-22 12:04:00] [INFO] SUBSCRIPTION EXPIRY CRON COMPLETED
[2026-09-22 12:04:00] [INFO] ==================================================
[2026-09-22 12:05:00] [INFO] [SUBSCRIPTION] Expiry cron triggered
[2026-09-22 12:05:00] [INFO] ==================================================
[2026-09-22 12:05:00] [INFO] SUBSCRIPTION EXPIRY CRON STARTED
[2026-09-22 12:05:00] [INFO] ==================================================
[2026-09-22 12:05:00] [INFO] [SUBSCRIPTION] Current India Date: 2026-09-22
[2026-09-22 12:05:00] [INFO] [OVERSTAY] Cron triggered
[2026-09-22 12:05:00] [INFO] ==================================================
[2026-09-22 12:05:00] [INFO] OVERSTAY CRON STARTED
[2026-09-22 12:05:00] [INFO] ==================================================
[2026-09-22 12:05:00] [INFO] [OVERSTAY] Current India Date/Time: 22/09/2026 12:05:00
[2026-09-22 12:05:00] [INFO] [OVERSTAY] Timezone: Asia/Kolkata
[2026-09-22 12:05:00] [INFO] [OVERSTAY] Staying customers found: 0
[2026-09-22 12:05:00] [INFO] ==================================================
[2026-09-22 12:05:00] [INFO] OVERSTAY CRON COMPLETED
[2026-09-22 12:05:00] [INFO] ==================================================
[2026-09-22 12:05:00] [INFO] [SUBSCRIPTION] Subscriptions found: 2
[2026-09-22 12:05:00] [INFO] [SUBSCRIPTION] mani hotel | Expiry: 2026-10-16 | Days Remaining: 24
[2026-09-22 12:05:00] [INFO] [SUBSCRIPTION] hotel 2 | Expiry: 2026-10-17 | Days Remaining: 25
[2026-09-22 12:05:00] [INFO] ==================================================
[2026-09-22 12:05:00] [INFO] SUBSCRIPTION EXPIRY CRON COMPLETED
[2026-09-22 12:05:00] [INFO] ==================================================
[2026-09-22 12:06:00] [INFO] [SUBSCRIPTION] Expiry cron triggered
[2026-09-22 12:06:00] [INFO] ==================================================
[2026-09-22 12:06:00] [INFO] SUBSCRIPTION EXPIRY CRON STARTED
[2026-09-22 12:06:00] [INFO] ==================================================
[2026-09-22 12:06:00] [INFO] [SUBSCRIPTION] Current India Date: 2026-09-22
[2026-09-22 12:06:00] [INFO] [OVERSTAY] Cron triggered
[2026-09-22 12:06:00] [INFO] ==================================================
[2026-09-22 12:06:00] [INFO] OVERSTAY CRON STARTED
[2026-09-22 12:06:00] [INFO] ==================================================
[2026-09-22 12:06:00] [INFO] [OVERSTAY] Current India Date/Time: 22/09/2026 12:06:00
[2026-09-22 12:06:00] [INFO] [OVERSTAY] Timezone: Asia/Kolkata
[2026-09-22 12:06:00] [INFO] [OVERSTAY] Staying customers found: 0
[2026-09-22 12:06:00] [INFO] ==================================================
[2026-09-22 12:06:00] [INFO] OVERSTAY CRON COMPLETED
[2026-09-22 12:06:00] [INFO] ==================================================
[2026-09-22 12:06:00] [INFO] [SUBSCRIPTION] Subscriptions found: 2
[2026-09-22 12:06:00] [INFO] [SUBSCRIPTION] mani hotel | Expiry: 2026-10-16 | Days Remaining: 24
[2026-09-22 12:06:00] [INFO] [SUBSCRIPTION] hotel 2 | Expiry: 2026-10-17 | Days Remaining: 25
[2026-09-22 12:06:00] [INFO] ==================================================
[2026-09-22 12:06:00] [INFO] SUBSCRIPTION EXPIRY CRON COMPLETED
[2026-09-22 12:06:00] [INFO] ==================================================
[2026-09-22 12:07:00] [INFO] [SUBSCRIPTION] Expiry cron triggered
[2026-09-22 12:07:00] [INFO] ==================================================
[2026-09-22 12:07:00] [INFO] SUBSCRIPTION EXPIRY CRON STARTED
[2026-09-22 12:07:00] [INFO] ==================================================
[2026-09-22 12:07:00] [INFO] [SUBSCRIPTION] Current India Date: 2026-09-22
[2026-09-22 12:07:00] [INFO] [OVERSTAY] Cron triggered
[2026-09-22 12:07:00] [INFO] ==================================================
[2026-09-22 12:07:00] [INFO] OVERSTAY CRON STARTED
[2026-09-22 12:07:00] [INFO] ==================================================
[2026-09-22 12:07:00] [INFO] [OVERSTAY] Current India Date/Time: 22/09/2026 12:07:00
[2026-09-22 12:07:00] [INFO] [OVERSTAY] Timezone: Asia/Kolkata
[2026-09-22 12:07:00] [INFO] [OVERSTAY] Staying customers found: 0
[2026-09-22 12:07:00] [INFO] ==================================================
[2026-09-22 12:07:00] [INFO] OVERSTAY CRON COMPLETED
[2026-09-22 12:07:00] [INFO] ==================================================
[2026-09-22 12:07:00] [INFO] [SUBSCRIPTION] Subscriptions found: 2
[2026-09-22 12:07:00] [INFO] [SUBSCRIPTION] mani hotel | Expiry: 2026-10-16 | Days Remaining: 24
[2026-09-22 12:07:00] [INFO] [SUBSCRIPTION] hotel 2 | Expiry: 2026-10-17 | Days Remaining: 25
[2026-09-22 12:07:00] [INFO] ==================================================
[2026-09-22 12:07:00] [INFO] SUBSCRIPTION EXPIRY CRON COMPLETED
[2026-09-22 12:07:00] [INFO] ==================================================
[2026-09-22 12:08:00] [INFO] [SUBSCRIPTION] Expiry cron triggered
[2026-09-22 12:08:00] [INFO] ==================================================
[2026-09-22 12:08:00] [INFO] SUBSCRIPTION EXPIRY CRON STARTED
[2026-09-22 12:08:00] [INFO] ==================================================
[2026-09-22 12:08:00] [INFO] [SUBSCRIPTION] Current India Date: 2026-09-22
[2026-09-22 12:08:00] [INFO] [OVERSTAY] Cron triggered
[2026-09-22 12:08:00] [INFO] ==================================================
[2026-09-22 12:08:00] [INFO] OVERSTAY CRON STARTED
[2026-09-22 12:08:00] [INFO] ==================================================
[2026-09-22 12:08:00] [INFO] [OVERSTAY] Current India Date/Time: 22/09/2026 12:08:00
[2026-09-22 12:08:00] [INFO] [OVERSTAY] Timezone: Asia/Kolkata
[2026-09-22 12:08:00] [INFO] [OVERSTAY] Staying customers found: 0
[2026-09-22 12:08:00] [INFO] ==================================================
[2026-09-22 12:08:00] [INFO] OVERSTAY CRON COMPLETED
[2026-09-22 12:08:00] [INFO] ==================================================
[2026-09-22 12:08:00] [INFO] [SUBSCRIPTION] Subscriptions found: 2
[2026-09-22 12:08:01] [INFO] [SUBSCRIPTION] mani hotel | Expiry: 2026-10-16 | Days Remaining: 24
[2026-09-22 12:08:01] [INFO] [SUBSCRIPTION] hotel 2 | Expiry: 2026-10-17 | Days Remaining: 25
[2026-09-22 12:08:01] [INFO] ==================================================
[2026-09-22 12:08:01] [INFO] SUBSCRIPTION EXPIRY CRON COMPLETED
[2026-09-22 12:08:01] [INFO] ==================================================
[2026-09-22 12:09:00] [INFO] [OVERSTAY] Cron triggered
[2026-09-22 12:09:00] [INFO] ==================================================
[2026-09-22 12:09:00] [INFO] OVERSTAY CRON STARTED
[2026-09-22 12:09:00] [INFO] ==================================================
[2026-09-22 12:09:00] [INFO] [OVERSTAY] Current India Date/Time: 22/09/2026 12:09:00
[2026-09-22 12:09:00] [INFO] [OVERSTAY] Timezone: Asia/Kolkata
[2026-09-22 12:09:00] [INFO] [SUBSCRIPTION] Expiry cron triggered
[2026-09-22 12:09:00] [INFO] ==================================================
[2026-09-22 12:09:00] [INFO] SUBSCRIPTION EXPIRY CRON STARTED
[2026-09-22 12:09:00] [INFO] ==================================================
[2026-09-22 12:09:00] [INFO] [SUBSCRIPTION] Current India Date: 2026-09-22
[2026-09-22 12:09:00] [INFO] [OVERSTAY] Staying customers found: 0
[2026-09-22 12:09:00] [INFO] ==================================================
[2026-09-22 12:09:00] [INFO] OVERSTAY CRON COMPLETED
[2026-09-22 12:09:00] [INFO] ==================================================
[2026-09-22 12:09:00] [INFO] [SUBSCRIPTION] Subscriptions found: 2
[2026-09-22 12:09:00] [INFO] [SUBSCRIPTION] mani hotel | Expiry: 2026-10-16 | Days Remaining: 24
[2026-09-22 12:09:00] [INFO] [SUBSCRIPTION] hotel 2 | Expiry: 2026-10-17 | Days Remaining: 25
[2026-09-22 12:09:00] [INFO] ==================================================
[2026-09-22 12:09:00] [INFO] SUBSCRIPTION EXPIRY CRON COMPLETED
[2026-09-22 12:09:00] [INFO] ==================================================
[2026-09-22 12:10:00] [INFO] [OVERSTAY] Cron triggered
[2026-09-22 12:10:00] [INFO] ==================================================
[2026-09-22 12:10:00] [INFO] OVERSTAY CRON STARTED
[2026-09-22 12:10:00] [INFO] ==================================================
[2026-09-22 12:10:00] [INFO] [OVERSTAY] Current India Date/Time: 22/09/2026 12:10:00
[2026-09-22 12:10:00] [INFO] [OVERSTAY] Timezone: Asia/Kolkata
[2026-09-22 12:10:00] [INFO] [SUBSCRIPTION] Expiry cron triggered
[2026-09-22 12:10:00] [INFO] ==================================================
[2026-09-22 12:10:00] [INFO] SUBSCRIPTION EXPIRY CRON STARTED
[2026-09-22 12:10:00] [INFO] ==================================================
[2026-09-22 12:10:00] [INFO] [SUBSCRIPTION] Current India Date: 2026-09-22
[2026-09-22 12:10:00] [INFO] [OVERSTAY] Staying customers found: 0
[2026-09-22 12:10:00] [INFO] ==================================================
[2026-09-22 12:10:00] [INFO] OVERSTAY CRON COMPLETED
[2026-09-22 12:10:00] [INFO] ==================================================
[2026-09-22 12:10:00] [INFO] [SUBSCRIPTION] Subscriptions found: 2
[2026-09-22 12:10:00] [INFO] [SUBSCRIPTION] mani hotel | Expiry: 2026-10-16 | Days Remaining: 24
[2026-09-22 12:10:00] [INFO] [SUBSCRIPTION] hotel 2 | Expiry: 2026-10-17 | Days Remaining: 25
[2026-09-22 12:10:00] [INFO] ==================================================
[2026-09-22 12:10:00] [INFO] SUBSCRIPTION EXPIRY CRON COMPLETED
[2026-09-22 12:10:00] [INFO] ==================================================
[2026-09-22 12:11:00] [INFO] [OVERSTAY] Cron triggered
[2026-09-22 12:11:00] [INFO] ==================================================
[2026-09-22 12:11:00] [INFO] OVERSTAY CRON STARTED
[2026-09-22 12:11:00] [INFO] ==================================================
[2026-09-22 12:11:00] [INFO] [OVERSTAY] Current India Date/Time: 22/09/2026 12:11:00
[2026-09-22 12:11:00] [INFO] [OVERSTAY] Timezone: Asia/Kolkata
[2026-09-22 12:11:00] [INFO] [SUBSCRIPTION] Expiry cron triggered
[2026-09-22 12:11:00] [INFO] ==================================================
[2026-09-22 12:11:00] [INFO] SUBSCRIPTION EXPIRY CRON STARTED
[2026-09-22 12:11:00] [INFO] ==================================================
[2026-09-22 12:11:00] [INFO] [SUBSCRIPTION] Current India Date: 2026-09-22
[2026-09-22 12:11:00] [INFO] [OVERSTAY] Staying customers found: 0
[2026-09-22 12:11:00] [INFO] ==================================================
[2026-09-22 12:11:00] [INFO] OVERSTAY CRON COMPLETED
[2026-09-22 12:11:00] [INFO] ==================================================
[2026-09-22 12:11:00] [INFO] [SUBSCRIPTION] Subscriptions found: 2
[2026-09-22 12:11:00] [INFO] [SUBSCRIPTION] mani hotel | Expiry: 2026-10-16 | Days Remaining: 24
[2026-09-22 12:11:00] [INFO] [SUBSCRIPTION] hotel 2 | Expiry: 2026-10-17 | Days Remaining: 25
[2026-09-22 12:11:00] [INFO] ==================================================
[2026-09-22 12:11:00] [INFO] SUBSCRIPTION EXPIRY CRON COMPLETED
[2026-09-22 12:11:00] [INFO] ==================================================
[2026-09-22 12:12:00] [INFO] [OVERSTAY] Cron triggered
[2026-09-22 12:12:00] [INFO] ==================================================
[2026-09-22 12:12:00] [INFO] OVERSTAY CRON STARTED
[2026-09-22 12:12:00] [INFO] ==================================================
[2026-09-22 12:12:00] [INFO] [OVERSTAY] Current India Date/Time: 22/09/2026 12:12:00
[2026-09-22 12:12:00] [INFO] [OVERSTAY] Timezone: Asia/Kolkata
[2026-09-22 12:12:00] [INFO] [SUBSCRIPTION] Expiry cron triggered
[2026-09-22 12:12:00] [INFO] ==================================================
[2026-09-22 12:12:00] [INFO] SUBSCRIPTION EXPIRY CRON STARTED
[2026-09-22 12:12:00] [INFO] ==================================================
[2026-09-22 12:12:00] [INFO] [SUBSCRIPTION] Current India Date: 2026-09-22
[2026-09-22 12:12:00] [INFO] [OVERSTAY] Staying customers found: 0
[2026-09-22 12:12:00] [INFO] ==================================================
[2026-09-22 12:12:00] [INFO] OVERSTAY CRON COMPLETED
[2026-09-22 12:12:00] [INFO] ==================================================
[2026-09-22 12:12:00] [INFO] [SUBSCRIPTION] Subscriptions found: 2
[2026-09-22 12:12:00] [INFO] [SUBSCRIPTION] mani hotel | Expiry: 2026-10-16 | Days Remaining: 24
[2026-09-22 12:12:00] [INFO] [SUBSCRIPTION] hotel 2 | Expiry: 2026-10-17 | Days Remaining: 25
[2026-09-22 12:12:00] [INFO] ==================================================
[2026-09-22 12:12:00] [INFO] SUBSCRIPTION EXPIRY CRON COMPLETED
[2026-09-22 12:12:00] [INFO] ==================================================
[2026-09-22 12:13:00] [INFO] [OVERSTAY] Cron triggered
[2026-09-22 12:13:00] [INFO] ==================================================
[2026-09-22 12:13:00] [INFO] OVERSTAY CRON STARTED
[2026-09-22 12:13:00] [INFO] ==================================================
[2026-09-22 12:13:00] [INFO] [OVERSTAY] Current India Date/Time: 22/09/2026 12:13:00
[2026-09-22 12:13:00] [INFO] [OVERSTAY] Timezone: Asia/Kolkata
[2026-09-22 12:13:00] [INFO] [SUBSCRIPTION] Expiry cron triggered
[2026-09-22 12:13:00] [INFO] ==================================================
[2026-09-22 12:13:00] [INFO] SUBSCRIPTION EXPIRY CRON STARTED
[2026-09-22 12:13:00] [INFO] ==================================================
[2026-09-22 12:13:00] [INFO] [SUBSCRIPTION] Current India Date: 2026-09-22
[2026-09-22 12:13:00] [INFO] [OVERSTAY] Staying customers found: 0
[2026-09-22 12:13:00] [INFO] ==================================================
[2026-09-22 12:13:00] [INFO] OVERSTAY CRON COMPLETED
[2026-09-22 12:13:00] [INFO] ==================================================
[2026-09-22 12:13:00] [INFO] [SUBSCRIPTION] Subscriptions found: 2
[2026-09-22 12:13:00] [INFO] [SUBSCRIPTION] mani hotel | Expiry: 2026-10-16 | Days Remaining: 24
[2026-09-22 12:13:00] [INFO] [SUBSCRIPTION] hotel 2 | Expiry: 2026-10-17 | Days Remaining: 25
[2026-09-22 12:13:00] [INFO] ==================================================
[2026-09-22 12:13:00] [INFO] SUBSCRIPTION EXPIRY CRON COMPLETED
[2026-09-22 12:13:00] [INFO] ==================================================
[2026-09-22 12:14:00] [INFO] [OVERSTAY] Cron triggered
[2026-09-22 12:14:00] [INFO] ==================================================
[2026-09-22 12:14:00] [INFO] OVERSTAY CRON STARTED
[2026-09-22 12:14:00] [INFO] ==================================================
[2026-09-22 12:14:00] [INFO] [OVERSTAY] Current India Date/Time: 22/09/2026 12:14:00
[2026-09-22 12:14:00] [INFO] [OVERSTAY] Timezone: Asia/Kolkata
[2026-09-22 12:14:00] [INFO] [SUBSCRIPTION] Expiry cron triggered
[2026-09-22 12:14:00] [INFO] ==================================================
[2026-09-22 12:14:00] [INFO] SUBSCRIPTION EXPIRY CRON STARTED
[2026-09-22 12:14:00] [INFO] ==================================================
[2026-09-22 12:14:00] [INFO] [SUBSCRIPTION] Current India Date: 2026-09-22
[2026-09-22 12:14:00] [INFO] [OVERSTAY] Staying customers found: 0
[2026-09-22 12:14:00] [INFO] ==================================================
[2026-09-22 12:14:00] [INFO] OVERSTAY CRON COMPLETED
[2026-09-22 12:14:00] [INFO] ==================================================
[2026-09-22 12:14:00] [INFO] [SUBSCRIPTION] Subscriptions found: 2
[2026-09-22 12:14:00] [INFO] [SUBSCRIPTION] mani hotel | Expiry: 2026-10-16 | Days Remaining: 24
[2026-09-22 12:14:00] [INFO] [SUBSCRIPTION] hotel 2 | Expiry: 2026-10-17 | Days Remaining: 25
[2026-09-22 12:14:00] [INFO] ==================================================
[2026-09-22 12:14:00] [INFO] SUBSCRIPTION EXPIRY CRON COMPLETED
[2026-09-22 12:14:00] [INFO] ==================================================
[2026-09-22 12:15:00] [INFO] [OVERSTAY] Cron triggered
[2026-09-22 12:15:00] [INFO] ==================================================
[2026-09-22 12:15:00] [INFO] OVERSTAY CRON STARTED
[2026-09-22 12:15:00] [INFO] ==================================================
[2026-09-22 12:15:00] [INFO] [OVERSTAY] Current India Date/Time: 22/09/2026 12:15:00
[2026-09-22 12:15:00] [INFO] [OVERSTAY] Timezone: Asia/Kolkata
[2026-09-22 12:15:00] [INFO] [SUBSCRIPTION] Expiry cron triggered
[2026-09-22 12:15:00] [INFO] ==================================================
[2026-09-22 12:15:00] [INFO] SUBSCRIPTION EXPIRY CRON STARTED
[2026-09-22 12:15:00] [INFO] ==================================================
[2026-09-22 12:15:00] [INFO] [SUBSCRIPTION] Current India Date: 2026-09-22
[2026-09-22 12:15:00] [INFO] [OVERSTAY] Staying customers found: 0
[2026-09-22 12:15:00] [INFO] ==================================================
[2026-09-22 12:15:00] [INFO] OVERSTAY CRON COMPLETED
[2026-09-22 12:15:00] [INFO] ==================================================
[2026-09-22 12:15:00] [INFO] [SUBSCRIPTION] Subscriptions found: 2
[2026-09-22 12:15:00] [INFO] [SUBSCRIPTION] mani hotel | Expiry: 2026-10-16 | Days Remaining: 24
[2026-09-22 12:15:00] [INFO] [SUBSCRIPTION] hotel 2 | Expiry: 2026-10-17 | Days Remaining: 25
[2026-09-22 12:15:00] [INFO] ==================================================
[2026-09-22 12:15:00] [INFO] SUBSCRIPTION EXPIRY CRON COMPLETED
[2026-09-22 12:15:00] [INFO] ==================================================
[2026-09-22 12:16:00] [INFO] [OVERSTAY] Cron triggered
[2026-09-22 12:16:00] [INFO] ==================================================
[2026-09-22 12:16:00] [INFO] OVERSTAY CRON STARTED
[2026-09-22 12:16:00] [INFO] ==================================================
[2026-09-22 12:16:00] [INFO] [OVERSTAY] Current India Date/Time: 22/09/2026 12:16:00
[2026-09-22 12:16:00] [INFO] [OVERSTAY] Timezone: Asia/Kolkata
[2026-09-22 12:16:00] [INFO] [SUBSCRIPTION] Expiry cron triggered
[2026-09-22 12:16:00] [INFO] ==================================================
[2026-09-22 12:16:00] [INFO] SUBSCRIPTION EXPIRY CRON STARTED
[2026-09-22 12:16:00] [INFO] ==================================================
[2026-09-22 12:16:00] [INFO] [SUBSCRIPTION] Current India Date: 2026-09-22
[2026-09-22 12:16:00] [INFO] [OVERSTAY] Staying customers found: 0
[2026-09-22 12:16:00] [INFO] ==================================================
[2026-09-22 12:16:00] [INFO] OVERSTAY CRON COMPLETED
[2026-09-22 12:16:00] [INFO] ==================================================
[2026-09-22 12:16:00] [INFO] [SUBSCRIPTION] Subscriptions found: 2
[2026-09-22 12:16:00] [INFO] [SUBSCRIPTION] mani hotel | Expiry: 2026-10-16 | Days Remaining: 24
[2026-09-22 12:16:00] [INFO] [SUBSCRIPTION] hotel 2 | Expiry: 2026-10-17 | Days Remaining: 25
[2026-09-22 12:16:00] [INFO] ==================================================
[2026-09-22 12:16:00] [INFO] SUBSCRIPTION EXPIRY CRON COMPLETED
[2026-09-22 12:16:00] [INFO] ==================================================
[2026-09-22 12:17:00] [INFO] [OVERSTAY] Cron triggered
[2026-09-22 12:17:00] [INFO] ==================================================
[2026-09-22 12:17:00] [INFO] OVERSTAY CRON STARTED
[2026-09-22 12:17:00] [INFO] ==================================================
[2026-09-22 12:17:00] [INFO] [OVERSTAY] Current India Date/Time: 22/09/2026 12:17:00
[2026-09-22 12:17:00] [INFO] [OVERSTAY] Timezone: Asia/Kolkata
[2026-09-22 12:17:00] [INFO] [SUBSCRIPTION] Expiry cron triggered
[2026-09-22 12:17:00] [INFO] ==================================================
[2026-09-22 12:17:00] [INFO] SUBSCRIPTION EXPIRY CRON STARTED
[2026-09-22 12:17:00] [INFO] ==================================================
[2026-09-22 12:17:00] [INFO] [SUBSCRIPTION] Current India Date: 2026-09-22
[2026-09-22 12:17:00] [INFO] [OVERSTAY] Staying customers found: 0
[2026-09-22 12:17:00] [INFO] ==================================================
[2026-09-22 12:17:00] [INFO] OVERSTAY CRON COMPLETED
[2026-09-22 12:17:00] [INFO] ==================================================
[2026-09-22 12:17:00] [INFO] [SUBSCRIPTION] Subscriptions found: 2
[2026-09-22 12:17:00] [INFO] [SUBSCRIPTION] mani hotel | Expiry: 2026-10-16 | Days Remaining: 24
[2026-09-22 12:17:00] [INFO] [SUBSCRIPTION] hotel 2 | Expiry: 2026-10-17 | Days Remaining: 25
[2026-09-22 12:17:00] [INFO] ==================================================
[2026-09-22 12:17:00] [INFO] SUBSCRIPTION EXPIRY CRON COMPLETED
[2026-09-22 12:17:00] [INFO] ==================================================
[2026-09-22 12:18:00] [INFO] [OVERSTAY] Cron triggered
[2026-09-22 12:18:00] [INFO] ==================================================
[2026-09-22 12:18:00] [INFO] OVERSTAY CRON STARTED
[2026-09-22 12:18:00] [INFO] ==================================================
[2026-09-22 12:18:00] [INFO] [OVERSTAY] Current India Date/Time: 22/09/2026 12:18:00
[2026-09-22 12:18:00] [INFO] [OVERSTAY] Timezone: Asia/Kolkata
[2026-09-22 12:18:00] [INFO] [SUBSCRIPTION] Expiry cron triggered
[2026-09-22 12:18:00] [INFO] ==================================================
[2026-09-22 12:18:00] [INFO] SUBSCRIPTION EXPIRY CRON STARTED
[2026-09-22 12:18:00] [INFO] ==================================================
[2026-09-22 12:18:00] [INFO] [SUBSCRIPTION] Current India Date: 2026-09-22
[2026-09-22 12:18:00] [INFO] [OVERSTAY] Staying customers found: 0
[2026-09-22 12:18:00] [INFO] ==================================================
[2026-09-22 12:18:00] [INFO] OVERSTAY CRON COMPLETED
[2026-09-22 12:18:00] [INFO] ==================================================
[2026-09-22 12:18:00] [INFO] [SUBSCRIPTION] Subscriptions found: 2
[2026-09-22 12:18:00] [INFO] [SUBSCRIPTION] mani hotel | Expiry: 2026-10-16 | Days Remaining: 24
[2026-09-22 12:18:00] [INFO] [SUBSCRIPTION] hotel 2 | Expiry: 2026-10-17 | Days Remaining: 25
[2026-09-22 12:18:00] [INFO] ==================================================
[2026-09-22 12:18:00] [INFO] SUBSCRIPTION EXPIRY CRON COMPLETED
[2026-09-22 12:18:00] [INFO] ==================================================
[2026-09-22 12:19:00] [INFO] [OVERSTAY] Cron triggered
[2026-09-22 12:19:00] [INFO] ==================================================
[2026-09-22 12:19:00] [INFO] OVERSTAY CRON STARTED
[2026-09-22 12:19:00] [INFO] ==================================================
[2026-09-22 12:19:00] [INFO] [OVERSTAY] Current India Date/Time: 22/09/2026 12:19:00
[2026-09-22 12:19:00] [INFO] [OVERSTAY] Timezone: Asia/Kolkata
[2026-09-22 12:19:00] [INFO] [SUBSCRIPTION] Expiry cron triggered
[2026-09-22 12:19:00] [INFO] ==================================================
[2026-09-22 12:19:00] [INFO] SUBSCRIPTION EXPIRY CRON STARTED
[2026-09-22 12:19:00] [INFO] ==================================================
[2026-09-22 12:19:00] [INFO] [SUBSCRIPTION] Current India Date: 2026-09-22
[2026-09-22 12:19:00] [INFO] [OVERSTAY] Staying customers found: 0
[2026-09-22 12:19:00] [INFO] ==================================================
[2026-09-22 12:19:00] [INFO] OVERSTAY CRON COMPLETED
[2026-09-22 12:19:00] [INFO] ==================================================
[2026-09-22 12:19:00] [INFO] [SUBSCRIPTION] Subscriptions found: 2
[2026-09-22 12:19:00] [INFO] [SUBSCRIPTION] mani hotel | Expiry: 2026-10-16 | Days Remaining: 24
[2026-09-22 12:19:00] [INFO] [SUBSCRIPTION] hotel 2 | Expiry: 2026-10-17 | Days Remaining: 25
[2026-09-22 12:19:00] [INFO] ==================================================
[2026-09-22 12:19:00] [INFO] SUBSCRIPTION EXPIRY CRON COMPLETED
[2026-09-22 12:19:00] [INFO] ==================================================
[2026-09-22 12:20:00] [INFO] [OVERSTAY] Cron triggered
[2026-09-22 12:20:00] [INFO] ==================================================
[2026-09-22 12:20:00] [INFO] OVERSTAY CRON STARTED
[2026-09-22 12:20:00] [INFO] ==================================================
[2026-09-22 12:20:00] [INFO] [OVERSTAY] Current India Date/Time: 22/09/2026 12:20:00
[2026-09-22 12:20:00] [INFO] [OVERSTAY] Timezone: Asia/Kolkata
[2026-09-22 12:20:00] [INFO] [SUBSCRIPTION] Expiry cron triggered
[2026-09-22 12:20:00] [INFO] ==================================================
[2026-09-22 12:20:00] [INFO] SUBSCRIPTION EXPIRY CRON STARTED
[2026-09-22 12:20:00] [INFO] ==================================================
[2026-09-22 12:20:00] [INFO] [SUBSCRIPTION] Current India Date: 2026-09-22
[2026-09-22 12:20:00] [INFO] [OVERSTAY] Staying customers found: 0
[2026-09-22 12:20:00] [INFO] ==================================================
[2026-09-22 12:20:00] [INFO] OVERSTAY CRON COMPLETED
[2026-09-22 12:20:00] [INFO] ==================================================
[2026-09-22 12:20:00] [INFO] [SUBSCRIPTION] Subscriptions found: 2
[2026-09-22 12:20:00] [INFO] [SUBSCRIPTION] mani hotel | Expiry: 2026-10-16 | Days Remaining: 24
[2026-09-22 12:20:00] [INFO] [SUBSCRIPTION] hotel 2 | Expiry: 2026-10-17 | Days Remaining: 25
[2026-09-22 12:20:00] [INFO] ==================================================
[2026-09-22 12:20:00] [INFO] SUBSCRIPTION EXPIRY CRON COMPLETED
[2026-09-22 12:20:00] [INFO] ==================================================
[2026-09-22 12:21:00] [INFO] [SUBSCRIPTION] Expiry cron triggered
[2026-09-22 12:21:00] [INFO] ==================================================
[2026-09-22 12:21:00] [INFO] SUBSCRIPTION EXPIRY CRON STARTED
[2026-09-22 12:21:00] [INFO] ==================================================
[2026-09-22 12:21:00] [INFO] [SUBSCRIPTION] Current India Date: 2026-09-22
[2026-09-22 12:21:00] [INFO] [OVERSTAY] Cron triggered
[2026-09-22 12:21:00] [INFO] ==================================================
[2026-09-22 12:21:00] [INFO] OVERSTAY CRON STARTED
[2026-09-22 12:21:00] [INFO] ==================================================
[2026-09-22 12:21:00] [INFO] [OVERSTAY] Current India Date/Time: 22/09/2026 12:21:00
[2026-09-22 12:21:00] [INFO] [OVERSTAY] Timezone: Asia/Kolkata
[2026-09-22 12:21:00] [INFO] [OVERSTAY] Staying customers found: 0
[2026-09-22 12:21:00] [INFO] ==================================================
[2026-09-22 12:21:00] [INFO] OVERSTAY CRON COMPLETED
[2026-09-22 12:21:00] [INFO] ==================================================
[2026-09-22 12:21:00] [INFO] [SUBSCRIPTION] Subscriptions found: 2
[2026-09-22 12:21:00] [INFO] [SUBSCRIPTION] mani hotel | Expiry: 2026-10-16 | Days Remaining: 24
[2026-09-22 12:21:00] [INFO] [SUBSCRIPTION] hotel 2 | Expiry: 2026-10-17 | Days Remaining: 25
[2026-09-22 12:21:00] [INFO] ==================================================
[2026-09-22 12:21:00] [INFO] SUBSCRIPTION EXPIRY CRON COMPLETED
[2026-09-22 12:21:00] [INFO] ==================================================
[2026-09-22 12:22:00] [INFO] [SUBSCRIPTION] Expiry cron triggered
[2026-09-22 12:22:00] [INFO] ==================================================
[2026-09-22 12:22:00] [INFO] SUBSCRIPTION EXPIRY CRON STARTED
[2026-09-22 12:22:00] [INFO] ==================================================
[2026-09-22 12:22:00] [INFO] [SUBSCRIPTION] Current India Date: 2026-09-22
[2026-09-22 12:22:00] [INFO] [OVERSTAY] Cron triggered
[2026-09-22 12:22:00] [INFO] ==================================================
[2026-09-22 12:22:00] [INFO] OVERSTAY CRON STARTED
[2026-09-22 12:22:00] [INFO] ==================================================
[2026-09-22 12:22:00] [INFO] [OVERSTAY] Current India Date/Time: 22/09/2026 12:22:00
[2026-09-22 12:22:00] [INFO] [OVERSTAY] Timezone: Asia/Kolkata
[2026-09-22 12:22:00] [INFO] [OVERSTAY] Staying customers found: 0
[2026-09-22 12:22:00] [INFO] ==================================================
[2026-09-22 12:22:00] [INFO] OVERSTAY CRON COMPLETED
[2026-09-22 12:22:00] [INFO] ==================================================
[2026-09-22 12:22:00] [INFO] [SUBSCRIPTION] Subscriptions found: 2
[2026-09-22 12:22:00] [INFO] [SUBSCRIPTION] mani hotel | Expiry: 2026-10-16 | Days Remaining: 24
[2026-09-22 12:22:00] [INFO] [SUBSCRIPTION] hotel 2 | Expiry: 2026-10-17 | Days Remaining: 25
[2026-09-22 12:22:00] [INFO] ==================================================
[2026-09-22 12:22:00] [INFO] SUBSCRIPTION EXPIRY CRON COMPLETED
[2026-09-22 12:22:00] [INFO] ==================================================
[2026-09-22 12:23:00] [INFO] [SUBSCRIPTION] Expiry cron triggered
[2026-09-22 12:23:00] [INFO] ==================================================
[2026-09-22 12:23:00] [INFO] SUBSCRIPTION EXPIRY CRON STARTED
[2026-09-22 12:23:00] [INFO] ==================================================
[2026-09-22 12:23:00] [INFO] [SUBSCRIPTION] Current India Date: 2026-09-22
[2026-09-22 12:23:00] [INFO] [OVERSTAY] Cron triggered
[2026-09-22 12:23:00] [INFO] ==================================================
[2026-09-22 12:23:00] [INFO] OVERSTAY CRON STARTED
[2026-09-22 12:23:00] [INFO] ==================================================
[2026-09-22 12:23:00] [INFO] [OVERSTAY] Current India Date/Time: 22/09/2026 12:23:00
[2026-09-22 12:23:00] [INFO] [OVERSTAY] Timezone: Asia/Kolkata
[2026-09-22 12:23:00] [INFO] [OVERSTAY] Staying customers found: 0
[2026-09-22 12:23:00] [INFO] ==================================================
[2026-09-22 12:23:00] [INFO] OVERSTAY CRON COMPLETED
[2026-09-22 12:23:00] [INFO] ==================================================
[2026-09-22 12:23:00] [INFO] [SUBSCRIPTION] Subscriptions found: 2
[2026-09-22 12:23:00] [INFO] [SUBSCRIPTION] mani hotel | Expiry: 2026-10-16 | Days Remaining: 24
[2026-09-22 12:23:00] [INFO] [SUBSCRIPTION] hotel 2 | Expiry: 2026-10-17 | Days Remaining: 25
[2026-09-22 12:23:00] [INFO] ==================================================
[2026-09-22 12:23:00] [INFO] SUBSCRIPTION EXPIRY CRON COMPLETED
[2026-09-22 12:23:00] [INFO] ==================================================
[2026-09-22 12:24:00] [INFO] [SUBSCRIPTION] Expiry cron triggered
[2026-09-22 12:24:00] [INFO] ==================================================
[2026-09-22 12:24:00] [INFO] SUBSCRIPTION EXPIRY CRON STARTED
[2026-09-22 12:24:00] [INFO] ==================================================
[2026-09-22 12:24:00] [INFO] [SUBSCRIPTION] Current India Date: 2026-09-22
[2026-09-22 12:24:00] [INFO] [OVERSTAY] Cron triggered
[2026-09-22 12:24:00] [INFO] ==================================================
[2026-09-22 12:24:00] [INFO] OVERSTAY CRON STARTED
[2026-09-22 12:24:00] [INFO] ==================================================
[2026-09-22 12:24:00] [INFO] [OVERSTAY] Current India Date/Time: 22/09/2026 12:24:00
[2026-09-22 12:24:00] [INFO] [OVERSTAY] Timezone: Asia/Kolkata
[2026-09-22 12:24:00] [INFO] [OVERSTAY] Staying customers found: 0
[2026-09-22 12:24:00] [INFO] ==================================================
[2026-09-22 12:24:00] [INFO] OVERSTAY CRON COMPLETED
[2026-09-22 12:24:00] [INFO] ==================================================
[2026-09-22 12:24:00] [INFO] [SUBSCRIPTION] Subscriptions found: 2
[2026-09-22 12:24:00] [INFO] [SUBSCRIPTION] mani hotel | Expiry: 2026-10-16 | Days Remaining: 24
[2026-09-22 12:24:00] [INFO] [SUBSCRIPTION] hotel 2 | Expiry: 2026-10-17 | Days Remaining: 25
[2026-09-22 12:24:00] [INFO] ==================================================
[2026-09-22 12:24:00] [INFO] SUBSCRIPTION EXPIRY CRON COMPLETED
[2026-09-22 12:24:00] [INFO] ==================================================
[2026-09-22 12:25:00] [INFO] [SUBSCRIPTION] Expiry cron triggered
[2026-09-22 12:25:00] [INFO] ==================================================
[2026-09-22 12:25:00] [INFO] SUBSCRIPTION EXPIRY CRON STARTED
[2026-09-22 12:25:00] [INFO] ==================================================
[2026-09-22 12:25:00] [INFO] [SUBSCRIPTION] Current India Date: 2026-09-22
[2026-09-22 12:25:00] [INFO] [OVERSTAY] Cron triggered
[2026-09-22 12:25:00] [INFO] ==================================================
[2026-09-22 12:25:00] [INFO] OVERSTAY CRON STARTED
[2026-09-22 12:25:00] [INFO] ==================================================
[2026-09-22 12:25:00] [INFO] [OVERSTAY] Current India Date/Time: 22/09/2026 12:25:00
[2026-09-22 12:25:00] [INFO] [OVERSTAY] Timezone: Asia/Kolkata
[2026-09-22 12:25:00] [INFO] [OVERSTAY] Staying customers found: 0
[2026-09-22 12:25:00] [INFO] ==================================================
[2026-09-22 12:25:00] [INFO] OVERSTAY CRON COMPLETED
[2026-09-22 12:25:00] [INFO] ==================================================
[2026-09-22 12:25:00] [INFO] [SUBSCRIPTION] Subscriptions found: 2
[2026-09-22 12:25:00] [INFO] [SUBSCRIPTION] mani hotel | Expiry: 2026-10-16 | Days Remaining: 24
[2026-09-22 12:25:00] [INFO] [SUBSCRIPTION] hotel 2 | Expiry: 2026-10-17 | Days Remaining: 25
[2026-09-22 12:25:00] [INFO] ==================================================
[2026-09-22 12:25:00] [INFO] SUBSCRIPTION EXPIRY CRON COMPLETED
[2026-09-22 12:25:00] [INFO] ==================================================
[2026-09-22 12:26:00] [INFO] [SUBSCRIPTION] Expiry cron triggered
[2026-09-22 12:26:00] [INFO] ==================================================
[2026-09-22 12:26:00] [INFO] SUBSCRIPTION EXPIRY CRON STARTED
[2026-09-22 12:26:00] [INFO] ==================================================
[2026-09-22 12:26:00] [INFO] [SUBSCRIPTION] Current India Date: 2026-09-22
[2026-09-22 12:26:00] [INFO] [OVERSTAY] Cron triggered
[2026-09-22 12:26:00] [INFO] ==================================================
[2026-09-22 12:26:00] [INFO] OVERSTAY CRON STARTED
[2026-09-22 12:26:00] [INFO] ==================================================
[2026-09-22 12:26:00] [INFO] [OVERSTAY] Current India Date/Time: 22/09/2026 12:26:00
[2026-09-22 12:26:00] [INFO] [OVERSTAY] Timezone: Asia/Kolkata
[2026-09-22 12:26:00] [INFO] [OVERSTAY] Staying customers found: 0
[2026-09-22 12:26:00] [INFO] ==================================================
[2026-09-22 12:26:00] [INFO] OVERSTAY CRON COMPLETED
[2026-09-22 12:26:00] [INFO] ==================================================
[2026-09-22 12:26:00] [INFO] [SUBSCRIPTION] Subscriptions found: 2
[2026-09-22 12:26:00] [INFO] [SUBSCRIPTION] mani hotel | Expiry: 2026-10-16 | Days Remaining: 24
[2026-09-22 12:26:00] [INFO] [SUBSCRIPTION] hotel 2 | Expiry: 2026-10-17 | Days Remaining: 25
[2026-09-22 12:26:00] [INFO] ==================================================
[2026-09-22 12:26:00] [INFO] SUBSCRIPTION EXPIRY CRON COMPLETED
[2026-09-22 12:26:00] [INFO] ==================================================
[2026-09-22 12:27:00] [INFO] [SUBSCRIPTION] Expiry cron triggered
[2026-09-22 12:27:00] [INFO] ==================================================
[2026-09-22 12:27:00] [INFO] SUBSCRIPTION EXPIRY CRON STARTED
[2026-09-22 12:27:00] [INFO] ==================================================
[2026-09-22 12:27:00] [INFO] [SUBSCRIPTION] Current India Date: 2026-09-22
[2026-09-22 12:27:00] [INFO] [OVERSTAY] Cron triggered
[2026-09-22 12:27:00] [INFO] ==================================================
[2026-09-22 12:27:00] [INFO] OVERSTAY CRON STARTED
[2026-09-22 12:27:00] [INFO] ==================================================
[2026-09-22 12:27:00] [INFO] [OVERSTAY] Current India Date/Time: 22/09/2026 12:27:00
[2026-09-22 12:27:00] [INFO] [OVERSTAY] Timezone: Asia/Kolkata
[2026-09-22 12:27:00] [INFO] [OVERSTAY] Staying customers found: 0
[2026-09-22 12:27:00] [INFO] ==================================================
[2026-09-22 12:27:00] [INFO] OVERSTAY CRON COMPLETED
[2026-09-22 12:27:00] [INFO] ==================================================
[2026-09-22 12:27:00] [INFO] [SUBSCRIPTION] Subscriptions found: 2
[2026-09-22 12:27:00] [INFO] [SUBSCRIPTION] mani hotel | Expiry: 2026-10-16 | Days Remaining: 24
[2026-09-22 12:27:00] [INFO] [SUBSCRIPTION] hotel 2 | Expiry: 2026-10-17 | Days Remaining: 25
[2026-09-22 12:27:00] [INFO] ==================================================
[2026-09-22 12:27:00] [INFO] SUBSCRIPTION EXPIRY CRON COMPLETED
[2026-09-22 12:27:00] [INFO] ==================================================
[2026-09-22 12:28:00] [INFO] [SUBSCRIPTION] Expiry cron triggered
[2026-09-22 12:28:00] [INFO] ==================================================
[2026-09-22 12:28:00] [INFO] SUBSCRIPTION EXPIRY CRON STARTED
[2026-09-22 12:28:00] [INFO] ==================================================
[2026-09-22 12:28:00] [INFO] [SUBSCRIPTION] Current India Date: 2026-09-22
[2026-09-22 12:28:00] [INFO] [OVERSTAY] Cron triggered
[2026-09-22 12:28:00] [INFO] ==================================================
[2026-09-22 12:28:00] [INFO] OVERSTAY CRON STARTED
[2026-09-22 12:28:00] [INFO] ==================================================
[2026-09-22 12:28:00] [INFO] [OVERSTAY] Current India Date/Time: 22/09/2026 12:28:00
[2026-09-22 12:28:00] [INFO] [OVERSTAY] Timezone: Asia/Kolkata
[2026-09-22 12:28:00] [INFO] [OVERSTAY] Staying customers found: 0
[2026-09-22 12:28:00] [INFO] ==================================================
[2026-09-22 12:28:00] [INFO] OVERSTAY CRON COMPLETED
[2026-09-22 12:28:00] [INFO] ==================================================
[2026-09-22 12:28:00] [INFO] [SUBSCRIPTION] Subscriptions found: 2
[2026-09-22 12:28:00] [INFO] [SUBSCRIPTION] mani hotel | Expiry: 2026-10-16 | Days Remaining: 24
[2026-09-22 12:28:00] [INFO] [SUBSCRIPTION] hotel 2 | Expiry: 2026-10-17 | Days Remaining: 25
[2026-09-22 12:28:00] [INFO] ==================================================
[2026-09-22 12:28:00] [INFO] SUBSCRIPTION EXPIRY CRON COMPLETED
[2026-09-22 12:28:00] [INFO] ==================================================
[2026-09-22 12:29:00] [INFO] [OVERSTAY] Cron triggered
[2026-09-22 12:29:00] [INFO] ==================================================
[2026-09-22 12:29:00] [INFO] OVERSTAY CRON STARTED
[2026-09-22 12:29:00] [INFO] ==================================================
[2026-09-22 12:29:00] [INFO] [OVERSTAY] Current India Date/Time: 22/09/2026 12:29:00
[2026-09-22 12:29:00] [INFO] [OVERSTAY] Timezone: Asia/Kolkata
[2026-09-22 12:29:00] [INFO] [SUBSCRIPTION] Expiry cron triggered
[2026-09-22 12:29:00] [INFO] ==================================================
[2026-09-22 12:29:00] [INFO] SUBSCRIPTION EXPIRY CRON STARTED
[2026-09-22 12:29:00] [INFO] ==================================================
[2026-09-22 12:29:00] [INFO] [SUBSCRIPTION] Current India Date: 2026-09-22
[2026-09-22 12:29:00] [INFO] [OVERSTAY] Staying customers found: 0
[2026-09-22 12:29:00] [INFO] ==================================================
[2026-09-22 12:29:00] [INFO] OVERSTAY CRON COMPLETED
[2026-09-22 12:29:00] [INFO] ==================================================
[2026-09-22 12:29:00] [INFO] [SUBSCRIPTION] Subscriptions found: 2
[2026-09-22 12:29:00] [INFO] [SUBSCRIPTION] mani hotel | Expiry: 2026-10-16 | Days Remaining: 24
[2026-09-22 12:29:00] [INFO] [SUBSCRIPTION] hotel 2 | Expiry: 2026-10-17 | Days Remaining: 25
[2026-09-22 12:29:00] [INFO] ==================================================
[2026-09-22 12:29:00] [INFO] SUBSCRIPTION EXPIRY CRON COMPLETED
[2026-09-22 12:29:00] [INFO] ==================================================
[2026-09-22 12:30:00] [INFO] [OVERSTAY] Cron triggered
[2026-09-22 12:30:00] [INFO] ==================================================
[2026-09-22 12:30:00] [INFO] OVERSTAY CRON STARTED
[2026-09-22 12:30:00] [INFO] ==================================================
[2026-09-22 12:30:00] [INFO] [OVERSTAY] Current India Date/Time: 22/09/2026 12:30:00
[2026-09-22 12:30:00] [INFO] [OVERSTAY] Timezone: Asia/Kolkata
[2026-09-22 12:30:00] [INFO] [SUBSCRIPTION] Expiry cron triggered
[2026-09-22 12:30:00] [INFO] ==================================================
[2026-09-22 12:30:00] [INFO] SUBSCRIPTION EXPIRY CRON STARTED
[2026-09-22 12:30:00] [INFO] ==================================================
[2026-09-22 12:30:00] [INFO] [SUBSCRIPTION] Current India Date: 2026-09-22
[2026-09-22 12:30:00] [INFO] [OVERSTAY] Staying customers found: 0
[2026-09-22 12:30:00] [INFO] ==================================================
[2026-09-22 12:30:00] [INFO] OVERSTAY CRON COMPLETED
[2026-09-22 12:30:00] [INFO] ==================================================
[2026-09-22 12:30:00] [INFO] [SUBSCRIPTION] Subscriptions found: 2
[2026-09-22 12:30:00] [INFO] [SUBSCRIPTION] mani hotel | Expiry: 2026-10-16 | Days Remaining: 24
[2026-09-22 12:30:00] [INFO] [SUBSCRIPTION] hotel 2 | Expiry: 2026-10-17 | Days Remaining: 25
[2026-09-22 12:30:00] [INFO] ==================================================
[2026-09-22 12:30:00] [INFO] SUBSCRIPTION EXPIRY CRON COMPLETED
[2026-09-22 12:30:00] [INFO] ==================================================
[2026-09-22 12:31:00] [INFO] [OVERSTAY] Cron triggered
[2026-09-22 12:31:00] [INFO] ==================================================
[2026-09-22 12:31:00] [INFO] OVERSTAY CRON STARTED
[2026-09-22 12:31:00] [INFO] ==================================================
[2026-09-22 12:31:00] [INFO] [OVERSTAY] Current India Date/Time: 22/09/2026 12:31:00
[2026-09-22 12:31:00] [INFO] [OVERSTAY] Timezone: Asia/Kolkata
[2026-09-22 12:31:00] [INFO] [SUBSCRIPTION] Expiry cron triggered
[2026-09-22 12:31:00] [INFO] ==================================================
[2026-09-22 12:31:00] [INFO] SUBSCRIPTION EXPIRY CRON STARTED
[2026-09-22 12:31:00] [INFO] ==================================================
[2026-09-22 12:31:00] [INFO] [SUBSCRIPTION] Current India Date: 2026-09-22
[2026-09-22 12:31:00] [INFO] [OVERSTAY] Staying customers found: 0
[2026-09-22 12:31:00] [INFO] ==================================================
[2026-09-22 12:31:00] [INFO] OVERSTAY CRON COMPLETED
[2026-09-22 12:31:00] [INFO] ==================================================
[2026-09-22 12:31:00] [INFO] [SUBSCRIPTION] Subscriptions found: 2
[2026-09-22 12:31:00] [INFO] [SUBSCRIPTION] mani hotel | Expiry: 2026-10-16 | Days Remaining: 24
[2026-09-22 12:31:00] [INFO] [SUBSCRIPTION] hotel 2 | Expiry: 2026-10-17 | Days Remaining: 25
[2026-09-22 12:31:00] [INFO] ==================================================
[2026-09-22 12:31:00] [INFO] SUBSCRIPTION EXPIRY CRON COMPLETED
[2026-09-22 12:31:00] [INFO] ==================================================
[2026-09-22 12:32:00] [INFO] [OVERSTAY] Cron triggered
[2026-09-22 12:32:00] [INFO] ==================================================
[2026-09-22 12:32:00] [INFO] OVERSTAY CRON STARTED
[2026-09-22 12:32:00] [INFO] ==================================================
[2026-09-22 12:32:00] [INFO] [OVERSTAY] Current India Date/Time: 22/09/2026 12:32:00
[2026-09-22 12:32:00] [INFO] [OVERSTAY] Timezone: Asia/Kolkata
[2026-09-22 12:32:00] [INFO] [SUBSCRIPTION] Expiry cron triggered
[2026-09-22 12:32:00] [INFO] ==================================================
[2026-09-22 12:32:00] [INFO] SUBSCRIPTION EXPIRY CRON STARTED
[2026-09-22 12:32:00] [INFO] ==================================================
[2026-09-22 12:32:00] [INFO] [SUBSCRIPTION] Current India Date: 2026-09-22
[2026-09-22 12:32:00] [INFO] [OVERSTAY] Staying customers found: 0
[2026-09-22 12:32:00] [INFO] ==================================================
[2026-09-22 12:32:00] [INFO] OVERSTAY CRON COMPLETED
[2026-09-22 12:32:00] [INFO] ==================================================
[2026-09-22 12:32:00] [INFO] [SUBSCRIPTION] Subscriptions found: 2
[2026-09-22 12:32:00] [INFO] [SUBSCRIPTION] mani hotel | Expiry: 2026-10-16 | Days Remaining: 24
[2026-09-22 12:32:00] [INFO] [SUBSCRIPTION] hotel 2 | Expiry: 2026-10-17 | Days Remaining: 25
[2026-09-22 12:32:00] [INFO] ==================================================
[2026-09-22 12:32:00] [INFO] SUBSCRIPTION EXPIRY CRON COMPLETED
[2026-09-22 12:32:00] [INFO] ==================================================
[2026-09-22 12:33:00] [INFO] [OVERSTAY] Cron triggered
[2026-09-22 12:33:00] [INFO] ==================================================
[2026-09-22 12:33:00] [INFO] OVERSTAY CRON STARTED
[2026-09-22 12:33:00] [INFO] ==================================================
[2026-09-22 12:33:00] [INFO] [OVERSTAY] Current India Date/Time: 22/09/2026 12:33:00
[2026-09-22 12:33:00] [INFO] [OVERSTAY] Timezone: Asia/Kolkata
[2026-09-22 12:33:00] [INFO] [SUBSCRIPTION] Expiry cron triggered
[2026-09-22 12:33:00] [INFO] ==================================================
[2026-09-22 12:33:00] [INFO] SUBSCRIPTION EXPIRY CRON STARTED
[2026-09-22 12:33:00] [INFO] ==================================================
[2026-09-22 12:33:00] [INFO] [SUBSCRIPTION] Current India Date: 2026-09-22
[2026-09-22 12:33:00] [INFO] [OVERSTAY] Staying customers found: 0
[2026-09-22 12:33:00] [INFO] ==================================================
[2026-09-22 12:33:00] [INFO] OVERSTAY CRON COMPLETED
[2026-09-22 12:33:00] [INFO] ==================================================
[2026-09-22 12:33:00] [INFO] [SUBSCRIPTION] Subscriptions found: 2
[2026-09-22 12:33:00] [INFO] [SUBSCRIPTION] mani hotel | Expiry: 2026-10-16 | Days Remaining: 24
[2026-09-22 12:33:00] [INFO] [SUBSCRIPTION] hotel 2 | Expiry: 2026-10-17 | Days Remaining: 25
[2026-09-22 12:33:00] [INFO] ==================================================
[2026-09-22 12:33:00] [INFO] SUBSCRIPTION EXPIRY CRON COMPLETED
[2026-09-22 12:33:00] [INFO] ==================================================
[2026-09-22 12:33:01] [INFO] Hotel registrations retrieved successfully. Total registrations: 3
[2026-09-22 12:33:01] [INFO] Hotel registrations retrieved successfully. Total registrations: 3
[2026-09-22 12:34:00] [INFO] [OVERSTAY] Cron triggered
[2026-09-22 12:34:00] [INFO] ==================================================
[2026-09-22 12:34:00] [INFO] OVERSTAY CRON STARTED
[2026-09-22 12:34:00] [INFO] ==================================================
[2026-09-22 12:34:00] [INFO] [OVERSTAY] Current India Date/Time: 22/09/2026 12:34:00
[2026-09-22 12:34:00] [INFO] [OVERSTAY] Timezone: Asia/Kolkata
[2026-09-22 12:34:00] [INFO] [SUBSCRIPTION] Expiry cron triggered
[2026-09-22 12:34:00] [INFO] ==================================================
[2026-09-22 12:34:00] [INFO] SUBSCRIPTION EXPIRY CRON STARTED
[2026-09-22 12:34:00] [INFO] ==================================================
[2026-09-22 12:34:00] [INFO] [SUBSCRIPTION] Current India Date: 2026-09-22
[2026-09-22 12:34:00] [INFO] [OVERSTAY] Staying customers found: 0
[2026-09-22 12:34:00] [INFO] ==================================================
[2026-09-22 12:34:00] [INFO] OVERSTAY CRON COMPLETED
[2026-09-22 12:34:00] [INFO] ==================================================
[2026-09-22 12:34:00] [INFO] [SUBSCRIPTION] Subscriptions found: 2
[2026-09-22 12:34:00] [INFO] [SUBSCRIPTION] mani hotel | Expiry: 2026-10-16 | Days Remaining: 24
[2026-09-22 12:34:00] [INFO] [SUBSCRIPTION] hotel 2 | Expiry: 2026-10-17 | Days Remaining: 25
[2026-09-22 12:34:00] [INFO] ==================================================
[2026-09-22 12:34:00] [INFO] SUBSCRIPTION EXPIRY CRON COMPLETED
[2026-09-22 12:34:00] [INFO] ==================================================
[2026-09-22 12:35:00] [INFO] [OVERSTAY] Cron triggered
[2026-09-22 12:35:00] [INFO] ==================================================
[2026-09-22 12:35:00] [INFO] OVERSTAY CRON STARTED
[2026-09-22 12:35:00] [INFO] ==================================================
[2026-09-22 12:35:00] [INFO] [OVERSTAY] Current India Date/Time: 22/09/2026 12:35:00
[2026-09-22 12:35:00] [INFO] [OVERSTAY] Timezone: Asia/Kolkata
[2026-09-22 12:35:00] [INFO] [SUBSCRIPTION] Expiry cron triggered
[2026-09-22 12:35:00] [INFO] ==================================================
[2026-09-22 12:35:00] [INFO] SUBSCRIPTION EXPIRY CRON STARTED
[2026-09-22 12:35:00] [INFO] ==================================================
[2026-09-22 12:35:00] [INFO] [SUBSCRIPTION] Current India Date: 2026-09-22
[2026-09-22 12:35:00] [INFO] [OVERSTAY] Staying customers found: 0
[2026-09-22 12:35:00] [INFO] ==================================================
[2026-09-22 12:35:00] [INFO] OVERSTAY CRON COMPLETED
[2026-09-22 12:35:00] [INFO] ==================================================
[2026-09-22 12:35:00] [INFO] [SUBSCRIPTION] Subscriptions found: 2
[2026-09-22 12:35:00] [INFO] [SUBSCRIPTION] mani hotel | Expiry: 2026-10-16 | Days Remaining: 24
[2026-09-22 12:35:00] [INFO] [SUBSCRIPTION] hotel 2 | Expiry: 2026-10-17 | Days Remaining: 25
[2026-09-22 12:35:00] [INFO] ==================================================
[2026-09-22 12:35:00] [INFO] SUBSCRIPTION EXPIRY CRON COMPLETED
[2026-09-22 12:35:00] [INFO] ==================================================
[2026-09-22 12:36:00] [INFO] [OVERSTAY] Cron triggered
[2026-09-22 12:36:00] [INFO] ==================================================
[2026-09-22 12:36:00] [INFO] OVERSTAY CRON STARTED
[2026-09-22 12:36:00] [INFO] ==================================================
[2026-09-22 12:36:00] [INFO] [OVERSTAY] Current India Date/Time: 22/09/2026 12:36:00
[2026-09-22 12:36:00] [INFO] [OVERSTAY] Timezone: Asia/Kolkata
[2026-09-22 12:36:00] [INFO] [SUBSCRIPTION] Expiry cron triggered
[2026-09-22 12:36:00] [INFO] ==================================================
[2026-09-22 12:36:00] [INFO] SUBSCRIPTION EXPIRY CRON STARTED
[2026-09-22 12:36:00] [INFO] ==================================================
[2026-09-22 12:36:00] [INFO] [SUBSCRIPTION] Current India Date: 2026-09-22
[2026-09-22 12:36:00] [INFO] [OVERSTAY] Staying customers found: 0
[2026-09-22 12:36:00] [INFO] ==================================================
[2026-09-22 12:36:00] [INFO] OVERSTAY CRON COMPLETED
[2026-09-22 12:36:00] [INFO] ==================================================
[2026-09-22 12:36:00] [INFO] [SUBSCRIPTION] Subscriptions found: 2
[2026-09-22 12:36:00] [INFO] [SUBSCRIPTION] mani hotel | Expiry: 2026-10-16 | Days Remaining: 24
[2026-09-22 12:36:00] [INFO] [SUBSCRIPTION] hotel 2 | Expiry: 2026-10-17 | Days Remaining: 25
[2026-09-22 12:36:00] [INFO] ==================================================
[2026-09-22 12:36:00] [INFO] SUBSCRIPTION EXPIRY CRON COMPLETED
[2026-09-22 12:36:00] [INFO] ==================================================
[2026-09-22 12:37:00] [INFO] [OVERSTAY] Cron triggered
[2026-09-22 12:37:00] [INFO] ==================================================
[2026-09-22 12:37:00] [INFO] OVERSTAY CRON STARTED
[2026-09-22 12:37:00] [INFO] ==================================================
[2026-09-22 12:37:00] [INFO] [OVERSTAY] Current India Date/Time: 22/09/2026 12:37:00
[2026-09-22 12:37:00] [INFO] [OVERSTAY] Timezone: Asia/Kolkata
[2026-09-22 12:37:00] [INFO] [SUBSCRIPTION] Expiry cron triggered
[2026-09-22 12:37:00] [INFO] ==================================================
[2026-09-22 12:37:00] [INFO] SUBSCRIPTION EXPIRY CRON STARTED
[2026-09-22 12:37:00] [INFO] ==================================================
[2026-09-22 12:37:00] [INFO] [SUBSCRIPTION] Current India Date: 2026-09-22
[2026-09-22 12:37:00] [INFO] [OVERSTAY] Staying customers found: 0
[2026-09-22 12:37:00] [INFO] ==================================================
[2026-09-22 12:37:00] [INFO] OVERSTAY CRON COMPLETED
[2026-09-22 12:37:00] [INFO] ==================================================
[2026-09-22 12:37:00] [INFO] [SUBSCRIPTION] Subscriptions found: 2
[2026-09-22 12:37:00] [INFO] [SUBSCRIPTION] mani hotel | Expiry: 2026-10-16 | Days Remaining: 24
[2026-09-22 12:37:00] [INFO] [SUBSCRIPTION] hotel 2 | Expiry: 2026-10-17 | Days Remaining: 25
[2026-09-22 12:37:00] [INFO] ==================================================
[2026-09-22 12:37:00] [INFO] SUBSCRIPTION EXPIRY CRON COMPLETED
[2026-09-22 12:37:00] [INFO] ==================================================
[2026-09-22 12:38:00] [INFO] [OVERSTAY] Cron triggered
[2026-09-22 12:38:00] [INFO] ==================================================
[2026-09-22 12:38:00] [INFO] OVERSTAY CRON STARTED
[2026-09-22 12:38:00] [INFO] ==================================================
[2026-09-22 12:38:00] [INFO] [OVERSTAY] Current India Date/Time: 22/09/2026 12:38:00
[2026-09-22 12:38:00] [INFO] [OVERSTAY] Timezone: Asia/Kolkata
[2026-09-22 12:38:00] [INFO] [SUBSCRIPTION] Expiry cron triggered
[2026-09-22 12:38:00] [INFO] ==================================================
[2026-09-22 12:38:00] [INFO] SUBSCRIPTION EXPIRY CRON STARTED
[2026-09-22 12:38:00] [INFO] ==================================================
[2026-09-22 12:38:00] [INFO] [SUBSCRIPTION] Current India Date: 2026-09-22
[2026-09-22 12:38:00] [INFO] [OVERSTAY] Staying customers found: 0
[2026-09-22 12:38:00] [INFO] ==================================================
[2026-09-22 12:38:00] [INFO] OVERSTAY CRON COMPLETED
[2026-09-22 12:38:00] [INFO] ==================================================
[2026-09-22 12:38:00] [INFO] [SUBSCRIPTION] Subscriptions found: 2
[2026-09-22 12:38:00] [INFO] [SUBSCRIPTION] mani hotel | Expiry: 2026-10-16 | Days Remaining: 24
[2026-09-22 12:38:00] [INFO] [SUBSCRIPTION] hotel 2 | Expiry: 2026-10-17 | Days Remaining: 25
[2026-09-22 12:38:00] [INFO] ==================================================
[2026-09-22 12:38:00] [INFO] SUBSCRIPTION EXPIRY CRON COMPLETED
[2026-09-22 12:38:00] [INFO] ==================================================
[2026-09-22 12:39:00] [INFO] [SUBSCRIPTION] Expiry cron triggered
[2026-09-22 12:39:00] [INFO] ==================================================
[2026-09-22 12:39:00] [INFO] SUBSCRIPTION EXPIRY CRON STARTED
[2026-09-22 12:39:00] [INFO] ==================================================
[2026-09-22 12:39:00] [INFO] [SUBSCRIPTION] Current India Date: 2026-09-22
[2026-09-22 12:39:00] [INFO] [OVERSTAY] Cron triggered
[2026-09-22 12:39:00] [INFO] ==================================================
[2026-09-22 12:39:00] [INFO] OVERSTAY CRON STARTED
[2026-09-22 12:39:00] [INFO] ==================================================
[2026-09-22 12:39:00] [INFO] [OVERSTAY] Current India Date/Time: 22/09/2026 12:39:00
[2026-09-22 12:39:00] [INFO] [OVERSTAY] Timezone: Asia/Kolkata
[2026-09-22 12:39:00] [INFO] [SUBSCRIPTION] Subscriptions found: 2
[2026-09-22 12:39:00] [INFO] [OVERSTAY] Staying customers found: 0
[2026-09-22 12:39:00] [INFO] ==================================================
[2026-09-22 12:39:00] [INFO] OVERSTAY CRON COMPLETED
[2026-09-22 12:39:00] [INFO] ==================================================
[2026-09-22 12:39:00] [INFO] [SUBSCRIPTION] mani hotel | Expiry: 2026-10-16 | Days Remaining: 24
[2026-09-22 12:39:00] [INFO] [SUBSCRIPTION] hotel 2 | Expiry: 2026-10-17 | Days Remaining: 25
[2026-09-22 12:39:00] [INFO] ==================================================
[2026-09-22 12:39:00] [INFO] SUBSCRIPTION EXPIRY CRON COMPLETED
[2026-09-22 12:39:00] [INFO] ==================================================
[2026-09-22 12:39:42] [INFO] Hotel registrations retrieved successfully. Total registrations: 3
[2026-09-22 12:39:42] [INFO] Hotel registrations retrieved successfully. Total registrations: 3
[2026-09-22 12:40:00] [INFO] [SUBSCRIPTION] Expiry cron triggered
[2026-09-22 12:40:00] [INFO] ==================================================
[2026-09-22 12:40:00] [INFO] SUBSCRIPTION EXPIRY CRON STARTED
[2026-09-22 12:40:00] [INFO] ==================================================
[2026-09-22 12:40:00] [INFO] [SUBSCRIPTION] Current India Date: 2026-09-22
[2026-09-22 12:40:00] [INFO] [OVERSTAY] Cron triggered
[2026-09-22 12:40:00] [INFO] ==================================================
[2026-09-22 12:40:00] [INFO] OVERSTAY CRON STARTED
[2026-09-22 12:40:00] [INFO] ==================================================
[2026-09-22 12:40:00] [INFO] [OVERSTAY] Current India Date/Time: 22/09/2026 12:40:00
[2026-09-22 12:40:00] [INFO] [OVERSTAY] Timezone: Asia/Kolkata
[2026-09-22 12:40:00] [INFO] [OVERSTAY] Staying customers found: 0
[2026-09-22 12:40:00] [INFO] ==================================================
[2026-09-22 12:40:00] [INFO] OVERSTAY CRON COMPLETED
[2026-09-22 12:40:00] [INFO] ==================================================
[2026-09-22 12:40:00] [INFO] [SUBSCRIPTION] Subscriptions found: 2
[2026-09-22 12:40:00] [INFO] [SUBSCRIPTION] mani hotel | Expiry: 2026-10-16 | Days Remaining: 24
[2026-09-22 12:40:00] [INFO] [SUBSCRIPTION] hotel 2 | Expiry: 2026-10-17 | Days Remaining: 25
[2026-09-22 12:40:00] [INFO] ==================================================
[2026-09-22 12:40:00] [INFO] SUBSCRIPTION EXPIRY CRON COMPLETED
[2026-09-22 12:40:00] [INFO] ==================================================
[2026-09-22 12:41:00] [INFO] [SUBSCRIPTION] Expiry cron triggered
[2026-09-22 12:41:00] [INFO] ==================================================
[2026-09-22 12:41:00] [INFO] SUBSCRIPTION EXPIRY CRON STARTED
[2026-09-22 12:41:00] [INFO] ==================================================
[2026-09-22 12:41:00] [INFO] [SUBSCRIPTION] Current India Date: 2026-09-22
[2026-09-22 12:41:00] [INFO] [OVERSTAY] Cron triggered
[2026-09-22 12:41:00] [INFO] ==================================================
[2026-09-22 12:41:00] [INFO] OVERSTAY CRON STARTED
[2026-09-22 12:41:00] [INFO] ==================================================
[2026-09-22 12:41:00] [INFO] [OVERSTAY] Current India Date/Time: 22/09/2026 12:41:00
[2026-09-22 12:41:00] [INFO] [OVERSTAY] Timezone: Asia/Kolkata
[2026-09-22 12:41:00] [INFO] [OVERSTAY] Staying customers found: 0
[2026-09-22 12:41:00] [INFO] ==================================================
[2026-09-22 12:41:00] [INFO] OVERSTAY CRON COMPLETED
[2026-09-22 12:41:00] [INFO] ==================================================
[2026-09-22 12:41:00] [INFO] [SUBSCRIPTION] Subscriptions found: 2
[2026-09-22 12:41:00] [INFO] [SUBSCRIPTION] mani hotel | Expiry: 2026-10-16 | Days Remaining: 24
[2026-09-22 12:41:00] [INFO] [SUBSCRIPTION] hotel 2 | Expiry: 2026-10-17 | Days Remaining: 25
[2026-09-22 12:41:00] [INFO] ==================================================
[2026-09-22 12:41:00] [INFO] SUBSCRIPTION EXPIRY CRON COMPLETED
[2026-09-22 12:41:00] [INFO] ==================================================
[2026-09-22 12:42:00] [INFO] [SUBSCRIPTION] Expiry cron triggered
[2026-09-22 12:42:00] [INFO] ==================================================
[2026-09-22 12:42:00] [INFO] SUBSCRIPTION EXPIRY CRON STARTED
[2026-09-22 12:42:00] [INFO] ==================================================
[2026-09-22 12:42:00] [INFO] [SUBSCRIPTION] Current India Date: 2026-09-22
[2026-09-22 12:42:00] [INFO] [OVERSTAY] Cron triggered
[2026-09-22 12:42:00] [INFO] ==================================================
[2026-09-22 12:42:00] [INFO] OVERSTAY CRON STARTED
[2026-09-22 12:42:00] [INFO] ==================================================
[2026-09-22 12:42:00] [INFO] [OVERSTAY] Current India Date/Time: 22/09/2026 12:42:00
[2026-09-22 12:42:00] [INFO] [OVERSTAY] Timezone: Asia/Kolkata
[2026-09-22 12:42:00] [INFO] [OVERSTAY] Staying customers found: 0
[2026-09-22 12:42:00] [INFO] ==================================================
[2026-09-22 12:42:00] [INFO] OVERSTAY CRON COMPLETED
[2026-09-22 12:42:00] [INFO] ==================================================
[2026-09-22 12:42:00] [INFO] [SUBSCRIPTION] Subscriptions found: 2
[2026-09-22 12:42:00] [INFO] [SUBSCRIPTION] mani hotel | Expiry: 2026-10-16 | Days Remaining: 24
[2026-09-22 12:42:00] [INFO] [SUBSCRIPTION] hotel 2 | Expiry: 2026-10-17 | Days Remaining: 25
[2026-09-22 12:42:00] [INFO] ==================================================
[2026-09-22 12:42:00] [INFO] SUBSCRIPTION EXPIRY CRON COMPLETED
[2026-09-22 12:42:00] [INFO] ==================================================
[2026-09-22 12:43:00] [INFO] [SUBSCRIPTION] Expiry cron triggered
[2026-09-22 12:43:00] [INFO] ==================================================
[2026-09-22 12:43:00] [INFO] SUBSCRIPTION EXPIRY CRON STARTED
[2026-09-22 12:43:00] [INFO] ==================================================
[2026-09-22 12:43:00] [INFO] [SUBSCRIPTION] Current India Date: 2026-09-22
[2026-09-22 12:43:00] [INFO] [OVERSTAY] Cron triggered
[2026-09-22 12:43:00] [INFO] ==================================================
[2026-09-22 12:43:00] [INFO] OVERSTAY CRON STARTED
[2026-09-22 12:43:00] [INFO] ==================================================
[2026-09-22 12:43:00] [INFO] [OVERSTAY] Current India Date/Time: 22/09/2026 12:43:00
[2026-09-22 12:43:00] [INFO] [OVERSTAY] Timezone: Asia/Kolkata
[2026-09-22 12:43:00] [INFO] [OVERSTAY] Staying customers found: 0
[2026-09-22 12:43:00] [INFO] ==================================================
[2026-09-22 12:43:00] [INFO] OVERSTAY CRON COMPLETED
[2026-09-22 12:43:00] [INFO] ==================================================
[2026-09-22 12:43:00] [INFO] [SUBSCRIPTION] Subscriptions found: 2
[2026-09-22 12:43:00] [INFO] [SUBSCRIPTION] mani hotel | Expiry: 2026-10-16 | Days Remaining: 24
[2026-09-22 12:43:00] [INFO] [SUBSCRIPTION] hotel 2 | Expiry: 2026-10-17 | Days Remaining: 25
[2026-09-22 12:43:00] [INFO] ==================================================
[2026-09-22 12:43:00] [INFO] SUBSCRIPTION EXPIRY CRON COMPLETED
[2026-09-22 12:43:00] [INFO] ==================================================
[2026-09-22 12:44:00] [INFO] [SUBSCRIPTION] Expiry cron triggered
[2026-09-22 12:44:00] [INFO] ==================================================
[2026-09-22 12:44:00] [INFO] SUBSCRIPTION EXPIRY CRON STARTED
[2026-09-22 12:44:00] [INFO] ==================================================
[2026-09-22 12:44:00] [INFO] [SUBSCRIPTION] Current India Date: 2026-09-22
[2026-09-22 12:44:00] [INFO] [OVERSTAY] Cron triggered
[2026-09-22 12:44:00] [INFO] ==================================================
[2026-09-22 12:44:00] [INFO] OVERSTAY CRON STARTED
[2026-09-22 12:44:00] [INFO] ==================================================
[2026-09-22 12:44:00] [INFO] [OVERSTAY] Current India Date/Time: 22/09/2026 12:44:00
[2026-09-22 12:44:00] [INFO] [OVERSTAY] Timezone: Asia/Kolkata
[2026-09-22 12:44:00] [INFO] [OVERSTAY] Staying customers found: 0
[2026-09-22 12:44:00] [INFO] ==================================================
[2026-09-22 12:44:00] [INFO] OVERSTAY CRON COMPLETED
[2026-09-22 12:44:00] [INFO] ==================================================
[2026-09-22 12:44:00] [INFO] [SUBSCRIPTION] Subscriptions found: 2
[2026-09-22 12:44:00] [INFO] [SUBSCRIPTION] mani hotel | Expiry: 2026-10-16 | Days Remaining: 24
[2026-09-22 12:44:00] [INFO] [SUBSCRIPTION] hotel 2 | Expiry: 2026-10-17 | Days Remaining: 25
[2026-09-22 12:44:00] [INFO] ==================================================
[2026-09-22 12:44:00] [INFO] SUBSCRIPTION EXPIRY CRON COMPLETED
[2026-09-22 12:44:00] [INFO] ==================================================
[2026-09-22 12:45:00] [INFO] [OVERSTAY] Cron triggered
[2026-09-22 12:45:00] [INFO] ==================================================
[2026-09-22 12:45:00] [INFO] OVERSTAY CRON STARTED
[2026-09-22 12:45:00] [INFO] ==================================================
[2026-09-22 12:45:00] [INFO] [OVERSTAY] Current India Date/Time: 22/09/2026 12:45:00
[2026-09-22 12:45:00] [INFO] [OVERSTAY] Timezone: Asia/Kolkata
[2026-09-22 12:45:00] [INFO] [SUBSCRIPTION] Expiry cron triggered
[2026-09-22 12:45:00] [INFO] ==================================================
[2026-09-22 12:45:00] [INFO] SUBSCRIPTION EXPIRY CRON STARTED
[2026-09-22 12:45:00] [INFO] ==================================================
[2026-09-22 12:45:00] [INFO] [SUBSCRIPTION] Current India Date: 2026-09-22
[2026-09-22 12:45:00] [INFO] [OVERSTAY] Staying customers found: 0
[2026-09-22 12:45:00] [INFO] ==================================================
[2026-09-22 12:45:00] [INFO] OVERSTAY CRON COMPLETED
[2026-09-22 12:45:00] [INFO] ==================================================
[2026-09-22 12:45:00] [INFO] [SUBSCRIPTION] Subscriptions found: 2
[2026-09-22 12:45:00] [INFO] [SUBSCRIPTION] mani hotel | Expiry: 2026-10-16 | Days Remaining: 24
[2026-09-22 12:45:00] [INFO] [SUBSCRIPTION] hotel 2 | Expiry: 2026-10-17 | Days Remaining: 25
[2026-09-22 12:45:00] [INFO] ==================================================
[2026-09-22 12:45:00] [INFO] SUBSCRIPTION EXPIRY CRON COMPLETED
[2026-09-22 12:45:00] [INFO] ==================================================
[2026-09-22 12:46:00] [INFO] [OVERSTAY] Cron triggered
[2026-09-22 12:46:00] [INFO] ==================================================
[2026-09-22 12:46:00] [INFO] OVERSTAY CRON STARTED
[2026-09-22 12:46:00] [INFO] ==================================================
[2026-09-22 12:46:00] [INFO] [OVERSTAY] Current India Date/Time: 22/09/2026 12:46:00
[2026-09-22 12:46:00] [INFO] [OVERSTAY] Timezone: Asia/Kolkata
[2026-09-22 12:46:00] [INFO] [SUBSCRIPTION] Expiry cron triggered
[2026-09-22 12:46:00] [INFO] ==================================================
[2026-09-22 12:46:00] [INFO] SUBSCRIPTION EXPIRY CRON STARTED
[2026-09-22 12:46:00] [INFO] ==================================================
[2026-09-22 12:46:00] [INFO] [SUBSCRIPTION] Current India Date: 2026-09-22
[2026-09-22 12:46:00] [INFO] [OVERSTAY] Staying customers found: 0
[2026-09-22 12:46:00] [INFO] ==================================================
[2026-09-22 12:46:00] [INFO] OVERSTAY CRON COMPLETED
[2026-09-22 12:46:00] [INFO] ==================================================
[2026-09-22 12:46:00] [INFO] [SUBSCRIPTION] Subscriptions found: 2
[2026-09-22 12:46:00] [INFO] [SUBSCRIPTION] mani hotel | Expiry: 2026-10-16 | Days Remaining: 24
[2026-09-22 12:46:00] [INFO] [SUBSCRIPTION] hotel 2 | Expiry: 2026-10-17 | Days Remaining: 25
[2026-09-22 12:46:00] [INFO] ==================================================
[2026-09-22 12:46:00] [INFO] SUBSCRIPTION EXPIRY CRON COMPLETED
[2026-09-22 12:46:00] [INFO] ==================================================
[2026-09-22 12:47:00] [INFO] [OVERSTAY] Cron triggered
[2026-09-22 12:47:00] [INFO] ==================================================
[2026-09-22 12:47:00] [INFO] OVERSTAY CRON STARTED
[2026-09-22 12:47:00] [INFO] ==================================================
[2026-09-22 12:47:00] [INFO] [OVERSTAY] Current India Date/Time: 22/09/2026 12:47:00
[2026-09-22 12:47:00] [INFO] [OVERSTAY] Timezone: Asia/Kolkata
[2026-09-22 12:47:00] [INFO] [SUBSCRIPTION] Expiry cron triggered
[2026-09-22 12:47:00] [INFO] ==================================================
[2026-09-22 12:47:00] [INFO] SUBSCRIPTION EXPIRY CRON STARTED
[2026-09-22 12:47:00] [INFO] ==================================================
[2026-09-22 12:47:00] [INFO] [SUBSCRIPTION] Current India Date: 2026-09-22
[2026-09-22 12:47:00] [INFO] [OVERSTAY] Staying customers found: 0
[2026-09-22 12:47:00] [INFO] ==================================================
[2026-09-22 12:47:00] [INFO] OVERSTAY CRON COMPLETED
[2026-09-22 12:47:00] [INFO] ==================================================
[2026-09-22 12:47:00] [INFO] [SUBSCRIPTION] Subscriptions found: 2
[2026-09-22 12:47:00] [INFO] [SUBSCRIPTION] mani hotel | Expiry: 2026-10-16 | Days Remaining: 24
[2026-09-22 12:47:00] [INFO] [SUBSCRIPTION] hotel 2 | Expiry: 2026-10-17 | Days Remaining: 25
[2026-09-22 12:47:00] [INFO] ==================================================
[2026-09-22 12:47:00] [INFO] SUBSCRIPTION EXPIRY CRON COMPLETED
[2026-09-22 12:47:00] [INFO] ==================================================
[2026-09-22 12:48:00] [INFO] [OVERSTAY] Cron triggered
[2026-09-22 12:48:00] [INFO] ==================================================
[2026-09-22 12:48:00] [INFO] OVERSTAY CRON STARTED
[2026-09-22 12:48:00] [INFO] ==================================================
[2026-09-22 12:48:00] [INFO] [OVERSTAY] Current India Date/Time: 22/09/2026 12:48:00
[2026-09-22 12:48:00] [INFO] [OVERSTAY] Timezone: Asia/Kolkata
[2026-09-22 12:48:00] [INFO] [SUBSCRIPTION] Expiry cron triggered
[2026-09-22 12:48:00] [INFO] ==================================================
[2026-09-22 12:48:00] [INFO] SUBSCRIPTION EXPIRY CRON STARTED
[2026-09-22 12:48:00] [INFO] ==================================================
[2026-09-22 12:48:00] [INFO] [SUBSCRIPTION] Current India Date: 2026-09-22
[2026-09-22 12:48:00] [INFO] [OVERSTAY] Staying customers found: 0
[2026-09-22 12:48:00] [INFO] ==================================================
[2026-09-22 12:48:00] [INFO] OVERSTAY CRON COMPLETED
[2026-09-22 12:48:00] [INFO] ==================================================
[2026-09-22 12:48:00] [INFO] [SUBSCRIPTION] Subscriptions found: 2
[2026-09-22 12:48:00] [INFO] [SUBSCRIPTION] mani hotel | Expiry: 2026-10-16 | Days Remaining: 24
[2026-09-22 12:48:00] [INFO] [SUBSCRIPTION] hotel 2 | Expiry: 2026-10-17 | Days Remaining: 25
[2026-09-22 12:48:00] [INFO] ==================================================
[2026-09-22 12:48:00] [INFO] SUBSCRIPTION EXPIRY CRON COMPLETED
[2026-09-22 12:48:00] [INFO] ==================================================
[2026-09-22 12:49:00] [INFO] [OVERSTAY] Cron triggered
[2026-09-22 12:49:00] [INFO] ==================================================
[2026-09-22 12:49:00] [INFO] OVERSTAY CRON STARTED
[2026-09-22 12:49:00] [INFO] ==================================================
[2026-09-22 12:49:00] [INFO] [OVERSTAY] Current India Date/Time: 22/09/2026 12:49:00
[2026-09-22 12:49:00] [INFO] [OVERSTAY] Timezone: Asia/Kolkata
[2026-09-22 12:49:00] [INFO] [SUBSCRIPTION] Expiry cron triggered
[2026-09-22 12:49:00] [INFO] ==================================================
[2026-09-22 12:49:00] [INFO] SUBSCRIPTION EXPIRY CRON STARTED
[2026-09-22 12:49:00] [INFO] ==================================================
[2026-09-22 12:49:00] [INFO] [SUBSCRIPTION] Current India Date: 2026-09-22
[2026-09-22 12:49:00] [INFO] [OVERSTAY] Staying customers found: 0
[2026-09-22 12:49:00] [INFO] ==================================================
[2026-09-22 12:49:00] [INFO] OVERSTAY CRON COMPLETED
[2026-09-22 12:49:00] [INFO] ==================================================
[2026-09-22 12:49:00] [INFO] [SUBSCRIPTION] Subscriptions found: 2
[2026-09-22 12:49:00] [INFO] [SUBSCRIPTION] mani hotel | Expiry: 2026-10-16 | Days Remaining: 24
[2026-09-22 12:49:00] [INFO] [SUBSCRIPTION] hotel 2 | Expiry: 2026-10-17 | Days Remaining: 25
[2026-09-22 12:49:00] [INFO] ==================================================
[2026-09-22 12:49:00] [INFO] SUBSCRIPTION EXPIRY CRON COMPLETED
[2026-09-22 12:49:00] [INFO] ==================================================
[2026-09-22 12:50:00] [INFO] [OVERSTAY] Cron triggered
[2026-09-22 12:50:00] [INFO] ==================================================
[2026-09-22 12:50:00] [INFO] OVERSTAY CRON STARTED
[2026-09-22 12:50:00] [INFO] ==================================================
[2026-09-22 12:50:00] [INFO] [OVERSTAY] Current India Date/Time: 22/09/2026 12:50:00
[2026-09-22 12:50:00] [INFO] [OVERSTAY] Timezone: Asia/Kolkata
[2026-09-22 12:50:00] [INFO] [SUBSCRIPTION] Expiry cron triggered
[2026-09-22 12:50:00] [INFO] ==================================================
[2026-09-22 12:50:00] [INFO] SUBSCRIPTION EXPIRY CRON STARTED
[2026-09-22 12:50:00] [INFO] ==================================================
[2026-09-22 12:50:00] [INFO] [SUBSCRIPTION] Current India Date: 2026-09-22
[2026-09-22 12:50:00] [INFO] [OVERSTAY] Staying customers found: 0
[2026-09-22 12:50:00] [INFO] ==================================================
[2026-09-22 12:50:00] [INFO] OVERSTAY CRON COMPLETED
[2026-09-22 12:50:00] [INFO] ==================================================
[2026-09-22 12:50:00] [INFO] [SUBSCRIPTION] Subscriptions found: 2
[2026-09-22 12:50:00] [INFO] [SUBSCRIPTION] mani hotel | Expiry: 2026-10-16 | Days Remaining: 24
[2026-09-22 12:50:00] [INFO] [SUBSCRIPTION] hotel 2 | Expiry: 2026-10-17 | Days Remaining: 25
[2026-09-22 12:50:00] [INFO] ==================================================
[2026-09-22 12:50:00] [INFO] SUBSCRIPTION EXPIRY CRON COMPLETED
[2026-09-22 12:50:00] [INFO] ==================================================
[2026-09-22 12:51:00] [INFO] [OVERSTAY] Cron triggered
[2026-09-22 12:51:00] [INFO] ==================================================
[2026-09-22 12:51:00] [INFO] OVERSTAY CRON STARTED
[2026-09-22 12:51:00] [INFO] ==================================================
[2026-09-22 12:51:00] [INFO] [OVERSTAY] Current India Date/Time: 22/09/2026 12:51:00
[2026-09-22 12:51:00] [INFO] [OVERSTAY] Timezone: Asia/Kolkata
[2026-09-22 12:51:00] [INFO] [SUBSCRIPTION] Expiry cron triggered
[2026-09-22 12:51:00] [INFO] ==================================================
[2026-09-22 12:51:00] [INFO] SUBSCRIPTION EXPIRY CRON STARTED
[2026-09-22 12:51:00] [INFO] ==================================================
[2026-09-22 12:51:00] [INFO] [SUBSCRIPTION] Current India Date: 2026-09-22
[2026-09-22 12:51:00] [INFO] [OVERSTAY] Staying customers found: 0
[2026-09-22 12:51:00] [INFO] ==================================================
[2026-09-22 12:51:00] [INFO] OVERSTAY CRON COMPLETED
[2026-09-22 12:51:00] [INFO] ==================================================
[2026-09-22 12:51:00] [INFO] [SUBSCRIPTION] Subscriptions found: 2
[2026-09-22 12:51:00] [INFO] [SUBSCRIPTION] mani hotel | Expiry: 2026-10-16 | Days Remaining: 24
[2026-09-22 12:51:00] [INFO] [SUBSCRIPTION] hotel 2 | Expiry: 2026-10-17 | Days Remaining: 25
[2026-09-22 12:51:00] [INFO] ==================================================
[2026-09-22 12:51:00] [INFO] SUBSCRIPTION EXPIRY CRON COMPLETED
[2026-09-22 12:51:00] [INFO] ==================================================
[2026-09-22 12:52:00] [INFO] [OVERSTAY] Cron triggered
[2026-09-22 12:52:00] [INFO] ==================================================
[2026-09-22 12:52:00] [INFO] OVERSTAY CRON STARTED
[2026-09-22 12:52:00] [INFO] ==================================================
[2026-09-22 12:52:00] [INFO] [OVERSTAY] Current India Date/Time: 22/09/2026 12:52:00
[2026-09-22 12:52:00] [INFO] [OVERSTAY] Timezone: Asia/Kolkata
[2026-09-22 12:52:00] [INFO] [SUBSCRIPTION] Expiry cron triggered
[2026-09-22 12:52:00] [INFO] ==================================================
[2026-09-22 12:52:00] [INFO] SUBSCRIPTION EXPIRY CRON STARTED
[2026-09-22 12:52:00] [INFO] ==================================================
[2026-09-22 12:52:00] [INFO] [SUBSCRIPTION] Current India Date: 2026-09-22
[2026-09-22 12:52:00] [INFO] [OVERSTAY] Staying customers found: 0
[2026-09-22 12:52:00] [INFO] ==================================================
[2026-09-22 12:52:00] [INFO] OVERSTAY CRON COMPLETED
[2026-09-22 12:52:00] [INFO] ==================================================
[2026-09-22 12:52:00] [INFO] [SUBSCRIPTION] Subscriptions found: 2
[2026-09-22 12:52:00] [INFO] [SUBSCRIPTION] mani hotel | Expiry: 2026-10-16 | Days Remaining: 24
[2026-09-22 12:52:00] [INFO] [SUBSCRIPTION] hotel 2 | Expiry: 2026-10-17 | Days Remaining: 25
[2026-09-22 12:52:00] [INFO] ==================================================
[2026-09-22 12:52:00] [INFO] SUBSCRIPTION EXPIRY CRON COMPLETED
[2026-09-22 12:52:00] [INFO] ==================================================
[2026-09-22 12:53:00] [INFO] [OVERSTAY] Cron triggered
[2026-09-22 12:53:00] [INFO] ==================================================
[2026-09-22 12:53:00] [INFO] OVERSTAY CRON STARTED
[2026-09-22 12:53:00] [INFO] ==================================================
[2026-09-22 12:53:00] [INFO] [OVERSTAY] Current India Date/Time: 22/09/2026 12:53:00
[2026-09-22 12:53:00] [INFO] [OVERSTAY] Timezone: Asia/Kolkata
[2026-09-22 12:53:00] [INFO] [SUBSCRIPTION] Expiry cron triggered
[2026-09-22 12:53:00] [INFO] ==================================================
[2026-09-22 12:53:00] [INFO] SUBSCRIPTION EXPIRY CRON STARTED
[2026-09-22 12:53:00] [INFO] ==================================================
[2026-09-22 12:53:00] [INFO] [SUBSCRIPTION] Current India Date: 2026-09-22
[2026-09-22 12:53:00] [INFO] [OVERSTAY] Staying customers found: 0
[2026-09-22 12:53:00] [INFO] ==================================================
[2026-09-22 12:53:00] [INFO] OVERSTAY CRON COMPLETED
[2026-09-22 12:53:00] [INFO] ==================================================
[2026-09-22 12:53:00] [INFO] [SUBSCRIPTION] Subscriptions found: 2
[2026-09-22 12:53:00] [INFO] [SUBSCRIPTION] mani hotel | Expiry: 2026-10-16 | Days Remaining: 24
[2026-09-22 12:53:00] [INFO] [SUBSCRIPTION] hotel 2 | Expiry: 2026-10-17 | Days Remaining: 25
[2026-09-22 12:53:00] [INFO] ==================================================
[2026-09-22 12:53:00] [INFO] SUBSCRIPTION EXPIRY CRON COMPLETED
[2026-09-22 12:53:00] [INFO] ==================================================
[2026-09-22 12:54:00] [INFO] [SUBSCRIPTION] Expiry cron triggered
[2026-09-22 12:54:00] [INFO] ==================================================
[2026-09-22 12:54:00] [INFO] SUBSCRIPTION EXPIRY CRON STARTED
[2026-09-22 12:54:00] [INFO] ==================================================
[2026-09-22 12:54:00] [INFO] [SUBSCRIPTION] Current India Date: 2026-09-22
[2026-09-22 12:54:00] [INFO] [OVERSTAY] Cron triggered
[2026-09-22 12:54:00] [INFO] ==================================================
[2026-09-22 12:54:00] [INFO] OVERSTAY CRON STARTED
[2026-09-22 12:54:00] [INFO] ==================================================
[2026-09-22 12:54:00] [INFO] [OVERSTAY] Current India Date/Time: 22/09/2026 12:54:00
[2026-09-22 12:54:00] [INFO] [OVERSTAY] Timezone: Asia/Kolkata
[2026-09-22 12:54:00] [INFO] [SUBSCRIPTION] Subscriptions found: 2
[2026-09-22 12:54:00] [INFO] [OVERSTAY] Staying customers found: 0
[2026-09-22 12:54:00] [INFO] ==================================================
[2026-09-22 12:54:00] [INFO] OVERSTAY CRON COMPLETED
[2026-09-22 12:54:00] [INFO] ==================================================
[2026-09-22 12:54:00] [INFO] [SUBSCRIPTION] mani hotel | Expiry: 2026-10-16 | Days Remaining: 24
[2026-09-22 12:54:00] [INFO] [SUBSCRIPTION] hotel 2 | Expiry: 2026-10-17 | Days Remaining: 25
[2026-09-22 12:54:00] [INFO] ==================================================
[2026-09-22 12:54:00] [INFO] SUBSCRIPTION EXPIRY CRON COMPLETED
[2026-09-22 12:54:00] [INFO] ==================================================
[2026-09-22 12:55:00] [INFO] [SUBSCRIPTION] Expiry cron triggered
[2026-09-22 12:55:00] [INFO] ==================================================
[2026-09-22 12:55:00] [INFO] SUBSCRIPTION EXPIRY CRON STARTED
[2026-09-22 12:55:00] [INFO] ==================================================
[2026-09-22 12:55:00] [INFO] [SUBSCRIPTION] Current India Date: 2026-09-22
[2026-09-22 12:55:00] [INFO] [OVERSTAY] Cron triggered
[2026-09-22 12:55:00] [INFO] ==================================================
[2026-09-22 12:55:00] [INFO] OVERSTAY CRON STARTED
[2026-09-22 12:55:00] [INFO] ==================================================
[2026-09-22 12:55:00] [INFO] [OVERSTAY] Current India Date/Time: 22/09/2026 12:55:00
[2026-09-22 12:55:00] [INFO] [OVERSTAY] Timezone: Asia/Kolkata
[2026-09-22 12:55:00] [INFO] [SUBSCRIPTION] Subscriptions found: 2
[2026-09-22 12:55:00] [INFO] [OVERSTAY] Staying customers found: 0
[2026-09-22 12:55:00] [INFO] ==================================================
[2026-09-22 12:55:00] [INFO] OVERSTAY CRON COMPLETED
[2026-09-22 12:55:00] [INFO] ==================================================
[2026-09-22 12:55:00] [INFO] [SUBSCRIPTION] mani hotel | Expiry: 2026-10-16 | Days Remaining: 24
[2026-09-22 12:55:00] [INFO] [SUBSCRIPTION] hotel 2 | Expiry: 2026-10-17 | Days Remaining: 25
[2026-09-22 12:55:00] [INFO] ==================================================
[2026-09-22 12:55:00] [INFO] SUBSCRIPTION EXPIRY CRON COMPLETED
[2026-09-22 12:55:00] [INFO] ==================================================
[2026-09-22 12:56:00] [INFO] [SUBSCRIPTION] Expiry cron triggered
[2026-09-22 12:56:00] [INFO] ==================================================
[2026-09-22 12:56:00] [INFO] SUBSCRIPTION EXPIRY CRON STARTED
[2026-09-22 12:56:00] [INFO] ==================================================
[2026-09-22 12:56:00] [INFO] [SUBSCRIPTION] Current India Date: 2026-09-22
[2026-09-22 12:56:00] [INFO] [OVERSTAY] Cron triggered
[2026-09-22 12:56:00] [INFO] ==================================================
[2026-09-22 12:56:00] [INFO] OVERSTAY CRON STARTED
[2026-09-22 12:56:00] [INFO] ==================================================
[2026-09-22 12:56:00] [INFO] [OVERSTAY] Current India Date/Time: 22/09/2026 12:56:00
[2026-09-22 12:56:00] [INFO] [OVERSTAY] Timezone: Asia/Kolkata
[2026-09-22 12:56:00] [INFO] [OVERSTAY] Staying customers found: 0
[2026-09-22 12:56:00] [INFO] ==================================================
[2026-09-22 12:56:00] [INFO] OVERSTAY CRON COMPLETED
[2026-09-22 12:56:00] [INFO] ==================================================
[2026-09-22 12:56:00] [INFO] [SUBSCRIPTION] Subscriptions found: 2
[2026-09-22 12:56:00] [INFO] [SUBSCRIPTION] mani hotel | Expiry: 2026-10-16 | Days Remaining: 24
[2026-09-22 12:56:00] [INFO] [SUBSCRIPTION] hotel 2 | Expiry: 2026-10-17 | Days Remaining: 25
[2026-09-22 12:56:00] [INFO] ==================================================
[2026-09-22 12:56:00] [INFO] SUBSCRIPTION EXPIRY CRON COMPLETED
[2026-09-22 12:56:00] [INFO] ==================================================
[2026-09-22 12:57:00] [INFO] [SUBSCRIPTION] Expiry cron triggered
[2026-09-22 12:57:00] [INFO] ==================================================
[2026-09-22 12:57:00] [INFO] SUBSCRIPTION EXPIRY CRON STARTED
[2026-09-22 12:57:00] [INFO] ==================================================
[2026-09-22 12:57:00] [INFO] [SUBSCRIPTION] Current India Date: 2026-09-22
[2026-09-22 12:57:00] [INFO] [OVERSTAY] Cron triggered
[2026-09-22 12:57:00] [INFO] ==================================================
[2026-09-22 12:57:00] [INFO] OVERSTAY CRON STARTED
[2026-09-22 12:57:00] [INFO] ==================================================
[2026-09-22 12:57:00] [INFO] [OVERSTAY] Current India Date/Time: 22/09/2026 12:57:00
[2026-09-22 12:57:00] [INFO] [OVERSTAY] Timezone: Asia/Kolkata
[2026-09-22 12:57:00] [INFO] [OVERSTAY] Staying customers found: 0
[2026-09-22 12:57:00] [INFO] ==================================================
[2026-09-22 12:57:00] [INFO] OVERSTAY CRON COMPLETED
[2026-09-22 12:57:00] [INFO] ==================================================
[2026-09-22 12:57:00] [INFO] [SUBSCRIPTION] Subscriptions found: 2
[2026-09-22 12:57:00] [INFO] [SUBSCRIPTION] mani hotel | Expiry: 2026-10-16 | Days Remaining: 24
[2026-09-22 12:57:00] [INFO] [SUBSCRIPTION] hotel 2 | Expiry: 2026-10-17 | Days Remaining: 25
[2026-09-22 12:57:00] [INFO] ==================================================
[2026-09-22 12:57:00] [INFO] SUBSCRIPTION EXPIRY CRON COMPLETED
[2026-09-22 12:57:00] [INFO] ==================================================
[2026-09-22 12:58:00] [INFO] [SUBSCRIPTION] Expiry cron triggered
[2026-09-22 12:58:00] [INFO] ==================================================
[2026-09-22 12:58:00] [INFO] SUBSCRIPTION EXPIRY CRON STARTED
[2026-09-22 12:58:00] [INFO] ==================================================
[2026-09-22 12:58:00] [INFO] [SUBSCRIPTION] Current India Date: 2026-09-22
[2026-09-22 12:58:00] [INFO] [OVERSTAY] Cron triggered
[2026-09-22 12:58:00] [INFO] ==================================================
[2026-09-22 12:58:00] [INFO] OVERSTAY CRON STARTED
[2026-09-22 12:58:00] [INFO] ==================================================
[2026-09-22 12:58:00] [INFO] [OVERSTAY] Current India Date/Time: 22/09/2026 12:58:00
[2026-09-22 12:58:00] [INFO] [OVERSTAY] Timezone: Asia/Kolkata
[2026-09-22 12:58:00] [INFO] [OVERSTAY] Staying customers found: 0
[2026-09-22 12:58:00] [INFO] ==================================================
[2026-09-22 12:58:00] [INFO] OVERSTAY CRON COMPLETED
[2026-09-22 12:58:00] [INFO] ==================================================
[2026-09-22 12:58:00] [INFO] [SUBSCRIPTION] Subscriptions found: 2
[2026-09-22 12:58:00] [INFO] [SUBSCRIPTION] mani hotel | Expiry: 2026-10-16 | Days Remaining: 24
[2026-09-22 12:58:00] [INFO] [SUBSCRIPTION] hotel 2 | Expiry: 2026-10-17 | Days Remaining: 25
[2026-09-22 12:58:00] [INFO] ==================================================
[2026-09-22 12:58:00] [INFO] SUBSCRIPTION EXPIRY CRON COMPLETED
[2026-09-22 12:58:00] [INFO] ==================================================
[2026-09-22 12:59:00] [INFO] [SUBSCRIPTION] Expiry cron triggered
[2026-09-22 12:59:00] [INFO] ==================================================
[2026-09-22 12:59:00] [INFO] SUBSCRIPTION EXPIRY CRON STARTED
[2026-09-22 12:59:00] [INFO] ==================================================
[2026-09-22 12:59:00] [INFO] [SUBSCRIPTION] Current India Date: 2026-09-22
[2026-09-22 12:59:00] [INFO] [OVERSTAY] Cron triggered
[2026-09-22 12:59:00] [INFO] ==================================================
[2026-09-22 12:59:00] [INFO] OVERSTAY CRON STARTED
[2026-09-22 12:59:00] [INFO] ==================================================
[2026-09-22 12:59:00] [INFO] [OVERSTAY] Current India Date/Time: 22/09/2026 12:59:00
[2026-09-22 12:59:00] [INFO] [OVERSTAY] Timezone: Asia/Kolkata
[2026-09-22 12:59:00] [INFO] [OVERSTAY] Staying customers found: 0
[2026-09-22 12:59:00] [INFO] ==================================================
[2026-09-22 12:59:00] [INFO] OVERSTAY CRON COMPLETED
[2026-09-22 12:59:00] [INFO] ==================================================
[2026-09-22 12:59:00] [INFO] [SUBSCRIPTION] Subscriptions found: 2
[2026-09-22 12:59:00] [INFO] [SUBSCRIPTION] mani hotel | Expiry: 2026-10-16 | Days Remaining: 24
[2026-09-22 12:59:00] [INFO] [SUBSCRIPTION] hotel 2 | Expiry: 2026-10-17 | Days Remaining: 25
[2026-09-22 12:59:00] [INFO] ==================================================
[2026-09-22 12:59:00] [INFO] SUBSCRIPTION EXPIRY CRON COMPLETED
[2026-09-22 12:59:00] [INFO] ==================================================
[2026-09-22 13:00:00] [INFO] [SUBSCRIPTION] Expiry cron triggered
[2026-09-22 13:00:00] [INFO] ==================================================
[2026-09-22 13:00:00] [INFO] SUBSCRIPTION EXPIRY CRON STARTED
[2026-09-22 13:00:00] [INFO] ==================================================
[2026-09-22 13:00:00] [INFO] [SUBSCRIPTION] Current India Date: 2026-09-22
[2026-09-22 13:00:00] [INFO] [OVERSTAY] Cron triggered
[2026-09-22 13:00:00] [INFO] ==================================================
[2026-09-22 13:00:00] [INFO] OVERSTAY CRON STARTED
[2026-09-22 13:00:00] [INFO] ==================================================
[2026-09-22 13:00:00] [INFO] [OVERSTAY] Current India Date/Time: 22/09/2026 13:00:00
[2026-09-22 13:00:00] [INFO] [OVERSTAY] Timezone: Asia/Kolkata
[2026-09-22 13:00:00] [INFO] [OVERSTAY] Staying customers found: 0
[2026-09-22 13:00:00] [INFO] ==================================================
[2026-09-22 13:00:00] [INFO] OVERSTAY CRON COMPLETED
[2026-09-22 13:00:00] [INFO] ==================================================
[2026-09-22 13:00:00] [INFO] [SUBSCRIPTION] Subscriptions found: 2
[2026-09-22 13:00:00] [INFO] [SUBSCRIPTION] mani hotel | Expiry: 2026-10-16 | Days Remaining: 24
[2026-09-22 13:00:00] [INFO] [SUBSCRIPTION] hotel 2 | Expiry: 2026-10-17 | Days Remaining: 25
[2026-09-22 13:00:00] [INFO] ==================================================
[2026-09-22 13:00:00] [INFO] SUBSCRIPTION EXPIRY CRON COMPLETED
[2026-09-22 13:00:00] [INFO] ==================================================
[2026-09-22 13:01:00] [INFO] [SUBSCRIPTION] Expiry cron triggered
[2026-09-22 13:01:00] [INFO] ==================================================
[2026-09-22 13:01:00] [INFO] SUBSCRIPTION EXPIRY CRON STARTED
[2026-09-22 13:01:00] [INFO] ==================================================
[2026-09-22 13:01:00] [INFO] [SUBSCRIPTION] Current India Date: 2026-09-22
[2026-09-22 13:01:00] [INFO] [OVERSTAY] Cron triggered
[2026-09-22 13:01:00] [INFO] ==================================================
[2026-09-22 13:01:00] [INFO] OVERSTAY CRON STARTED
[2026-09-22 13:01:00] [INFO] ==================================================
[2026-09-22 13:01:00] [INFO] [OVERSTAY] Current India Date/Time: 22/09/2026 13:01:00
[2026-09-22 13:01:00] [INFO] [OVERSTAY] Timezone: Asia/Kolkata
[2026-09-22 13:01:00] [INFO] [OVERSTAY] Staying customers found: 0
[2026-09-22 13:01:00] [INFO] ==================================================
[2026-09-22 13:01:00] [INFO] OVERSTAY CRON COMPLETED
[2026-09-22 13:01:00] [INFO] ==================================================
[2026-09-22 13:01:00] [INFO] [SUBSCRIPTION] Subscriptions found: 2
[2026-09-22 13:01:00] [INFO] [SUBSCRIPTION] mani hotel | Expiry: 2026-10-16 | Days Remaining: 24
[2026-09-22 13:01:00] [INFO] [SUBSCRIPTION] hotel 2 | Expiry: 2026-10-17 | Days Remaining: 25
[2026-09-22 13:01:00] [INFO] ==================================================
[2026-09-22 13:01:00] [INFO] SUBSCRIPTION EXPIRY CRON COMPLETED
[2026-09-22 13:01:00] [INFO] ==================================================
[2026-09-22 13:02:00] [INFO] [SUBSCRIPTION] Expiry cron triggered
[2026-09-22 13:02:00] [INFO] ==================================================
[2026-09-22 13:02:00] [INFO] SUBSCRIPTION EXPIRY CRON STARTED
[2026-09-22 13:02:00] [INFO] ==================================================
[2026-09-22 13:02:00] [INFO] [SUBSCRIPTION] Current India Date: 2026-09-22
[2026-09-22 13:02:00] [INFO] [OVERSTAY] Cron triggered
[2026-09-22 13:02:00] [INFO] ==================================================
[2026-09-22 13:02:00] [INFO] OVERSTAY CRON STARTED
[2026-09-22 13:02:00] [INFO] ==================================================
[2026-09-22 13:02:00] [INFO] [OVERSTAY] Current India Date/Time: 22/09/2026 13:02:00
[2026-09-22 13:02:00] [INFO] [OVERSTAY] Timezone: Asia/Kolkata
[2026-09-22 13:02:00] [INFO] [OVERSTAY] Staying customers found: 0
[2026-09-22 13:02:00] [INFO] ==================================================
[2026-09-22 13:02:00] [INFO] OVERSTAY CRON COMPLETED
[2026-09-22 13:02:00] [INFO] ==================================================
[2026-09-22 13:02:00] [INFO] [SUBSCRIPTION] Subscriptions found: 2
[2026-09-22 13:02:00] [INFO] [SUBSCRIPTION] mani hotel | Expiry: 2026-10-16 | Days Remaining: 24
[2026-09-22 13:02:00] [INFO] [SUBSCRIPTION] hotel 2 | Expiry: 2026-10-17 | Days Remaining: 25
[2026-09-22 13:02:00] [INFO] ==================================================
[2026-09-22 13:02:00] [INFO] SUBSCRIPTION EXPIRY CRON COMPLETED
[2026-09-22 13:02:00] [INFO] ==================================================
[2026-09-22 13:03:00] [INFO] [SUBSCRIPTION] Expiry cron triggered
[2026-09-22 13:03:00] [INFO] ==================================================
[2026-09-22 13:03:00] [INFO] SUBSCRIPTION EXPIRY CRON STARTED
[2026-09-22 13:03:00] [INFO] ==================================================
[2026-09-22 13:03:00] [INFO] [SUBSCRIPTION] Current India Date: 2026-09-22
[2026-09-22 13:03:00] [INFO] [OVERSTAY] Cron triggered
[2026-09-22 13:03:00] [INFO] ==================================================
[2026-09-22 13:03:00] [INFO] OVERSTAY CRON STARTED
[2026-09-22 13:03:00] [INFO] ==================================================
[2026-09-22 13:03:00] [INFO] [OVERSTAY] Current India Date/Time: 22/09/2026 13:03:00
[2026-09-22 13:03:00] [INFO] [OVERSTAY] Timezone: Asia/Kolkata
[2026-09-22 13:03:00] [INFO] [OVERSTAY] Staying customers found: 0
[2026-09-22 13:03:00] [INFO] ==================================================
[2026-09-22 13:03:00] [INFO] OVERSTAY CRON COMPLETED
[2026-09-22 13:03:00] [INFO] ==================================================
[2026-09-22 13:03:00] [INFO] [SUBSCRIPTION] Subscriptions found: 2
[2026-09-22 13:03:00] [INFO] [SUBSCRIPTION] mani hotel | Expiry: 2026-10-16 | Days Remaining: 24
[2026-09-22 13:03:00] [INFO] [SUBSCRIPTION] hotel 2 | Expiry: 2026-10-17 | Days Remaining: 25
[2026-09-22 13:03:00] [INFO] ==================================================
[2026-09-22 13:03:00] [INFO] SUBSCRIPTION EXPIRY CRON COMPLETED
[2026-09-22 13:03:00] [INFO] ==================================================
[2026-09-22 13:04:00] [INFO] [SUBSCRIPTION] Expiry cron triggered
[2026-09-22 13:04:00] [INFO] ==================================================
[2026-09-22 13:04:00] [INFO] SUBSCRIPTION EXPIRY CRON STARTED
[2026-09-22 13:04:00] [INFO] ==================================================
[2026-09-22 13:04:00] [INFO] [SUBSCRIPTION] Current India Date: 2026-09-22
[2026-09-22 13:04:00] [INFO] [OVERSTAY] Cron triggered
[2026-09-22 13:04:00] [INFO] ==================================================
[2026-09-22 13:04:00] [INFO] OVERSTAY CRON STARTED
[2026-09-22 13:04:00] [INFO] ==================================================
[2026-09-22 13:04:00] [INFO] [OVERSTAY] Current India Date/Time: 22/09/2026 13:04:00
[2026-09-22 13:04:00] [INFO] [OVERSTAY] Timezone: Asia/Kolkata
[2026-09-22 13:04:00] [INFO] [OVERSTAY] Staying customers found: 0
[2026-09-22 13:04:00] [INFO] ==================================================
[2026-09-22 13:04:00] [INFO] OVERSTAY CRON COMPLETED
[2026-09-22 13:04:00] [INFO] ==================================================
[2026-09-22 13:04:00] [INFO] [SUBSCRIPTION] Subscriptions found: 2
[2026-09-22 13:04:00] [INFO] [SUBSCRIPTION] mani hotel | Expiry: 2026-10-16 | Days Remaining: 24
[2026-09-22 13:04:00] [INFO] [SUBSCRIPTION] hotel 2 | Expiry: 2026-10-17 | Days Remaining: 25
[2026-09-22 13:04:00] [INFO] ==================================================
[2026-09-22 13:04:00] [INFO] SUBSCRIPTION EXPIRY CRON COMPLETED
[2026-09-22 13:04:00] [INFO] ==================================================
[2026-09-22 13:04:02] [INFO] Hotel registrations retrieved successfully. Total registrations: 3
[2026-09-22 13:04:02] [INFO] Hotel registrations retrieved successfully. Total registrations: 3
[2026-09-22 13:05:00] [INFO] [SUBSCRIPTION] Expiry cron triggered
[2026-09-22 13:05:00] [INFO] ==================================================
[2026-09-22 13:05:00] [INFO] SUBSCRIPTION EXPIRY CRON STARTED
[2026-09-22 13:05:00] [INFO] ==================================================
[2026-09-22 13:05:00] [INFO] [SUBSCRIPTION] Current India Date: 2026-09-22
[2026-09-22 13:05:00] [INFO] [OVERSTAY] Cron triggered
[2026-09-22 13:05:00] [INFO] ==================================================
[2026-09-22 13:05:00] [INFO] OVERSTAY CRON STARTED
[2026-09-22 13:05:00] [INFO] ==================================================
[2026-09-22 13:05:00] [INFO] [OVERSTAY] Current India Date/Time: 22/09/2026 13:05:00
[2026-09-22 13:05:00] [INFO] [OVERSTAY] Timezone: Asia/Kolkata
[2026-09-22 13:05:00] [INFO] [OVERSTAY] Staying customers found: 0
[2026-09-22 13:05:00] [INFO] ==================================================
[2026-09-22 13:05:00] [INFO] OVERSTAY CRON COMPLETED
[2026-09-22 13:05:00] [INFO] ==================================================
[2026-09-22 13:05:00] [INFO] [SUBSCRIPTION] Subscriptions found: 2
[2026-09-22 13:05:00] [INFO] [SUBSCRIPTION] mani hotel | Expiry: 2026-10-16 | Days Remaining: 24
[2026-09-22 13:05:00] [INFO] [SUBSCRIPTION] hotel 2 | Expiry: 2026-10-17 | Days Remaining: 25
[2026-09-22 13:05:00] [INFO] ==================================================
[2026-09-22 13:05:00] [INFO] SUBSCRIPTION EXPIRY CRON COMPLETED
[2026-09-22 13:05:00] [INFO] ==================================================
[2026-09-22 13:06:00] [INFO] [SUBSCRIPTION] Expiry cron triggered
[2026-09-22 13:06:00] [INFO] ==================================================
[2026-09-22 13:06:00] [INFO] SUBSCRIPTION EXPIRY CRON STARTED
[2026-09-22 13:06:00] [INFO] ==================================================
[2026-09-22 13:06:00] [INFO] [SUBSCRIPTION] Current India Date: 2026-09-22
[2026-09-22 13:06:00] [INFO] [OVERSTAY] Cron triggered
[2026-09-22 13:06:00] [INFO] ==================================================
[2026-09-22 13:06:00] [INFO] OVERSTAY CRON STARTED
[2026-09-22 13:06:00] [INFO] ==================================================
[2026-09-22 13:06:00] [INFO] [OVERSTAY] Current India Date/Time: 22/09/2026 13:06:00
[2026-09-22 13:06:00] [INFO] [OVERSTAY] Timezone: Asia/Kolkata
[2026-09-22 13:06:00] [INFO] [OVERSTAY] Staying customers found: 0
[2026-09-22 13:06:00] [INFO] ==================================================
[2026-09-22 13:06:00] [INFO] OVERSTAY CRON COMPLETED
[2026-09-22 13:06:00] [INFO] ==================================================
[2026-09-22 13:06:00] [INFO] [SUBSCRIPTION] Subscriptions found: 2
[2026-09-22 13:06:00] [INFO] [SUBSCRIPTION] mani hotel | Expiry: 2026-10-16 | Days Remaining: 24
[2026-09-22 13:06:00] [INFO] [SUBSCRIPTION] hotel 2 | Expiry: 2026-10-17 | Days Remaining: 25
[2026-09-22 13:06:00] [INFO] ==================================================
[2026-09-22 13:06:00] [INFO] SUBSCRIPTION EXPIRY CRON COMPLETED
[2026-09-22 13:06:00] [INFO] ==================================================
[2026-09-22 13:07:00] [INFO] [OVERSTAY] Cron triggered
[2026-09-22 13:07:00] [INFO] ==================================================
[2026-09-22 13:07:00] [INFO] OVERSTAY CRON STARTED
[2026-09-22 13:07:00] [INFO] ==================================================
[2026-09-22 13:07:00] [INFO] [OVERSTAY] Current India Date/Time: 22/09/2026 13:07:00
[2026-09-22 13:07:00] [INFO] [OVERSTAY] Timezone: Asia/Kolkata
[2026-09-22 13:07:00] [INFO] [SUBSCRIPTION] Expiry cron triggered
[2026-09-22 13:07:00] [INFO] ==================================================
[2026-09-22 13:07:00] [INFO] SUBSCRIPTION EXPIRY CRON STARTED
[2026-09-22 13:07:00] [INFO] ==================================================
[2026-09-22 13:07:00] [INFO] [SUBSCRIPTION] Current India Date: 2026-09-22
[2026-09-22 13:07:00] [INFO] [OVERSTAY] Staying customers found: 0
[2026-09-22 13:07:00] [INFO] ==================================================
[2026-09-22 13:07:00] [INFO] OVERSTAY CRON COMPLETED
[2026-09-22 13:07:00] [INFO] ==================================================
[2026-09-22 13:07:00] [INFO] [SUBSCRIPTION] Subscriptions found: 2
[2026-09-22 13:07:00] [INFO] [SUBSCRIPTION] mani hotel | Expiry: 2026-10-16 | Days Remaining: 24
[2026-09-22 13:07:00] [INFO] [SUBSCRIPTION] hotel 2 | Expiry: 2026-10-17 | Days Remaining: 25
[2026-09-22 13:07:00] [INFO] ==================================================
[2026-09-22 13:07:00] [INFO] SUBSCRIPTION EXPIRY CRON COMPLETED
[2026-09-22 13:07:00] [INFO] ==================================================
[2026-09-22 13:08:00] [INFO] [OVERSTAY] Cron triggered
[2026-09-22 13:08:00] [INFO] ==================================================
[2026-09-22 13:08:00] [INFO] OVERSTAY CRON STARTED
[2026-09-22 13:08:00] [INFO] ==================================================
[2026-09-22 13:08:00] [INFO] [OVERSTAY] Current India Date/Time: 22/09/2026 13:08:00
[2026-09-22 13:08:00] [INFO] [OVERSTAY] Timezone: Asia/Kolkata
[2026-09-22 13:08:00] [INFO] [SUBSCRIPTION] Expiry cron triggered
[2026-09-22 13:08:00] [INFO] ==================================================
[2026-09-22 13:08:00] [INFO] SUBSCRIPTION EXPIRY CRON STARTED
[2026-09-22 13:08:00] [INFO] ==================================================
[2026-09-22 13:08:00] [INFO] [SUBSCRIPTION] Current India Date: 2026-09-22
[2026-09-22 13:08:00] [INFO] [OVERSTAY] Staying customers found: 0
[2026-09-22 13:08:00] [INFO] ==================================================
[2026-09-22 13:08:00] [INFO] OVERSTAY CRON COMPLETED
[2026-09-22 13:08:00] [INFO] ==================================================
[2026-09-22 13:08:00] [INFO] [SUBSCRIPTION] Subscriptions found: 2
[2026-09-22 13:08:00] [INFO] [SUBSCRIPTION] mani hotel | Expiry: 2026-10-16 | Days Remaining: 24
[2026-09-22 13:08:00] [INFO] [SUBSCRIPTION] hotel 2 | Expiry: 2026-10-17 | Days Remaining: 25
[2026-09-22 13:08:00] [INFO] ==================================================
[2026-09-22 13:08:00] [INFO] SUBSCRIPTION EXPIRY CRON COMPLETED
[2026-09-22 13:08:00] [INFO] ==================================================
[2026-09-22 13:09:00] [INFO] [OVERSTAY] Cron triggered
[2026-09-22 13:09:00] [INFO] ==================================================
[2026-09-22 13:09:00] [INFO] OVERSTAY CRON STARTED
[2026-09-22 13:09:00] [INFO] ==================================================
[2026-09-22 13:09:00] [INFO] [OVERSTAY] Current India Date/Time: 22/09/2026 13:09:00
[2026-09-22 13:09:00] [INFO] [OVERSTAY] Timezone: Asia/Kolkata
[2026-09-22 13:09:00] [INFO] [SUBSCRIPTION] Expiry cron triggered
[2026-09-22 13:09:00] [INFO] ==================================================
[2026-09-22 13:09:00] [INFO] SUBSCRIPTION EXPIRY CRON STARTED
[2026-09-22 13:09:00] [INFO] ==================================================
[2026-09-22 13:09:00] [INFO] [SUBSCRIPTION] Current India Date: 2026-09-22
[2026-09-22 13:09:00] [INFO] [OVERSTAY] Staying customers found: 0
[2026-09-22 13:09:00] [INFO] ==================================================
[2026-09-22 13:09:00] [INFO] OVERSTAY CRON COMPLETED
[2026-09-22 13:09:00] [INFO] ==================================================
[2026-09-22 13:09:00] [INFO] [SUBSCRIPTION] Subscriptions found: 2
[2026-09-22 13:09:00] [INFO] [SUBSCRIPTION] mani hotel | Expiry: 2026-10-16 | Days Remaining: 24
[2026-09-22 13:09:00] [INFO] [SUBSCRIPTION] hotel 2 | Expiry: 2026-10-17 | Days Remaining: 25
[2026-09-22 13:09:00] [INFO] ==================================================
[2026-09-22 13:09:00] [INFO] SUBSCRIPTION EXPIRY CRON COMPLETED
[2026-09-22 13:09:00] [INFO] ==================================================
[2026-09-22 13:10:00] [INFO] [OVERSTAY] Cron triggered
[2026-09-22 13:10:00] [INFO] ==================================================
[2026-09-22 13:10:00] [INFO] OVERSTAY CRON STARTED
[2026-09-22 13:10:00] [INFO] ==================================================
[2026-09-22 13:10:00] [INFO] [OVERSTAY] Current India Date/Time: 22/09/2026 13:10:00
[2026-09-22 13:10:00] [INFO] [OVERSTAY] Timezone: Asia/Kolkata
[2026-09-22 13:10:00] [INFO] [SUBSCRIPTION] Expiry cron triggered
[2026-09-22 13:10:00] [INFO] ==================================================
[2026-09-22 13:10:00] [INFO] SUBSCRIPTION EXPIRY CRON STARTED
[2026-09-22 13:10:00] [INFO] ==================================================
[2026-09-22 13:10:00] [INFO] [SUBSCRIPTION] Current India Date: 2026-09-22
[2026-09-22 13:10:00] [INFO] [OVERSTAY] Staying customers found: 0
[2026-09-22 13:10:00] [INFO] ==================================================
[2026-09-22 13:10:00] [INFO] OVERSTAY CRON COMPLETED
[2026-09-22 13:10:00] [INFO] ==================================================
[2026-09-22 13:10:00] [INFO] [SUBSCRIPTION] Subscriptions found: 2
[2026-09-22 13:10:00] [INFO] [SUBSCRIPTION] mani hotel | Expiry: 2026-10-16 | Days Remaining: 24
[2026-09-22 13:10:00] [INFO] [SUBSCRIPTION] hotel 2 | Expiry: 2026-10-17 | Days Remaining: 25
[2026-09-22 13:10:00] [INFO] ==================================================
[2026-09-22 13:10:00] [INFO] SUBSCRIPTION EXPIRY CRON COMPLETED
[2026-09-22 13:10:00] [INFO] ==================================================
[2026-09-22 13:11:00] [INFO] [OVERSTAY] Cron triggered
[2026-09-22 13:11:00] [INFO] ==================================================
[2026-09-22 13:11:00] [INFO] OVERSTAY CRON STARTED
[2026-09-22 13:11:00] [INFO] ==================================================
[2026-09-22 13:11:00] [INFO] [OVERSTAY] Current India Date/Time: 22/09/2026 13:11:00
[2026-09-22 13:11:00] [INFO] [OVERSTAY] Timezone: Asia/Kolkata
[2026-09-22 13:11:00] [INFO] [SUBSCRIPTION] Expiry cron triggered
[2026-09-22 13:11:00] [INFO] ==================================================
[2026-09-22 13:11:00] [INFO] SUBSCRIPTION EXPIRY CRON STARTED
[2026-09-22 13:11:00] [INFO] ==================================================
[2026-09-22 13:11:00] [INFO] [SUBSCRIPTION] Current India Date: 2026-09-22
[2026-09-22 13:11:00] [INFO] [OVERSTAY] Staying customers found: 0
[2026-09-22 13:11:00] [INFO] ==================================================
[2026-09-22 13:11:00] [INFO] OVERSTAY CRON COMPLETED
[2026-09-22 13:11:00] [INFO] ==================================================
[2026-09-22 13:11:00] [INFO] [SUBSCRIPTION] Subscriptions found: 2
[2026-09-22 13:11:00] [INFO] [SUBSCRIPTION] mani hotel | Expiry: 2026-10-16 | Days Remaining: 24
[2026-09-22 13:11:00] [INFO] [SUBSCRIPTION] hotel 2 | Expiry: 2026-10-17 | Days Remaining: 25
[2026-09-22 13:11:00] [INFO] ==================================================
[2026-09-22 13:11:00] [INFO] SUBSCRIPTION EXPIRY CRON COMPLETED
[2026-09-22 13:11:00] [INFO] ==================================================
[2026-09-22 13:12:00] [INFO] [OVERSTAY] Cron triggered
[2026-09-22 13:12:00] [INFO] ==================================================
[2026-09-22 13:12:00] [INFO] OVERSTAY CRON STARTED
[2026-09-22 13:12:00] [INFO] ==================================================
[2026-09-22 13:12:00] [INFO] [OVERSTAY] Current India Date/Time: 22/09/2026 13:12:00
[2026-09-22 13:12:00] [INFO] [OVERSTAY] Timezone: Asia/Kolkata
[2026-09-22 13:12:00] [INFO] [SUBSCRIPTION] Expiry cron triggered
[2026-09-22 13:12:00] [INFO] ==================================================
[2026-09-22 13:12:00] [INFO] SUBSCRIPTION EXPIRY CRON STARTED
[2026-09-22 13:12:00] [INFO] ==================================================
[2026-09-22 13:12:00] [INFO] [SUBSCRIPTION] Current India Date: 2026-09-22
[2026-09-22 13:12:00] [INFO] [OVERSTAY] Staying customers found: 0
[2026-09-22 13:12:00] [INFO] ==================================================
[2026-09-22 13:12:00] [INFO] OVERSTAY CRON COMPLETED
[2026-09-22 13:12:00] [INFO] ==================================================
[2026-09-22 13:12:00] [INFO] [SUBSCRIPTION] Subscriptions found: 2
[2026-09-22 13:12:00] [INFO] [SUBSCRIPTION] mani hotel | Expiry: 2026-10-16 | Days Remaining: 24
[2026-09-22 13:12:00] [INFO] [SUBSCRIPTION] hotel 2 | Expiry: 2026-10-17 | Days Remaining: 25
[2026-09-22 13:12:00] [INFO] ==================================================
[2026-09-22 13:12:00] [INFO] SUBSCRIPTION EXPIRY CRON COMPLETED
[2026-09-22 13:12:00] [INFO] ==================================================
[2026-09-22 13:13:00] [INFO] [OVERSTAY] Cron triggered
[2026-09-22 13:13:00] [INFO] ==================================================
[2026-09-22 13:13:00] [INFO] OVERSTAY CRON STARTED
[2026-09-22 13:13:00] [INFO] ==================================================
[2026-09-22 13:13:00] [INFO] [OVERSTAY] Current India Date/Time: 22/09/2026 13:13:00
[2026-09-22 13:13:00] [INFO] [OVERSTAY] Timezone: Asia/Kolkata
[2026-09-22 13:13:00] [INFO] [SUBSCRIPTION] Expiry cron triggered
[2026-09-22 13:13:00] [INFO] ==================================================
[2026-09-22 13:13:00] [INFO] SUBSCRIPTION EXPIRY CRON STARTED
[2026-09-22 13:13:00] [INFO] ==================================================
[2026-09-22 13:13:00] [INFO] [SUBSCRIPTION] Current India Date: 2026-09-22
[2026-09-22 13:13:00] [INFO] [OVERSTAY] Staying customers found: 0
[2026-09-22 13:13:00] [INFO] ==================================================
[2026-09-22 13:13:00] [INFO] OVERSTAY CRON COMPLETED
[2026-09-22 13:13:00] [INFO] ==================================================
[2026-09-22 13:13:00] [INFO] [SUBSCRIPTION] Subscriptions found: 2
[2026-09-22 13:13:00] [INFO] [SUBSCRIPTION] mani hotel | Expiry: 2026-10-16 | Days Remaining: 24
[2026-09-22 13:13:00] [INFO] [SUBSCRIPTION] hotel 2 | Expiry: 2026-10-17 | Days Remaining: 25
[2026-09-22 13:13:00] [INFO] ==================================================
[2026-09-22 13:13:00] [INFO] SUBSCRIPTION EXPIRY CRON COMPLETED
[2026-09-22 13:13:00] [INFO] ==================================================
[2026-09-22 13:14:00] [INFO] [OVERSTAY] Cron triggered
[2026-09-22 13:14:00] [INFO] ==================================================
[2026-09-22 13:14:00] [INFO] OVERSTAY CRON STARTED
[2026-09-22 13:14:00] [INFO] ==================================================
[2026-09-22 13:14:00] [INFO] [OVERSTAY] Current India Date/Time: 22/09/2026 13:14:00
[2026-09-22 13:14:00] [INFO] [OVERSTAY] Timezone: Asia/Kolkata
[2026-09-22 13:14:00] [INFO] [SUBSCRIPTION] Expiry cron triggered
[2026-09-22 13:14:00] [INFO] ==================================================
[2026-09-22 13:14:00] [INFO] SUBSCRIPTION EXPIRY CRON STARTED
[2026-09-22 13:14:00] [INFO] ==================================================
[2026-09-22 13:14:00] [INFO] [SUBSCRIPTION] Current India Date: 2026-09-22
[2026-09-22 13:14:00] [INFO] [OVERSTAY] Staying customers found: 0
[2026-09-22 13:14:00] [INFO] ==================================================
[2026-09-22 13:14:00] [INFO] OVERSTAY CRON COMPLETED
[2026-09-22 13:14:00] [INFO] ==================================================
[2026-09-22 13:14:00] [INFO] [SUBSCRIPTION] Subscriptions found: 2
[2026-09-22 13:14:00] [INFO] [SUBSCRIPTION] mani hotel | Expiry: 2026-10-16 | Days Remaining: 24
[2026-09-22 13:14:00] [INFO] [SUBSCRIPTION] hotel 2 | Expiry: 2026-10-17 | Days Remaining: 25
[2026-09-22 13:14:00] [INFO] ==================================================
[2026-09-22 13:14:00] [INFO] SUBSCRIPTION EXPIRY CRON COMPLETED
[2026-09-22 13:14:00] [INFO] ==================================================
[2026-09-22 13:15:00] [INFO] [SUBSCRIPTION] Expiry cron triggered
[2026-09-22 13:15:00] [INFO] ==================================================
[2026-09-22 13:15:00] [INFO] SUBSCRIPTION EXPIRY CRON STARTED
[2026-09-22 13:15:00] [INFO] ==================================================
[2026-09-22 13:15:00] [INFO] [SUBSCRIPTION] Current India Date: 2026-09-22
[2026-09-22 13:15:00] [INFO] [OVERSTAY] Cron triggered
[2026-09-22 13:15:00] [INFO] ==================================================
[2026-09-22 13:15:00] [INFO] OVERSTAY CRON STARTED
[2026-09-22 13:15:00] [INFO] ==================================================
[2026-09-22 13:15:00] [INFO] [OVERSTAY] Current India Date/Time: 22/09/2026 13:15:00
[2026-09-22 13:15:00] [INFO] [OVERSTAY] Timezone: Asia/Kolkata
[2026-09-22 13:15:00] [INFO] [OVERSTAY] Staying customers found: 0
[2026-09-22 13:15:00] [INFO] ==================================================
[2026-09-22 13:15:00] [INFO] OVERSTAY CRON COMPLETED
[2026-09-22 13:15:00] [INFO] ==================================================
[2026-09-22 13:15:00] [INFO] [SUBSCRIPTION] Subscriptions found: 2
[2026-09-22 13:15:00] [INFO] [SUBSCRIPTION] mani hotel | Expiry: 2026-10-16 | Days Remaining: 24
[2026-09-22 13:15:00] [INFO] [SUBSCRIPTION] hotel 2 | Expiry: 2026-10-17 | Days Remaining: 25
[2026-09-22 13:15:00] [INFO] ==================================================
[2026-09-22 13:15:00] [INFO] SUBSCRIPTION EXPIRY CRON COMPLETED
[2026-09-22 13:15:00] [INFO] ==================================================
[2026-09-22 13:16:00] [INFO] [SUBSCRIPTION] Expiry cron triggered
[2026-09-22 13:16:00] [INFO] ==================================================
[2026-09-22 13:16:00] [INFO] SUBSCRIPTION EXPIRY CRON STARTED
[2026-09-22 13:16:00] [INFO] ==================================================
[2026-09-22 13:16:00] [INFO] [SUBSCRIPTION] Current India Date: 2026-09-22
[2026-09-22 13:16:00] [INFO] [OVERSTAY] Cron triggered
[2026-09-22 13:16:00] [INFO] ==================================================
[2026-09-22 13:16:00] [INFO] OVERSTAY CRON STARTED
[2026-09-22 13:16:00] [INFO] ==================================================
[2026-09-22 13:16:00] [INFO] [OVERSTAY] Current India Date/Time: 22/09/2026 13:16:00
[2026-09-22 13:16:00] [INFO] [OVERSTAY] Timezone: Asia/Kolkata
[2026-09-22 13:16:00] [INFO] [OVERSTAY] Staying customers found: 0
[2026-09-22 13:16:00] [INFO] ==================================================
[2026-09-22 13:16:00] [INFO] OVERSTAY CRON COMPLETED
[2026-09-22 13:16:00] [INFO] ==================================================
[2026-09-22 13:16:00] [INFO] [SUBSCRIPTION] Subscriptions found: 2
[2026-09-22 13:16:00] [INFO] [SUBSCRIPTION] mani hotel | Expiry: 2026-10-16 | Days Remaining: 24
[2026-09-22 13:16:00] [INFO] [SUBSCRIPTION] hotel 2 | Expiry: 2026-10-17 | Days Remaining: 25
[2026-09-22 13:16:00] [INFO] ==================================================
[2026-09-22 13:16:00] [INFO] SUBSCRIPTION EXPIRY CRON COMPLETED
[2026-09-22 13:16:00] [INFO] ==================================================
[2026-09-22 13:17:00] [INFO] [SUBSCRIPTION] Expiry cron triggered
[2026-09-22 13:17:00] [INFO] ==================================================
[2026-09-22 13:17:00] [INFO] SUBSCRIPTION EXPIRY CRON STARTED
[2026-09-22 13:17:00] [INFO] ==================================================
[2026-09-22 13:17:00] [INFO] [SUBSCRIPTION] Current India Date: 2026-09-22
[2026-09-22 13:17:00] [INFO] [OVERSTAY] Cron triggered
[2026-09-22 13:17:00] [INFO] ==================================================
[2026-09-22 13:17:00] [INFO] OVERSTAY CRON STARTED
[2026-09-22 13:17:00] [INFO] ==================================================
[2026-09-22 13:17:00] [INFO] [OVERSTAY] Current India Date/Time: 22/09/2026 13:17:00
[2026-09-22 13:17:00] [INFO] [OVERSTAY] Timezone: Asia/Kolkata
[2026-09-22 13:17:00] [INFO] [OVERSTAY] Staying customers found: 0
[2026-09-22 13:17:00] [INFO] ==================================================
[2026-09-22 13:17:00] [INFO] OVERSTAY CRON COMPLETED
[2026-09-22 13:17:00] [INFO] ==================================================
[2026-09-22 13:17:00] [INFO] [SUBSCRIPTION] Subscriptions found: 2
[2026-09-22 13:17:00] [INFO] [SUBSCRIPTION] mani hotel | Expiry: 2026-10-16 | Days Remaining: 24
[2026-09-22 13:17:00] [INFO] [SUBSCRIPTION] hotel 2 | Expiry: 2026-10-17 | Days Remaining: 25
[2026-09-22 13:17:00] [INFO] ==================================================
[2026-09-22 13:17:00] [INFO] SUBSCRIPTION EXPIRY CRON COMPLETED
[2026-09-22 13:17:00] [INFO] ==================================================
[2026-09-22 13:18:00] [INFO] [SUBSCRIPTION] Expiry cron triggered
[2026-09-22 13:18:00] [INFO] ==================================================
[2026-09-22 13:18:00] [INFO] SUBSCRIPTION EXPIRY CRON STARTED
[2026-09-22 13:18:00] [INFO] ==================================================
[2026-09-22 13:18:00] [INFO] [SUBSCRIPTION] Current India Date: 2026-09-22
[2026-09-22 13:18:00] [INFO] [OVERSTAY] Cron triggered
[2026-09-22 13:18:00] [INFO] ==================================================
[2026-09-22 13:18:00] [INFO] OVERSTAY CRON STARTED
[2026-09-22 13:18:00] [INFO] ==================================================
[2026-09-22 13:18:00] [INFO] [OVERSTAY] Current India Date/Time: 22/09/2026 13:18:00
[2026-09-22 13:18:00] [INFO] [OVERSTAY] Timezone: Asia/Kolkata
[2026-09-22 13:18:00] [INFO] [OVERSTAY] Staying customers found: 0
[2026-09-22 13:18:00] [INFO] ==================================================
[2026-09-22 13:18:00] [INFO] OVERSTAY CRON COMPLETED
[2026-09-22 13:18:00] [INFO] ==================================================
[2026-09-22 13:18:00] [INFO] [SUBSCRIPTION] Subscriptions found: 2
[2026-09-22 13:18:00] [INFO] [SUBSCRIPTION] mani hotel | Expiry: 2026-10-16 | Days Remaining: 24
[2026-09-22 13:18:00] [INFO] [SUBSCRIPTION] hotel 2 | Expiry: 2026-10-17 | Days Remaining: 25
[2026-09-22 13:18:00] [INFO] ==================================================
[2026-09-22 13:18:00] [INFO] SUBSCRIPTION EXPIRY CRON COMPLETED
[2026-09-22 13:18:00] [INFO] ==================================================
[2026-09-22 13:19:00] [INFO] [SUBSCRIPTION] Expiry cron triggered
[2026-09-22 13:19:00] [INFO] ==================================================
[2026-09-22 13:19:00] [INFO] SUBSCRIPTION EXPIRY CRON STARTED
[2026-09-22 13:19:00] [INFO] ==================================================
[2026-09-22 13:19:00] [INFO] [SUBSCRIPTION] Current India Date: 2026-09-22
[2026-09-22 13:19:00] [INFO] [OVERSTAY] Cron triggered
[2026-09-22 13:19:00] [INFO] ==================================================
[2026-09-22 13:19:00] [INFO] OVERSTAY CRON STARTED
[2026-09-22 13:19:00] [INFO] ==================================================
[2026-09-22 13:19:00] [INFO] [OVERSTAY] Current India Date/Time: 22/09/2026 13:19:00
[2026-09-22 13:19:00] [INFO] [OVERSTAY] Timezone: Asia/Kolkata
[2026-09-22 13:19:00] [INFO] [OVERSTAY] Staying customers found: 0
[2026-09-22 13:19:00] [INFO] ==================================================
[2026-09-22 13:19:00] [INFO] OVERSTAY CRON COMPLETED
[2026-09-22 13:19:00] [INFO] ==================================================
[2026-09-22 13:19:00] [INFO] [SUBSCRIPTION] Subscriptions found: 2
[2026-09-22 13:19:00] [INFO] [SUBSCRIPTION] mani hotel | Expiry: 2026-10-16 | Days Remaining: 24
[2026-09-22 13:19:00] [INFO] [SUBSCRIPTION] hotel 2 | Expiry: 2026-10-17 | Days Remaining: 25
[2026-09-22 13:19:00] [INFO] ==================================================
[2026-09-22 13:19:00] [INFO] SUBSCRIPTION EXPIRY CRON COMPLETED
[2026-09-22 13:19:00] [INFO] ==================================================
[2026-09-22 13:20:00] [INFO] [SUBSCRIPTION] Expiry cron triggered
[2026-09-22 13:20:00] [INFO] ==================================================
[2026-09-22 13:20:00] [INFO] SUBSCRIPTION EXPIRY CRON STARTED
[2026-09-22 13:20:00] [INFO] ==================================================
[2026-09-22 13:20:00] [INFO] [SUBSCRIPTION] Current India Date: 2026-09-22
[2026-09-22 13:20:00] [INFO] [OVERSTAY] Cron triggered
[2026-09-22 13:20:00] [INFO] ==================================================
[2026-09-22 13:20:00] [INFO] OVERSTAY CRON STARTED
[2026-09-22 13:20:00] [INFO] ==================================================
[2026-09-22 13:20:00] [INFO] [OVERSTAY] Current India Date/Time: 22/09/2026 13:20:00
[2026-09-22 13:20:00] [INFO] [OVERSTAY] Timezone: Asia/Kolkata
[2026-09-22 13:20:00] [INFO] [OVERSTAY] Staying customers found: 0
[2026-09-22 13:20:00] [INFO] ==================================================
[2026-09-22 13:20:00] [INFO] OVERSTAY CRON COMPLETED
[2026-09-22 13:20:00] [INFO] ==================================================
[2026-09-22 13:20:00] [INFO] [SUBSCRIPTION] Subscriptions found: 2
[2026-09-22 13:20:00] [INFO] [SUBSCRIPTION] mani hotel | Expiry: 2026-10-16 | Days Remaining: 24
[2026-09-22 13:20:00] [INFO] [SUBSCRIPTION] hotel 2 | Expiry: 2026-10-17 | Days Remaining: 25
[2026-09-22 13:20:00] [INFO] ==================================================
[2026-09-22 13:20:00] [INFO] SUBSCRIPTION EXPIRY CRON COMPLETED
[2026-09-22 13:20:00] [INFO] ==================================================
[2026-09-22 13:21:00] [INFO] [SUBSCRIPTION] Expiry cron triggered
[2026-09-22 13:21:00] [INFO] ==================================================
[2026-09-22 13:21:00] [INFO] SUBSCRIPTION EXPIRY CRON STARTED
[2026-09-22 13:21:00] [INFO] ==================================================
[2026-09-22 13:21:00] [INFO] [SUBSCRIPTION] Current India Date: 2026-09-22
[2026-09-22 13:21:00] [INFO] [OVERSTAY] Cron triggered
[2026-09-22 13:21:00] [INFO] ==================================================
[2026-09-22 13:21:00] [INFO] OVERSTAY CRON STARTED
[2026-09-22 13:21:00] [INFO] ==================================================
[2026-09-22 13:21:00] [INFO] [OVERSTAY] Current India Date/Time: 22/09/2026 13:21:00
[2026-09-22 13:21:00] [INFO] [OVERSTAY] Timezone: Asia/Kolkata
[2026-09-22 13:21:00] [INFO] [OVERSTAY] Staying customers found: 0
[2026-09-22 13:21:00] [INFO] ==================================================
[2026-09-22 13:21:00] [INFO] OVERSTAY CRON COMPLETED
[2026-09-22 13:21:00] [INFO] ==================================================
[2026-09-22 13:21:00] [INFO] [SUBSCRIPTION] Subscriptions found: 2
[2026-09-22 13:21:00] [INFO] [SUBSCRIPTION] mani hotel | Expiry: 2026-10-16 | Days Remaining: 24
[2026-09-22 13:21:00] [INFO] [SUBSCRIPTION] hotel 2 | Expiry: 2026-10-17 | Days Remaining: 25
[2026-09-22 13:21:00] [INFO] ==================================================
[2026-09-22 13:21:00] [INFO] SUBSCRIPTION EXPIRY CRON COMPLETED
[2026-09-22 13:21:00] [INFO] ==================================================
[2026-09-22 13:22:00] [INFO] [SUBSCRIPTION] Expiry cron triggered
[2026-09-22 13:22:00] [INFO] ==================================================
[2026-09-22 13:22:00] [INFO] SUBSCRIPTION EXPIRY CRON STARTED
[2026-09-22 13:22:00] [INFO] ==================================================
[2026-09-22 13:22:00] [INFO] [SUBSCRIPTION] Current India Date: 2026-09-22
[2026-09-22 13:22:00] [INFO] [OVERSTAY] Cron triggered
[2026-09-22 13:22:00] [INFO] ==================================================
[2026-09-22 13:22:00] [INFO] OVERSTAY CRON STARTED
[2026-09-22 13:22:00] [INFO] ==================================================
[2026-09-22 13:22:00] [INFO] [OVERSTAY] Current India Date/Time: 22/09/2026 13:22:00
[2026-09-22 13:22:00] [INFO] [OVERSTAY] Timezone: Asia/Kolkata
[2026-09-22 13:22:00] [INFO] [OVERSTAY] Staying customers found: 0
[2026-09-22 13:22:00] [INFO] ==================================================
[2026-09-22 13:22:00] [INFO] OVERSTAY CRON COMPLETED
[2026-09-22 13:22:00] [INFO] ==================================================
[2026-09-22 13:22:00] [INFO] [SUBSCRIPTION] Subscriptions found: 2
[2026-09-22 13:22:00] [INFO] [SUBSCRIPTION] mani hotel | Expiry: 2026-10-16 | Days Remaining: 24
[2026-09-22 13:22:00] [INFO] [SUBSCRIPTION] hotel 2 | Expiry: 2026-10-17 | Days Remaining: 25
[2026-09-22 13:22:00] [INFO] ==================================================
[2026-09-22 13:22:00] [INFO] SUBSCRIPTION EXPIRY CRON COMPLETED
[2026-09-22 13:22:00] [INFO] ==================================================
[2026-09-22 13:23:00] [INFO] [SUBSCRIPTION] Expiry cron triggered
[2026-09-22 13:23:00] [INFO] ==================================================
[2026-09-22 13:23:00] [INFO] SUBSCRIPTION EXPIRY CRON STARTED
[2026-09-22 13:23:00] [INFO] ==================================================
[2026-09-22 13:23:00] [INFO] [SUBSCRIPTION] Current India Date: 2026-09-22
[2026-09-22 13:23:00] [INFO] [OVERSTAY] Cron triggered
[2026-09-22 13:23:00] [INFO] ==================================================
[2026-09-22 13:23:00] [INFO] OVERSTAY CRON STARTED
[2026-09-22 13:23:00] [INFO] ==================================================
[2026-09-22 13:23:00] [INFO] [OVERSTAY] Current India Date/Time: 22/09/2026 13:23:00
[2026-09-22 13:23:00] [INFO] [OVERSTAY] Timezone: Asia/Kolkata
[2026-09-22 13:23:00] [INFO] [OVERSTAY] Staying customers found: 0
[2026-09-22 13:23:00] [INFO] ==================================================
[2026-09-22 13:23:00] [INFO] OVERSTAY CRON COMPLETED
[2026-09-22 13:23:00] [INFO] ==================================================
[2026-09-22 13:23:00] [INFO] [SUBSCRIPTION] Subscriptions found: 2
[2026-09-22 13:23:00] [INFO] [SUBSCRIPTION] mani hotel | Expiry: 2026-10-16 | Days Remaining: 24
[2026-09-22 13:23:00] [INFO] [SUBSCRIPTION] hotel 2 | Expiry: 2026-10-17 | Days Remaining: 25
[2026-09-22 13:23:00] [INFO] ==================================================
[2026-09-22 13:23:00] [INFO] SUBSCRIPTION EXPIRY CRON COMPLETED
[2026-09-22 13:23:00] [INFO] ==================================================
[2026-09-22 13:24:00] [INFO] [SUBSCRIPTION] Expiry cron triggered
[2026-09-22 13:24:00] [INFO] ==================================================
[2026-09-22 13:24:00] [INFO] SUBSCRIPTION EXPIRY CRON STARTED
[2026-09-22 13:24:00] [INFO] ==================================================
[2026-09-22 13:24:00] [INFO] [SUBSCRIPTION] Current India Date: 2026-09-22
[2026-09-22 13:24:00] [INFO] [OVERSTAY] Cron triggered
[2026-09-22 13:24:00] [INFO] ==================================================
[2026-09-22 13:24:00] [INFO] OVERSTAY CRON STARTED
[2026-09-22 13:24:00] [INFO] ==================================================
[2026-09-22 13:24:00] [INFO] [OVERSTAY] Current India Date/Time: 22/09/2026 13:24:00
[2026-09-22 13:24:00] [INFO] [OVERSTAY] Timezone: Asia/Kolkata
[2026-09-22 13:24:00] [INFO] [OVERSTAY] Staying customers found: 0
[2026-09-22 13:24:00] [INFO] ==================================================
[2026-09-22 13:24:00] [INFO] OVERSTAY CRON COMPLETED
[2026-09-22 13:24:00] [INFO] ==================================================
[2026-09-22 13:24:00] [INFO] [SUBSCRIPTION] Subscriptions found: 2
[2026-09-22 13:24:00] [INFO] [SUBSCRIPTION] mani hotel | Expiry: 2026-10-16 | Days Remaining: 24
[2026-09-22 13:24:00] [INFO] [SUBSCRIPTION] hotel 2 | Expiry: 2026-10-17 | Days Remaining: 25
[2026-09-22 13:24:00] [INFO] ==================================================
[2026-09-22 13:24:00] [INFO] SUBSCRIPTION EXPIRY CRON COMPLETED
[2026-09-22 13:24:00] [INFO] ==================================================
[2026-09-22 13:25:00] [INFO] [SUBSCRIPTION] Expiry cron triggered
[2026-09-22 13:25:00] [INFO] ==================================================
[2026-09-22 13:25:00] [INFO] SUBSCRIPTION EXPIRY CRON STARTED
[2026-09-22 13:25:00] [INFO] ==================================================
[2026-09-22 13:25:00] [INFO] [SUBSCRIPTION] Current India Date: 2026-09-22
[2026-09-22 13:25:00] [INFO] [OVERSTAY] Cron triggered
[2026-09-22 13:25:00] [INFO] ==================================================
[2026-09-22 13:25:00] [INFO] OVERSTAY CRON STARTED
[2026-09-22 13:25:00] [INFO] ==================================================
[2026-09-22 13:25:00] [INFO] [OVERSTAY] Current India Date/Time: 22/09/2026 13:25:00
[2026-09-22 13:25:00] [INFO] [OVERSTAY] Timezone: Asia/Kolkata
[2026-09-22 13:25:00] [INFO] [OVERSTAY] Staying customers found: 0
[2026-09-22 13:25:00] [INFO] ==================================================
[2026-09-22 13:25:00] [INFO] OVERSTAY CRON COMPLETED
[2026-09-22 13:25:00] [INFO] ==================================================
[2026-09-22 13:25:00] [INFO] [SUBSCRIPTION] Subscriptions found: 2
[2026-09-22 13:25:00] [INFO] [SUBSCRIPTION] mani hotel | Expiry: 2026-10-16 | Days Remaining: 24
[2026-09-22 13:25:00] [INFO] [SUBSCRIPTION] hotel 2 | Expiry: 2026-10-17 | Days Remaining: 25
[2026-09-22 13:25:00] [INFO] ==================================================
[2026-09-22 13:25:00] [INFO] SUBSCRIPTION EXPIRY CRON COMPLETED
[2026-09-22 13:25:00] [INFO] ==================================================
[2026-09-22 13:26:00] [INFO] [SUBSCRIPTION] Expiry cron triggered
[2026-09-22 13:26:00] [INFO] ==================================================
[2026-09-22 13:26:00] [INFO] SUBSCRIPTION EXPIRY CRON STARTED
[2026-09-22 13:26:00] [INFO] ==================================================
[2026-09-22 13:26:00] [INFO] [SUBSCRIPTION] Current India Date: 2026-09-22
[2026-09-22 13:26:00] [INFO] [OVERSTAY] Cron triggered
[2026-09-22 13:26:00] [INFO] ==================================================
[2026-09-22 13:26:00] [INFO] OVERSTAY CRON STARTED
[2026-09-22 13:26:00] [INFO] ==================================================
[2026-09-22 13:26:00] [INFO] [OVERSTAY] Current India Date/Time: 22/09/2026 13:26:00
[2026-09-22 13:26:00] [INFO] [OVERSTAY] Timezone: Asia/Kolkata
[2026-09-22 13:26:00] [INFO] [OVERSTAY] Staying customers found: 0
[2026-09-22 13:26:00] [INFO] ==================================================
[2026-09-22 13:26:00] [INFO] OVERSTAY CRON COMPLETED
[2026-09-22 13:26:00] [INFO] ==================================================
[2026-09-22 13:26:00] [INFO] [SUBSCRIPTION] Subscriptions found: 2
[2026-09-22 13:26:00] [INFO] [SUBSCRIPTION] mani hotel | Expiry: 2026-10-16 | Days Remaining: 24
[2026-09-22 13:26:00] [INFO] [SUBSCRIPTION] hotel 2 | Expiry: 2026-10-17 | Days Remaining: 25
[2026-09-22 13:26:00] [INFO] ==================================================
[2026-09-22 13:26:00] [INFO] SUBSCRIPTION EXPIRY CRON COMPLETED
[2026-09-22 13:26:00] [INFO] ==================================================
[2026-09-22 13:27:00] [INFO] [SUBSCRIPTION] Expiry cron triggered
[2026-09-22 13:27:00] [INFO] ==================================================
[2026-09-22 13:27:00] [INFO] SUBSCRIPTION EXPIRY CRON STARTED
[2026-09-22 13:27:00] [INFO] ==================================================
[2026-09-22 13:27:00] [INFO] [SUBSCRIPTION] Current India Date: 2026-09-22
[2026-09-22 13:27:00] [INFO] [OVERSTAY] Cron triggered
[2026-09-22 13:27:00] [INFO] ==================================================
[2026-09-22 13:27:00] [INFO] OVERSTAY CRON STARTED
[2026-09-22 13:27:00] [INFO] ==================================================
[2026-09-22 13:27:00] [INFO] [OVERSTAY] Current India Date/Time: 22/09/2026 13:27:00
[2026-09-22 13:27:00] [INFO] [OVERSTAY] Timezone: Asia/Kolkata
[2026-09-22 13:27:00] [INFO] [OVERSTAY] Staying customers found: 0
[2026-09-22 13:27:00] [INFO] ==================================================
[2026-09-22 13:27:00] [INFO] OVERSTAY CRON COMPLETED
[2026-09-22 13:27:00] [INFO] ==================================================
[2026-09-22 13:27:00] [INFO] [SUBSCRIPTION] Subscriptions found: 2
[2026-09-22 13:27:00] [INFO] [SUBSCRIPTION] mani hotel | Expiry: 2026-10-16 | Days Remaining: 24
[2026-09-22 13:27:00] [INFO] [SUBSCRIPTION] hotel 2 | Expiry: 2026-10-17 | Days Remaining: 25
[2026-09-22 13:27:00] [INFO] ==================================================
[2026-09-22 13:27:00] [INFO] SUBSCRIPTION EXPIRY CRON COMPLETED
[2026-09-22 13:27:00] [INFO] ==================================================
[2026-09-22 13:28:00] [INFO] [SUBSCRIPTION] Expiry cron triggered
[2026-09-22 13:28:00] [INFO] ==================================================
[2026-09-22 13:28:00] [INFO] SUBSCRIPTION EXPIRY CRON STARTED
[2026-09-22 13:28:00] [INFO] ==================================================
[2026-09-22 13:28:00] [INFO] [SUBSCRIPTION] Current India Date: 2026-09-22
[2026-09-22 13:28:00] [INFO] [OVERSTAY] Cron triggered
[2026-09-22 13:28:00] [INFO] ==================================================
[2026-09-22 13:28:00] [INFO] OVERSTAY CRON STARTED
[2026-09-22 13:28:00] [INFO] ==================================================
[2026-09-22 13:28:00] [INFO] [OVERSTAY] Current India Date/Time: 22/09/2026 13:28:00
[2026-09-22 13:28:00] [INFO] [OVERSTAY] Timezone: Asia/Kolkata
[2026-09-22 13:28:00] [INFO] [OVERSTAY] Staying customers found: 0
[2026-09-22 13:28:00] [INFO] ==================================================
[2026-09-22 13:28:00] [INFO] OVERSTAY CRON COMPLETED
[2026-09-22 13:28:00] [INFO] ==================================================
[2026-09-22 13:28:00] [INFO] [SUBSCRIPTION] Subscriptions found: 2
[2026-09-22 13:28:00] [INFO] [SUBSCRIPTION] mani hotel | Expiry: 2026-10-16 | Days Remaining: 24
[2026-09-22 13:28:00] [INFO] [SUBSCRIPTION] hotel 2 | Expiry: 2026-10-17 | Days Remaining: 25
[2026-09-22 13:28:00] [INFO] ==================================================
[2026-09-22 13:28:00] [INFO] SUBSCRIPTION EXPIRY CRON COMPLETED
[2026-09-22 13:28:00] [INFO] ==================================================
[2026-09-22 13:29:00] [INFO] [SUBSCRIPTION] Expiry cron triggered
[2026-09-22 13:29:00] [INFO] ==================================================
[2026-09-22 13:29:00] [INFO] SUBSCRIPTION EXPIRY CRON STARTED
[2026-09-22 13:29:00] [INFO] ==================================================
[2026-09-22 13:29:00] [INFO] [SUBSCRIPTION] Current India Date: 2026-09-22
[2026-09-22 13:29:00] [INFO] [OVERSTAY] Cron triggered
[2026-09-22 13:29:00] [INFO] ==================================================
[2026-09-22 13:29:00] [INFO] OVERSTAY CRON STARTED
[2026-09-22 13:29:00] [INFO] ==================================================
[2026-09-22 13:29:00] [INFO] [OVERSTAY] Current India Date/Time: 22/09/2026 13:29:00
[2026-09-22 13:29:00] [INFO] [OVERSTAY] Timezone: Asia/Kolkata
[2026-09-22 13:29:00] [INFO] [OVERSTAY] Staying customers found: 0
[2026-09-22 13:29:00] [INFO] ==================================================
[2026-09-22 13:29:00] [INFO] OVERSTAY CRON COMPLETED
[2026-09-22 13:29:00] [INFO] ==================================================
[2026-09-22 13:29:00] [INFO] [SUBSCRIPTION] Subscriptions found: 2
[2026-09-22 13:29:00] [INFO] [SUBSCRIPTION] mani hotel | Expiry: 2026-10-16 | Days Remaining: 24
[2026-09-22 13:29:00] [INFO] [SUBSCRIPTION] hotel 2 | Expiry: 2026-10-17 | Days Remaining: 25
[2026-09-22 13:29:00] [INFO] ==================================================
[2026-09-22 13:29:00] [INFO] SUBSCRIPTION EXPIRY CRON COMPLETED
[2026-09-22 13:29:00] [INFO] ==================================================
[2026-09-22 13:30:00] [INFO] [OVERSTAY] Cron triggered
[2026-09-22 13:30:00] [INFO] ==================================================
[2026-09-22 13:30:00] [INFO] OVERSTAY CRON STARTED
[2026-09-22 13:30:00] [INFO] ==================================================
[2026-09-22 13:30:00] [INFO] [OVERSTAY] Current India Date/Time: 22/09/2026 13:30:00
[2026-09-22 13:30:00] [INFO] [OVERSTAY] Timezone: Asia/Kolkata
[2026-09-22 13:30:00] [INFO] [SUBSCRIPTION] Expiry cron triggered
[2026-09-22 13:30:00] [INFO] ==================================================
[2026-09-22 13:30:00] [INFO] SUBSCRIPTION EXPIRY CRON STARTED
[2026-09-22 13:30:00] [INFO] ==================================================
[2026-09-22 13:30:00] [INFO] [SUBSCRIPTION] Current India Date: 2026-09-22
[2026-09-22 13:30:00] [INFO] [OVERSTAY] Staying customers found: 0
[2026-09-22 13:30:00] [INFO] ==================================================
[2026-09-22 13:30:00] [INFO] OVERSTAY CRON COMPLETED
[2026-09-22 13:30:00] [INFO] ==================================================
[2026-09-22 13:30:00] [INFO] [SUBSCRIPTION] Subscriptions found: 2
[2026-09-22 13:30:00] [INFO] [SUBSCRIPTION] mani hotel | Expiry: 2026-10-16 | Days Remaining: 24
[2026-09-22 13:30:00] [INFO] [SUBSCRIPTION] hotel 2 | Expiry: 2026-10-17 | Days Remaining: 25
[2026-09-22 13:30:00] [INFO] ==================================================
[2026-09-22 13:30:00] [INFO] SUBSCRIPTION EXPIRY CRON COMPLETED
[2026-09-22 13:30:00] [INFO] ==================================================
[2026-09-22 13:31:00] [INFO] [OVERSTAY] Cron triggered
[2026-09-22 13:31:00] [INFO] ==================================================
[2026-09-22 13:31:00] [INFO] OVERSTAY CRON STARTED
[2026-09-22 13:31:00] [INFO] ==================================================
[2026-09-22 13:31:00] [INFO] [OVERSTAY] Current India Date/Time: 22/09/2026 13:31:00
[2026-09-22 13:31:00] [INFO] [OVERSTAY] Timezone: Asia/Kolkata
[2026-09-22 13:31:00] [INFO] [SUBSCRIPTION] Expiry cron triggered
[2026-09-22 13:31:00] [INFO] ==================================================
[2026-09-22 13:31:00] [INFO] SUBSCRIPTION EXPIRY CRON STARTED
[2026-09-22 13:31:00] [INFO] ==================================================
[2026-09-22 13:31:00] [INFO] [SUBSCRIPTION] Current India Date: 2026-09-22
[2026-09-22 13:31:00] [INFO] [OVERSTAY] Staying customers found: 0
[2026-09-22 13:31:00] [INFO] ==================================================
[2026-09-22 13:31:00] [INFO] OVERSTAY CRON COMPLETED
[2026-09-22 13:31:00] [INFO] ==================================================
[2026-09-22 13:31:00] [INFO] [SUBSCRIPTION] Subscriptions found: 2
[2026-09-22 13:31:00] [INFO] [SUBSCRIPTION] mani hotel | Expiry: 2026-10-16 | Days Remaining: 24
[2026-09-22 13:31:00] [INFO] [SUBSCRIPTION] hotel 2 | Expiry: 2026-10-17 | Days Remaining: 25
[2026-09-22 13:31:00] [INFO] ==================================================
[2026-09-22 13:31:00] [INFO] SUBSCRIPTION EXPIRY CRON COMPLETED
[2026-09-22 13:31:00] [INFO] ==================================================
[2026-09-22 13:32:00] [INFO] [OVERSTAY] Cron triggered
[2026-09-22 13:32:00] [INFO] ==================================================
[2026-09-22 13:32:00] [INFO] OVERSTAY CRON STARTED
[2026-09-22 13:32:00] [INFO] ==================================================
[2026-09-22 13:32:00] [INFO] [OVERSTAY] Current India Date/Time: 22/09/2026 13:32:00
[2026-09-22 13:32:00] [INFO] [OVERSTAY] Timezone: Asia/Kolkata
[2026-09-22 13:32:00] [INFO] [SUBSCRIPTION] Expiry cron triggered
[2026-09-22 13:32:00] [INFO] ==================================================
[2026-09-22 13:32:00] [INFO] SUBSCRIPTION EXPIRY CRON STARTED
[2026-09-22 13:32:00] [INFO] ==================================================
[2026-09-22 13:32:00] [INFO] [SUBSCRIPTION] Current India Date: 2026-09-22
[2026-09-22 13:32:00] [INFO] [OVERSTAY] Staying customers found: 0
[2026-09-22 13:32:00] [INFO] ==================================================
[2026-09-22 13:32:00] [INFO] OVERSTAY CRON COMPLETED
[2026-09-22 13:32:00] [INFO] ==================================================
[2026-09-22 13:32:00] [INFO] [SUBSCRIPTION] Subscriptions found: 2
[2026-09-22 13:32:00] [INFO] [SUBSCRIPTION] mani hotel | Expiry: 2026-10-16 | Days Remaining: 24
[2026-09-22 13:32:00] [INFO] [SUBSCRIPTION] hotel 2 | Expiry: 2026-10-17 | Days Remaining: 25
[2026-09-22 13:32:00] [INFO] ==================================================
[2026-09-22 13:32:00] [INFO] SUBSCRIPTION EXPIRY CRON COMPLETED
[2026-09-22 13:32:00] [INFO] ==================================================
[2026-09-22 13:33:00] [INFO] [SUBSCRIPTION] Expiry cron triggered
[2026-09-22 13:33:00] [INFO] ==================================================
[2026-09-22 13:33:00] [INFO] SUBSCRIPTION EXPIRY CRON STARTED
[2026-09-22 13:33:00] [INFO] ==================================================
[2026-09-22 13:33:00] [INFO] [SUBSCRIPTION] Current India Date: 2026-09-22
[2026-09-22 13:33:00] [INFO] [OVERSTAY] Cron triggered
[2026-09-22 13:33:00] [INFO] ==================================================
[2026-09-22 13:33:00] [INFO] OVERSTAY CRON STARTED
[2026-09-22 13:33:00] [INFO] ==================================================
[2026-09-22 13:33:00] [INFO] [OVERSTAY] Current India Date/Time: 22/09/2026 13:33:00
[2026-09-22 13:33:00] [INFO] [OVERSTAY] Timezone: Asia/Kolkata
[2026-09-22 13:33:00] [INFO] [OVERSTAY] Staying customers found: 0
[2026-09-22 13:33:00] [INFO] ==================================================
[2026-09-22 13:33:00] [INFO] OVERSTAY CRON COMPLETED
[2026-09-22 13:33:00] [INFO] ==================================================
[2026-09-22 13:33:00] [INFO] [SUBSCRIPTION] Subscriptions found: 2
[2026-09-22 13:33:00] [INFO] [SUBSCRIPTION] mani hotel | Expiry: 2026-10-16 | Days Remaining: 24
[2026-09-22 13:33:00] [INFO] [SUBSCRIPTION] hotel 2 | Expiry: 2026-10-17 | Days Remaining: 25
[2026-09-22 13:33:00] [INFO] ==================================================
[2026-09-22 13:33:00] [INFO] SUBSCRIPTION EXPIRY CRON COMPLETED
[2026-09-22 13:33:00] [INFO] ==================================================
[2026-09-22 13:34:00] [INFO] [SUBSCRIPTION] Expiry cron triggered
[2026-09-22 13:34:00] [INFO] ==================================================
[2026-09-22 13:34:00] [INFO] SUBSCRIPTION EXPIRY CRON STARTED
[2026-09-22 13:34:00] [INFO] ==================================================
[2026-09-22 13:34:00] [INFO] [SUBSCRIPTION] Current India Date: 2026-09-22
[2026-09-22 13:34:00] [INFO] [OVERSTAY] Cron triggered
[2026-09-22 13:34:00] [INFO] ==================================================
[2026-09-22 13:34:00] [INFO] OVERSTAY CRON STARTED
[2026-09-22 13:34:00] [INFO] ==================================================
[2026-09-22 13:34:00] [INFO] [OVERSTAY] Current India Date/Time: 22/09/2026 13:34:00
[2026-09-22 13:34:00] [INFO] [OVERSTAY] Timezone: Asia/Kolkata
[2026-09-22 13:34:00] [INFO] [OVERSTAY] Staying customers found: 0
[2026-09-22 13:34:00] [INFO] ==================================================
[2026-09-22 13:34:00] [INFO] OVERSTAY CRON COMPLETED
[2026-09-22 13:34:00] [INFO] ==================================================
[2026-09-22 13:34:00] [INFO] [SUBSCRIPTION] Subscriptions found: 2
[2026-09-22 13:34:00] [INFO] [SUBSCRIPTION] mani hotel | Expiry: 2026-10-16 | Days Remaining: 24
[2026-09-22 13:34:00] [INFO] [SUBSCRIPTION] hotel 2 | Expiry: 2026-10-17 | Days Remaining: 25
[2026-09-22 13:34:00] [INFO] ==================================================
[2026-09-22 13:34:00] [INFO] SUBSCRIPTION EXPIRY CRON COMPLETED
[2026-09-22 13:34:00] [INFO] ==================================================
[2026-09-22 13:35:00] [INFO] [OVERSTAY] Cron triggered
[2026-09-22 13:35:00] [INFO] ==================================================
[2026-09-22 13:35:00] [INFO] OVERSTAY CRON STARTED
[2026-09-22 13:35:00] [INFO] ==================================================
[2026-09-22 13:35:00] [INFO] [OVERSTAY] Current India Date/Time: 22/09/2026 13:35:00
[2026-09-22 13:35:00] [INFO] [OVERSTAY] Timezone: Asia/Kolkata
[2026-09-22 13:35:00] [INFO] [SUBSCRIPTION] Expiry cron triggered
[2026-09-22 13:35:00] [INFO] ==================================================
[2026-09-22 13:35:00] [INFO] SUBSCRIPTION EXPIRY CRON STARTED
[2026-09-22 13:35:00] [INFO] ==================================================
[2026-09-22 13:35:00] [INFO] [SUBSCRIPTION] Current India Date: 2026-09-22
[2026-09-22 13:35:00] [INFO] [OVERSTAY] Staying customers found: 0
[2026-09-22 13:35:00] [INFO] ==================================================
[2026-09-22 13:35:00] [INFO] OVERSTAY CRON COMPLETED
[2026-09-22 13:35:00] [INFO] ==================================================
[2026-09-22 13:35:00] [INFO] [SUBSCRIPTION] Subscriptions found: 2
[2026-09-22 13:35:00] [INFO] [SUBSCRIPTION] mani hotel | Expiry: 2026-10-16 | Days Remaining: 24
[2026-09-22 13:35:00] [INFO] [SUBSCRIPTION] hotel 2 | Expiry: 2026-10-17 | Days Remaining: 25
[2026-09-22 13:35:00] [INFO] ==================================================
[2026-09-22 13:35:00] [INFO] SUBSCRIPTION EXPIRY CRON COMPLETED
[2026-09-22 13:35:00] [INFO] ==================================================
[2026-09-22 13:36:00] [INFO] [OVERSTAY] Cron triggered
[2026-09-22 13:36:00] [INFO] ==================================================
[2026-09-22 13:36:00] [INFO] OVERSTAY CRON STARTED
[2026-09-22 13:36:00] [INFO] ==================================================
[2026-09-22 13:36:00] [INFO] [OVERSTAY] Current India Date/Time: 22/09/2026 13:36:00
[2026-09-22 13:36:00] [INFO] [OVERSTAY] Timezone: Asia/Kolkata
[2026-09-22 13:36:00] [INFO] [SUBSCRIPTION] Expiry cron triggered
[2026-09-22 13:36:00] [INFO] ==================================================
[2026-09-22 13:36:00] [INFO] SUBSCRIPTION EXPIRY CRON STARTED
[2026-09-22 13:36:00] [INFO] ==================================================
[2026-09-22 13:36:00] [INFO] [SUBSCRIPTION] Current India Date: 2026-09-22
[2026-09-22 13:36:00] [INFO] [OVERSTAY] Staying customers found: 0
[2026-09-22 13:36:00] [INFO] ==================================================
[2026-09-22 13:36:00] [INFO] OVERSTAY CRON COMPLETED
[2026-09-22 13:36:00] [INFO] ==================================================
[2026-09-22 13:36:00] [INFO] [SUBSCRIPTION] Subscriptions found: 2
[2026-09-22 13:36:00] [INFO] [SUBSCRIPTION] mani hotel | Expiry: 2026-10-16 | Days Remaining: 24
[2026-09-22 13:36:00] [INFO] [SUBSCRIPTION] hotel 2 | Expiry: 2026-10-17 | Days Remaining: 25
[2026-09-22 13:36:00] [INFO] ==================================================
[2026-09-22 13:36:00] [INFO] SUBSCRIPTION EXPIRY CRON COMPLETED
[2026-09-22 13:36:00] [INFO] ==================================================
[2026-09-22 13:37:00] [INFO] [OVERSTAY] Cron triggered
[2026-09-22 13:37:00] [INFO] ==================================================
[2026-09-22 13:37:00] [INFO] OVERSTAY CRON STARTED
[2026-09-22 13:37:00] [INFO] ==================================================
[2026-09-22 13:37:00] [INFO] [OVERSTAY] Current India Date/Time: 22/09/2026 13:37:00
[2026-09-22 13:37:00] [INFO] [OVERSTAY] Timezone: Asia/Kolkata
[2026-09-22 13:37:00] [INFO] [SUBSCRIPTION] Expiry cron triggered
[2026-09-22 13:37:00] [INFO] ==================================================
[2026-09-22 13:37:00] [INFO] SUBSCRIPTION EXPIRY CRON STARTED
[2026-09-22 13:37:00] [INFO] ==================================================
[2026-09-22 13:37:00] [INFO] [SUBSCRIPTION] Current India Date: 2026-09-22
[2026-09-22 13:37:00] [INFO] [OVERSTAY] Staying customers found: 0
[2026-09-22 13:37:00] [INFO] ==================================================
[2026-09-22 13:37:00] [INFO] OVERSTAY CRON COMPLETED
[2026-09-22 13:37:00] [INFO] ==================================================
[2026-09-22 13:37:00] [INFO] [SUBSCRIPTION] Subscriptions found: 2
[2026-09-22 13:37:00] [INFO] [SUBSCRIPTION] mani hotel | Expiry: 2026-10-16 | Days Remaining: 24
[2026-09-22 13:37:00] [INFO] [SUBSCRIPTION] hotel 2 | Expiry: 2026-10-17 | Days Remaining: 25
[2026-09-22 13:37:00] [INFO] ==================================================
[2026-09-22 13:37:00] [INFO] SUBSCRIPTION EXPIRY CRON COMPLETED
[2026-09-22 13:37:00] [INFO] ==================================================
[2026-09-22 13:38:00] [INFO] [OVERSTAY] Cron triggered
[2026-09-22 13:38:00] [INFO] ==================================================
[2026-09-22 13:38:00] [INFO] OVERSTAY CRON STARTED
[2026-09-22 13:38:00] [INFO] ==================================================
[2026-09-22 13:38:00] [INFO] [OVERSTAY] Current India Date/Time: 22/09/2026 13:38:00
[2026-09-22 13:38:00] [INFO] [OVERSTAY] Timezone: Asia/Kolkata
[2026-09-22 13:38:00] [INFO] [SUBSCRIPTION] Expiry cron triggered
[2026-09-22 13:38:00] [INFO] ==================================================
[2026-09-22 13:38:00] [INFO] SUBSCRIPTION EXPIRY CRON STARTED
[2026-09-22 13:38:00] [INFO] ==================================================
[2026-09-22 13:38:00] [INFO] [SUBSCRIPTION] Current India Date: 2026-09-22
[2026-09-22 13:38:00] [INFO] [OVERSTAY] Staying customers found: 0
[2026-09-22 13:38:00] [INFO] ==================================================
[2026-09-22 13:38:00] [INFO] OVERSTAY CRON COMPLETED
[2026-09-22 13:38:00] [INFO] ==================================================
[2026-09-22 13:38:00] [INFO] [SUBSCRIPTION] Subscriptions found: 2
[2026-09-22 13:38:00] [INFO] [SUBSCRIPTION] mani hotel | Expiry: 2026-10-16 | Days Remaining: 24
[2026-09-22 13:38:00] [INFO] [SUBSCRIPTION] hotel 2 | Expiry: 2026-10-17 | Days Remaining: 25
[2026-09-22 13:38:00] [INFO] ==================================================
[2026-09-22 13:38:00] [INFO] SUBSCRIPTION EXPIRY CRON COMPLETED
[2026-09-22 13:38:00] [INFO] ==================================================
[2026-09-22 13:39:00] [INFO] [OVERSTAY] Cron triggered
[2026-09-22 13:39:00] [INFO] ==================================================
[2026-09-22 13:39:00] [INFO] OVERSTAY CRON STARTED
[2026-09-22 13:39:00] [INFO] ==================================================
[2026-09-22 13:39:00] [INFO] [OVERSTAY] Current India Date/Time: 22/09/2026 13:39:00
[2026-09-22 13:39:00] [INFO] [OVERSTAY] Timezone: Asia/Kolkata
[2026-09-22 13:39:00] [INFO] [SUBSCRIPTION] Expiry cron triggered
[2026-09-22 13:39:00] [INFO] ==================================================
[2026-09-22 13:39:00] [INFO] SUBSCRIPTION EXPIRY CRON STARTED
[2026-09-22 13:39:00] [INFO] ==================================================
[2026-09-22 13:39:00] [INFO] [SUBSCRIPTION] Current India Date: 2026-09-22
[2026-09-22 13:39:00] [INFO] [OVERSTAY] Staying customers found: 0
[2026-09-22 13:39:00] [INFO] ==================================================
[2026-09-22 13:39:00] [INFO] OVERSTAY CRON COMPLETED
[2026-09-22 13:39:00] [INFO] ==================================================
[2026-09-22 13:39:00] [INFO] [SUBSCRIPTION] Subscriptions found: 2
[2026-09-22 13:39:00] [INFO] [SUBSCRIPTION] mani hotel | Expiry: 2026-10-16 | Days Remaining: 24
[2026-09-22 13:39:00] [INFO] [SUBSCRIPTION] hotel 2 | Expiry: 2026-10-17 | Days Remaining: 25
[2026-09-22 13:39:00] [INFO] ==================================================
[2026-09-22 13:39:00] [INFO] SUBSCRIPTION EXPIRY CRON COMPLETED
[2026-09-22 13:39:00] [INFO] ==================================================
[2026-09-22 13:40:00] [INFO] [SUBSCRIPTION] Expiry cron triggered
[2026-09-22 13:40:00] [INFO] ==================================================
[2026-09-22 13:40:00] [INFO] SUBSCRIPTION EXPIRY CRON STARTED
[2026-09-22 13:40:00] [INFO] ==================================================
[2026-09-22 13:40:00] [INFO] [SUBSCRIPTION] Current India Date: 2026-09-22
[2026-09-22 13:40:00] [INFO] [OVERSTAY] Cron triggered
[2026-09-22 13:40:00] [INFO] ==================================================
[2026-09-22 13:40:00] [INFO] OVERSTAY CRON STARTED
[2026-09-22 13:40:00] [INFO] ==================================================
[2026-09-22 13:40:00] [INFO] [OVERSTAY] Current India Date/Time: 22/09/2026 13:40:00
[2026-09-22 13:40:00] [INFO] [OVERSTAY] Timezone: Asia/Kolkata
[2026-09-22 13:40:00] [INFO] [OVERSTAY] Staying customers found: 0
[2026-09-22 13:40:00] [INFO] ==================================================
[2026-09-22 13:40:00] [INFO] OVERSTAY CRON COMPLETED
[2026-09-22 13:40:00] [INFO] ==================================================
[2026-09-22 13:40:00] [INFO] [SUBSCRIPTION] Subscriptions found: 2
[2026-09-22 13:40:00] [INFO] [SUBSCRIPTION] mani hotel | Expiry: 2026-10-16 | Days Remaining: 24
[2026-09-22 13:40:00] [INFO] [SUBSCRIPTION] hotel 2 | Expiry: 2026-10-17 | Days Remaining: 25
[2026-09-22 13:40:00] [INFO] ==================================================
[2026-09-22 13:40:00] [INFO] SUBSCRIPTION EXPIRY CRON COMPLETED
[2026-09-22 13:40:00] [INFO] ==================================================
[2026-09-22 13:41:00] [INFO] [OVERSTAY] Cron triggered
[2026-09-22 13:41:00] [INFO] ==================================================
[2026-09-22 13:41:00] [INFO] OVERSTAY CRON STARTED
[2026-09-22 13:41:00] [INFO] ==================================================
[2026-09-22 13:41:00] [INFO] [OVERSTAY] Current India Date/Time: 22/09/2026 13:41:00
[2026-09-22 13:41:00] [INFO] [OVERSTAY] Timezone: Asia/Kolkata
[2026-09-22 13:41:00] [INFO] [SUBSCRIPTION] Expiry cron triggered
[2026-09-22 13:41:00] [INFO] ==================================================
[2026-09-22 13:41:00] [INFO] SUBSCRIPTION EXPIRY CRON STARTED
[2026-09-22 13:41:00] [INFO] ==================================================
[2026-09-22 13:41:00] [INFO] [SUBSCRIPTION] Current India Date: 2026-09-22
[2026-09-22 13:41:00] [INFO] [OVERSTAY] Staying customers found: 0
[2026-09-22 13:41:00] [INFO] ==================================================
[2026-09-22 13:41:00] [INFO] OVERSTAY CRON COMPLETED
[2026-09-22 13:41:00] [INFO] ==================================================
[2026-09-22 13:41:00] [INFO] [SUBSCRIPTION] Subscriptions found: 2
[2026-09-22 13:41:00] [INFO] [SUBSCRIPTION] mani hotel | Expiry: 2026-10-16 | Days Remaining: 24
[2026-09-22 13:41:00] [INFO] [SUBSCRIPTION] hotel 2 | Expiry: 2026-10-17 | Days Remaining: 25
[2026-09-22 13:41:00] [INFO] ==================================================
[2026-09-22 13:41:00] [INFO] SUBSCRIPTION EXPIRY CRON COMPLETED
[2026-09-22 13:41:00] [INFO] ==================================================
[2026-09-22 13:42:00] [INFO] [OVERSTAY] Cron triggered
[2026-09-22 13:42:00] [INFO] ==================================================
[2026-09-22 13:42:00] [INFO] OVERSTAY CRON STARTED
[2026-09-22 13:42:00] [INFO] ==================================================
[2026-09-22 13:42:00] [INFO] [OVERSTAY] Current India Date/Time: 22/09/2026 13:42:00
[2026-09-22 13:42:00] [INFO] [OVERSTAY] Timezone: Asia/Kolkata
[2026-09-22 13:42:00] [INFO] [SUBSCRIPTION] Expiry cron triggered
[2026-09-22 13:42:00] [INFO] ==================================================
[2026-09-22 13:42:00] [INFO] SUBSCRIPTION EXPIRY CRON STARTED
[2026-09-22 13:42:00] [INFO] ==================================================
[2026-09-22 13:42:00] [INFO] [SUBSCRIPTION] Current India Date: 2026-09-22
[2026-09-22 13:42:00] [INFO] [OVERSTAY] Staying customers found: 0
[2026-09-22 13:42:00] [INFO] ==================================================
[2026-09-22 13:42:00] [INFO] OVERSTAY CRON COMPLETED
[2026-09-22 13:42:00] [INFO] ==================================================
[2026-09-22 13:42:00] [INFO] [SUBSCRIPTION] Subscriptions found: 2
[2026-09-22 13:42:00] [INFO] [SUBSCRIPTION] mani hotel | Expiry: 2026-10-16 | Days Remaining: 24
[2026-09-22 13:42:00] [INFO] [SUBSCRIPTION] hotel 2 | Expiry: 2026-10-17 | Days Remaining: 25
[2026-09-22 13:42:00] [INFO] ==================================================
[2026-09-22 13:42:00] [INFO] SUBSCRIPTION EXPIRY CRON COMPLETED
[2026-09-22 13:42:00] [INFO] ==================================================
[2026-09-22 13:43:00] [INFO] [SUBSCRIPTION] Expiry cron triggered
[2026-09-22 13:43:00] [INFO] ==================================================
[2026-09-22 13:43:00] [INFO] SUBSCRIPTION EXPIRY CRON STARTED
[2026-09-22 13:43:00] [INFO] ==================================================
[2026-09-22 13:43:00] [INFO] [SUBSCRIPTION] Current India Date: 2026-09-22
[2026-09-22 13:43:00] [INFO] [OVERSTAY] Cron triggered
[2026-09-22 13:43:00] [INFO] ==================================================
[2026-09-22 13:43:00] [INFO] OVERSTAY CRON STARTED
[2026-09-22 13:43:00] [INFO] ==================================================
[2026-09-22 13:43:00] [INFO] [OVERSTAY] Current India Date/Time: 22/09/2026 13:43:00
[2026-09-22 13:43:00] [INFO] [OVERSTAY] Timezone: Asia/Kolkata
[2026-09-22 13:43:00] [INFO] [OVERSTAY] Staying customers found: 0
[2026-09-22 13:43:00] [INFO] ==================================================
[2026-09-22 13:43:00] [INFO] OVERSTAY CRON COMPLETED
[2026-09-22 13:43:00] [INFO] ==================================================
[2026-09-22 13:43:00] [INFO] [SUBSCRIPTION] Subscriptions found: 2
[2026-09-22 13:43:00] [INFO] [SUBSCRIPTION] mani hotel | Expiry: 2026-10-16 | Days Remaining: 24
[2026-09-22 13:43:00] [INFO] [SUBSCRIPTION] hotel 2 | Expiry: 2026-10-17 | Days Remaining: 25
[2026-09-22 13:43:00] [INFO] ==================================================
[2026-09-22 13:43:00] [INFO] SUBSCRIPTION EXPIRY CRON COMPLETED
[2026-09-22 13:43:00] [INFO] ==================================================
[2026-09-22 13:44:00] [INFO] [SUBSCRIPTION] Expiry cron triggered
[2026-09-22 13:44:00] [INFO] ==================================================
[2026-09-22 13:44:00] [INFO] SUBSCRIPTION EXPIRY CRON STARTED
[2026-09-22 13:44:00] [INFO] ==================================================
[2026-09-22 13:44:00] [INFO] [SUBSCRIPTION] Current India Date: 2026-09-22
[2026-09-22 13:44:00] [INFO] [OVERSTAY] Cron triggered
[2026-09-22 13:44:00] [INFO] ==================================================
[2026-09-22 13:44:00] [INFO] OVERSTAY CRON STARTED
[2026-09-22 13:44:00] [INFO] ==================================================
[2026-09-22 13:44:00] [INFO] [OVERSTAY] Current India Date/Time: 22/09/2026 13:44:00
[2026-09-22 13:44:00] [INFO] [OVERSTAY] Timezone: Asia/Kolkata
[2026-09-22 13:44:00] [INFO] [OVERSTAY] Staying customers found: 0
[2026-09-22 13:44:00] [INFO] ==================================================
[2026-09-22 13:44:00] [INFO] OVERSTAY CRON COMPLETED
[2026-09-22 13:44:00] [INFO] ==================================================
[2026-09-22 13:44:00] [INFO] [SUBSCRIPTION] Subscriptions found: 2
[2026-09-22 13:44:00] [INFO] [SUBSCRIPTION] mani hotel | Expiry: 2026-10-16 | Days Remaining: 24
[2026-09-22 13:44:00] [INFO] [SUBSCRIPTION] hotel 2 | Expiry: 2026-10-17 | Days Remaining: 25
[2026-09-22 13:44:00] [INFO] ==================================================
[2026-09-22 13:44:00] [INFO] SUBSCRIPTION EXPIRY CRON COMPLETED
[2026-09-22 13:44:00] [INFO] ==================================================
[2026-09-22 13:45:00] [INFO] [SUBSCRIPTION] Expiry cron triggered
[2026-09-22 13:45:00] [INFO] ==================================================
[2026-09-22 13:45:00] [INFO] SUBSCRIPTION EXPIRY CRON STARTED
[2026-09-22 13:45:00] [INFO] ==================================================
[2026-09-22 13:45:00] [INFO] [SUBSCRIPTION] Current India Date: 2026-09-22
[2026-09-22 13:45:00] [INFO] [OVERSTAY] Cron triggered
[2026-09-22 13:45:00] [INFO] ==================================================
[2026-09-22 13:45:00] [INFO] OVERSTAY CRON STARTED
[2026-09-22 13:45:00] [INFO] ==================================================
[2026-09-22 13:45:00] [INFO] [OVERSTAY] Current India Date/Time: 22/09/2026 13:45:00
[2026-09-22 13:45:00] [INFO] [OVERSTAY] Timezone: Asia/Kolkata
[2026-09-22 13:45:00] [INFO] [OVERSTAY] Staying customers found: 0
[2026-09-22 13:45:00] [INFO] ==================================================
[2026-09-22 13:45:00] [INFO] OVERSTAY CRON COMPLETED
[2026-09-22 13:45:00] [INFO] ==================================================
[2026-09-22 13:45:00] [INFO] [SUBSCRIPTION] Subscriptions found: 2
[2026-09-22 13:45:00] [INFO] [SUBSCRIPTION] mani hotel | Expiry: 2026-10-16 | Days Remaining: 24
[2026-09-22 13:45:00] [INFO] [SUBSCRIPTION] hotel 2 | Expiry: 2026-10-17 | Days Remaining: 25
[2026-09-22 13:45:00] [INFO] ==================================================
[2026-09-22 13:45:00] [INFO] SUBSCRIPTION EXPIRY CRON COMPLETED
[2026-09-22 13:45:00] [INFO] ==================================================
[2026-09-22 13:46:00] [INFO] [SUBSCRIPTION] Expiry cron triggered
[2026-09-22 13:46:00] [INFO] ==================================================
[2026-09-22 13:46:00] [INFO] SUBSCRIPTION EXPIRY CRON STARTED
[2026-09-22 13:46:00] [INFO] ==================================================
[2026-09-22 13:46:00] [INFO] [SUBSCRIPTION] Current India Date: 2026-09-22
[2026-09-22 13:46:00] [INFO] [OVERSTAY] Cron triggered
[2026-09-22 13:46:00] [INFO] ==================================================
[2026-09-22 13:46:00] [INFO] OVERSTAY CRON STARTED
[2026-09-22 13:46:00] [INFO] ==================================================
[2026-09-22 13:46:00] [INFO] [OVERSTAY] Current India Date/Time: 22/09/2026 13:46:00
[2026-09-22 13:46:00] [INFO] [OVERSTAY] Timezone: Asia/Kolkata
[2026-09-22 13:46:00] [INFO] [OVERSTAY] Staying customers found: 0
[2026-09-22 13:46:00] [INFO] ==================================================
[2026-09-22 13:46:00] [INFO] OVERSTAY CRON COMPLETED
[2026-09-22 13:46:00] [INFO] ==================================================
[2026-09-22 13:46:00] [INFO] [SUBSCRIPTION] Subscriptions found: 2
[2026-09-22 13:46:00] [INFO] [SUBSCRIPTION] mani hotel | Expiry: 2026-10-16 | Days Remaining: 24
[2026-09-22 13:46:00] [INFO] [SUBSCRIPTION] hotel 2 | Expiry: 2026-10-17 | Days Remaining: 25
[2026-09-22 13:46:00] [INFO] ==================================================
[2026-09-22 13:46:00] [INFO] SUBSCRIPTION EXPIRY CRON COMPLETED
[2026-09-22 13:46:00] [INFO] ==================================================
[2026-09-22 13:46:48] [INFO] Hotel registrations retrieved successfully. Total registrations: 3
[2026-09-22 13:46:48] [INFO] Hotel registrations retrieved successfully. Total registrations: 3
[2026-09-22 13:47:00] [INFO] [SUBSCRIPTION] Expiry cron triggered
[2026-09-22 13:47:00] [INFO] ==================================================
[2026-09-22 13:47:00] [INFO] SUBSCRIPTION EXPIRY CRON STARTED
[2026-09-22 13:47:00] [INFO] ==================================================
[2026-09-22 13:47:00] [INFO] [SUBSCRIPTION] Current India Date: 2026-09-22
[2026-09-22 13:47:00] [INFO] [OVERSTAY] Cron triggered
[2026-09-22 13:47:00] [INFO] ==================================================
[2026-09-22 13:47:00] [INFO] OVERSTAY CRON STARTED
[2026-09-22 13:47:00] [INFO] ==================================================
[2026-09-22 13:47:00] [INFO] [OVERSTAY] Current India Date/Time: 22/09/2026 13:47:00
[2026-09-22 13:47:00] [INFO] [OVERSTAY] Timezone: Asia/Kolkata
[2026-09-22 13:47:00] [INFO] [OVERSTAY] Staying customers found: 0
[2026-09-22 13:47:00] [INFO] ==================================================
[2026-09-22 13:47:00] [INFO] OVERSTAY CRON COMPLETED
[2026-09-22 13:47:00] [INFO] ==================================================
[2026-09-22 13:47:00] [INFO] [SUBSCRIPTION] Subscriptions found: 2
[2026-09-22 13:47:00] [INFO] [SUBSCRIPTION] mani hotel | Expiry: 2026-10-16 | Days Remaining: 24
[2026-09-22 13:47:00] [INFO] [SUBSCRIPTION] hotel 2 | Expiry: 2026-10-17 | Days Remaining: 25
[2026-09-22 13:47:00] [INFO] ==================================================
[2026-09-22 13:47:00] [INFO] SUBSCRIPTION EXPIRY CRON COMPLETED
[2026-09-22 13:47:00] [INFO] ==================================================
[2026-09-22 13:48:00] [INFO] [SUBSCRIPTION] Expiry cron triggered
[2026-09-22 13:48:00] [INFO] ==================================================
[2026-09-22 13:48:00] [INFO] SUBSCRIPTION EXPIRY CRON STARTED
[2026-09-22 13:48:00] [INFO] ==================================================
[2026-09-22 13:48:00] [INFO] [SUBSCRIPTION] Current India Date: 2026-09-22
[2026-09-22 13:48:00] [INFO] [OVERSTAY] Cron triggered
[2026-09-22 13:48:00] [INFO] ==================================================
[2026-09-22 13:48:00] [INFO] OVERSTAY CRON STARTED
[2026-09-22 13:48:00] [INFO] ==================================================
[2026-09-22 13:48:00] [INFO] [OVERSTAY] Current India Date/Time: 22/09/2026 13:48:00
[2026-09-22 13:48:00] [INFO] [OVERSTAY] Timezone: Asia/Kolkata
[2026-09-22 13:48:00] [INFO] [OVERSTAY] Staying customers found: 0
[2026-09-22 13:48:00] [INFO] ==================================================
[2026-09-22 13:48:00] [INFO] OVERSTAY CRON COMPLETED
[2026-09-22 13:48:00] [INFO] ==================================================
[2026-09-22 13:48:00] [INFO] [SUBSCRIPTION] Subscriptions found: 2
[2026-09-22 13:48:00] [INFO] [SUBSCRIPTION] mani hotel | Expiry: 2026-10-16 | Days Remaining: 24
[2026-09-22 13:48:00] [INFO] [SUBSCRIPTION] hotel 2 | Expiry: 2026-10-17 | Days Remaining: 25
[2026-09-22 13:48:00] [INFO] ==================================================
[2026-09-22 13:48:00] [INFO] SUBSCRIPTION EXPIRY CRON COMPLETED
[2026-09-22 13:48:00] [INFO] ==================================================
[2026-09-22 13:49:00] [INFO] [SUBSCRIPTION] Expiry cron triggered
[2026-09-22 13:49:00] [INFO] ==================================================
[2026-09-22 13:49:00] [INFO] SUBSCRIPTION EXPIRY CRON STARTED
[2026-09-22 13:49:00] [INFO] ==================================================
[2026-09-22 13:49:00] [INFO] [SUBSCRIPTION] Current India Date: 2026-09-22
[2026-09-22 13:49:00] [INFO] [OVERSTAY] Cron triggered
[2026-09-22 13:49:00] [INFO] ==================================================
[2026-09-22 13:49:00] [INFO] OVERSTAY CRON STARTED
[2026-09-22 13:49:00] [INFO] ==================================================
[2026-09-22 13:49:00] [INFO] [OVERSTAY] Current India Date/Time: 22/09/2026 13:49:00
[2026-09-22 13:49:00] [INFO] [OVERSTAY] Timezone: Asia/Kolkata
[2026-09-22 13:49:00] [INFO] [OVERSTAY] Staying customers found: 0
[2026-09-22 13:49:00] [INFO] ==================================================
[2026-09-22 13:49:00] [INFO] OVERSTAY CRON COMPLETED
[2026-09-22 13:49:00] [INFO] ==================================================
[2026-09-22 13:49:00] [INFO] [SUBSCRIPTION] Subscriptions found: 2
[2026-09-22 13:49:00] [INFO] [SUBSCRIPTION] mani hotel | Expiry: 2026-10-16 | Days Remaining: 24
[2026-09-22 13:49:00] [INFO] [SUBSCRIPTION] hotel 2 | Expiry: 2026-10-17 | Days Remaining: 25
[2026-09-22 13:49:00] [INFO] ==================================================
[2026-09-22 13:49:00] [INFO] SUBSCRIPTION EXPIRY CRON COMPLETED
[2026-09-22 13:49:00] [INFO] ==================================================
[2026-09-22 13:50:00] [INFO] [OVERSTAY] Cron triggered
[2026-09-22 13:50:00] [INFO] ==================================================
[2026-09-22 13:50:00] [INFO] OVERSTAY CRON STARTED
[2026-09-22 13:50:00] [INFO] ==================================================
[2026-09-22 13:50:00] [INFO] [OVERSTAY] Current India Date/Time: 22/09/2026 13:50:00
[2026-09-22 13:50:00] [INFO] [OVERSTAY] Timezone: Asia/Kolkata
[2026-09-22 13:50:00] [INFO] [SUBSCRIPTION] Expiry cron triggered
[2026-09-22 13:50:00] [INFO] ==================================================
[2026-09-22 13:50:00] [INFO] SUBSCRIPTION EXPIRY CRON STARTED
[2026-09-22 13:50:00] [INFO] ==================================================
[2026-09-22 13:50:00] [INFO] [SUBSCRIPTION] Current India Date: 2026-09-22
[2026-09-22 13:50:00] [INFO] [OVERSTAY] Staying customers found: 0
[2026-09-22 13:50:00] [INFO] ==================================================
[2026-09-22 13:50:00] [INFO] OVERSTAY CRON COMPLETED
[2026-09-22 13:50:00] [INFO] ==================================================
[2026-09-22 13:50:00] [INFO] [SUBSCRIPTION] Subscriptions found: 2
[2026-09-22 13:50:00] [INFO] [SUBSCRIPTION] mani hotel | Expiry: 2026-10-16 | Days Remaining: 24
[2026-09-22 13:50:00] [INFO] [SUBSCRIPTION] hotel 2 | Expiry: 2026-10-17 | Days Remaining: 25
[2026-09-22 13:50:00] [INFO] ==================================================
[2026-09-22 13:50:00] [INFO] SUBSCRIPTION EXPIRY CRON COMPLETED
[2026-09-22 13:50:00] [INFO] ==================================================
[2026-09-22 13:51:00] [INFO] [SUBSCRIPTION] Expiry cron triggered
[2026-09-22 13:51:00] [INFO] ==================================================
[2026-09-22 13:51:00] [INFO] SUBSCRIPTION EXPIRY CRON STARTED
[2026-09-22 13:51:00] [INFO] ==================================================
[2026-09-22 13:51:00] [INFO] [SUBSCRIPTION] Current India Date: 2026-09-22
[2026-09-22 13:51:00] [INFO] [OVERSTAY] Cron triggered
[2026-09-22 13:51:00] [INFO] ==================================================
[2026-09-22 13:51:00] [INFO] OVERSTAY CRON STARTED
[2026-09-22 13:51:00] [INFO] ==================================================
[2026-09-22 13:51:00] [INFO] [OVERSTAY] Current India Date/Time: 22/09/2026 13:51:00
[2026-09-22 13:51:00] [INFO] [OVERSTAY] Timezone: Asia/Kolkata
[2026-09-22 13:51:00] [INFO] [SUBSCRIPTION] Subscriptions found: 2
[2026-09-22 13:51:00] [INFO] [OVERSTAY] Staying customers found: 0
[2026-09-22 13:51:00] [INFO] ==================================================
[2026-09-22 13:51:00] [INFO] OVERSTAY CRON COMPLETED
[2026-09-22 13:51:00] [INFO] ==================================================
[2026-09-22 13:51:00] [INFO] [SUBSCRIPTION] mani hotel | Expiry: 2026-10-16 | Days Remaining: 24
[2026-09-22 13:51:00] [INFO] [SUBSCRIPTION] hotel 2 | Expiry: 2026-10-17 | Days Remaining: 25
[2026-09-22 13:51:00] [INFO] ==================================================
[2026-09-22 13:51:00] [INFO] SUBSCRIPTION EXPIRY CRON COMPLETED
[2026-09-22 13:51:00] [INFO] ==================================================
[2026-09-22 13:52:00] [INFO] [SUBSCRIPTION] Expiry cron triggered
[2026-09-22 13:52:00] [INFO] ==================================================
[2026-09-22 13:52:00] [INFO] SUBSCRIPTION EXPIRY CRON STARTED
[2026-09-22 13:52:00] [INFO] ==================================================
[2026-09-22 13:52:00] [INFO] [SUBSCRIPTION] Current India Date: 2026-09-22
[2026-09-22 13:52:00] [INFO] [OVERSTAY] Cron triggered
[2026-09-22 13:52:00] [INFO] ==================================================
[2026-09-22 13:52:00] [INFO] OVERSTAY CRON STARTED
[2026-09-22 13:52:00] [INFO] ==================================================
[2026-09-22 13:52:00] [INFO] [OVERSTAY] Current India Date/Time: 22/09/2026 13:52:00
[2026-09-22 13:52:00] [INFO] [OVERSTAY] Timezone: Asia/Kolkata
[2026-09-22 13:52:00] [INFO] [SUBSCRIPTION] Subscriptions found: 2
[2026-09-22 13:52:00] [INFO] [OVERSTAY] Staying customers found: 0
[2026-09-22 13:52:00] [INFO] ==================================================
[2026-09-22 13:52:00] [INFO] OVERSTAY CRON COMPLETED
[2026-09-22 13:52:00] [INFO] ==================================================
[2026-09-22 13:52:00] [INFO] [SUBSCRIPTION] mani hotel | Expiry: 2026-10-16 | Days Remaining: 24
[2026-09-22 13:52:00] [INFO] [SUBSCRIPTION] hotel 2 | Expiry: 2026-10-17 | Days Remaining: 25
[2026-09-22 13:52:00] [INFO] ==================================================
[2026-09-22 13:52:00] [INFO] SUBSCRIPTION EXPIRY CRON COMPLETED
[2026-09-22 13:52:00] [INFO] ==================================================
[2026-09-22 13:53:00] [INFO] [SUBSCRIPTION] Expiry cron triggered
[2026-09-22 13:53:00] [INFO] ==================================================
[2026-09-22 13:53:00] [INFO] SUBSCRIPTION EXPIRY CRON STARTED
[2026-09-22 13:53:00] [INFO] ==================================================
[2026-09-22 13:53:00] [INFO] [SUBSCRIPTION] Current India Date: 2026-09-22
[2026-09-22 13:53:00] [INFO] [OVERSTAY] Cron triggered
[2026-09-22 13:53:00] [INFO] ==================================================
[2026-09-22 13:53:00] [INFO] OVERSTAY CRON STARTED
[2026-09-22 13:53:00] [INFO] ==================================================
[2026-09-22 13:53:00] [INFO] [OVERSTAY] Current India Date/Time: 22/09/2026 13:53:00
[2026-09-22 13:53:00] [INFO] [OVERSTAY] Timezone: Asia/Kolkata
[2026-09-22 13:53:00] [INFO] [SUBSCRIPTION] Subscriptions found: 2
[2026-09-22 13:53:00] [INFO] [OVERSTAY] Staying customers found: 0
[2026-09-22 13:53:00] [INFO] ==================================================
[2026-09-22 13:53:00] [INFO] OVERSTAY CRON COMPLETED
[2026-09-22 13:53:00] [INFO] ==================================================
[2026-09-22 13:53:00] [INFO] [SUBSCRIPTION] mani hotel | Expiry: 2026-10-16 | Days Remaining: 24
[2026-09-22 13:53:00] [INFO] [SUBSCRIPTION] hotel 2 | Expiry: 2026-10-17 | Days Remaining: 25
[2026-09-22 13:53:00] [INFO] ==================================================
[2026-09-22 13:53:00] [INFO] SUBSCRIPTION EXPIRY CRON COMPLETED
[2026-09-22 13:53:00] [INFO] ==================================================
[2026-09-22 13:54:00] [INFO] [OVERSTAY] Cron triggered
[2026-09-22 13:54:00] [INFO] ==================================================
[2026-09-22 13:54:00] [INFO] OVERSTAY CRON STARTED
[2026-09-22 13:54:00] [INFO] ==================================================
[2026-09-22 13:54:00] [INFO] [OVERSTAY] Current India Date/Time: 22/09/2026 13:54:00
[2026-09-22 13:54:00] [INFO] [OVERSTAY] Timezone: Asia/Kolkata
[2026-09-22 13:54:00] [INFO] [SUBSCRIPTION] Expiry cron triggered
[2026-09-22 13:54:00] [INFO] ==================================================
[2026-09-22 13:54:00] [INFO] SUBSCRIPTION EXPIRY CRON STARTED
[2026-09-22 13:54:00] [INFO] ==================================================
[2026-09-22 13:54:00] [INFO] [SUBSCRIPTION] Current India Date: 2026-09-22
[2026-09-22 13:54:00] [INFO] [OVERSTAY] Staying customers found: 0
[2026-09-22 13:54:00] [INFO] ==================================================
[2026-09-22 13:54:00] [INFO] OVERSTAY CRON COMPLETED
[2026-09-22 13:54:00] [INFO] ==================================================
[2026-09-22 13:54:00] [INFO] [SUBSCRIPTION] Subscriptions found: 2
[2026-09-22 13:54:00] [INFO] [SUBSCRIPTION] mani hotel | Expiry: 2026-10-16 | Days Remaining: 24
[2026-09-22 13:54:00] [INFO] [SUBSCRIPTION] hotel 2 | Expiry: 2026-10-17 | Days Remaining: 25
[2026-09-22 13:54:00] [INFO] ==================================================
[2026-09-22 13:54:00] [INFO] SUBSCRIPTION EXPIRY CRON COMPLETED
[2026-09-22 13:54:00] [INFO] ==================================================
[2026-09-22 13:55:00] [INFO] [OVERSTAY] Cron triggered
[2026-09-22 13:55:00] [INFO] ==================================================
[2026-09-22 13:55:00] [INFO] OVERSTAY CRON STARTED
[2026-09-22 13:55:00] [INFO] ==================================================
[2026-09-22 13:55:00] [INFO] [OVERSTAY] Current India Date/Time: 22/09/2026 13:55:00
[2026-09-22 13:55:00] [INFO] [OVERSTAY] Timezone: Asia/Kolkata
[2026-09-22 13:55:00] [INFO] [SUBSCRIPTION] Expiry cron triggered
[2026-09-22 13:55:00] [INFO] ==================================================
[2026-09-22 13:55:00] [INFO] SUBSCRIPTION EXPIRY CRON STARTED
[2026-09-22 13:55:00] [INFO] ==================================================
[2026-09-22 13:55:00] [INFO] [SUBSCRIPTION] Current India Date: 2026-09-22
[2026-09-22 13:55:00] [INFO] [OVERSTAY] Staying customers found: 0
[2026-09-22 13:55:00] [INFO] ==================================================
[2026-09-22 13:55:00] [INFO] OVERSTAY CRON COMPLETED
[2026-09-22 13:55:00] [INFO] ==================================================
[2026-09-22 13:55:00] [INFO] [SUBSCRIPTION] Subscriptions found: 2
[2026-09-22 13:55:00] [INFO] [SUBSCRIPTION] mani hotel | Expiry: 2026-10-16 | Days Remaining: 24
[2026-09-22 13:55:00] [INFO] [SUBSCRIPTION] hotel 2 | Expiry: 2026-10-17 | Days Remaining: 25
[2026-09-22 13:55:00] [INFO] ==================================================
[2026-09-22 13:55:00] [INFO] SUBSCRIPTION EXPIRY CRON COMPLETED
[2026-09-22 13:55:00] [INFO] ==================================================
[2026-09-22 13:56:00] [INFO] [OVERSTAY] Cron triggered
[2026-09-22 13:56:00] [INFO] ==================================================
[2026-09-22 13:56:00] [INFO] OVERSTAY CRON STARTED
[2026-09-22 13:56:00] [INFO] ==================================================
[2026-09-22 13:56:00] [INFO] [OVERSTAY] Current India Date/Time: 22/09/2026 13:56:00
[2026-09-22 13:56:00] [INFO] [OVERSTAY] Timezone: Asia/Kolkata
[2026-09-22 13:56:00] [INFO] [SUBSCRIPTION] Expiry cron triggered
[2026-09-22 13:56:00] [INFO] ==================================================
[2026-09-22 13:56:00] [INFO] SUBSCRIPTION EXPIRY CRON STARTED
[2026-09-22 13:56:00] [INFO] ==================================================
[2026-09-22 13:56:00] [INFO] [SUBSCRIPTION] Current India Date: 2026-09-22
[2026-09-22 13:56:00] [INFO] [OVERSTAY] Staying customers found: 0
[2026-09-22 13:56:00] [INFO] ==================================================
[2026-09-22 13:56:00] [INFO] OVERSTAY CRON COMPLETED
[2026-09-22 13:56:00] [INFO] ==================================================
[2026-09-22 13:56:00] [INFO] [SUBSCRIPTION] Subscriptions found: 2
[2026-09-22 13:56:00] [INFO] [SUBSCRIPTION] mani hotel | Expiry: 2026-10-16 | Days Remaining: 24
[2026-09-22 13:56:00] [INFO] [SUBSCRIPTION] hotel 2 | Expiry: 2026-10-17 | Days Remaining: 25
[2026-09-22 13:56:00] [INFO] ==================================================
[2026-09-22 13:56:00] [INFO] SUBSCRIPTION EXPIRY CRON COMPLETED
[2026-09-22 13:56:00] [INFO] ==================================================
[2026-09-22 13:57:00] [INFO] [OVERSTAY] Cron triggered
[2026-09-22 13:57:00] [INFO] ==================================================
[2026-09-22 13:57:00] [INFO] OVERSTAY CRON STARTED
[2026-09-22 13:57:00] [INFO] ==================================================
[2026-09-22 13:57:00] [INFO] [OVERSTAY] Current India Date/Time: 22/09/2026 13:57:00
[2026-09-22 13:57:00] [INFO] [OVERSTAY] Timezone: Asia/Kolkata
[2026-09-22 13:57:00] [INFO] [SUBSCRIPTION] Expiry cron triggered
[2026-09-22 13:57:00] [INFO] ==================================================
[2026-09-22 13:57:00] [INFO] SUBSCRIPTION EXPIRY CRON STARTED
[2026-09-22 13:57:00] [INFO] ==================================================
[2026-09-22 13:57:00] [INFO] [SUBSCRIPTION] Current India Date: 2026-09-22
[2026-09-22 13:57:00] [INFO] [OVERSTAY] Staying customers found: 0
[2026-09-22 13:57:00] [INFO] ==================================================
[2026-09-22 13:57:00] [INFO] OVERSTAY CRON COMPLETED
[2026-09-22 13:57:00] [INFO] ==================================================
[2026-09-22 13:57:00] [INFO] [SUBSCRIPTION] Subscriptions found: 2
[2026-09-22 13:57:00] [INFO] [SUBSCRIPTION] mani hotel | Expiry: 2026-10-16 | Days Remaining: 24
[2026-09-22 13:57:00] [INFO] [SUBSCRIPTION] hotel 2 | Expiry: 2026-10-17 | Days Remaining: 25
[2026-09-22 13:57:00] [INFO] ==================================================
[2026-09-22 13:57:00] [INFO] SUBSCRIPTION EXPIRY CRON COMPLETED
[2026-09-22 13:57:00] [INFO] ==================================================
[2026-09-22 13:58:00] [INFO] [OVERSTAY] Cron triggered
[2026-09-22 13:58:00] [INFO] ==================================================
[2026-09-22 13:58:00] [INFO] OVERSTAY CRON STARTED
[2026-09-22 13:58:00] [INFO] ==================================================
[2026-09-22 13:58:00] [INFO] [OVERSTAY] Current India Date/Time: 22/09/2026 13:58:00
[2026-09-22 13:58:00] [INFO] [OVERSTAY] Timezone: Asia/Kolkata
[2026-09-22 13:58:00] [INFO] [SUBSCRIPTION] Expiry cron triggered
[2026-09-22 13:58:00] [INFO] ==================================================
[2026-09-22 13:58:00] [INFO] SUBSCRIPTION EXPIRY CRON STARTED
[2026-09-22 13:58:00] [INFO] ==================================================
[2026-09-22 13:58:00] [INFO] [SUBSCRIPTION] Current India Date: 2026-09-22
[2026-09-22 13:58:00] [INFO] [OVERSTAY] Staying customers found: 0
[2026-09-22 13:58:00] [INFO] ==================================================
[2026-09-22 13:58:00] [INFO] OVERSTAY CRON COMPLETED
[2026-09-22 13:58:00] [INFO] ==================================================
[2026-09-22 13:58:00] [INFO] [SUBSCRIPTION] Subscriptions found: 2
[2026-09-22 13:58:00] [INFO] [SUBSCRIPTION] mani hotel | Expiry: 2026-10-16 | Days Remaining: 24
[2026-09-22 13:58:00] [INFO] [SUBSCRIPTION] hotel 2 | Expiry: 2026-10-17 | Days Remaining: 25
[2026-09-22 13:58:00] [INFO] ==================================================
[2026-09-22 13:58:00] [INFO] SUBSCRIPTION EXPIRY CRON COMPLETED
[2026-09-22 13:58:00] [INFO] ==================================================
[2026-09-22 13:59:00] [INFO] [SUBSCRIPTION] Expiry cron triggered
[2026-09-22 13:59:00] [INFO] ==================================================
[2026-09-22 13:59:00] [INFO] SUBSCRIPTION EXPIRY CRON STARTED
[2026-09-22 13:59:00] [INFO] ==================================================
[2026-09-22 13:59:00] [INFO] [SUBSCRIPTION] Current India Date: 2026-09-22
[2026-09-22 13:59:00] [INFO] [OVERSTAY] Cron triggered
[2026-09-22 13:59:00] [INFO] ==================================================
[2026-09-22 13:59:00] [INFO] OVERSTAY CRON STARTED
[2026-09-22 13:59:00] [INFO] ==================================================
[2026-09-22 13:59:00] [INFO] [OVERSTAY] Current India Date/Time: 22/09/2026 13:59:00
[2026-09-22 13:59:00] [INFO] [OVERSTAY] Timezone: Asia/Kolkata
[2026-09-22 13:59:00] [INFO] [OVERSTAY] Staying customers found: 0
[2026-09-22 13:59:00] [INFO] ==================================================
[2026-09-22 13:59:00] [INFO] OVERSTAY CRON COMPLETED
[2026-09-22 13:59:00] [INFO] ==================================================
[2026-09-22 13:59:00] [INFO] [SUBSCRIPTION] Subscriptions found: 2
[2026-09-22 13:59:00] [INFO] [SUBSCRIPTION] mani hotel | Expiry: 2026-10-16 | Days Remaining: 24
[2026-09-22 13:59:00] [INFO] [SUBSCRIPTION] hotel 2 | Expiry: 2026-10-17 | Days Remaining: 25
[2026-09-22 13:59:00] [INFO] ==================================================
[2026-09-22 13:59:00] [INFO] SUBSCRIPTION EXPIRY CRON COMPLETED
[2026-09-22 13:59:00] [INFO] ==================================================
[2026-09-22 14:00:00] [INFO] [SUBSCRIPTION] Expiry cron triggered
[2026-09-22 14:00:00] [INFO] ==================================================
[2026-09-22 14:00:00] [INFO] SUBSCRIPTION EXPIRY CRON STARTED
[2026-09-22 14:00:00] [INFO] ==================================================
[2026-09-22 14:00:00] [INFO] [SUBSCRIPTION] Current India Date: 2026-09-22
[2026-09-22 14:00:00] [INFO] [OVERSTAY] Cron triggered
[2026-09-22 14:00:00] [INFO] ==================================================
[2026-09-22 14:00:00] [INFO] OVERSTAY CRON STARTED
[2026-09-22 14:00:00] [INFO] ==================================================
[2026-09-22 14:00:00] [INFO] [OVERSTAY] Current India Date/Time: 22/09/2026 14:00:00
[2026-09-22 14:00:00] [INFO] [OVERSTAY] Timezone: Asia/Kolkata
[2026-09-22 14:00:00] [INFO] [OVERSTAY] Staying customers found: 0
[2026-09-22 14:00:00] [INFO] ==================================================
[2026-09-22 14:00:00] [INFO] OVERSTAY CRON COMPLETED
[2026-09-22 14:00:00] [INFO] ==================================================
[2026-09-22 14:00:00] [INFO] [SUBSCRIPTION] Subscriptions found: 2
[2026-09-22 14:00:00] [INFO] [SUBSCRIPTION] mani hotel | Expiry: 2026-10-16 | Days Remaining: 24
[2026-09-22 14:00:00] [INFO] [SUBSCRIPTION] hotel 2 | Expiry: 2026-10-17 | Days Remaining: 25
[2026-09-22 14:00:00] [INFO] ==================================================
[2026-09-22 14:00:00] [INFO] SUBSCRIPTION EXPIRY CRON COMPLETED
[2026-09-22 14:00:00] [INFO] ==================================================
[2026-09-22 14:01:00] [INFO] [SUBSCRIPTION] Expiry cron triggered
[2026-09-22 14:01:00] [INFO] ==================================================
[2026-09-22 14:01:00] [INFO] SUBSCRIPTION EXPIRY CRON STARTED
[2026-09-22 14:01:00] [INFO] ==================================================
[2026-09-22 14:01:00] [INFO] [SUBSCRIPTION] Current India Date: 2026-09-22
[2026-09-22 14:01:00] [INFO] [OVERSTAY] Cron triggered
[2026-09-22 14:01:00] [INFO] ==================================================
[2026-09-22 14:01:00] [INFO] OVERSTAY CRON STARTED
[2026-09-22 14:01:00] [INFO] ==================================================
[2026-09-22 14:01:00] [INFO] [OVERSTAY] Current India Date/Time: 22/09/2026 14:01:00
[2026-09-22 14:01:00] [INFO] [OVERSTAY] Timezone: Asia/Kolkata
[2026-09-22 14:01:00] [INFO] [OVERSTAY] Staying customers found: 0
[2026-09-22 14:01:00] [INFO] ==================================================
[2026-09-22 14:01:00] [INFO] OVERSTAY CRON COMPLETED
[2026-09-22 14:01:00] [INFO] ==================================================
[2026-09-22 14:01:00] [INFO] [SUBSCRIPTION] Subscriptions found: 2
[2026-09-22 14:01:00] [INFO] [SUBSCRIPTION] mani hotel | Expiry: 2026-10-16 | Days Remaining: 24
[2026-09-22 14:01:00] [INFO] [SUBSCRIPTION] hotel 2 | Expiry: 2026-10-17 | Days Remaining: 25
[2026-09-22 14:01:00] [INFO] ==================================================
[2026-09-22 14:01:00] [INFO] SUBSCRIPTION EXPIRY CRON COMPLETED
[2026-09-22 14:01:00] [INFO] ==================================================
[2026-09-22 14:02:00] [INFO] [SUBSCRIPTION] Expiry cron triggered
[2026-09-22 14:02:00] [INFO] ==================================================
[2026-09-22 14:02:00] [INFO] SUBSCRIPTION EXPIRY CRON STARTED
[2026-09-22 14:02:00] [INFO] ==================================================
[2026-09-22 14:02:00] [INFO] [SUBSCRIPTION] Current India Date: 2026-09-22
[2026-09-22 14:02:00] [INFO] [OVERSTAY] Cron triggered
[2026-09-22 14:02:00] [INFO] ==================================================
[2026-09-22 14:02:00] [INFO] OVERSTAY CRON STARTED
[2026-09-22 14:02:00] [INFO] ==================================================
[2026-09-22 14:02:00] [INFO] [OVERSTAY] Current India Date/Time: 22/09/2026 14:02:00
[2026-09-22 14:02:00] [INFO] [OVERSTAY] Timezone: Asia/Kolkata
[2026-09-22 14:02:00] [INFO] [OVERSTAY] Staying customers found: 0
[2026-09-22 14:02:00] [INFO] ==================================================
[2026-09-22 14:02:00] [INFO] OVERSTAY CRON COMPLETED
[2026-09-22 14:02:00] [INFO] ==================================================
[2026-09-22 14:02:00] [INFO] [SUBSCRIPTION] Subscriptions found: 2
[2026-09-22 14:02:00] [INFO] [SUBSCRIPTION] mani hotel | Expiry: 2026-10-16 | Days Remaining: 24
[2026-09-22 14:02:00] [INFO] [SUBSCRIPTION] hotel 2 | Expiry: 2026-10-17 | Days Remaining: 25
[2026-09-22 14:02:00] [INFO] ==================================================
[2026-09-22 14:02:00] [INFO] SUBSCRIPTION EXPIRY CRON COMPLETED
[2026-09-22 14:02:00] [INFO] ==================================================
[2026-09-22 14:03:00] [INFO] [SUBSCRIPTION] Expiry cron triggered
[2026-09-22 14:03:00] [INFO] ==================================================
[2026-09-22 14:03:00] [INFO] SUBSCRIPTION EXPIRY CRON STARTED
[2026-09-22 14:03:00] [INFO] ==================================================
[2026-09-22 14:03:00] [INFO] [SUBSCRIPTION] Current India Date: 2026-09-22
[2026-09-22 14:03:00] [INFO] [OVERSTAY] Cron triggered
[2026-09-22 14:03:00] [INFO] ==================================================
[2026-09-22 14:03:00] [INFO] OVERSTAY CRON STARTED
[2026-09-22 14:03:00] [INFO] ==================================================
[2026-09-22 14:03:00] [INFO] [OVERSTAY] Current India Date/Time: 22/09/2026 14:03:00
[2026-09-22 14:03:00] [INFO] [OVERSTAY] Timezone: Asia/Kolkata
[2026-09-22 14:03:00] [INFO] [OVERSTAY] Staying customers found: 0
[2026-09-22 14:03:00] [INFO] ==================================================
[2026-09-22 14:03:00] [INFO] OVERSTAY CRON COMPLETED
[2026-09-22 14:03:00] [INFO] ==================================================
[2026-09-22 14:03:00] [INFO] [SUBSCRIPTION] Subscriptions found: 2
[2026-09-22 14:03:00] [INFO] [SUBSCRIPTION] mani hotel | Expiry: 2026-10-16 | Days Remaining: 24
[2026-09-22 14:03:00] [INFO] [SUBSCRIPTION] hotel 2 | Expiry: 2026-10-17 | Days Remaining: 25
[2026-09-22 14:03:00] [INFO] ==================================================
[2026-09-22 14:03:00] [INFO] SUBSCRIPTION EXPIRY CRON COMPLETED
[2026-09-22 14:03:00] [INFO] ==================================================
[2026-09-22 14:04:00] [INFO] [SUBSCRIPTION] Expiry cron triggered
[2026-09-22 14:04:00] [INFO] ==================================================
[2026-09-22 14:04:00] [INFO] SUBSCRIPTION EXPIRY CRON STARTED
[2026-09-22 14:04:00] [INFO] ==================================================
[2026-09-22 14:04:00] [INFO] [SUBSCRIPTION] Current India Date: 2026-09-22
[2026-09-22 14:04:00] [INFO] [OVERSTAY] Cron triggered
[2026-09-22 14:04:00] [INFO] ==================================================
[2026-09-22 14:04:00] [INFO] OVERSTAY CRON STARTED
[2026-09-22 14:04:00] [INFO] ==================================================
[2026-09-22 14:04:00] [INFO] [OVERSTAY] Current India Date/Time: 22/09/2026 14:04:00
[2026-09-22 14:04:00] [INFO] [OVERSTAY] Timezone: Asia/Kolkata
[2026-09-22 14:04:00] [INFO] [OVERSTAY] Staying customers found: 0
[2026-09-22 14:04:00] [INFO] ==================================================
[2026-09-22 14:04:00] [INFO] OVERSTAY CRON COMPLETED
[2026-09-22 14:04:00] [INFO] ==================================================
[2026-09-22 14:04:00] [INFO] [SUBSCRIPTION] Subscriptions found: 2
[2026-09-22 14:04:00] [INFO] [SUBSCRIPTION] mani hotel | Expiry: 2026-10-16 | Days Remaining: 24
[2026-09-22 14:04:00] [INFO] [SUBSCRIPTION] hotel 2 | Expiry: 2026-10-17 | Days Remaining: 25
[2026-09-22 14:04:00] [INFO] ==================================================
[2026-09-22 14:04:00] [INFO] SUBSCRIPTION EXPIRY CRON COMPLETED
[2026-09-22 14:04:00] [INFO] ==================================================
[2026-09-22 14:04:57] [INFO] Hotel registrations retrieved successfully. Total registrations: 3
[2026-09-22 14:04:57] [INFO] Hotel registrations retrieved successfully. Total registrations: 3
[2026-09-22 14:05:00] [INFO] [OVERSTAY] Cron triggered
[2026-09-22 14:05:00] [INFO] ==================================================
[2026-09-22 14:05:00] [INFO] OVERSTAY CRON STARTED
[2026-09-22 14:05:00] [INFO] ==================================================
[2026-09-22 14:05:00] [INFO] [OVERSTAY] Current India Date/Time: 22/09/2026 14:05:00
[2026-09-22 14:05:00] [INFO] [OVERSTAY] Timezone: Asia/Kolkata
[2026-09-22 14:05:00] [INFO] [SUBSCRIPTION] Expiry cron triggered
[2026-09-22 14:05:00] [INFO] ==================================================
[2026-09-22 14:05:00] [INFO] SUBSCRIPTION EXPIRY CRON STARTED
[2026-09-22 14:05:00] [INFO] ==================================================
[2026-09-22 14:05:00] [INFO] [SUBSCRIPTION] Current India Date: 2026-09-22
[2026-09-22 14:05:00] [INFO] [OVERSTAY] Staying customers found: 0
[2026-09-22 14:05:00] [INFO] ==================================================
[2026-09-22 14:05:00] [INFO] OVERSTAY CRON COMPLETED
[2026-09-22 14:05:00] [INFO] ==================================================
[2026-09-22 14:05:00] [INFO] [SUBSCRIPTION] Subscriptions found: 2
[2026-09-22 14:05:00] [INFO] [SUBSCRIPTION] mani hotel | Expiry: 2026-10-16 | Days Remaining: 24
[2026-09-22 14:05:00] [INFO] [SUBSCRIPTION] hotel 2 | Expiry: 2026-10-17 | Days Remaining: 25
[2026-09-22 14:05:00] [INFO] ==================================================
[2026-09-22 14:05:00] [INFO] SUBSCRIPTION EXPIRY CRON COMPLETED
[2026-09-22 14:05:00] [INFO] ==================================================
[2026-09-22 14:05:55] [INFO] Hotel registrations retrieved successfully. Total registrations: 3
[2026-09-22 14:05:55] [INFO] Hotel registrations retrieved successfully. Total registrations: 3
[2026-09-22 14:06:00] [INFO] [OVERSTAY] Cron triggered
[2026-09-22 14:06:00] [INFO] ==================================================
[2026-09-22 14:06:00] [INFO] OVERSTAY CRON STARTED
[2026-09-22 14:06:00] [INFO] ==================================================
[2026-09-22 14:06:00] [INFO] [OVERSTAY] Current India Date/Time: 22/09/2026 14:06:00
[2026-09-22 14:06:00] [INFO] [OVERSTAY] Timezone: Asia/Kolkata
[2026-09-22 14:06:00] [INFO] [SUBSCRIPTION] Expiry cron triggered
[2026-09-22 14:06:00] [INFO] ==================================================
[2026-09-22 14:06:00] [INFO] SUBSCRIPTION EXPIRY CRON STARTED
[2026-09-22 14:06:00] [INFO] ==================================================
[2026-09-22 14:06:00] [INFO] [SUBSCRIPTION] Current India Date: 2026-09-22
[2026-09-22 14:06:00] [INFO] [OVERSTAY] Staying customers found: 0
[2026-09-22 14:06:00] [INFO] ==================================================
[2026-09-22 14:06:00] [INFO] OVERSTAY CRON COMPLETED
[2026-09-22 14:06:00] [INFO] ==================================================
[2026-09-22 14:06:00] [INFO] [SUBSCRIPTION] Subscriptions found: 2
[2026-09-22 14:06:00] [INFO] [SUBSCRIPTION] mani hotel | Expiry: 2026-10-16 | Days Remaining: 24
[2026-09-22 14:06:00] [INFO] [SUBSCRIPTION] hotel 2 | Expiry: 2026-10-17 | Days Remaining: 25
[2026-09-22 14:06:00] [INFO] ==================================================
[2026-09-22 14:06:00] [INFO] SUBSCRIPTION EXPIRY CRON COMPLETED
[2026-09-22 14:06:00] [INFO] ==================================================
[2026-09-22 14:07:00] [INFO] [OVERSTAY] Cron triggered
[2026-09-22 14:07:00] [INFO] ==================================================
[2026-09-22 14:07:00] [INFO] OVERSTAY CRON STARTED
[2026-09-22 14:07:00] [INFO] ==================================================
[2026-09-22 14:07:00] [INFO] [OVERSTAY] Current India Date/Time: 22/09/2026 14:07:00
[2026-09-22 14:07:00] [INFO] [OVERSTAY] Timezone: Asia/Kolkata
[2026-09-22 14:07:00] [INFO] [SUBSCRIPTION] Expiry cron triggered
[2026-09-22 14:07:00] [INFO] ==================================================
[2026-09-22 14:07:00] [INFO] SUBSCRIPTION EXPIRY CRON STARTED
[2026-09-22 14:07:00] [INFO] ==================================================
[2026-09-22 14:07:00] [INFO] [SUBSCRIPTION] Current India Date: 2026-09-22
[2026-09-22 14:07:00] [INFO] [OVERSTAY] Staying customers found: 0
[2026-09-22 14:07:00] [INFO] ==================================================
[2026-09-22 14:07:00] [INFO] OVERSTAY CRON COMPLETED
[2026-09-22 14:07:00] [INFO] ==================================================
[2026-09-22 14:07:00] [INFO] [SUBSCRIPTION] Subscriptions found: 2
[2026-09-22 14:07:00] [INFO] [SUBSCRIPTION] mani hotel | Expiry: 2026-10-16 | Days Remaining: 24
[2026-09-22 14:07:00] [INFO] [SUBSCRIPTION] hotel 2 | Expiry: 2026-10-17 | Days Remaining: 25
[2026-09-22 14:07:00] [INFO] ==================================================
[2026-09-22 14:07:00] [INFO] SUBSCRIPTION EXPIRY CRON COMPLETED
[2026-09-22 14:07:00] [INFO] ==================================================
[2026-09-22 14:08:00] [INFO] [OVERSTAY] Cron triggered
[2026-09-22 14:08:00] [INFO] ==================================================
[2026-09-22 14:08:00] [INFO] OVERSTAY CRON STARTED
[2026-09-22 14:08:00] [INFO] ==================================================
[2026-09-22 14:08:00] [INFO] [OVERSTAY] Current India Date/Time: 22/09/2026 14:08:00
[2026-09-22 14:08:00] [INFO] [OVERSTAY] Timezone: Asia/Kolkata
[2026-09-22 14:08:00] [INFO] [SUBSCRIPTION] Expiry cron triggered
[2026-09-22 14:08:00] [INFO] ==================================================
[2026-09-22 14:08:00] [INFO] SUBSCRIPTION EXPIRY CRON STARTED
[2026-09-22 14:08:00] [INFO] ==================================================
[2026-09-22 14:08:00] [INFO] [SUBSCRIPTION] Current India Date: 2026-09-22
[2026-09-22 14:08:00] [INFO] [OVERSTAY] Staying customers found: 0
[2026-09-22 14:08:00] [INFO] ==================================================
[2026-09-22 14:08:00] [INFO] OVERSTAY CRON COMPLETED
[2026-09-22 14:08:00] [INFO] ==================================================
[2026-09-22 14:08:00] [INFO] [SUBSCRIPTION] Subscriptions found: 2
[2026-09-22 14:08:00] [INFO] [SUBSCRIPTION] mani hotel | Expiry: 2026-10-16 | Days Remaining: 24
[2026-09-22 14:08:00] [INFO] [SUBSCRIPTION] hotel 2 | Expiry: 2026-10-17 | Days Remaining: 25
[2026-09-22 14:08:00] [INFO] ==================================================
[2026-09-22 14:08:00] [INFO] SUBSCRIPTION EXPIRY CRON COMPLETED
[2026-09-22 14:08:00] [INFO] ==================================================
[2026-09-22 14:09:00] [INFO] [SUBSCRIPTION] Expiry cron triggered
[2026-09-22 14:09:00] [INFO] ==================================================
[2026-09-22 14:09:00] [INFO] SUBSCRIPTION EXPIRY CRON STARTED
[2026-09-22 14:09:00] [INFO] ==================================================
[2026-09-22 14:09:00] [INFO] [SUBSCRIPTION] Current India Date: 2026-09-22
[2026-09-22 14:09:00] [INFO] [OVERSTAY] Cron triggered
[2026-09-22 14:09:00] [INFO] ==================================================
[2026-09-22 14:09:00] [INFO] OVERSTAY CRON STARTED
[2026-09-22 14:09:00] [INFO] ==================================================
[2026-09-22 14:09:00] [INFO] [OVERSTAY] Current India Date/Time: 22/09/2026 14:09:00
[2026-09-22 14:09:00] [INFO] [OVERSTAY] Timezone: Asia/Kolkata
[2026-09-22 14:09:00] [INFO] [OVERSTAY] Staying customers found: 0
[2026-09-22 14:09:00] [INFO] ==================================================
[2026-09-22 14:09:00] [INFO] OVERSTAY CRON COMPLETED
[2026-09-22 14:09:00] [INFO] ==================================================
[2026-09-22 14:09:00] [INFO] [SUBSCRIPTION] Subscriptions found: 2
[2026-09-22 14:09:00] [INFO] [SUBSCRIPTION] mani hotel | Expiry: 2026-10-16 | Days Remaining: 24
[2026-09-22 14:09:00] [INFO] [SUBSCRIPTION] hotel 2 | Expiry: 2026-10-17 | Days Remaining: 25
[2026-09-22 14:09:00] [INFO] ==================================================
[2026-09-22 14:09:00] [INFO] SUBSCRIPTION EXPIRY CRON COMPLETED
[2026-09-22 14:09:00] [INFO] ==================================================
[2026-09-22 14:10:00] [INFO] [SUBSCRIPTION] Expiry cron triggered
[2026-09-22 14:10:00] [INFO] ==================================================
[2026-09-22 14:10:00] [INFO] SUBSCRIPTION EXPIRY CRON STARTED
[2026-09-22 14:10:00] [INFO] ==================================================
[2026-09-22 14:10:00] [INFO] [SUBSCRIPTION] Current India Date: 2026-09-22
[2026-09-22 14:10:00] [INFO] [OVERSTAY] Cron triggered
[2026-09-22 14:10:00] [INFO] ==================================================
[2026-09-22 14:10:00] [INFO] OVERSTAY CRON STARTED
[2026-09-22 14:10:00] [INFO] ==================================================
[2026-09-22 14:10:00] [INFO] [OVERSTAY] Current India Date/Time: 22/09/2026 14:10:00
[2026-09-22 14:10:00] [INFO] [OVERSTAY] Timezone: Asia/Kolkata
[2026-09-22 14:10:00] [INFO] [OVERSTAY] Staying customers found: 0
[2026-09-22 14:10:00] [INFO] ==================================================
[2026-09-22 14:10:00] [INFO] OVERSTAY CRON COMPLETED
[2026-09-22 14:10:00] [INFO] ==================================================
[2026-09-22 14:10:00] [INFO] [SUBSCRIPTION] Subscriptions found: 2
[2026-09-22 14:10:00] [INFO] [SUBSCRIPTION] mani hotel | Expiry: 2026-10-16 | Days Remaining: 24
[2026-09-22 14:10:00] [INFO] [SUBSCRIPTION] hotel 2 | Expiry: 2026-10-17 | Days Remaining: 25
[2026-09-22 14:10:00] [INFO] ==================================================
[2026-09-22 14:10:00] [INFO] SUBSCRIPTION EXPIRY CRON COMPLETED
[2026-09-22 14:10:00] [INFO] ==================================================
[2026-09-22 14:11:00] [INFO] [SUBSCRIPTION] Expiry cron triggered
[2026-09-22 14:11:00] [INFO] ==================================================
[2026-09-22 14:11:00] [INFO] SUBSCRIPTION EXPIRY CRON STARTED
[2026-09-22 14:11:00] [INFO] ==================================================
[2026-09-22 14:11:00] [INFO] [SUBSCRIPTION] Current India Date: 2026-09-22
[2026-09-22 14:11:00] [INFO] [OVERSTAY] Cron triggered
[2026-09-22 14:11:00] [INFO] ==================================================
[2026-09-22 14:11:00] [INFO] OVERSTAY CRON STARTED
[2026-09-22 14:11:00] [INFO] ==================================================
[2026-09-22 14:11:00] [INFO] [OVERSTAY] Current India Date/Time: 22/09/2026 14:11:00
[2026-09-22 14:11:00] [INFO] [OVERSTAY] Timezone: Asia/Kolkata
[2026-09-22 14:11:00] [INFO] [OVERSTAY] Staying customers found: 0
[2026-09-22 14:11:00] [INFO] ==================================================
[2026-09-22 14:11:00] [INFO] OVERSTAY CRON COMPLETED
[2026-09-22 14:11:00] [INFO] ==================================================
[2026-09-22 14:11:00] [INFO] [SUBSCRIPTION] Subscriptions found: 2
[2026-09-22 14:11:00] [INFO] [SUBSCRIPTION] mani hotel | Expiry: 2026-10-16 | Days Remaining: 24
[2026-09-22 14:11:00] [INFO] [SUBSCRIPTION] hotel 2 | Expiry: 2026-10-17 | Days Remaining: 25
[2026-09-22 14:11:00] [INFO] ==================================================
[2026-09-22 14:11:00] [INFO] SUBSCRIPTION EXPIRY CRON COMPLETED
[2026-09-22 14:11:00] [INFO] ==================================================
[2026-09-22 14:12:00] [INFO] [SUBSCRIPTION] Expiry cron triggered
[2026-09-22 14:12:00] [INFO] ==================================================
[2026-09-22 14:12:00] [INFO] SUBSCRIPTION EXPIRY CRON STARTED
[2026-09-22 14:12:00] [INFO] ==================================================
[2026-09-22 14:12:00] [INFO] [SUBSCRIPTION] Current India Date: 2026-09-22
[2026-09-22 14:12:00] [INFO] [OVERSTAY] Cron triggered
[2026-09-22 14:12:00] [INFO] ==================================================
[2026-09-22 14:12:00] [INFO] OVERSTAY CRON STARTED
[2026-09-22 14:12:00] [INFO] ==================================================
[2026-09-22 14:12:00] [INFO] [OVERSTAY] Current India Date/Time: 22/09/2026 14:12:00
[2026-09-22 14:12:00] [INFO] [OVERSTAY] Timezone: Asia/Kolkata
[2026-09-22 14:12:00] [INFO] [OVERSTAY] Staying customers found: 0
[2026-09-22 14:12:00] [INFO] ==================================================
[2026-09-22 14:12:00] [INFO] OVERSTAY CRON COMPLETED
[2026-09-22 14:12:00] [INFO] ==================================================
[2026-09-22 14:12:00] [INFO] [SUBSCRIPTION] Subscriptions found: 2
[2026-09-22 14:12:00] [INFO] [SUBSCRIPTION] mani hotel | Expiry: 2026-10-16 | Days Remaining: 24
[2026-09-22 14:12:00] [INFO] [SUBSCRIPTION] hotel 2 | Expiry: 2026-10-17 | Days Remaining: 25
[2026-09-22 14:12:00] [INFO] ==================================================
[2026-09-22 14:12:00] [INFO] SUBSCRIPTION EXPIRY CRON COMPLETED
[2026-09-22 14:12:00] [INFO] ==================================================
[2026-09-22 14:13:00] [INFO] [SUBSCRIPTION] Expiry cron triggered
[2026-09-22 14:13:00] [INFO] ==================================================
[2026-09-22 14:13:00] [INFO] SUBSCRIPTION EXPIRY CRON STARTED
[2026-09-22 14:13:00] [INFO] ==================================================
[2026-09-22 14:13:00] [INFO] [SUBSCRIPTION] Current India Date: 2026-09-22
[2026-09-22 14:13:00] [INFO] [OVERSTAY] Cron triggered
[2026-09-22 14:13:00] [INFO] ==================================================
[2026-09-22 14:13:00] [INFO] OVERSTAY CRON STARTED
[2026-09-22 14:13:00] [INFO] ==================================================
[2026-09-22 14:13:00] [INFO] [OVERSTAY] Current India Date/Time: 22/09/2026 14:13:00
[2026-09-22 14:13:00] [INFO] [OVERSTAY] Timezone: Asia/Kolkata
[2026-09-22 14:13:00] [INFO] [OVERSTAY] Staying customers found: 0
[2026-09-22 14:13:00] [INFO] ==================================================
[2026-09-22 14:13:00] [INFO] OVERSTAY CRON COMPLETED
[2026-09-22 14:13:00] [INFO] ==================================================
[2026-09-22 14:13:00] [INFO] [SUBSCRIPTION] Subscriptions found: 2
[2026-09-22 14:13:00] [INFO] [SUBSCRIPTION] mani hotel | Expiry: 2026-10-16 | Days Remaining: 24
[2026-09-22 14:13:00] [INFO] [SUBSCRIPTION] hotel 2 | Expiry: 2026-10-17 | Days Remaining: 25
[2026-09-22 14:13:00] [INFO] ==================================================
[2026-09-22 14:13:00] [INFO] SUBSCRIPTION EXPIRY CRON COMPLETED
[2026-09-22 14:13:00] [INFO] ==================================================
[2026-09-22 14:14:00] [INFO] [SUBSCRIPTION] Expiry cron triggered
[2026-09-22 14:14:00] [INFO] ==================================================
[2026-09-22 14:14:00] [INFO] SUBSCRIPTION EXPIRY CRON STARTED
[2026-09-22 14:14:00] [INFO] ==================================================
[2026-09-22 14:14:00] [INFO] [SUBSCRIPTION] Current India Date: 2026-09-22
[2026-09-22 14:14:00] [INFO] [OVERSTAY] Cron triggered
[2026-09-22 14:14:00] [INFO] ==================================================
[2026-09-22 14:14:00] [INFO] OVERSTAY CRON STARTED
[2026-09-22 14:14:00] [INFO] ==================================================
[2026-09-22 14:14:00] [INFO] [OVERSTAY] Current India Date/Time: 22/09/2026 14:14:00
[2026-09-22 14:14:00] [INFO] [OVERSTAY] Timezone: Asia/Kolkata
[2026-09-22 14:14:00] [INFO] [OVERSTAY] Staying customers found: 0
[2026-09-22 14:14:00] [INFO] ==================================================
[2026-09-22 14:14:00] [INFO] OVERSTAY CRON COMPLETED
[2026-09-22 14:14:00] [INFO] ==================================================
[2026-09-22 14:14:00] [INFO] [SUBSCRIPTION] Subscriptions found: 2
[2026-09-22 14:14:00] [INFO] [SUBSCRIPTION] mani hotel | Expiry: 2026-10-16 | Days Remaining: 24
[2026-09-22 14:14:00] [INFO] [SUBSCRIPTION] hotel 2 | Expiry: 2026-10-17 | Days Remaining: 25
[2026-09-22 14:14:00] [INFO] ==================================================
[2026-09-22 14:14:00] [INFO] SUBSCRIPTION EXPIRY CRON COMPLETED
[2026-09-22 14:14:00] [INFO] ==================================================
[2026-09-22 14:15:00] [INFO] [SUBSCRIPTION] Expiry cron triggered
[2026-09-22 14:15:00] [INFO] ==================================================
[2026-09-22 14:15:00] [INFO] SUBSCRIPTION EXPIRY CRON STARTED
[2026-09-22 14:15:00] [INFO] ==================================================
[2026-09-22 14:15:00] [INFO] [SUBSCRIPTION] Current India Date: 2026-09-22
[2026-09-22 14:15:00] [INFO] [OVERSTAY] Cron triggered
[2026-09-22 14:15:00] [INFO] ==================================================
[2026-09-22 14:15:00] [INFO] OVERSTAY CRON STARTED
[2026-09-22 14:15:00] [INFO] ==================================================
[2026-09-22 14:15:00] [INFO] [OVERSTAY] Current India Date/Time: 22/09/2026 14:15:00
[2026-09-22 14:15:00] [INFO] [OVERSTAY] Timezone: Asia/Kolkata
[2026-09-22 14:15:00] [INFO] [OVERSTAY] Staying customers found: 0
[2026-09-22 14:15:00] [INFO] ==================================================
[2026-09-22 14:15:00] [INFO] OVERSTAY CRON COMPLETED
[2026-09-22 14:15:00] [INFO] ==================================================
[2026-09-22 14:15:00] [INFO] [SUBSCRIPTION] Subscriptions found: 2
[2026-09-22 14:15:00] [INFO] [SUBSCRIPTION] mani hotel | Expiry: 2026-10-16 | Days Remaining: 24
[2026-09-22 14:15:00] [INFO] [SUBSCRIPTION] hotel 2 | Expiry: 2026-10-17 | Days Remaining: 25
[2026-09-22 14:15:00] [INFO] ==================================================
[2026-09-22 14:15:00] [INFO] SUBSCRIPTION EXPIRY CRON COMPLETED
[2026-09-22 14:15:00] [INFO] ==================================================
[2026-09-22 14:16:00] [INFO] [OVERSTAY] Cron triggered
[2026-09-22 14:16:00] [INFO] ==================================================
[2026-09-22 14:16:00] [INFO] OVERSTAY CRON STARTED
[2026-09-22 14:16:00] [INFO] ==================================================
[2026-09-22 14:16:00] [INFO] [OVERSTAY] Current India Date/Time: 22/09/2026 14:16:00
[2026-09-22 14:16:00] [INFO] [OVERSTAY] Timezone: Asia/Kolkata
[2026-09-22 14:16:00] [INFO] [SUBSCRIPTION] Expiry cron triggered
[2026-09-22 14:16:00] [INFO] ==================================================
[2026-09-22 14:16:00] [INFO] SUBSCRIPTION EXPIRY CRON STARTED
[2026-09-22 14:16:00] [INFO] ==================================================
[2026-09-22 14:16:00] [INFO] [SUBSCRIPTION] Current India Date: 2026-09-22
[2026-09-22 14:16:00] [INFO] [OVERSTAY] Staying customers found: 0
[2026-09-22 14:16:00] [INFO] ==================================================
[2026-09-22 14:16:00] [INFO] OVERSTAY CRON COMPLETED
[2026-09-22 14:16:00] [INFO] ==================================================
[2026-09-22 14:16:00] [INFO] [SUBSCRIPTION] Subscriptions found: 2
[2026-09-22 14:16:00] [INFO] [SUBSCRIPTION] mani hotel | Expiry: 2026-10-16 | Days Remaining: 24
[2026-09-22 14:16:00] [INFO] [SUBSCRIPTION] hotel 2 | Expiry: 2026-10-17 | Days Remaining: 25
[2026-09-22 14:16:00] [INFO] ==================================================
[2026-09-22 14:16:00] [INFO] SUBSCRIPTION EXPIRY CRON COMPLETED
[2026-09-22 14:16:00] [INFO] ==================================================
[2026-09-22 14:17:00] [INFO] [OVERSTAY] Cron triggered
[2026-09-22 14:17:00] [INFO] ==================================================
[2026-09-22 14:17:00] [INFO] OVERSTAY CRON STARTED
[2026-09-22 14:17:00] [INFO] ==================================================
[2026-09-22 14:17:00] [INFO] [OVERSTAY] Current India Date/Time: 22/09/2026 14:17:00
[2026-09-22 14:17:00] [INFO] [OVERSTAY] Timezone: Asia/Kolkata
[2026-09-22 14:17:00] [INFO] [SUBSCRIPTION] Expiry cron triggered
[2026-09-22 14:17:00] [INFO] ==================================================
[2026-09-22 14:17:00] [INFO] SUBSCRIPTION EXPIRY CRON STARTED
[2026-09-22 14:17:00] [INFO] ==================================================
[2026-09-22 14:17:00] [INFO] [SUBSCRIPTION] Current India Date: 2026-09-22
[2026-09-22 14:17:00] [INFO] [OVERSTAY] Staying customers found: 0
[2026-09-22 14:17:00] [INFO] ==================================================
[2026-09-22 14:17:00] [INFO] OVERSTAY CRON COMPLETED
[2026-09-22 14:17:00] [INFO] ==================================================
[2026-09-22 14:17:00] [INFO] [SUBSCRIPTION] Subscriptions found: 2
[2026-09-22 14:17:00] [INFO] [SUBSCRIPTION] mani hotel | Expiry: 2026-10-16 | Days Remaining: 24
[2026-09-22 14:17:00] [INFO] [SUBSCRIPTION] hotel 2 | Expiry: 2026-10-17 | Days Remaining: 25
[2026-09-22 14:17:00] [INFO] ==================================================
[2026-09-22 14:17:00] [INFO] SUBSCRIPTION EXPIRY CRON COMPLETED
[2026-09-22 14:17:00] [INFO] ==================================================
[2026-09-22 14:18:00] [INFO] [OVERSTAY] Cron triggered
[2026-09-22 14:18:00] [INFO] ==================================================
[2026-09-22 14:18:00] [INFO] OVERSTAY CRON STARTED
[2026-09-22 14:18:00] [INFO] ==================================================
[2026-09-22 14:18:00] [INFO] [OVERSTAY] Current India Date/Time: 22/09/2026 14:18:00
[2026-09-22 14:18:00] [INFO] [OVERSTAY] Timezone: Asia/Kolkata
[2026-09-22 14:18:00] [INFO] [SUBSCRIPTION] Expiry cron triggered
[2026-09-22 14:18:00] [INFO] ==================================================
[2026-09-22 14:18:00] [INFO] SUBSCRIPTION EXPIRY CRON STARTED
[2026-09-22 14:18:00] [INFO] ==================================================
[2026-09-22 14:18:00] [INFO] [SUBSCRIPTION] Current India Date: 2026-09-22
[2026-09-22 14:18:00] [INFO] [OVERSTAY] Staying customers found: 0
[2026-09-22 14:18:00] [INFO] ==================================================
[2026-09-22 14:18:00] [INFO] OVERSTAY CRON COMPLETED
[2026-09-22 14:18:00] [INFO] ==================================================
[2026-09-22 14:18:00] [INFO] [SUBSCRIPTION] Subscriptions found: 2
[2026-09-22 14:18:00] [INFO] [SUBSCRIPTION] mani hotel | Expiry: 2026-10-16 | Days Remaining: 24
[2026-09-22 14:18:00] [INFO] [SUBSCRIPTION] hotel 2 | Expiry: 2026-10-17 | Days Remaining: 25
[2026-09-22 14:18:00] [INFO] ==================================================
[2026-09-22 14:18:00] [INFO] SUBSCRIPTION EXPIRY CRON COMPLETED
[2026-09-22 14:18:00] [INFO] ==================================================
[2026-09-22 14:19:00] [INFO] [OVERSTAY] Cron triggered
[2026-09-22 14:19:00] [INFO] ==================================================
[2026-09-22 14:19:00] [INFO] OVERSTAY CRON STARTED
[2026-09-22 14:19:00] [INFO] ==================================================
[2026-09-22 14:19:00] [INFO] [OVERSTAY] Current India Date/Time: 22/09/2026 14:19:00
[2026-09-22 14:19:00] [INFO] [OVERSTAY] Timezone: Asia/Kolkata
[2026-09-22 14:19:00] [INFO] [SUBSCRIPTION] Expiry cron triggered
[2026-09-22 14:19:00] [INFO] ==================================================
[2026-09-22 14:19:00] [INFO] SUBSCRIPTION EXPIRY CRON STARTED
[2026-09-22 14:19:00] [INFO] ==================================================
[2026-09-22 14:19:00] [INFO] [SUBSCRIPTION] Current India Date: 2026-09-22
[2026-09-22 14:19:00] [INFO] [OVERSTAY] Staying customers found: 0
[2026-09-22 14:19:00] [INFO] ==================================================
[2026-09-22 14:19:00] [INFO] OVERSTAY CRON COMPLETED
[2026-09-22 14:19:00] [INFO] ==================================================
[2026-09-22 14:19:00] [INFO] [SUBSCRIPTION] Subscriptions found: 2
[2026-09-22 14:19:00] [INFO] [SUBSCRIPTION] mani hotel | Expiry: 2026-10-16 | Days Remaining: 24
[2026-09-22 14:19:00] [INFO] [SUBSCRIPTION] hotel 2 | Expiry: 2026-10-17 | Days Remaining: 25
[2026-09-22 14:19:00] [INFO] ==================================================
[2026-09-22 14:19:00] [INFO] SUBSCRIPTION EXPIRY CRON COMPLETED
[2026-09-22 14:19:00] [INFO] ==================================================
[2026-09-22 14:20:00] [INFO] [OVERSTAY] Cron triggered
[2026-09-22 14:20:00] [INFO] ==================================================
[2026-09-22 14:20:00] [INFO] OVERSTAY CRON STARTED
[2026-09-22 14:20:00] [INFO] ==================================================
[2026-09-22 14:20:00] [INFO] [OVERSTAY] Current India Date/Time: 22/09/2026 14:20:00
[2026-09-22 14:20:00] [INFO] [OVERSTAY] Timezone: Asia/Kolkata
[2026-09-22 14:20:00] [INFO] [SUBSCRIPTION] Expiry cron triggered
[2026-09-22 14:20:00] [INFO] ==================================================
[2026-09-22 14:20:00] [INFO] SUBSCRIPTION EXPIRY CRON STARTED
[2026-09-22 14:20:00] [INFO] ==================================================
[2026-09-22 14:20:00] [INFO] [SUBSCRIPTION] Current India Date: 2026-09-22
[2026-09-22 14:20:00] [INFO] [OVERSTAY] Staying customers found: 0
[2026-09-22 14:20:00] [INFO] ==================================================
[2026-09-22 14:20:00] [INFO] OVERSTAY CRON COMPLETED
[2026-09-22 14:20:00] [INFO] ==================================================
[2026-09-22 14:20:00] [INFO] [SUBSCRIPTION] Subscriptions found: 2
[2026-09-22 14:20:00] [INFO] [SUBSCRIPTION] mani hotel | Expiry: 2026-10-16 | Days Remaining: 24
[2026-09-22 14:20:00] [INFO] [SUBSCRIPTION] hotel 2 | Expiry: 2026-10-17 | Days Remaining: 25
[2026-09-22 14:20:00] [INFO] ==================================================
[2026-09-22 14:20:00] [INFO] SUBSCRIPTION EXPIRY CRON COMPLETED
[2026-09-22 14:20:00] [INFO] ==================================================
[2026-09-22 14:21:00] [INFO] [OVERSTAY] Cron triggered
[2026-09-22 14:21:00] [INFO] ==================================================
[2026-09-22 14:21:00] [INFO] OVERSTAY CRON STARTED
[2026-09-22 14:21:00] [INFO] ==================================================
[2026-09-22 14:21:00] [INFO] [OVERSTAY] Current India Date/Time: 22/09/2026 14:21:00
[2026-09-22 14:21:00] [INFO] [OVERSTAY] Timezone: Asia/Kolkata
[2026-09-22 14:21:00] [INFO] [SUBSCRIPTION] Expiry cron triggered
[2026-09-22 14:21:00] [INFO] ==================================================
[2026-09-22 14:21:00] [INFO] SUBSCRIPTION EXPIRY CRON STARTED
[2026-09-22 14:21:00] [INFO] ==================================================
[2026-09-22 14:21:00] [INFO] [SUBSCRIPTION] Current India Date: 2026-09-22
[2026-09-22 14:21:00] [INFO] [OVERSTAY] Staying customers found: 0
[2026-09-22 14:21:00] [INFO] ==================================================
[2026-09-22 14:21:00] [INFO] OVERSTAY CRON COMPLETED
[2026-09-22 14:21:00] [INFO] ==================================================
[2026-09-22 14:21:00] [INFO] [SUBSCRIPTION] Subscriptions found: 2
[2026-09-22 14:21:00] [INFO] [SUBSCRIPTION] mani hotel | Expiry: 2026-10-16 | Days Remaining: 24
[2026-09-22 14:21:00] [INFO] [SUBSCRIPTION] hotel 2 | Expiry: 2026-10-17 | Days Remaining: 25
[2026-09-22 14:21:00] [INFO] ==================================================
[2026-09-22 14:21:00] [INFO] SUBSCRIPTION EXPIRY CRON COMPLETED
[2026-09-22 14:21:00] [INFO] ==================================================
[2026-09-22 14:22:00] [INFO] [OVERSTAY] Cron triggered
[2026-09-22 14:22:00] [INFO] ==================================================
[2026-09-22 14:22:00] [INFO] OVERSTAY CRON STARTED
[2026-09-22 14:22:00] [INFO] ==================================================
[2026-09-22 14:22:00] [INFO] [OVERSTAY] Current India Date/Time: 22/09/2026 14:22:00
[2026-09-22 14:22:00] [INFO] [OVERSTAY] Timezone: Asia/Kolkata
[2026-09-22 14:22:00] [INFO] [SUBSCRIPTION] Expiry cron triggered
[2026-09-22 14:22:00] [INFO] ==================================================
[2026-09-22 14:22:00] [INFO] SUBSCRIPTION EXPIRY CRON STARTED
[2026-09-22 14:22:00] [INFO] ==================================================
[2026-09-22 14:22:00] [INFO] [SUBSCRIPTION] Current India Date: 2026-09-22
[2026-09-22 14:22:00] [INFO] [OVERSTAY] Staying customers found: 0
[2026-09-22 14:22:00] [INFO] ==================================================
[2026-09-22 14:22:00] [INFO] OVERSTAY CRON COMPLETED
[2026-09-22 14:22:00] [INFO] ==================================================
[2026-09-22 14:22:00] [INFO] [SUBSCRIPTION] Subscriptions found: 2
[2026-09-22 14:22:00] [INFO] [SUBSCRIPTION] mani hotel | Expiry: 2026-10-16 | Days Remaining: 24
[2026-09-22 14:22:00] [INFO] [SUBSCRIPTION] hotel 2 | Expiry: 2026-10-17 | Days Remaining: 25
[2026-09-22 14:22:00] [INFO] ==================================================
[2026-09-22 14:22:00] [INFO] SUBSCRIPTION EXPIRY CRON COMPLETED
[2026-09-22 14:22:00] [INFO] ==================================================
[2026-09-22 14:23:00] [INFO] [OVERSTAY] Cron triggered
[2026-09-22 14:23:00] [INFO] ==================================================
[2026-09-22 14:23:00] [INFO] OVERSTAY CRON STARTED
[2026-09-22 14:23:00] [INFO] ==================================================
[2026-09-22 14:23:00] [INFO] [OVERSTAY] Current India Date/Time: 22/09/2026 14:23:00
[2026-09-22 14:23:00] [INFO] [OVERSTAY] Timezone: Asia/Kolkata
[2026-09-22 14:23:00] [INFO] [SUBSCRIPTION] Expiry cron triggered
[2026-09-22 14:23:00] [INFO] ==================================================
[2026-09-22 14:23:00] [INFO] SUBSCRIPTION EXPIRY CRON STARTED
[2026-09-22 14:23:00] [INFO] ==================================================
[2026-09-22 14:23:00] [INFO] [SUBSCRIPTION] Current India Date: 2026-09-22
[2026-09-22 14:23:00] [INFO] [OVERSTAY] Staying customers found: 0
[2026-09-22 14:23:00] [INFO] ==================================================
[2026-09-22 14:23:00] [INFO] OVERSTAY CRON COMPLETED
[2026-09-22 14:23:00] [INFO] ==================================================
[2026-09-22 14:23:00] [INFO] [SUBSCRIPTION] Subscriptions found: 2
[2026-09-22 14:23:00] [INFO] [SUBSCRIPTION] mani hotel | Expiry: 2026-10-16 | Days Remaining: 24
[2026-09-22 14:23:00] [INFO] [SUBSCRIPTION] hotel 2 | Expiry: 2026-10-17 | Days Remaining: 25
[2026-09-22 14:23:00] [INFO] ==================================================
[2026-09-22 14:23:00] [INFO] SUBSCRIPTION EXPIRY CRON COMPLETED
[2026-09-22 14:23:00] [INFO] ==================================================
[2026-09-22 14:24:00] [INFO] [OVERSTAY] Cron triggered
[2026-09-22 14:24:00] [INFO] ==================================================
[2026-09-22 14:24:00] [INFO] OVERSTAY CRON STARTED
[2026-09-22 14:24:00] [INFO] ==================================================
[2026-09-22 14:24:00] [INFO] [OVERSTAY] Current India Date/Time: 22/09/2026 14:24:00
[2026-09-22 14:24:00] [INFO] [OVERSTAY] Timezone: Asia/Kolkata
[2026-09-22 14:24:00] [INFO] [SUBSCRIPTION] Expiry cron triggered
[2026-09-22 14:24:00] [INFO] ==================================================
[2026-09-22 14:24:00] [INFO] SUBSCRIPTION EXPIRY CRON STARTED
[2026-09-22 14:24:00] [INFO] ==================================================
[2026-09-22 14:24:00] [INFO] [SUBSCRIPTION] Current India Date: 2026-09-22
[2026-09-22 14:24:00] [INFO] [OVERSTAY] Staying customers found: 0
[2026-09-22 14:24:00] [INFO] ==================================================
[2026-09-22 14:24:00] [INFO] OVERSTAY CRON COMPLETED
[2026-09-22 14:24:00] [INFO] ==================================================
[2026-09-22 14:24:00] [INFO] [SUBSCRIPTION] Subscriptions found: 2
[2026-09-22 14:24:00] [INFO] [SUBSCRIPTION] mani hotel | Expiry: 2026-10-16 | Days Remaining: 24
[2026-09-22 14:24:00] [INFO] [SUBSCRIPTION] hotel 2 | Expiry: 2026-10-17 | Days Remaining: 25
[2026-09-22 14:24:00] [INFO] ==================================================
[2026-09-22 14:24:00] [INFO] SUBSCRIPTION EXPIRY CRON COMPLETED
[2026-09-22 14:24:00] [INFO] ==================================================
[2026-09-22 14:25:00] [INFO] [OVERSTAY] Cron triggered
[2026-09-22 14:25:00] [INFO] ==================================================
[2026-09-22 14:25:00] [INFO] OVERSTAY CRON STARTED
[2026-09-22 14:25:00] [INFO] ==================================================
[2026-09-22 14:25:00] [INFO] [OVERSTAY] Current India Date/Time: 22/09/2026 14:25:00
[2026-09-22 14:25:00] [INFO] [OVERSTAY] Timezone: Asia/Kolkata
[2026-09-22 14:25:00] [INFO] [SUBSCRIPTION] Expiry cron triggered
[2026-09-22 14:25:00] [INFO] ==================================================
[2026-09-22 14:25:00] [INFO] SUBSCRIPTION EXPIRY CRON STARTED
[2026-09-22 14:25:00] [INFO] ==================================================
[2026-09-22 14:25:00] [INFO] [SUBSCRIPTION] Current India Date: 2026-09-22
[2026-09-22 14:25:00] [INFO] [OVERSTAY] Staying customers found: 0
[2026-09-22 14:25:00] [INFO] ==================================================
[2026-09-22 14:25:00] [INFO] OVERSTAY CRON COMPLETED
[2026-09-22 14:25:00] [INFO] ==================================================
[2026-09-22 14:25:00] [INFO] [SUBSCRIPTION] Subscriptions found: 2
[2026-09-22 14:25:00] [INFO] [SUBSCRIPTION] mani hotel | Expiry: 2026-10-16 | Days Remaining: 24
[2026-09-22 14:25:00] [INFO] [SUBSCRIPTION] hotel 2 | Expiry: 2026-10-17 | Days Remaining: 25
[2026-09-22 14:25:00] [INFO] ==================================================
[2026-09-22 14:25:00] [INFO] SUBSCRIPTION EXPIRY CRON COMPLETED
[2026-09-22 14:25:00] [INFO] ==================================================
[2026-09-22 14:26:00] [INFO] [OVERSTAY] Cron triggered
[2026-09-22 14:26:00] [INFO] ==================================================
[2026-09-22 14:26:00] [INFO] OVERSTAY CRON STARTED
[2026-09-22 14:26:00] [INFO] ==================================================
[2026-09-22 14:26:00] [INFO] [OVERSTAY] Current India Date/Time: 22/09/2026 14:26:00
[2026-09-22 14:26:00] [INFO] [OVERSTAY] Timezone: Asia/Kolkata
[2026-09-22 14:26:00] [INFO] [SUBSCRIPTION] Expiry cron triggered
[2026-09-22 14:26:00] [INFO] ==================================================
[2026-09-22 14:26:00] [INFO] SUBSCRIPTION EXPIRY CRON STARTED
[2026-09-22 14:26:00] [INFO] ==================================================
[2026-09-22 14:26:00] [INFO] [SUBSCRIPTION] Current India Date: 2026-09-22
[2026-09-22 14:26:00] [INFO] [OVERSTAY] Staying customers found: 0
[2026-09-22 14:26:00] [INFO] ==================================================
[2026-09-22 14:26:00] [INFO] OVERSTAY CRON COMPLETED
[2026-09-22 14:26:00] [INFO] ==================================================
[2026-09-22 14:26:00] [INFO] [SUBSCRIPTION] Subscriptions found: 2
[2026-09-22 14:26:00] [INFO] [SUBSCRIPTION] mani hotel | Expiry: 2026-10-16 | Days Remaining: 24
[2026-09-22 14:26:00] [INFO] [SUBSCRIPTION] hotel 2 | Expiry: 2026-10-17 | Days Remaining: 25
[2026-09-22 14:26:00] [INFO] ==================================================
[2026-09-22 14:26:00] [INFO] SUBSCRIPTION EXPIRY CRON COMPLETED
[2026-09-22 14:26:00] [INFO] ==================================================
[2026-09-22 14:27:00] [INFO] [OVERSTAY] Cron triggered
[2026-09-22 14:27:00] [INFO] ==================================================
[2026-09-22 14:27:00] [INFO] OVERSTAY CRON STARTED
[2026-09-22 14:27:00] [INFO] ==================================================
[2026-09-22 14:27:00] [INFO] [OVERSTAY] Current India Date/Time: 22/09/2026 14:27:00
[2026-09-22 14:27:00] [INFO] [OVERSTAY] Timezone: Asia/Kolkata
[2026-09-22 14:27:00] [INFO] [SUBSCRIPTION] Expiry cron triggered
[2026-09-22 14:27:00] [INFO] ==================================================
[2026-09-22 14:27:00] [INFO] SUBSCRIPTION EXPIRY CRON STARTED
[2026-09-22 14:27:00] [INFO] ==================================================
[2026-09-22 14:27:00] [INFO] [SUBSCRIPTION] Current India Date: 2026-09-22
[2026-09-22 14:27:00] [INFO] [OVERSTAY] Staying customers found: 0
[2026-09-22 14:27:00] [INFO] ==================================================
[2026-09-22 14:27:00] [INFO] OVERSTAY CRON COMPLETED
[2026-09-22 14:27:00] [INFO] ==================================================
[2026-09-22 14:27:00] [INFO] [SUBSCRIPTION] Subscriptions found: 2
[2026-09-22 14:27:00] [INFO] [SUBSCRIPTION] mani hotel | Expiry: 2026-10-16 | Days Remaining: 24
[2026-09-22 14:27:00] [INFO] [SUBSCRIPTION] hotel 2 | Expiry: 2026-10-17 | Days Remaining: 25
[2026-09-22 14:27:00] [INFO] ==================================================
[2026-09-22 14:27:00] [INFO] SUBSCRIPTION EXPIRY CRON COMPLETED
[2026-09-22 14:27:00] [INFO] ==================================================
[2026-09-22 14:28:00] [INFO] [OVERSTAY] Cron triggered
[2026-09-22 14:28:00] [INFO] ==================================================
[2026-09-22 14:28:00] [INFO] OVERSTAY CRON STARTED
[2026-09-22 14:28:00] [INFO] ==================================================
[2026-09-22 14:28:00] [INFO] [OVERSTAY] Current India Date/Time: 22/09/2026 14:28:00
[2026-09-22 14:28:00] [INFO] [OVERSTAY] Timezone: Asia/Kolkata
[2026-09-22 14:28:00] [INFO] [SUBSCRIPTION] Expiry cron triggered
[2026-09-22 14:28:00] [INFO] ==================================================
[2026-09-22 14:28:00] [INFO] SUBSCRIPTION EXPIRY CRON STARTED
[2026-09-22 14:28:00] [INFO] ==================================================
[2026-09-22 14:28:00] [INFO] [SUBSCRIPTION] Current India Date: 2026-09-22
[2026-09-22 14:28:00] [INFO] [OVERSTAY] Staying customers found: 0
[2026-09-22 14:28:00] [INFO] ==================================================
[2026-09-22 14:28:00] [INFO] OVERSTAY CRON COMPLETED
[2026-09-22 14:28:00] [INFO] ==================================================
[2026-09-22 14:28:00] [INFO] [SUBSCRIPTION] Subscriptions found: 2
[2026-09-22 14:28:00] [INFO] [SUBSCRIPTION] mani hotel | Expiry: 2026-10-16 | Days Remaining: 24
[2026-09-22 14:28:00] [INFO] [SUBSCRIPTION] hotel 2 | Expiry: 2026-10-17 | Days Remaining: 25
[2026-09-22 14:28:00] [INFO] ==================================================
[2026-09-22 14:28:00] [INFO] SUBSCRIPTION EXPIRY CRON COMPLETED
[2026-09-22 14:28:00] [INFO] ==================================================
[2026-09-22 14:29:00] [INFO] [OVERSTAY] Cron triggered
[2026-09-22 14:29:00] [INFO] ==================================================
[2026-09-22 14:29:00] [INFO] OVERSTAY CRON STARTED
[2026-09-22 14:29:00] [INFO] ==================================================
[2026-09-22 14:29:00] [INFO] [OVERSTAY] Current India Date/Time: 22/09/2026 14:29:00
[2026-09-22 14:29:00] [INFO] [OVERSTAY] Timezone: Asia/Kolkata
[2026-09-22 14:29:00] [INFO] [SUBSCRIPTION] Expiry cron triggered
[2026-09-22 14:29:00] [INFO] ==================================================
[2026-09-22 14:29:00] [INFO] SUBSCRIPTION EXPIRY CRON STARTED
[2026-09-22 14:29:00] [INFO] ==================================================
[2026-09-22 14:29:00] [INFO] [SUBSCRIPTION] Current India Date: 2026-09-22
[2026-09-22 14:29:00] [INFO] [OVERSTAY] Staying customers found: 0
[2026-09-22 14:29:00] [INFO] ==================================================
[2026-09-22 14:29:00] [INFO] OVERSTAY CRON COMPLETED
[2026-09-22 14:29:00] [INFO] ==================================================
[2026-09-22 14:29:00] [INFO] [SUBSCRIPTION] Subscriptions found: 2
[2026-09-22 14:29:00] [INFO] [SUBSCRIPTION] mani hotel | Expiry: 2026-10-16 | Days Remaining: 24
[2026-09-22 14:29:00] [INFO] [SUBSCRIPTION] hotel 2 | Expiry: 2026-10-17 | Days Remaining: 25
[2026-09-22 14:29:00] [INFO] ==================================================
[2026-09-22 14:29:00] [INFO] SUBSCRIPTION EXPIRY CRON COMPLETED
[2026-09-22 14:29:00] [INFO] ==================================================
[2026-09-22 14:30:00] [INFO] [OVERSTAY] Cron triggered
[2026-09-22 14:30:00] [INFO] ==================================================
[2026-09-22 14:30:00] [INFO] OVERSTAY CRON STARTED
[2026-09-22 14:30:00] [INFO] ==================================================
[2026-09-22 14:30:00] [INFO] [OVERSTAY] Current India Date/Time: 22/09/2026 14:30:00
[2026-09-22 14:30:00] [INFO] [OVERSTAY] Timezone: Asia/Kolkata
[2026-09-22 14:30:00] [INFO] [SUBSCRIPTION] Expiry cron triggered
[2026-09-22 14:30:00] [INFO] ==================================================
[2026-09-22 14:30:00] [INFO] SUBSCRIPTION EXPIRY CRON STARTED
[2026-09-22 14:30:00] [INFO] ==================================================
[2026-09-22 14:30:00] [INFO] [SUBSCRIPTION] Current India Date: 2026-09-22
[2026-09-22 14:30:00] [INFO] [OVERSTAY] Staying customers found: 0
[2026-09-22 14:30:00] [INFO] ==================================================
[2026-09-22 14:30:00] [INFO] OVERSTAY CRON COMPLETED
[2026-09-22 14:30:00] [INFO] ==================================================
[2026-09-22 14:30:00] [INFO] [SUBSCRIPTION] Subscriptions found: 2
[2026-09-22 14:30:00] [INFO] [SUBSCRIPTION] mani hotel | Expiry: 2026-10-16 | Days Remaining: 24
[2026-09-22 14:30:00] [INFO] [SUBSCRIPTION] hotel 2 | Expiry: 2026-10-17 | Days Remaining: 25
[2026-09-22 14:30:00] [INFO] ==================================================
[2026-09-22 14:30:00] [INFO] SUBSCRIPTION EXPIRY CRON COMPLETED
[2026-09-22 14:30:00] [INFO] ==================================================
[2026-09-22 14:31:00] [INFO] [OVERSTAY] Cron triggered
[2026-09-22 14:31:00] [INFO] ==================================================
[2026-09-22 14:31:00] [INFO] OVERSTAY CRON STARTED
[2026-09-22 14:31:00] [INFO] ==================================================
[2026-09-22 14:31:00] [INFO] [OVERSTAY] Current India Date/Time: 22/09/2026 14:31:00
[2026-09-22 14:31:00] [INFO] [OVERSTAY] Timezone: Asia/Kolkata
[2026-09-22 14:31:00] [INFO] [SUBSCRIPTION] Expiry cron triggered
[2026-09-22 14:31:00] [INFO] ==================================================
[2026-09-22 14:31:00] [INFO] SUBSCRIPTION EXPIRY CRON STARTED
[2026-09-22 14:31:00] [INFO] ==================================================
[2026-09-22 14:31:00] [INFO] [SUBSCRIPTION] Current India Date: 2026-09-22
[2026-09-22 14:31:00] [INFO] [OVERSTAY] Staying customers found: 0
[2026-09-22 14:31:00] [INFO] ==================================================
[2026-09-22 14:31:00] [INFO] OVERSTAY CRON COMPLETED
[2026-09-22 14:31:00] [INFO] ==================================================
[2026-09-22 14:31:00] [INFO] [SUBSCRIPTION] Subscriptions found: 2
[2026-09-22 14:31:00] [INFO] [SUBSCRIPTION] mani hotel | Expiry: 2026-10-16 | Days Remaining: 24
[2026-09-22 14:31:00] [INFO] [SUBSCRIPTION] hotel 2 | Expiry: 2026-10-17 | Days Remaining: 25
[2026-09-22 14:31:00] [INFO] ==================================================
[2026-09-22 14:31:00] [INFO] SUBSCRIPTION EXPIRY CRON COMPLETED
[2026-09-22 14:31:00] [INFO] ==================================================
[2026-09-22 14:31:56] [INFO] Hotel registrations retrieved successfully. Total registrations: 3
[2026-09-22 14:31:56] [INFO] Hotel registrations retrieved successfully. Total registrations: 3
[2026-09-22 14:32:00] [INFO] [OVERSTAY] Cron triggered
[2026-09-22 14:32:00] [INFO] ==================================================
[2026-09-22 14:32:00] [INFO] OVERSTAY CRON STARTED
[2026-09-22 14:32:00] [INFO] ==================================================
[2026-09-22 14:32:00] [INFO] [OVERSTAY] Current India Date/Time: 22/09/2026 14:32:00
[2026-09-22 14:32:00] [INFO] [OVERSTAY] Timezone: Asia/Kolkata
[2026-09-22 14:32:00] [INFO] [SUBSCRIPTION] Expiry cron triggered
[2026-09-22 14:32:00] [INFO] ==================================================
[2026-09-22 14:32:00] [INFO] SUBSCRIPTION EXPIRY CRON STARTED
[2026-09-22 14:32:00] [INFO] ==================================================
[2026-09-22 14:32:00] [INFO] [SUBSCRIPTION] Current India Date: 2026-09-22
[2026-09-22 14:32:00] [INFO] [OVERSTAY] Staying customers found: 0
[2026-09-22 14:32:00] [INFO] ==================================================
[2026-09-22 14:32:00] [INFO] OVERSTAY CRON COMPLETED
[2026-09-22 14:32:00] [INFO] ==================================================
[2026-09-22 14:32:00] [INFO] [SUBSCRIPTION] Subscriptions found: 2
[2026-09-22 14:32:00] [INFO] [SUBSCRIPTION] mani hotel | Expiry: 2026-10-16 | Days Remaining: 24
[2026-09-22 14:32:00] [INFO] [SUBSCRIPTION] hotel 2 | Expiry: 2026-10-17 | Days Remaining: 25
[2026-09-22 14:32:00] [INFO] ==================================================
[2026-09-22 14:32:00] [INFO] SUBSCRIPTION EXPIRY CRON COMPLETED
[2026-09-22 14:32:00] [INFO] ==================================================
[2026-09-22 14:33:00] [INFO] [OVERSTAY] Cron triggered
[2026-09-22 14:33:00] [INFO] ==================================================
[2026-09-22 14:33:00] [INFO] OVERSTAY CRON STARTED
[2026-09-22 14:33:00] [INFO] ==================================================
[2026-09-22 14:33:00] [INFO] [OVERSTAY] Current India Date/Time: 22/09/2026 14:33:00
[2026-09-22 14:33:00] [INFO] [OVERSTAY] Timezone: Asia/Kolkata
[2026-09-22 14:33:00] [INFO] [SUBSCRIPTION] Expiry cron triggered
[2026-09-22 14:33:00] [INFO] ==================================================
[2026-09-22 14:33:00] [INFO] SUBSCRIPTION EXPIRY CRON STARTED
[2026-09-22 14:33:00] [INFO] ==================================================
[2026-09-22 14:33:00] [INFO] [SUBSCRIPTION] Current India Date: 2026-09-22
[2026-09-22 14:33:00] [INFO] [OVERSTAY] Staying customers found: 0
[2026-09-22 14:33:00] [INFO] ==================================================
[2026-09-22 14:33:00] [INFO] OVERSTAY CRON COMPLETED
[2026-09-22 14:33:00] [INFO] ==================================================
[2026-09-22 14:33:00] [INFO] [SUBSCRIPTION] Subscriptions found: 2
[2026-09-22 14:33:00] [INFO] [SUBSCRIPTION] mani hotel | Expiry: 2026-10-16 | Days Remaining: 24
[2026-09-22 14:33:00] [INFO] [SUBSCRIPTION] hotel 2 | Expiry: 2026-10-17 | Days Remaining: 25
[2026-09-22 14:33:00] [INFO] ==================================================
[2026-09-22 14:33:00] [INFO] SUBSCRIPTION EXPIRY CRON COMPLETED
[2026-09-22 14:33:00] [INFO] ==================================================
[2026-09-22 14:34:00] [INFO] [OVERSTAY] Cron triggered
[2026-09-22 14:34:00] [INFO] ==================================================
[2026-09-22 14:34:00] [INFO] OVERSTAY CRON STARTED
[2026-09-22 14:34:00] [INFO] ==================================================
[2026-09-22 14:34:00] [INFO] [OVERSTAY] Current India Date/Time: 22/09/2026 14:34:00
[2026-09-22 14:34:00] [INFO] [OVERSTAY] Timezone: Asia/Kolkata
[2026-09-22 14:34:00] [INFO] [SUBSCRIPTION] Expiry cron triggered
[2026-09-22 14:34:00] [INFO] ==================================================
[2026-09-22 14:34:00] [INFO] SUBSCRIPTION EXPIRY CRON STARTED
[2026-09-22 14:34:00] [INFO] ==================================================
[2026-09-22 14:34:00] [INFO] [SUBSCRIPTION] Current India Date: 2026-09-22
[2026-09-22 14:34:00] [INFO] [OVERSTAY] Staying customers found: 0
[2026-09-22 14:34:00] [INFO] ==================================================
[2026-09-22 14:34:00] [INFO] OVERSTAY CRON COMPLETED
[2026-09-22 14:34:00] [INFO] ==================================================
[2026-09-22 14:34:00] [INFO] [SUBSCRIPTION] Subscriptions found: 2
[2026-09-22 14:34:00] [INFO] [SUBSCRIPTION] mani hotel | Expiry: 2026-10-16 | Days Remaining: 24
[2026-09-22 14:34:00] [INFO] [SUBSCRIPTION] hotel 2 | Expiry: 2026-10-17 | Days Remaining: 25
[2026-09-22 14:34:00] [INFO] ==================================================
[2026-09-22 14:34:00] [INFO] SUBSCRIPTION EXPIRY CRON COMPLETED
[2026-09-22 14:34:00] [INFO] ==================================================
[2026-09-22 14:35:00] [INFO] [OVERSTAY] Cron triggered
[2026-09-22 14:35:00] [INFO] ==================================================
[2026-09-22 14:35:00] [INFO] OVERSTAY CRON STARTED
[2026-09-22 14:35:00] [INFO] ==================================================
[2026-09-22 14:35:00] [INFO] [OVERSTAY] Current India Date/Time: 22/09/2026 14:35:00
[2026-09-22 14:35:00] [INFO] [OVERSTAY] Timezone: Asia/Kolkata
[2026-09-22 14:35:00] [INFO] [SUBSCRIPTION] Expiry cron triggered
[2026-09-22 14:35:00] [INFO] ==================================================
[2026-09-22 14:35:00] [INFO] SUBSCRIPTION EXPIRY CRON STARTED
[2026-09-22 14:35:00] [INFO] ==================================================
[2026-09-22 14:35:00] [INFO] [SUBSCRIPTION] Current India Date: 2026-09-22
[2026-09-22 14:35:00] [INFO] [OVERSTAY] Staying customers found: 0
[2026-09-22 14:35:00] [INFO] ==================================================
[2026-09-22 14:35:00] [INFO] OVERSTAY CRON COMPLETED
[2026-09-22 14:35:00] [INFO] ==================================================
[2026-09-22 14:35:00] [INFO] [SUBSCRIPTION] Subscriptions found: 2
[2026-09-22 14:35:00] [INFO] [SUBSCRIPTION] mani hotel | Expiry: 2026-10-16 | Days Remaining: 24
[2026-09-22 14:35:00] [INFO] [SUBSCRIPTION] hotel 2 | Expiry: 2026-10-17 | Days Remaining: 25
[2026-09-22 14:35:00] [INFO] ==================================================
[2026-09-22 14:35:00] [INFO] SUBSCRIPTION EXPIRY CRON COMPLETED
[2026-09-22 14:35:00] [INFO] ==================================================
[2026-09-22 14:36:00] [INFO] [SUBSCRIPTION] Expiry cron triggered
[2026-09-22 14:36:00] [INFO] ==================================================
[2026-09-22 14:36:00] [INFO] SUBSCRIPTION EXPIRY CRON STARTED
[2026-09-22 14:36:00] [INFO] ==================================================
[2026-09-22 14:36:00] [INFO] [SUBSCRIPTION] Current India Date: 2026-09-22
[2026-09-22 14:36:00] [INFO] [OVERSTAY] Cron triggered
[2026-09-22 14:36:00] [INFO] ==================================================
[2026-09-22 14:36:00] [INFO] OVERSTAY CRON STARTED
[2026-09-22 14:36:00] [INFO] ==================================================
[2026-09-22 14:36:00] [INFO] [OVERSTAY] Current India Date/Time: 22/09/2026 14:36:00
[2026-09-22 14:36:00] [INFO] [OVERSTAY] Timezone: Asia/Kolkata
[2026-09-22 14:36:00] [INFO] [OVERSTAY] Staying customers found: 0
[2026-09-22 14:36:00] [INFO] ==================================================
[2026-09-22 14:36:00] [INFO] OVERSTAY CRON COMPLETED
[2026-09-22 14:36:00] [INFO] ==================================================
[2026-09-22 14:36:00] [INFO] [SUBSCRIPTION] Subscriptions found: 2
[2026-09-22 14:36:00] [INFO] [SUBSCRIPTION] mani hotel | Expiry: 2026-10-16 | Days Remaining: 24
[2026-09-22 14:36:00] [INFO] [SUBSCRIPTION] hotel 2 | Expiry: 2026-10-17 | Days Remaining: 25
[2026-09-22 14:36:00] [INFO] ==================================================
[2026-09-22 14:36:00] [INFO] SUBSCRIPTION EXPIRY CRON COMPLETED
[2026-09-22 14:36:00] [INFO] ==================================================
[2026-09-22 14:37:00] [INFO] [SUBSCRIPTION] Expiry cron triggered
[2026-09-22 14:37:00] [INFO] ==================================================
[2026-09-22 14:37:00] [INFO] SUBSCRIPTION EXPIRY CRON STARTED
[2026-09-22 14:37:00] [INFO] ==================================================
[2026-09-22 14:37:00] [INFO] [SUBSCRIPTION] Current India Date: 2026-09-22
[2026-09-22 14:37:00] [INFO] [OVERSTAY] Cron triggered
[2026-09-22 14:37:00] [INFO] ==================================================
[2026-09-22 14:37:00] [INFO] OVERSTAY CRON STARTED
[2026-09-22 14:37:00] [INFO] ==================================================
[2026-09-22 14:37:00] [INFO] [OVERSTAY] Current India Date/Time: 22/09/2026 14:37:00
[2026-09-22 14:37:00] [INFO] [OVERSTAY] Timezone: Asia/Kolkata
[2026-09-22 14:37:00] [INFO] [OVERSTAY] Staying customers found: 0
[2026-09-22 14:37:00] [INFO] ==================================================
[2026-09-22 14:37:00] [INFO] OVERSTAY CRON COMPLETED
[2026-09-22 14:37:00] [INFO] ==================================================
[2026-09-22 14:37:00] [INFO] [SUBSCRIPTION] Subscriptions found: 2
[2026-09-22 14:37:00] [INFO] [SUBSCRIPTION] mani hotel | Expiry: 2026-10-16 | Days Remaining: 24
[2026-09-22 14:37:00] [INFO] [SUBSCRIPTION] hotel 2 | Expiry: 2026-10-17 | Days Remaining: 25
[2026-09-22 14:37:00] [INFO] ==================================================
[2026-09-22 14:37:00] [INFO] SUBSCRIPTION EXPIRY CRON COMPLETED
[2026-09-22 14:37:00] [INFO] ==================================================
[2026-09-22 14:38:00] [INFO] [OVERSTAY] Cron triggered
[2026-09-22 14:38:00] [INFO] ==================================================
[2026-09-22 14:38:00] [INFO] OVERSTAY CRON STARTED
[2026-09-22 14:38:00] [INFO] ==================================================
[2026-09-22 14:38:00] [INFO] [OVERSTAY] Current India Date/Time: 22/09/2026 14:38:00
[2026-09-22 14:38:00] [INFO] [OVERSTAY] Timezone: Asia/Kolkata
[2026-09-22 14:38:00] [INFO] [SUBSCRIPTION] Expiry cron triggered
[2026-09-22 14:38:00] [INFO] ==================================================
[2026-09-22 14:38:00] [INFO] SUBSCRIPTION EXPIRY CRON STARTED
[2026-09-22 14:38:00] [INFO] ==================================================
[2026-09-22 14:38:00] [INFO] [SUBSCRIPTION] Current India Date: 2026-09-22
[2026-09-22 14:38:00] [INFO] [OVERSTAY] Staying customers found: 0
[2026-09-22 14:38:00] [INFO] ==================================================
[2026-09-22 14:38:00] [INFO] OVERSTAY CRON COMPLETED
[2026-09-22 14:38:00] [INFO] ==================================================
[2026-09-22 14:38:00] [INFO] [SUBSCRIPTION] Subscriptions found: 2
[2026-09-22 14:38:00] [INFO] [SUBSCRIPTION] mani hotel | Expiry: 2026-10-16 | Days Remaining: 24
[2026-09-22 14:38:00] [INFO] [SUBSCRIPTION] hotel 2 | Expiry: 2026-10-17 | Days Remaining: 25
[2026-09-22 14:38:00] [INFO] ==================================================
[2026-09-22 14:38:00] [INFO] SUBSCRIPTION EXPIRY CRON COMPLETED
[2026-09-22 14:38:00] [INFO] ==================================================
[2026-09-22 14:39:00] [INFO] [OVERSTAY] Cron triggered
[2026-09-22 14:39:00] [INFO] ==================================================
[2026-09-22 14:39:00] [INFO] OVERSTAY CRON STARTED
[2026-09-22 14:39:00] [INFO] ==================================================
[2026-09-22 14:39:00] [INFO] [OVERSTAY] Current India Date/Time: 22/09/2026 14:39:00
[2026-09-22 14:39:00] [INFO] [OVERSTAY] Timezone: Asia/Kolkata
[2026-09-22 14:39:00] [INFO] [SUBSCRIPTION] Expiry cron triggered
[2026-09-22 14:39:00] [INFO] ==================================================
[2026-09-22 14:39:00] [INFO] SUBSCRIPTION EXPIRY CRON STARTED
[2026-09-22 14:39:00] [INFO] ==================================================
[2026-09-22 14:39:00] [INFO] [SUBSCRIPTION] Current India Date: 2026-09-22
[2026-09-22 14:39:00] [INFO] [OVERSTAY] Staying customers found: 0
[2026-09-22 14:39:00] [INFO] ==================================================
[2026-09-22 14:39:00] [INFO] OVERSTAY CRON COMPLETED
[2026-09-22 14:39:00] [INFO] ==================================================
[2026-09-22 14:39:00] [INFO] [SUBSCRIPTION] Subscriptions found: 2
[2026-09-22 14:39:00] [INFO] [SUBSCRIPTION] mani hotel | Expiry: 2026-10-16 | Days Remaining: 24
[2026-09-22 14:39:00] [INFO] [SUBSCRIPTION] hotel 2 | Expiry: 2026-10-17 | Days Remaining: 25
[2026-09-22 14:39:00] [INFO] ==================================================
[2026-09-22 14:39:00] [INFO] SUBSCRIPTION EXPIRY CRON COMPLETED
[2026-09-22 14:39:00] [INFO] ==================================================
[2026-09-22 14:40:00] [INFO] [OVERSTAY] Cron triggered
[2026-09-22 14:40:00] [INFO] ==================================================
[2026-09-22 14:40:00] [INFO] OVERSTAY CRON STARTED
[2026-09-22 14:40:00] [INFO] ==================================================
[2026-09-22 14:40:00] [INFO] [OVERSTAY] Current India Date/Time: 22/09/2026 14:40:00
[2026-09-22 14:40:00] [INFO] [OVERSTAY] Timezone: Asia/Kolkata
[2026-09-22 14:40:00] [INFO] [SUBSCRIPTION] Expiry cron triggered
[2026-09-22 14:40:00] [INFO] ==================================================
[2026-09-22 14:40:00] [INFO] SUBSCRIPTION EXPIRY CRON STARTED
[2026-09-22 14:40:00] [INFO] ==================================================
[2026-09-22 14:40:00] [INFO] [SUBSCRIPTION] Current India Date: 2026-09-22
[2026-09-22 14:40:00] [INFO] [OVERSTAY] Staying customers found: 0
[2026-09-22 14:40:00] [INFO] ==================================================
[2026-09-22 14:40:00] [INFO] OVERSTAY CRON COMPLETED
[2026-09-22 14:40:00] [INFO] ==================================================
[2026-09-22 14:40:00] [INFO] [SUBSCRIPTION] Subscriptions found: 2
[2026-09-22 14:40:00] [INFO] [SUBSCRIPTION] mani hotel | Expiry: 2026-10-16 | Days Remaining: 24
[2026-09-22 14:40:00] [INFO] [SUBSCRIPTION] hotel 2 | Expiry: 2026-10-17 | Days Remaining: 25
[2026-09-22 14:40:00] [INFO] ==================================================
[2026-09-22 14:40:00] [INFO] SUBSCRIPTION EXPIRY CRON COMPLETED
[2026-09-22 14:40:00] [INFO] ==================================================
[2026-09-22 14:41:00] [INFO] [OVERSTAY] Cron triggered
[2026-09-22 14:41:00] [INFO] ==================================================
[2026-09-22 14:41:00] [INFO] OVERSTAY CRON STARTED
[2026-09-22 14:41:00] [INFO] ==================================================
[2026-09-22 14:41:00] [INFO] [OVERSTAY] Current India Date/Time: 22/09/2026 14:41:00
[2026-09-22 14:41:00] [INFO] [OVERSTAY] Timezone: Asia/Kolkata
[2026-09-22 14:41:00] [INFO] [SUBSCRIPTION] Expiry cron triggered
[2026-09-22 14:41:00] [INFO] ==================================================
[2026-09-22 14:41:00] [INFO] SUBSCRIPTION EXPIRY CRON STARTED
[2026-09-22 14:41:00] [INFO] ==================================================
[2026-09-22 14:41:00] [INFO] [SUBSCRIPTION] Current India Date: 2026-09-22
[2026-09-22 14:41:00] [INFO] [OVERSTAY] Staying customers found: 0
[2026-09-22 14:41:00] [INFO] ==================================================
[2026-09-22 14:41:00] [INFO] OVERSTAY CRON COMPLETED
[2026-09-22 14:41:00] [INFO] ==================================================
[2026-09-22 14:41:00] [INFO] [SUBSCRIPTION] Subscriptions found: 2
[2026-09-22 14:41:00] [INFO] [SUBSCRIPTION] mani hotel | Expiry: 2026-10-16 | Days Remaining: 24
[2026-09-22 14:41:00] [INFO] [SUBSCRIPTION] hotel 2 | Expiry: 2026-10-17 | Days Remaining: 25
[2026-09-22 14:41:00] [INFO] ==================================================
[2026-09-22 14:41:00] [INFO] SUBSCRIPTION EXPIRY CRON COMPLETED
[2026-09-22 14:41:00] [INFO] ==================================================
[2026-09-22 14:42:00] [INFO] [SUBSCRIPTION] Expiry cron triggered
[2026-09-22 14:42:00] [INFO] ==================================================
[2026-09-22 14:42:00] [INFO] SUBSCRIPTION EXPIRY CRON STARTED
[2026-09-22 14:42:00] [INFO] ==================================================
[2026-09-22 14:42:00] [INFO] [SUBSCRIPTION] Current India Date: 2026-09-22
[2026-09-22 14:42:00] [INFO] [OVERSTAY] Cron triggered
[2026-09-22 14:42:00] [INFO] ==================================================
[2026-09-22 14:42:00] [INFO] OVERSTAY CRON STARTED
[2026-09-22 14:42:00] [INFO] ==================================================
[2026-09-22 14:42:00] [INFO] [OVERSTAY] Current India Date/Time: 22/09/2026 14:42:00
[2026-09-22 14:42:00] [INFO] [OVERSTAY] Timezone: Asia/Kolkata
[2026-09-22 14:42:00] [INFO] [OVERSTAY] Staying customers found: 0
[2026-09-22 14:42:00] [INFO] ==================================================
[2026-09-22 14:42:00] [INFO] OVERSTAY CRON COMPLETED
[2026-09-22 14:42:00] [INFO] ==================================================
[2026-09-22 14:42:00] [INFO] [SUBSCRIPTION] Subscriptions found: 2
[2026-09-22 14:42:00] [INFO] [SUBSCRIPTION] mani hotel | Expiry: 2026-10-16 | Days Remaining: 24
[2026-09-22 14:42:00] [INFO] [SUBSCRIPTION] hotel 2 | Expiry: 2026-10-17 | Days Remaining: 25
[2026-09-22 14:42:00] [INFO] ==================================================
[2026-09-22 14:42:00] [INFO] SUBSCRIPTION EXPIRY CRON COMPLETED
[2026-09-22 14:42:00] [INFO] ==================================================
[2026-09-22 14:43:00] [INFO] [SUBSCRIPTION] Expiry cron triggered
[2026-09-22 14:43:00] [INFO] ==================================================
[2026-09-22 14:43:00] [INFO] SUBSCRIPTION EXPIRY CRON STARTED
[2026-09-22 14:43:00] [INFO] ==================================================
[2026-09-22 14:43:00] [INFO] [SUBSCRIPTION] Current India Date: 2026-09-22
[2026-09-22 14:43:00] [INFO] [OVERSTAY] Cron triggered
[2026-09-22 14:43:00] [INFO] ==================================================
[2026-09-22 14:43:00] [INFO] OVERSTAY CRON STARTED
[2026-09-22 14:43:00] [INFO] ==================================================
[2026-09-22 14:43:00] [INFO] [OVERSTAY] Current India Date/Time: 22/09/2026 14:43:00
[2026-09-22 14:43:00] [INFO] [OVERSTAY] Timezone: Asia/Kolkata
[2026-09-22 14:43:00] [INFO] [OVERSTAY] Staying customers found: 0
[2026-09-22 14:43:00] [INFO] ==================================================
[2026-09-22 14:43:00] [INFO] OVERSTAY CRON COMPLETED
[2026-09-22 14:43:00] [INFO] ==================================================
[2026-09-22 14:43:00] [INFO] [SUBSCRIPTION] Subscriptions found: 2
[2026-09-22 14:43:00] [INFO] [SUBSCRIPTION] mani hotel | Expiry: 2026-10-16 | Days Remaining: 24
[2026-09-22 14:43:00] [INFO] [SUBSCRIPTION] hotel 2 | Expiry: 2026-10-17 | Days Remaining: 25
[2026-09-22 14:43:00] [INFO] ==================================================
[2026-09-22 14:43:00] [INFO] SUBSCRIPTION EXPIRY CRON COMPLETED
[2026-09-22 14:43:00] [INFO] ==================================================
[2026-09-22 14:44:00] [INFO] [OVERSTAY] Cron triggered
[2026-09-22 14:44:00] [INFO] ==================================================
[2026-09-22 14:44:00] [INFO] OVERSTAY CRON STARTED
[2026-09-22 14:44:00] [INFO] ==================================================
[2026-09-22 14:44:00] [INFO] [OVERSTAY] Current India Date/Time: 22/09/2026 14:44:00
[2026-09-22 14:44:00] [INFO] [OVERSTAY] Timezone: Asia/Kolkata
[2026-09-22 14:44:00] [INFO] [SUBSCRIPTION] Expiry cron triggered
[2026-09-22 14:44:00] [INFO] ==================================================
[2026-09-22 14:44:00] [INFO] SUBSCRIPTION EXPIRY CRON STARTED
[2026-09-22 14:44:00] [INFO] ==================================================
[2026-09-22 14:44:00] [INFO] [SUBSCRIPTION] Current India Date: 2026-09-22
[2026-09-22 14:44:00] [INFO] [OVERSTAY] Staying customers found: 0
[2026-09-22 14:44:00] [INFO] ==================================================
[2026-09-22 14:44:00] [INFO] OVERSTAY CRON COMPLETED
[2026-09-22 14:44:00] [INFO] ==================================================
[2026-09-22 14:44:00] [INFO] [SUBSCRIPTION] Subscriptions found: 2
[2026-09-22 14:44:00] [INFO] [SUBSCRIPTION] mani hotel | Expiry: 2026-10-16 | Days Remaining: 24
[2026-09-22 14:44:00] [INFO] [SUBSCRIPTION] hotel 2 | Expiry: 2026-10-17 | Days Remaining: 25
[2026-09-22 14:44:00] [INFO] ==================================================
[2026-09-22 14:44:00] [INFO] SUBSCRIPTION EXPIRY CRON COMPLETED
[2026-09-22 14:44:00] [INFO] ==================================================
[2026-09-22 14:45:00] [INFO] [OVERSTAY] Cron triggered
[2026-09-22 14:45:00] [INFO] ==================================================
[2026-09-22 14:45:00] [INFO] OVERSTAY CRON STARTED
[2026-09-22 14:45:00] [INFO] ==================================================
[2026-09-22 14:45:00] [INFO] [OVERSTAY] Current India Date/Time: 22/09/2026 14:45:00
[2026-09-22 14:45:00] [INFO] [OVERSTAY] Timezone: Asia/Kolkata
[2026-09-22 14:45:00] [INFO] [SUBSCRIPTION] Expiry cron triggered
[2026-09-22 14:45:00] [INFO] ==================================================
[2026-09-22 14:45:00] [INFO] SUBSCRIPTION EXPIRY CRON STARTED
[2026-09-22 14:45:00] [INFO] ==================================================
[2026-09-22 14:45:00] [INFO] [SUBSCRIPTION] Current India Date: 2026-09-22
[2026-09-22 14:45:00] [INFO] [OVERSTAY] Staying customers found: 0
[2026-09-22 14:45:00] [INFO] ==================================================
[2026-09-22 14:45:00] [INFO] OVERSTAY CRON COMPLETED
[2026-09-22 14:45:00] [INFO] ==================================================
[2026-09-22 14:45:00] [INFO] [SUBSCRIPTION] Subscriptions found: 2
[2026-09-22 14:45:00] [INFO] [SUBSCRIPTION] mani hotel | Expiry: 2026-10-16 | Days Remaining: 24
[2026-09-22 14:45:00] [INFO] [SUBSCRIPTION] hotel 2 | Expiry: 2026-10-17 | Days Remaining: 25
[2026-09-22 14:45:00] [INFO] ==================================================
[2026-09-22 14:45:00] [INFO] SUBSCRIPTION EXPIRY CRON COMPLETED
[2026-09-22 14:45:00] [INFO] ==================================================
[2026-09-22 14:46:00] [INFO] [OVERSTAY] Cron triggered
[2026-09-22 14:46:00] [INFO] ==================================================
[2026-09-22 14:46:00] [INFO] OVERSTAY CRON STARTED
[2026-09-22 14:46:00] [INFO] ==================================================
[2026-09-22 14:46:00] [INFO] [OVERSTAY] Current India Date/Time: 22/09/2026 14:46:00
[2026-09-22 14:46:00] [INFO] [OVERSTAY] Timezone: Asia/Kolkata
[2026-09-22 14:46:00] [INFO] [SUBSCRIPTION] Expiry cron triggered
[2026-09-22 14:46:00] [INFO] ==================================================
[2026-09-22 14:46:00] [INFO] SUBSCRIPTION EXPIRY CRON STARTED
[2026-09-22 14:46:00] [INFO] ==================================================
[2026-09-22 14:46:00] [INFO] [SUBSCRIPTION] Current India Date: 2026-09-22
[2026-09-22 14:46:00] [INFO] [OVERSTAY] Staying customers found: 0
[2026-09-22 14:46:00] [INFO] ==================================================
[2026-09-22 14:46:00] [INFO] OVERSTAY CRON COMPLETED
[2026-09-22 14:46:00] [INFO] ==================================================
[2026-09-22 14:46:00] [INFO] [SUBSCRIPTION] Subscriptions found: 2
[2026-09-22 14:46:00] [INFO] [SUBSCRIPTION] mani hotel | Expiry: 2026-10-16 | Days Remaining: 24
[2026-09-22 14:46:00] [INFO] [SUBSCRIPTION] hotel 2 | Expiry: 2026-10-17 | Days Remaining: 25
[2026-09-22 14:46:00] [INFO] ==================================================
[2026-09-22 14:46:00] [INFO] SUBSCRIPTION EXPIRY CRON COMPLETED
[2026-09-22 14:46:00] [INFO] ==================================================
[2026-09-22 14:47:00] [INFO] [OVERSTAY] Cron triggered
[2026-09-22 14:47:00] [INFO] ==================================================
[2026-09-22 14:47:00] [INFO] OVERSTAY CRON STARTED
[2026-09-22 14:47:00] [INFO] ==================================================
[2026-09-22 14:47:00] [INFO] [OVERSTAY] Current India Date/Time: 22/09/2026 14:47:00
[2026-09-22 14:47:00] [INFO] [OVERSTAY] Timezone: Asia/Kolkata
[2026-09-22 14:47:00] [INFO] [SUBSCRIPTION] Expiry cron triggered
[2026-09-22 14:47:00] [INFO] ==================================================
[2026-09-22 14:47:00] [INFO] SUBSCRIPTION EXPIRY CRON STARTED
[2026-09-22 14:47:00] [INFO] ==================================================
[2026-09-22 14:47:00] [INFO] [SUBSCRIPTION] Current India Date: 2026-09-22
[2026-09-22 14:47:00] [INFO] [OVERSTAY] Staying customers found: 0
[2026-09-22 14:47:00] [INFO] ==================================================
[2026-09-22 14:47:00] [INFO] OVERSTAY CRON COMPLETED
[2026-09-22 14:47:00] [INFO] ==================================================
[2026-09-22 14:47:00] [INFO] [SUBSCRIPTION] Subscriptions found: 2
[2026-09-22 14:47:00] [INFO] [SUBSCRIPTION] mani hotel | Expiry: 2026-10-16 | Days Remaining: 24
[2026-09-22 14:47:00] [INFO] [SUBSCRIPTION] hotel 2 | Expiry: 2026-10-17 | Days Remaining: 25
[2026-09-22 14:47:00] [INFO] ==================================================
[2026-09-22 14:47:00] [INFO] SUBSCRIPTION EXPIRY CRON COMPLETED
[2026-09-22 14:47:00] [INFO] ==================================================
[2026-09-22 14:48:00] [INFO] [OVERSTAY] Cron triggered
[2026-09-22 14:48:00] [INFO] ==================================================
[2026-09-22 14:48:00] [INFO] OVERSTAY CRON STARTED
[2026-09-22 14:48:00] [INFO] ==================================================
[2026-09-22 14:48:00] [INFO] [OVERSTAY] Current India Date/Time: 22/09/2026 14:48:00
[2026-09-22 14:48:00] [INFO] [OVERSTAY] Timezone: Asia/Kolkata
[2026-09-22 14:48:00] [INFO] [SUBSCRIPTION] Expiry cron triggered
[2026-09-22 14:48:00] [INFO] ==================================================
[2026-09-22 14:48:00] [INFO] SUBSCRIPTION EXPIRY CRON STARTED
[2026-09-22 14:48:00] [INFO] ==================================================
[2026-09-22 14:48:00] [INFO] [SUBSCRIPTION] Current India Date: 2026-09-22
[2026-09-22 14:48:00] [INFO] [OVERSTAY] Staying customers found: 0
[2026-09-22 14:48:00] [INFO] ==================================================
[2026-09-22 14:48:00] [INFO] OVERSTAY CRON COMPLETED
[2026-09-22 14:48:00] [INFO] ==================================================
[2026-09-22 14:48:00] [INFO] [SUBSCRIPTION] Subscriptions found: 2
[2026-09-22 14:48:00] [INFO] [SUBSCRIPTION] mani hotel | Expiry: 2026-10-16 | Days Remaining: 24
[2026-09-22 14:48:00] [INFO] [SUBSCRIPTION] hotel 2 | Expiry: 2026-10-17 | Days Remaining: 25
[2026-09-22 14:48:00] [INFO] ==================================================
[2026-09-22 14:48:00] [INFO] SUBSCRIPTION EXPIRY CRON COMPLETED
[2026-09-22 14:48:00] [INFO] ==================================================
[2026-09-22 14:49:00] [INFO] [OVERSTAY] Cron triggered
[2026-09-22 14:49:00] [INFO] ==================================================
[2026-09-22 14:49:00] [INFO] OVERSTAY CRON STARTED
[2026-09-22 14:49:00] [INFO] ==================================================
[2026-09-22 14:49:00] [INFO] [OVERSTAY] Current India Date/Time: 22/09/2026 14:49:00
[2026-09-22 14:49:00] [INFO] [OVERSTAY] Timezone: Asia/Kolkata
[2026-09-22 14:49:00] [INFO] [SUBSCRIPTION] Expiry cron triggered
[2026-09-22 14:49:00] [INFO] ==================================================
[2026-09-22 14:49:00] [INFO] SUBSCRIPTION EXPIRY CRON STARTED
[2026-09-22 14:49:00] [INFO] ==================================================
[2026-09-22 14:49:00] [INFO] [SUBSCRIPTION] Current India Date: 2026-09-22
[2026-09-22 14:49:00] [INFO] [OVERSTAY] Staying customers found: 0
[2026-09-22 14:49:00] [INFO] ==================================================
[2026-09-22 14:49:00] [INFO] OVERSTAY CRON COMPLETED
[2026-09-22 14:49:00] [INFO] ==================================================
[2026-09-22 14:49:00] [INFO] [SUBSCRIPTION] Subscriptions found: 2
[2026-09-22 14:49:00] [INFO] [SUBSCRIPTION] mani hotel | Expiry: 2026-10-16 | Days Remaining: 24
[2026-09-22 14:49:00] [INFO] [SUBSCRIPTION] hotel 2 | Expiry: 2026-10-17 | Days Remaining: 25
[2026-09-22 14:49:00] [INFO] ==================================================
[2026-09-22 14:49:00] [INFO] SUBSCRIPTION EXPIRY CRON COMPLETED
[2026-09-22 14:49:00] [INFO] ==================================================
[2026-09-22 14:50:00] [INFO] [OVERSTAY] Cron triggered
[2026-09-22 14:50:00] [INFO] ==================================================
[2026-09-22 14:50:00] [INFO] OVERSTAY CRON STARTED
[2026-09-22 14:50:00] [INFO] ==================================================
[2026-09-22 14:50:00] [INFO] [OVERSTAY] Current India Date/Time: 22/09/2026 14:50:00
[2026-09-22 14:50:00] [INFO] [OVERSTAY] Timezone: Asia/Kolkata
[2026-09-22 14:50:00] [INFO] [SUBSCRIPTION] Expiry cron triggered
[2026-09-22 14:50:00] [INFO] ==================================================
[2026-09-22 14:50:00] [INFO] SUBSCRIPTION EXPIRY CRON STARTED
[2026-09-22 14:50:00] [INFO] ==================================================
[2026-09-22 14:50:00] [INFO] [SUBSCRIPTION] Current India Date: 2026-09-22
[2026-09-22 14:50:00] [INFO] [OVERSTAY] Staying customers found: 0
[2026-09-22 14:50:00] [INFO] ==================================================
[2026-09-22 14:50:00] [INFO] OVERSTAY CRON COMPLETED
[2026-09-22 14:50:00] [INFO] ==================================================
[2026-09-22 14:50:00] [INFO] [SUBSCRIPTION] Subscriptions found: 2
[2026-09-22 14:50:00] [INFO] [SUBSCRIPTION] mani hotel | Expiry: 2026-10-16 | Days Remaining: 24
[2026-09-22 14:50:00] [INFO] [SUBSCRIPTION] hotel 2 | Expiry: 2026-10-17 | Days Remaining: 25
[2026-09-22 14:50:00] [INFO] ==================================================
[2026-09-22 14:50:00] [INFO] SUBSCRIPTION EXPIRY CRON COMPLETED
[2026-09-22 14:50:00] [INFO] ==================================================
[2026-09-22 14:51:00] [INFO] [OVERSTAY] Cron triggered
[2026-09-22 14:51:00] [INFO] ==================================================
[2026-09-22 14:51:00] [INFO] OVERSTAY CRON STARTED
[2026-09-22 14:51:00] [INFO] ==================================================
[2026-09-22 14:51:00] [INFO] [OVERSTAY] Current India Date/Time: 22/09/2026 14:51:00
[2026-09-22 14:51:00] [INFO] [OVERSTAY] Timezone: Asia/Kolkata
[2026-09-22 14:51:00] [INFO] [SUBSCRIPTION] Expiry cron triggered
[2026-09-22 14:51:00] [INFO] ==================================================
[2026-09-22 14:51:00] [INFO] SUBSCRIPTION EXPIRY CRON STARTED
[2026-09-22 14:51:00] [INFO] ==================================================
[2026-09-22 14:51:00] [INFO] [SUBSCRIPTION] Current India Date: 2026-09-22
[2026-09-22 14:51:00] [INFO] [OVERSTAY] Staying customers found: 0
[2026-09-22 14:51:00] [INFO] ==================================================
[2026-09-22 14:51:00] [INFO] OVERSTAY CRON COMPLETED
[2026-09-22 14:51:00] [INFO] ==================================================
[2026-09-22 14:51:00] [INFO] [SUBSCRIPTION] Subscriptions found: 2
[2026-09-22 14:51:00] [INFO] [SUBSCRIPTION] mani hotel | Expiry: 2026-10-16 | Days Remaining: 24
[2026-09-22 14:51:00] [INFO] [SUBSCRIPTION] hotel 2 | Expiry: 2026-10-17 | Days Remaining: 25
[2026-09-22 14:51:00] [INFO] ==================================================
[2026-09-22 14:51:00] [INFO] SUBSCRIPTION EXPIRY CRON COMPLETED
[2026-09-22 14:51:00] [INFO] ==================================================
[2026-09-22 14:52:00] [INFO] [OVERSTAY] Cron triggered
[2026-09-22 14:52:00] [INFO] ==================================================
[2026-09-22 14:52:00] [INFO] OVERSTAY CRON STARTED
[2026-09-22 14:52:00] [INFO] ==================================================
[2026-09-22 14:52:00] [INFO] [OVERSTAY] Current India Date/Time: 22/09/2026 14:52:00
[2026-09-22 14:52:00] [INFO] [OVERSTAY] Timezone: Asia/Kolkata
[2026-09-22 14:52:00] [INFO] [SUBSCRIPTION] Expiry cron triggered
[2026-09-22 14:52:00] [INFO] ==================================================
[2026-09-22 14:52:00] [INFO] SUBSCRIPTION EXPIRY CRON STARTED
[2026-09-22 14:52:00] [INFO] ==================================================
[2026-09-22 14:52:00] [INFO] [SUBSCRIPTION] Current India Date: 2026-09-22
[2026-09-22 14:52:00] [INFO] [OVERSTAY] Staying customers found: 0
[2026-09-22 14:52:00] [INFO] ==================================================
[2026-09-22 14:52:00] [INFO] OVERSTAY CRON COMPLETED
[2026-09-22 14:52:00] [INFO] ==================================================
[2026-09-22 14:52:00] [INFO] [SUBSCRIPTION] Subscriptions found: 2
[2026-09-22 14:52:00] [INFO] [SUBSCRIPTION] mani hotel | Expiry: 2026-10-16 | Days Remaining: 24
[2026-09-22 14:52:00] [INFO] [SUBSCRIPTION] hotel 2 | Expiry: 2026-10-17 | Days Remaining: 25
[2026-09-22 14:52:00] [INFO] ==================================================
[2026-09-22 14:52:00] [INFO] SUBSCRIPTION EXPIRY CRON COMPLETED
[2026-09-22 14:52:00] [INFO] ==================================================
[2026-09-22 14:53:00] [INFO] [SUBSCRIPTION] Expiry cron triggered
[2026-09-22 14:53:00] [INFO] ==================================================
[2026-09-22 14:53:00] [INFO] SUBSCRIPTION EXPIRY CRON STARTED
[2026-09-22 14:53:00] [INFO] ==================================================
[2026-09-22 14:53:00] [INFO] [SUBSCRIPTION] Current India Date: 2026-09-22
[2026-09-22 14:53:00] [INFO] [OVERSTAY] Cron triggered
[2026-09-22 14:53:00] [INFO] ==================================================
[2026-09-22 14:53:00] [INFO] OVERSTAY CRON STARTED
[2026-09-22 14:53:00] [INFO] ==================================================
[2026-09-22 14:53:00] [INFO] [OVERSTAY] Current India Date/Time: 22/09/2026 14:53:00
[2026-09-22 14:53:00] [INFO] [OVERSTAY] Timezone: Asia/Kolkata
[2026-09-22 14:53:00] [INFO] [OVERSTAY] Staying customers found: 0
[2026-09-22 14:53:00] [INFO] ==================================================
[2026-09-22 14:53:00] [INFO] OVERSTAY CRON COMPLETED
[2026-09-22 14:53:00] [INFO] ==================================================
[2026-09-22 14:53:00] [INFO] [SUBSCRIPTION] Subscriptions found: 2
[2026-09-22 14:53:00] [INFO] [SUBSCRIPTION] mani hotel | Expiry: 2026-10-16 | Days Remaining: 24
[2026-09-22 14:53:00] [INFO] [SUBSCRIPTION] hotel 2 | Expiry: 2026-10-17 | Days Remaining: 25
[2026-09-22 14:53:00] [INFO] ==================================================
[2026-09-22 14:53:00] [INFO] SUBSCRIPTION EXPIRY CRON COMPLETED
[2026-09-22 14:53:00] [INFO] ==================================================
[2026-09-22 14:54:00] [INFO] [SUBSCRIPTION] Expiry cron triggered
[2026-09-22 14:54:00] [INFO] ==================================================
[2026-09-22 14:54:00] [INFO] SUBSCRIPTION EXPIRY CRON STARTED
[2026-09-22 14:54:00] [INFO] ==================================================
[2026-09-22 14:54:00] [INFO] [SUBSCRIPTION] Current India Date: 2026-09-22
[2026-09-22 14:54:00] [INFO] [OVERSTAY] Cron triggered
[2026-09-22 14:54:00] [INFO] ==================================================
[2026-09-22 14:54:00] [INFO] OVERSTAY CRON STARTED
[2026-09-22 14:54:00] [INFO] ==================================================
[2026-09-22 14:54:00] [INFO] [OVERSTAY] Current India Date/Time: 22/09/2026 14:54:00
[2026-09-22 14:54:00] [INFO] [OVERSTAY] Timezone: Asia/Kolkata
[2026-09-22 14:54:00] [INFO] [OVERSTAY] Staying customers found: 0
[2026-09-22 14:54:00] [INFO] ==================================================
[2026-09-22 14:54:00] [INFO] OVERSTAY CRON COMPLETED
[2026-09-22 14:54:00] [INFO] ==================================================
[2026-09-22 14:54:00] [INFO] [SUBSCRIPTION] Subscriptions found: 2
[2026-09-22 14:54:00] [INFO] [SUBSCRIPTION] mani hotel | Expiry: 2026-10-16 | Days Remaining: 24
[2026-09-22 14:54:00] [INFO] [SUBSCRIPTION] hotel 2 | Expiry: 2026-10-17 | Days Remaining: 25
[2026-09-22 14:54:00] [INFO] ==================================================
[2026-09-22 14:54:00] [INFO] SUBSCRIPTION EXPIRY CRON COMPLETED
[2026-09-22 14:54:00] [INFO] ==================================================
[2026-09-22 14:55:00] [INFO] [SUBSCRIPTION] Expiry cron triggered
[2026-09-22 14:55:00] [INFO] ==================================================
[2026-09-22 14:55:00] [INFO] SUBSCRIPTION EXPIRY CRON STARTED
[2026-09-22 14:55:00] [INFO] ==================================================
[2026-09-22 14:55:00] [INFO] [SUBSCRIPTION] Current India Date: 2026-09-22
[2026-09-22 14:55:00] [INFO] [OVERSTAY] Cron triggered
[2026-09-22 14:55:00] [INFO] ==================================================
[2026-09-22 14:55:00] [INFO] OVERSTAY CRON STARTED
[2026-09-22 14:55:00] [INFO] ==================================================
[2026-09-22 14:55:00] [INFO] [OVERSTAY] Current India Date/Time: 22/09/2026 14:55:00
[2026-09-22 14:55:00] [INFO] [OVERSTAY] Timezone: Asia/Kolkata
[2026-09-22 14:55:00] [INFO] [OVERSTAY] Staying customers found: 0
[2026-09-22 14:55:00] [INFO] ==================================================
[2026-09-22 14:55:00] [INFO] OVERSTAY CRON COMPLETED
[2026-09-22 14:55:00] [INFO] ==================================================
[2026-09-22 14:55:00] [INFO] [SUBSCRIPTION] Subscriptions found: 2
[2026-09-22 14:55:00] [INFO] [SUBSCRIPTION] mani hotel | Expiry: 2026-10-16 | Days Remaining: 24
[2026-09-22 14:55:00] [INFO] [SUBSCRIPTION] hotel 2 | Expiry: 2026-10-17 | Days Remaining: 25
[2026-09-22 14:55:00] [INFO] ==================================================
[2026-09-22 14:55:00] [INFO] SUBSCRIPTION EXPIRY CRON COMPLETED
[2026-09-22 14:55:00] [INFO] ==================================================
[2026-09-22 14:56:00] [INFO] [SUBSCRIPTION] Expiry cron triggered
[2026-09-22 14:56:00] [INFO] ==================================================
[2026-09-22 14:56:00] [INFO] SUBSCRIPTION EXPIRY CRON STARTED
[2026-09-22 14:56:00] [INFO] ==================================================
[2026-09-22 14:56:00] [INFO] [SUBSCRIPTION] Current India Date: 2026-09-22
[2026-09-22 14:56:00] [INFO] [OVERSTAY] Cron triggered
[2026-09-22 14:56:00] [INFO] ==================================================
[2026-09-22 14:56:00] [INFO] OVERSTAY CRON STARTED
[2026-09-22 14:56:00] [INFO] ==================================================
[2026-09-22 14:56:00] [INFO] [OVERSTAY] Current India Date/Time: 22/09/2026 14:56:00
[2026-09-22 14:56:00] [INFO] [OVERSTAY] Timezone: Asia/Kolkata
[2026-09-22 14:56:00] [INFO] [OVERSTAY] Staying customers found: 0
[2026-09-22 14:56:00] [INFO] ==================================================
[2026-09-22 14:56:00] [INFO] OVERSTAY CRON COMPLETED
[2026-09-22 14:56:00] [INFO] ==================================================
[2026-09-22 14:56:00] [INFO] [SUBSCRIPTION] Subscriptions found: 2
[2026-09-22 14:56:00] [INFO] [SUBSCRIPTION] mani hotel | Expiry: 2026-10-16 | Days Remaining: 24
[2026-09-22 14:56:00] [INFO] [SUBSCRIPTION] hotel 2 | Expiry: 2026-10-17 | Days Remaining: 25
[2026-09-22 14:56:00] [INFO] ==================================================
[2026-09-22 14:56:00] [INFO] SUBSCRIPTION EXPIRY CRON COMPLETED
[2026-09-22 14:56:00] [INFO] ==================================================
[2026-09-22 14:57:00] [INFO] [OVERSTAY] Cron triggered
[2026-09-22 14:57:00] [INFO] ==================================================
[2026-09-22 14:57:00] [INFO] OVERSTAY CRON STARTED
[2026-09-22 14:57:00] [INFO] ==================================================
[2026-09-22 14:57:00] [INFO] [OVERSTAY] Current India Date/Time: 22/09/2026 14:57:00
[2026-09-22 14:57:00] [INFO] [OVERSTAY] Timezone: Asia/Kolkata
[2026-09-22 14:57:00] [INFO] [SUBSCRIPTION] Expiry cron triggered
[2026-09-22 14:57:00] [INFO] ==================================================
[2026-09-22 14:57:00] [INFO] SUBSCRIPTION EXPIRY CRON STARTED
[2026-09-22 14:57:00] [INFO] ==================================================
[2026-09-22 14:57:00] [INFO] [SUBSCRIPTION] Current India Date: 2026-09-22
[2026-09-22 14:57:00] [INFO] [OVERSTAY] Staying customers found: 0
[2026-09-22 14:57:00] [INFO] ==================================================
[2026-09-22 14:57:00] [INFO] OVERSTAY CRON COMPLETED
[2026-09-22 14:57:00] [INFO] ==================================================
[2026-09-22 14:57:00] [INFO] [SUBSCRIPTION] Subscriptions found: 2
[2026-09-22 14:57:00] [INFO] [SUBSCRIPTION] mani hotel | Expiry: 2026-10-16 | Days Remaining: 24
[2026-09-22 14:57:00] [INFO] [SUBSCRIPTION] hotel 2 | Expiry: 2026-10-17 | Days Remaining: 25
[2026-09-22 14:57:00] [INFO] ==================================================
[2026-09-22 14:57:00] [INFO] SUBSCRIPTION EXPIRY CRON COMPLETED
[2026-09-22 14:57:00] [INFO] ==================================================
[2026-09-22 14:58:00] [INFO] [OVERSTAY] Cron triggered
[2026-09-22 14:58:00] [INFO] ==================================================
[2026-09-22 14:58:00] [INFO] OVERSTAY CRON STARTED
[2026-09-22 14:58:00] [INFO] ==================================================
[2026-09-22 14:58:00] [INFO] [OVERSTAY] Current India Date/Time: 22/09/2026 14:58:00
[2026-09-22 14:58:00] [INFO] [OVERSTAY] Timezone: Asia/Kolkata
[2026-09-22 14:58:00] [INFO] [SUBSCRIPTION] Expiry cron triggered
[2026-09-22 14:58:00] [INFO] ==================================================
[2026-09-22 14:58:00] [INFO] SUBSCRIPTION EXPIRY CRON STARTED
[2026-09-22 14:58:00] [INFO] ==================================================
[2026-09-22 14:58:00] [INFO] [SUBSCRIPTION] Current India Date: 2026-09-22
[2026-09-22 14:58:00] [INFO] [OVERSTAY] Staying customers found: 0
[2026-09-22 14:58:00] [INFO] ==================================================
[2026-09-22 14:58:00] [INFO] OVERSTAY CRON COMPLETED
[2026-09-22 14:58:00] [INFO] ==================================================
[2026-09-22 14:58:00] [INFO] [SUBSCRIPTION] Subscriptions found: 2
[2026-09-22 14:58:00] [INFO] [SUBSCRIPTION] mani hotel | Expiry: 2026-10-16 | Days Remaining: 24
[2026-09-22 14:58:00] [INFO] [SUBSCRIPTION] hotel 2 | Expiry: 2026-10-17 | Days Remaining: 25
[2026-09-22 14:58:00] [INFO] ==================================================
[2026-09-22 14:58:00] [INFO] SUBSCRIPTION EXPIRY CRON COMPLETED
[2026-09-22 14:58:00] [INFO] ==================================================
[2026-09-22 14:59:00] [INFO] [SUBSCRIPTION] Expiry cron triggered
[2026-09-22 14:59:00] [INFO] ==================================================
[2026-09-22 14:59:00] [INFO] SUBSCRIPTION EXPIRY CRON STARTED
[2026-09-22 14:59:00] [INFO] ==================================================
[2026-09-22 14:59:00] [INFO] [SUBSCRIPTION] Current India Date: 2026-09-22
[2026-09-22 14:59:00] [INFO] [OVERSTAY] Cron triggered
[2026-09-22 14:59:00] [INFO] ==================================================
[2026-09-22 14:59:00] [INFO] OVERSTAY CRON STARTED
[2026-09-22 14:59:00] [INFO] ==================================================
[2026-09-22 14:59:00] [INFO] [OVERSTAY] Current India Date/Time: 22/09/2026 14:59:00
[2026-09-22 14:59:00] [INFO] [OVERSTAY] Timezone: Asia/Kolkata
[2026-09-22 14:59:00] [INFO] [OVERSTAY] Staying customers found: 0
[2026-09-22 14:59:00] [INFO] ==================================================
[2026-09-22 14:59:00] [INFO] OVERSTAY CRON COMPLETED
[2026-09-22 14:59:00] [INFO] ==================================================
[2026-09-22 14:59:00] [INFO] [SUBSCRIPTION] Subscriptions found: 2
[2026-09-22 14:59:00] [INFO] [SUBSCRIPTION] mani hotel | Expiry: 2026-10-16 | Days Remaining: 24
[2026-09-22 14:59:00] [INFO] [SUBSCRIPTION] hotel 2 | Expiry: 2026-10-17 | Days Remaining: 25
[2026-09-22 14:59:00] [INFO] ==================================================
[2026-09-22 14:59:00] [INFO] SUBSCRIPTION EXPIRY CRON COMPLETED
[2026-09-22 14:59:00] [INFO] ==================================================
[2026-09-22 15:00:00] [INFO] [SUBSCRIPTION] Expiry cron triggered
[2026-09-22 15:00:00] [INFO] ==================================================
[2026-09-22 15:00:00] [INFO] SUBSCRIPTION EXPIRY CRON STARTED
[2026-09-22 15:00:00] [INFO] ==================================================
[2026-09-22 15:00:00] [INFO] [SUBSCRIPTION] Current India Date: 2026-09-22
[2026-09-22 15:00:00] [INFO] [OVERSTAY] Cron triggered
[2026-09-22 15:00:00] [INFO] ==================================================
[2026-09-22 15:00:00] [INFO] OVERSTAY CRON STARTED
[2026-09-22 15:00:00] [INFO] ==================================================
[2026-09-22 15:00:00] [INFO] [OVERSTAY] Current India Date/Time: 22/09/2026 15:00:00
[2026-09-22 15:00:00] [INFO] [OVERSTAY] Timezone: Asia/Kolkata
[2026-09-22 15:00:00] [INFO] [OVERSTAY] Staying customers found: 0
[2026-09-22 15:00:00] [INFO] ==================================================
[2026-09-22 15:00:00] [INFO] OVERSTAY CRON COMPLETED
[2026-09-22 15:00:00] [INFO] ==================================================
[2026-09-22 15:00:00] [INFO] [SUBSCRIPTION] Subscriptions found: 2
[2026-09-22 15:00:00] [INFO] [SUBSCRIPTION] mani hotel | Expiry: 2026-10-16 | Days Remaining: 24
[2026-09-22 15:00:00] [INFO] [SUBSCRIPTION] hotel 2 | Expiry: 2026-10-17 | Days Remaining: 25
[2026-09-22 15:00:00] [INFO] ==================================================
[2026-09-22 15:00:00] [INFO] SUBSCRIPTION EXPIRY CRON COMPLETED
[2026-09-22 15:00:00] [INFO] ==================================================
[2026-09-22 15:01:00] [INFO] [SUBSCRIPTION] Expiry cron triggered
[2026-09-22 15:01:00] [INFO] ==================================================
[2026-09-22 15:01:00] [INFO] SUBSCRIPTION EXPIRY CRON STARTED
[2026-09-22 15:01:00] [INFO] ==================================================
[2026-09-22 15:01:00] [INFO] [SUBSCRIPTION] Current India Date: 2026-09-22
[2026-09-22 15:01:00] [INFO] [OVERSTAY] Cron triggered
[2026-09-22 15:01:00] [INFO] ==================================================
[2026-09-22 15:01:00] [INFO] OVERSTAY CRON STARTED
[2026-09-22 15:01:00] [INFO] ==================================================
[2026-09-22 15:01:00] [INFO] [OVERSTAY] Current India Date/Time: 22/09/2026 15:01:00
[2026-09-22 15:01:00] [INFO] [OVERSTAY] Timezone: Asia/Kolkata
[2026-09-22 15:01:00] [INFO] [OVERSTAY] Staying customers found: 0
[2026-09-22 15:01:00] [INFO] ==================================================
[2026-09-22 15:01:00] [INFO] OVERSTAY CRON COMPLETED
[2026-09-22 15:01:00] [INFO] ==================================================
[2026-09-22 15:01:00] [INFO] [SUBSCRIPTION] Subscriptions found: 2
[2026-09-22 15:01:00] [INFO] [SUBSCRIPTION] mani hotel | Expiry: 2026-10-16 | Days Remaining: 24
[2026-09-22 15:01:00] [INFO] [SUBSCRIPTION] hotel 2 | Expiry: 2026-10-17 | Days Remaining: 25
[2026-09-22 15:01:00] [INFO] ==================================================
[2026-09-22 15:01:00] [INFO] SUBSCRIPTION EXPIRY CRON COMPLETED
[2026-09-22 15:01:00] [INFO] ==================================================
[2026-09-22 15:02:00] [INFO] [SUBSCRIPTION] Expiry cron triggered
[2026-09-22 15:02:00] [INFO] ==================================================
[2026-09-22 15:02:00] [INFO] SUBSCRIPTION EXPIRY CRON STARTED
[2026-09-22 15:02:00] [INFO] ==================================================
[2026-09-22 15:02:00] [INFO] [SUBSCRIPTION] Current India Date: 2026-09-22
[2026-09-22 15:02:00] [INFO] [OVERSTAY] Cron triggered
[2026-09-22 15:02:00] [INFO] ==================================================
[2026-09-22 15:02:00] [INFO] OVERSTAY CRON STARTED
[2026-09-22 15:02:00] [INFO] ==================================================
[2026-09-22 15:02:00] [INFO] [OVERSTAY] Current India Date/Time: 22/09/2026 15:02:00
[2026-09-22 15:02:00] [INFO] [OVERSTAY] Timezone: Asia/Kolkata
[2026-09-22 15:02:00] [INFO] [OVERSTAY] Staying customers found: 0
[2026-09-22 15:02:00] [INFO] ==================================================
[2026-09-22 15:02:00] [INFO] OVERSTAY CRON COMPLETED
[2026-09-22 15:02:00] [INFO] ==================================================
[2026-09-22 15:02:00] [INFO] [SUBSCRIPTION] Subscriptions found: 2
[2026-09-22 15:02:00] [INFO] [SUBSCRIPTION] mani hotel | Expiry: 2026-10-16 | Days Remaining: 24
[2026-09-22 15:02:00] [INFO] [SUBSCRIPTION] hotel 2 | Expiry: 2026-10-17 | Days Remaining: 25
[2026-09-22 15:02:00] [INFO] ==================================================
[2026-09-22 15:02:00] [INFO] SUBSCRIPTION EXPIRY CRON COMPLETED
[2026-09-22 15:02:00] [INFO] ==================================================
[2026-09-22 15:03:00] [INFO] [SUBSCRIPTION] Expiry cron triggered
[2026-09-22 15:03:00] [INFO] ==================================================
[2026-09-22 15:03:00] [INFO] SUBSCRIPTION EXPIRY CRON STARTED
[2026-09-22 15:03:00] [INFO] ==================================================
[2026-09-22 15:03:00] [INFO] [SUBSCRIPTION] Current India Date: 2026-09-22
[2026-09-22 15:03:00] [INFO] [OVERSTAY] Cron triggered
[2026-09-22 15:03:00] [INFO] ==================================================
[2026-09-22 15:03:00] [INFO] OVERSTAY CRON STARTED
[2026-09-22 15:03:00] [INFO] ==================================================
[2026-09-22 15:03:00] [INFO] [OVERSTAY] Current India Date/Time: 22/09/2026 15:03:00
[2026-09-22 15:03:00] [INFO] [OVERSTAY] Timezone: Asia/Kolkata
[2026-09-22 15:03:00] [INFO] [OVERSTAY] Staying customers found: 0
[2026-09-22 15:03:00] [INFO] ==================================================
[2026-09-22 15:03:00] [INFO] OVERSTAY CRON COMPLETED
[2026-09-22 15:03:00] [INFO] ==================================================
[2026-09-22 15:03:00] [INFO] [SUBSCRIPTION] Subscriptions found: 2
[2026-09-22 15:03:00] [INFO] [SUBSCRIPTION] mani hotel | Expiry: 2026-10-16 | Days Remaining: 24
[2026-09-22 15:03:00] [INFO] [SUBSCRIPTION] hotel 2 | Expiry: 2026-10-17 | Days Remaining: 25
[2026-09-22 15:03:00] [INFO] ==================================================
[2026-09-22 15:03:00] [INFO] SUBSCRIPTION EXPIRY CRON COMPLETED
[2026-09-22 15:03:00] [INFO] ==================================================
[2026-09-22 15:04:00] [INFO] [SUBSCRIPTION] Expiry cron triggered
[2026-09-22 15:04:00] [INFO] ==================================================
[2026-09-22 15:04:00] [INFO] SUBSCRIPTION EXPIRY CRON STARTED
[2026-09-22 15:04:00] [INFO] ==================================================
[2026-09-22 15:04:00] [INFO] [SUBSCRIPTION] Current India Date: 2026-09-22
[2026-09-22 15:04:00] [INFO] [OVERSTAY] Cron triggered
[2026-09-22 15:04:00] [INFO] ==================================================
[2026-09-22 15:04:00] [INFO] OVERSTAY CRON STARTED
[2026-09-22 15:04:00] [INFO] ==================================================
[2026-09-22 15:04:00] [INFO] [OVERSTAY] Current India Date/Time: 22/09/2026 15:04:00
[2026-09-22 15:04:00] [INFO] [OVERSTAY] Timezone: Asia/Kolkata
[2026-09-22 15:04:00] [INFO] [OVERSTAY] Staying customers found: 0
[2026-09-22 15:04:00] [INFO] ==================================================
[2026-09-22 15:04:00] [INFO] OVERSTAY CRON COMPLETED
[2026-09-22 15:04:00] [INFO] ==================================================
[2026-09-22 15:04:00] [INFO] [SUBSCRIPTION] Subscriptions found: 2
[2026-09-22 15:04:00] [INFO] [SUBSCRIPTION] mani hotel | Expiry: 2026-10-16 | Days Remaining: 24
[2026-09-22 15:04:00] [INFO] [SUBSCRIPTION] hotel 2 | Expiry: 2026-10-17 | Days Remaining: 25
[2026-09-22 15:04:00] [INFO] ==================================================
[2026-09-22 15:04:00] [INFO] SUBSCRIPTION EXPIRY CRON COMPLETED
[2026-09-22 15:04:00] [INFO] ==================================================
[2026-09-22 15:05:00] [INFO] [SUBSCRIPTION] Expiry cron triggered
[2026-09-22 15:05:00] [INFO] ==================================================
[2026-09-22 15:05:00] [INFO] SUBSCRIPTION EXPIRY CRON STARTED
[2026-09-22 15:05:00] [INFO] ==================================================
[2026-09-22 15:05:00] [INFO] [SUBSCRIPTION] Current India Date: 2026-09-22
[2026-09-22 15:05:00] [INFO] [OVERSTAY] Cron triggered
[2026-09-22 15:05:00] [INFO] ==================================================
[2026-09-22 15:05:00] [INFO] OVERSTAY CRON STARTED
[2026-09-22 15:05:00] [INFO] ==================================================
[2026-09-22 15:05:00] [INFO] [OVERSTAY] Current India Date/Time: 22/09/2026 15:05:00
[2026-09-22 15:05:00] [INFO] [OVERSTAY] Timezone: Asia/Kolkata
[2026-09-22 15:05:00] [INFO] [OVERSTAY] Staying customers found: 0
[2026-09-22 15:05:00] [INFO] ==================================================
[2026-09-22 15:05:00] [INFO] OVERSTAY CRON COMPLETED
[2026-09-22 15:05:00] [INFO] ==================================================
[2026-09-22 15:05:00] [INFO] [SUBSCRIPTION] Subscriptions found: 2
[2026-09-22 15:05:00] [INFO] [SUBSCRIPTION] mani hotel | Expiry: 2026-10-16 | Days Remaining: 24
[2026-09-22 15:05:00] [INFO] [SUBSCRIPTION] hotel 2 | Expiry: 2026-10-17 | Days Remaining: 25
[2026-09-22 15:05:00] [INFO] ==================================================
[2026-09-22 15:05:00] [INFO] SUBSCRIPTION EXPIRY CRON COMPLETED
[2026-09-22 15:05:00] [INFO] ==================================================
[2026-09-22 15:06:00] [INFO] [SUBSCRIPTION] Expiry cron triggered
[2026-09-22 15:06:00] [INFO] ==================================================
[2026-09-22 15:06:00] [INFO] SUBSCRIPTION EXPIRY CRON STARTED
[2026-09-22 15:06:00] [INFO] ==================================================
[2026-09-22 15:06:00] [INFO] [SUBSCRIPTION] Current India Date: 2026-09-22
[2026-09-22 15:06:00] [INFO] [OVERSTAY] Cron triggered
[2026-09-22 15:06:00] [INFO] ==================================================
[2026-09-22 15:06:00] [INFO] OVERSTAY CRON STARTED
[2026-09-22 15:06:00] [INFO] ==================================================
[2026-09-22 15:06:00] [INFO] [OVERSTAY] Current India Date/Time: 22/09/2026 15:06:00
[2026-09-22 15:06:00] [INFO] [OVERSTAY] Timezone: Asia/Kolkata
[2026-09-22 15:06:00] [INFO] [OVERSTAY] Staying customers found: 0
[2026-09-22 15:06:00] [INFO] ==================================================
[2026-09-22 15:06:00] [INFO] OVERSTAY CRON COMPLETED
[2026-09-22 15:06:00] [INFO] ==================================================
[2026-09-22 15:06:00] [INFO] [SUBSCRIPTION] Subscriptions found: 2
[2026-09-22 15:06:00] [INFO] [SUBSCRIPTION] mani hotel | Expiry: 2026-10-16 | Days Remaining: 24
[2026-09-22 15:06:00] [INFO] [SUBSCRIPTION] hotel 2 | Expiry: 2026-10-17 | Days Remaining: 25
[2026-09-22 15:06:00] [INFO] ==================================================
[2026-09-22 15:06:00] [INFO] SUBSCRIPTION EXPIRY CRON COMPLETED
[2026-09-22 15:06:00] [INFO] ==================================================
[2026-09-22 15:07:00] [INFO] [SUBSCRIPTION] Expiry cron triggered
[2026-09-22 15:07:00] [INFO] ==================================================
[2026-09-22 15:07:00] [INFO] SUBSCRIPTION EXPIRY CRON STARTED
[2026-09-22 15:07:00] [INFO] ==================================================
[2026-09-22 15:07:00] [INFO] [SUBSCRIPTION] Current India Date: 2026-09-22
[2026-09-22 15:07:00] [INFO] [OVERSTAY] Cron triggered
[2026-09-22 15:07:00] [INFO] ==================================================
[2026-09-22 15:07:00] [INFO] OVERSTAY CRON STARTED
[2026-09-22 15:07:00] [INFO] ==================================================
[2026-09-22 15:07:00] [INFO] [OVERSTAY] Current India Date/Time: 22/09/2026 15:07:00
[2026-09-22 15:07:00] [INFO] [OVERSTAY] Timezone: Asia/Kolkata
[2026-09-22 15:07:00] [INFO] [OVERSTAY] Staying customers found: 0
[2026-09-22 15:07:00] [INFO] ==================================================
[2026-09-22 15:07:00] [INFO] OVERSTAY CRON COMPLETED
[2026-09-22 15:07:00] [INFO] ==================================================
[2026-09-22 15:07:00] [INFO] [SUBSCRIPTION] Subscriptions found: 2
[2026-09-22 15:07:00] [INFO] [SUBSCRIPTION] mani hotel | Expiry: 2026-10-16 | Days Remaining: 24
[2026-09-22 15:07:00] [INFO] [SUBSCRIPTION] hotel 2 | Expiry: 2026-10-17 | Days Remaining: 25
[2026-09-22 15:07:00] [INFO] ==================================================
[2026-09-22 15:07:00] [INFO] SUBSCRIPTION EXPIRY CRON COMPLETED
[2026-09-22 15:07:00] [INFO] ==================================================
[2026-09-22 15:08:00] [INFO] [SUBSCRIPTION] Expiry cron triggered
[2026-09-22 15:08:00] [INFO] ==================================================
[2026-09-22 15:08:00] [INFO] SUBSCRIPTION EXPIRY CRON STARTED
[2026-09-22 15:08:00] [INFO] ==================================================
[2026-09-22 15:08:00] [INFO] [SUBSCRIPTION] Current India Date: 2026-09-22
[2026-09-22 15:08:00] [INFO] [OVERSTAY] Cron triggered
[2026-09-22 15:08:00] [INFO] ==================================================
[2026-09-22 15:08:00] [INFO] OVERSTAY CRON STARTED
[2026-09-22 15:08:00] [INFO] ==================================================
[2026-09-22 15:08:00] [INFO] [OVERSTAY] Current India Date/Time: 22/09/2026 15:08:00
[2026-09-22 15:08:00] [INFO] [OVERSTAY] Timezone: Asia/Kolkata
[2026-09-22 15:08:00] [INFO] [OVERSTAY] Staying customers found: 0
[2026-09-22 15:08:00] [INFO] ==================================================
[2026-09-22 15:08:00] [INFO] OVERSTAY CRON COMPLETED
[2026-09-22 15:08:00] [INFO] ==================================================
[2026-09-22 15:08:00] [INFO] [SUBSCRIPTION] Subscriptions found: 2
[2026-09-22 15:08:00] [INFO] [SUBSCRIPTION] mani hotel | Expiry: 2026-10-16 | Days Remaining: 24
[2026-09-22 15:08:00] [INFO] [SUBSCRIPTION] hotel 2 | Expiry: 2026-10-17 | Days Remaining: 25
[2026-09-22 15:08:00] [INFO] ==================================================
[2026-09-22 15:08:00] [INFO] SUBSCRIPTION EXPIRY CRON COMPLETED
[2026-09-22 15:08:00] [INFO] ==================================================
[2026-09-22 15:09:00] [INFO] [SUBSCRIPTION] Expiry cron triggered
[2026-09-22 15:09:00] [INFO] ==================================================
[2026-09-22 15:09:00] [INFO] SUBSCRIPTION EXPIRY CRON STARTED
[2026-09-22 15:09:00] [INFO] ==================================================
[2026-09-22 15:09:00] [INFO] [SUBSCRIPTION] Current India Date: 2026-09-22
[2026-09-22 15:09:00] [INFO] [OVERSTAY] Cron triggered
[2026-09-22 15:09:00] [INFO] ==================================================
[2026-09-22 15:09:00] [INFO] OVERSTAY CRON STARTED
[2026-09-22 15:09:00] [INFO] ==================================================
[2026-09-22 15:09:00] [INFO] [OVERSTAY] Current India Date/Time: 22/09/2026 15:09:00
[2026-09-22 15:09:00] [INFO] [OVERSTAY] Timezone: Asia/Kolkata
[2026-09-22 15:09:00] [INFO] [OVERSTAY] Staying customers found: 0
[2026-09-22 15:09:00] [INFO] ==================================================
[2026-09-22 15:09:00] [INFO] OVERSTAY CRON COMPLETED
[2026-09-22 15:09:00] [INFO] ==================================================
[2026-09-22 15:09:00] [INFO] [SUBSCRIPTION] Subscriptions found: 2
[2026-09-22 15:09:00] [INFO] [SUBSCRIPTION] mani hotel | Expiry: 2026-10-16 | Days Remaining: 24
[2026-09-22 15:09:00] [INFO] [SUBSCRIPTION] hotel 2 | Expiry: 2026-10-17 | Days Remaining: 25
[2026-09-22 15:09:00] [INFO] ==================================================
[2026-09-22 15:09:00] [INFO] SUBSCRIPTION EXPIRY CRON COMPLETED
[2026-09-22 15:09:00] [INFO] ==================================================
[2026-09-22 15:10:00] [INFO] [SUBSCRIPTION] Expiry cron triggered
[2026-09-22 15:10:00] [INFO] ==================================================
[2026-09-22 15:10:00] [INFO] SUBSCRIPTION EXPIRY CRON STARTED
[2026-09-22 15:10:00] [INFO] ==================================================
[2026-09-22 15:10:00] [INFO] [SUBSCRIPTION] Current India Date: 2026-09-22
[2026-09-22 15:10:00] [INFO] [OVERSTAY] Cron triggered
[2026-09-22 15:10:00] [INFO] ==================================================
[2026-09-22 15:10:00] [INFO] OVERSTAY CRON STARTED
[2026-09-22 15:10:00] [INFO] ==================================================
[2026-09-22 15:10:00] [INFO] [OVERSTAY] Current India Date/Time: 22/09/2026 15:10:00
[2026-09-22 15:10:00] [INFO] [OVERSTAY] Timezone: Asia/Kolkata
[2026-09-22 15:10:00] [INFO] [OVERSTAY] Staying customers found: 0
[2026-09-22 15:10:00] [INFO] ==================================================
[2026-09-22 15:10:00] [INFO] OVERSTAY CRON COMPLETED
[2026-09-22 15:10:00] [INFO] ==================================================
[2026-09-22 15:10:00] [INFO] [SUBSCRIPTION] Subscriptions found: 2
[2026-09-22 15:10:00] [INFO] [SUBSCRIPTION] mani hotel | Expiry: 2026-10-16 | Days Remaining: 24
[2026-09-22 15:10:00] [INFO] [SUBSCRIPTION] hotel 2 | Expiry: 2026-10-17 | Days Remaining: 25
[2026-09-22 15:10:00] [INFO] ==================================================
[2026-09-22 15:10:00] [INFO] SUBSCRIPTION EXPIRY CRON COMPLETED
[2026-09-22 15:10:00] [INFO] ==================================================
[2026-09-22 15:11:00] [INFO] [SUBSCRIPTION] Expiry cron triggered
[2026-09-22 15:11:00] [INFO] ==================================================
[2026-09-22 15:11:00] [INFO] SUBSCRIPTION EXPIRY CRON STARTED
[2026-09-22 15:11:00] [INFO] ==================================================
[2026-09-22 15:11:00] [INFO] [SUBSCRIPTION] Current India Date: 2026-09-22
[2026-09-22 15:11:00] [INFO] [OVERSTAY] Cron triggered
[2026-09-22 15:11:00] [INFO] ==================================================
[2026-09-22 15:11:00] [INFO] OVERSTAY CRON STARTED
[2026-09-22 15:11:00] [INFO] ==================================================
[2026-09-22 15:11:00] [INFO] [OVERSTAY] Current India Date/Time: 22/09/2026 15:11:00
[2026-09-22 15:11:00] [INFO] [OVERSTAY] Timezone: Asia/Kolkata
[2026-09-22 15:11:00] [INFO] [OVERSTAY] Staying customers found: 0
[2026-09-22 15:11:00] [INFO] ==================================================
[2026-09-22 15:11:00] [INFO] OVERSTAY CRON COMPLETED
[2026-09-22 15:11:00] [INFO] ==================================================
[2026-09-22 15:11:00] [INFO] [SUBSCRIPTION] Subscriptions found: 2
[2026-09-22 15:11:00] [INFO] [SUBSCRIPTION] mani hotel | Expiry: 2026-10-16 | Days Remaining: 24
[2026-09-22 15:11:00] [INFO] [SUBSCRIPTION] hotel 2 | Expiry: 2026-10-17 | Days Remaining: 25
[2026-09-22 15:11:00] [INFO] ==================================================
[2026-09-22 15:11:00] [INFO] SUBSCRIPTION EXPIRY CRON COMPLETED
[2026-09-22 15:11:00] [INFO] ==================================================
[2026-09-22 15:12:00] [INFO] [SUBSCRIPTION] Expiry cron triggered
[2026-09-22 15:12:00] [INFO] ==================================================
[2026-09-22 15:12:00] [INFO] SUBSCRIPTION EXPIRY CRON STARTED
[2026-09-22 15:12:00] [INFO] ==================================================
[2026-09-22 15:12:00] [INFO] [SUBSCRIPTION] Current India Date: 2026-09-22
[2026-09-22 15:12:00] [INFO] [OVERSTAY] Cron triggered
[2026-09-22 15:12:00] [INFO] ==================================================
[2026-09-22 15:12:00] [INFO] OVERSTAY CRON STARTED
[2026-09-22 15:12:00] [INFO] ==================================================
[2026-09-22 15:12:00] [INFO] [OVERSTAY] Current India Date/Time: 22/09/2026 15:12:00
[2026-09-22 15:12:00] [INFO] [OVERSTAY] Timezone: Asia/Kolkata
[2026-09-22 15:12:00] [INFO] [OVERSTAY] Staying customers found: 0
[2026-09-22 15:12:00] [INFO] ==================================================
[2026-09-22 15:12:00] [INFO] OVERSTAY CRON COMPLETED
[2026-09-22 15:12:00] [INFO] ==================================================
[2026-09-22 15:12:00] [INFO] [SUBSCRIPTION] Subscriptions found: 2
[2026-09-22 15:12:00] [INFO] [SUBSCRIPTION] mani hotel | Expiry: 2026-10-16 | Days Remaining: 24
[2026-09-22 15:12:00] [INFO] [SUBSCRIPTION] hotel 2 | Expiry: 2026-10-17 | Days Remaining: 25
[2026-09-22 15:12:00] [INFO] ==================================================
[2026-09-22 15:12:00] [INFO] SUBSCRIPTION EXPIRY CRON COMPLETED
[2026-09-22 15:12:00] [INFO] ==================================================
[2026-09-22 15:13:00] [INFO] [SUBSCRIPTION] Expiry cron triggered
[2026-09-22 15:13:00] [INFO] ==================================================
[2026-09-22 15:13:00] [INFO] SUBSCRIPTION EXPIRY CRON STARTED
[2026-09-22 15:13:00] [INFO] ==================================================
[2026-09-22 15:13:00] [INFO] [SUBSCRIPTION] Current India Date: 2026-09-22
[2026-09-22 15:13:00] [INFO] [OVERSTAY] Cron triggered
[2026-09-22 15:13:00] [INFO] ==================================================
[2026-09-22 15:13:00] [INFO] OVERSTAY CRON STARTED
[2026-09-22 15:13:00] [INFO] ==================================================
[2026-09-22 15:13:00] [INFO] [OVERSTAY] Current India Date/Time: 22/09/2026 15:13:00
[2026-09-22 15:13:00] [INFO] [OVERSTAY] Timezone: Asia/Kolkata
[2026-09-22 15:13:00] [INFO] [OVERSTAY] Staying customers found: 0
[2026-09-22 15:13:00] [INFO] ==================================================
[2026-09-22 15:13:00] [INFO] OVERSTAY CRON COMPLETED
[2026-09-22 15:13:00] [INFO] ==================================================
[2026-09-22 15:13:00] [INFO] [SUBSCRIPTION] Subscriptions found: 2
[2026-09-22 15:13:00] [INFO] [SUBSCRIPTION] mani hotel | Expiry: 2026-10-16 | Days Remaining: 24
[2026-09-22 15:13:00] [INFO] [SUBSCRIPTION] hotel 2 | Expiry: 2026-10-17 | Days Remaining: 25
[2026-09-22 15:13:00] [INFO] ==================================================
[2026-09-22 15:13:00] [INFO] SUBSCRIPTION EXPIRY CRON COMPLETED
[2026-09-22 15:13:00] [INFO] ==================================================
[2026-09-22 15:14:00] [INFO] [OVERSTAY] Cron triggered
[2026-09-22 15:14:00] [INFO] ==================================================
[2026-09-22 15:14:00] [INFO] OVERSTAY CRON STARTED
[2026-09-22 15:14:00] [INFO] ==================================================
[2026-09-22 15:14:00] [INFO] [OVERSTAY] Current India Date/Time: 22/09/2026 15:14:00
[2026-09-22 15:14:00] [INFO] [OVERSTAY] Timezone: Asia/Kolkata
[2026-09-22 15:14:00] [INFO] [SUBSCRIPTION] Expiry cron triggered
[2026-09-22 15:14:00] [INFO] ==================================================
[2026-09-22 15:14:00] [INFO] SUBSCRIPTION EXPIRY CRON STARTED
[2026-09-22 15:14:00] [INFO] ==================================================
[2026-09-22 15:14:00] [INFO] [SUBSCRIPTION] Current India Date: 2026-09-22
[2026-09-22 15:14:00] [INFO] [OVERSTAY] Staying customers found: 0
[2026-09-22 15:14:00] [INFO] ==================================================
[2026-09-22 15:14:00] [INFO] OVERSTAY CRON COMPLETED
[2026-09-22 15:14:00] [INFO] ==================================================
[2026-09-22 15:14:00] [INFO] [SUBSCRIPTION] Subscriptions found: 2
[2026-09-22 15:14:00] [INFO] [SUBSCRIPTION] mani hotel | Expiry: 2026-10-16 | Days Remaining: 24
[2026-09-22 15:14:00] [INFO] [SUBSCRIPTION] hotel 2 | Expiry: 2026-10-17 | Days Remaining: 25
[2026-09-22 15:14:00] [INFO] ==================================================
[2026-09-22 15:14:00] [INFO] SUBSCRIPTION EXPIRY CRON COMPLETED
[2026-09-22 15:14:00] [INFO] ==================================================
[2026-09-22 15:15:00] [INFO] [OVERSTAY] Cron triggered
[2026-09-22 15:15:00] [INFO] ==================================================
[2026-09-22 15:15:00] [INFO] OVERSTAY CRON STARTED
[2026-09-22 15:15:00] [INFO] ==================================================
[2026-09-22 15:15:00] [INFO] [OVERSTAY] Current India Date/Time: 22/09/2026 15:15:00
[2026-09-22 15:15:00] [INFO] [OVERSTAY] Timezone: Asia/Kolkata
[2026-09-22 15:15:00] [INFO] [SUBSCRIPTION] Expiry cron triggered
[2026-09-22 15:15:00] [INFO] ==================================================
[2026-09-22 15:15:00] [INFO] SUBSCRIPTION EXPIRY CRON STARTED
[2026-09-22 15:15:00] [INFO] ==================================================
[2026-09-22 15:15:00] [INFO] [SUBSCRIPTION] Current India Date: 2026-09-22
[2026-09-22 15:15:00] [INFO] [OVERSTAY] Staying customers found: 0
[2026-09-22 15:15:00] [INFO] ==================================================
[2026-09-22 15:15:00] [INFO] OVERSTAY CRON COMPLETED
[2026-09-22 15:15:00] [INFO] ==================================================
[2026-09-22 15:15:00] [INFO] [SUBSCRIPTION] Subscriptions found: 2
[2026-09-22 15:15:00] [INFO] [SUBSCRIPTION] mani hotel | Expiry: 2026-10-16 | Days Remaining: 24
[2026-09-22 15:15:00] [INFO] [SUBSCRIPTION] hotel 2 | Expiry: 2026-10-17 | Days Remaining: 25
[2026-09-22 15:15:00] [INFO] ==================================================
[2026-09-22 15:15:00] [INFO] SUBSCRIPTION EXPIRY CRON COMPLETED
[2026-09-22 15:15:00] [INFO] ==================================================
[2026-09-22 15:15:06] [INFO] Hotel registrations retrieved successfully. Total registrations: 3
[2026-09-22 15:15:06] [INFO] Hotel registrations retrieved successfully. Total registrations: 3
[2026-09-22 15:16:00] [INFO] [OVERSTAY] Cron triggered
[2026-09-22 15:16:00] [INFO] ==================================================
[2026-09-22 15:16:00] [INFO] OVERSTAY CRON STARTED
[2026-09-22 15:16:00] [INFO] ==================================================
[2026-09-22 15:16:00] [INFO] [OVERSTAY] Current India Date/Time: 22/09/2026 15:16:00
[2026-09-22 15:16:00] [INFO] [OVERSTAY] Timezone: Asia/Kolkata
[2026-09-22 15:16:00] [INFO] [SUBSCRIPTION] Expiry cron triggered
[2026-09-22 15:16:00] [INFO] ==================================================
[2026-09-22 15:16:00] [INFO] SUBSCRIPTION EXPIRY CRON STARTED
[2026-09-22 15:16:00] [INFO] ==================================================
[2026-09-22 15:16:00] [INFO] [SUBSCRIPTION] Current India Date: 2026-09-22
[2026-09-22 15:16:00] [INFO] [OVERSTAY] Staying customers found: 0
[2026-09-22 15:16:00] [INFO] ==================================================
[2026-09-22 15:16:00] [INFO] OVERSTAY CRON COMPLETED
[2026-09-22 15:16:00] [INFO] ==================================================
[2026-09-22 15:16:00] [INFO] [SUBSCRIPTION] Subscriptions found: 2
[2026-09-22 15:16:00] [INFO] [SUBSCRIPTION] mani hotel | Expiry: 2026-10-16 | Days Remaining: 24
[2026-09-22 15:16:00] [INFO] [SUBSCRIPTION] hotel 2 | Expiry: 2026-10-17 | Days Remaining: 25
[2026-09-22 15:16:00] [INFO] ==================================================
[2026-09-22 15:16:00] [INFO] SUBSCRIPTION EXPIRY CRON COMPLETED
[2026-09-22 15:16:00] [INFO] ==================================================
[2026-09-22 15:17:00] [INFO] [OVERSTAY] Cron triggered
[2026-09-22 15:17:00] [INFO] ==================================================
[2026-09-22 15:17:00] [INFO] OVERSTAY CRON STARTED
[2026-09-22 15:17:00] [INFO] ==================================================
[2026-09-22 15:17:00] [INFO] [OVERSTAY] Current India Date/Time: 22/09/2026 15:17:00
[2026-09-22 15:17:00] [INFO] [OVERSTAY] Timezone: Asia/Kolkata
[2026-09-22 15:17:00] [INFO] [SUBSCRIPTION] Expiry cron triggered
[2026-09-22 15:17:00] [INFO] ==================================================
[2026-09-22 15:17:00] [INFO] SUBSCRIPTION EXPIRY CRON STARTED
[2026-09-22 15:17:00] [INFO] ==================================================
[2026-09-22 15:17:00] [INFO] [SUBSCRIPTION] Current India Date: 2026-09-22
[2026-09-22 15:17:00] [INFO] [OVERSTAY] Staying customers found: 0
[2026-09-22 15:17:00] [INFO] ==================================================
[2026-09-22 15:17:00] [INFO] OVERSTAY CRON COMPLETED
[2026-09-22 15:17:00] [INFO] ==================================================
[2026-09-22 15:17:00] [INFO] [SUBSCRIPTION] Subscriptions found: 2
[2026-09-22 15:17:00] [INFO] [SUBSCRIPTION] mani hotel | Expiry: 2026-10-16 | Days Remaining: 24
[2026-09-22 15:17:00] [INFO] [SUBSCRIPTION] hotel 2 | Expiry: 2026-10-17 | Days Remaining: 25
[2026-09-22 15:17:00] [INFO] ==================================================
[2026-09-22 15:17:00] [INFO] SUBSCRIPTION EXPIRY CRON COMPLETED
[2026-09-22 15:17:00] [INFO] ==================================================
[2026-09-22 15:18:00] [INFO] [OVERSTAY] Cron triggered
[2026-09-22 15:18:00] [INFO] ==================================================
[2026-09-22 15:18:00] [INFO] OVERSTAY CRON STARTED
[2026-09-22 15:18:00] [INFO] ==================================================
[2026-09-22 15:18:00] [INFO] [OVERSTAY] Current India Date/Time: 22/09/2026 15:18:00
[2026-09-22 15:18:00] [INFO] [OVERSTAY] Timezone: Asia/Kolkata
[2026-09-22 15:18:00] [INFO] [SUBSCRIPTION] Expiry cron triggered
[2026-09-22 15:18:00] [INFO] ==================================================
[2026-09-22 15:18:00] [INFO] SUBSCRIPTION EXPIRY CRON STARTED
[2026-09-22 15:18:00] [INFO] ==================================================
[2026-09-22 15:18:00] [INFO] [SUBSCRIPTION] Current India Date: 2026-09-22
[2026-09-22 15:18:00] [INFO] [OVERSTAY] Staying customers found: 0
[2026-09-22 15:18:00] [INFO] ==================================================
[2026-09-22 15:18:00] [INFO] OVERSTAY CRON COMPLETED
[2026-09-22 15:18:00] [INFO] ==================================================
[2026-09-22 15:18:00] [INFO] [SUBSCRIPTION] Subscriptions found: 2
[2026-09-22 15:18:00] [INFO] [SUBSCRIPTION] mani hotel | Expiry: 2026-10-16 | Days Remaining: 24
[2026-09-22 15:18:00] [INFO] [SUBSCRIPTION] hotel 2 | Expiry: 2026-10-17 | Days Remaining: 25
[2026-09-22 15:18:00] [INFO] ==================================================
[2026-09-22 15:18:00] [INFO] SUBSCRIPTION EXPIRY CRON COMPLETED
[2026-09-22 15:18:00] [INFO] ==================================================
[2026-09-22 15:19:00] [INFO] [OVERSTAY] Cron triggered
[2026-09-22 15:19:00] [INFO] ==================================================
[2026-09-22 15:19:00] [INFO] OVERSTAY CRON STARTED
[2026-09-22 15:19:00] [INFO] ==================================================
[2026-09-22 15:19:00] [INFO] [OVERSTAY] Current India Date/Time: 22/09/2026 15:19:00
[2026-09-22 15:19:00] [INFO] [OVERSTAY] Timezone: Asia/Kolkata
[2026-09-22 15:19:00] [INFO] [SUBSCRIPTION] Expiry cron triggered
[2026-09-22 15:19:00] [INFO] ==================================================
[2026-09-22 15:19:00] [INFO] SUBSCRIPTION EXPIRY CRON STARTED
[2026-09-22 15:19:00] [INFO] ==================================================
[2026-09-22 15:19:00] [INFO] [SUBSCRIPTION] Current India Date: 2026-09-22
[2026-09-22 15:19:00] [INFO] [OVERSTAY] Staying customers found: 0
[2026-09-22 15:19:00] [INFO] ==================================================
[2026-09-22 15:19:00] [INFO] OVERSTAY CRON COMPLETED
[2026-09-22 15:19:00] [INFO] ==================================================
[2026-09-22 15:19:00] [INFO] [SUBSCRIPTION] Subscriptions found: 2
[2026-09-22 15:19:00] [INFO] [SUBSCRIPTION] mani hotel | Expiry: 2026-10-16 | Days Remaining: 24
[2026-09-22 15:19:00] [INFO] [SUBSCRIPTION] hotel 2 | Expiry: 2026-10-17 | Days Remaining: 25
[2026-09-22 15:19:00] [INFO] ==================================================
[2026-09-22 15:19:00] [INFO] SUBSCRIPTION EXPIRY CRON COMPLETED
[2026-09-22 15:19:00] [INFO] ==================================================
[2026-09-22 15:20:00] [INFO] [OVERSTAY] Cron triggered
[2026-09-22 15:20:00] [INFO] ==================================================
[2026-09-22 15:20:00] [INFO] OVERSTAY CRON STARTED
[2026-09-22 15:20:00] [INFO] ==================================================
[2026-09-22 15:20:00] [INFO] [OVERSTAY] Current India Date/Time: 22/09/2026 15:20:00
[2026-09-22 15:20:00] [INFO] [OVERSTAY] Timezone: Asia/Kolkata
[2026-09-22 15:20:00] [INFO] [SUBSCRIPTION] Expiry cron triggered
[2026-09-22 15:20:00] [INFO] ==================================================
[2026-09-22 15:20:00] [INFO] SUBSCRIPTION EXPIRY CRON STARTED
[2026-09-22 15:20:00] [INFO] ==================================================
[2026-09-22 15:20:00] [INFO] [SUBSCRIPTION] Current India Date: 2026-09-22
[2026-09-22 15:20:00] [INFO] [OVERSTAY] Staying customers found: 0
[2026-09-22 15:20:00] [INFO] ==================================================
[2026-09-22 15:20:00] [INFO] OVERSTAY CRON COMPLETED
[2026-09-22 15:20:00] [INFO] ==================================================
[2026-09-22 15:20:00] [INFO] [SUBSCRIPTION] Subscriptions found: 2
[2026-09-22 15:20:00] [INFO] [SUBSCRIPTION] mani hotel | Expiry: 2026-10-16 | Days Remaining: 24
[2026-09-22 15:20:00] [INFO] [SUBSCRIPTION] hotel 2 | Expiry: 2026-10-17 | Days Remaining: 25
[2026-09-22 15:20:00] [INFO] ==================================================
[2026-09-22 15:20:00] [INFO] SUBSCRIPTION EXPIRY CRON COMPLETED
[2026-09-22 15:20:00] [INFO] ==================================================
[2026-09-22 15:21:00] [INFO] [OVERSTAY] Cron triggered
[2026-09-22 15:21:00] [INFO] ==================================================
[2026-09-22 15:21:00] [INFO] OVERSTAY CRON STARTED
[2026-09-22 15:21:00] [INFO] ==================================================
[2026-09-22 15:21:00] [INFO] [OVERSTAY] Current India Date/Time: 22/09/2026 15:21:00
[2026-09-22 15:21:00] [INFO] [OVERSTAY] Timezone: Asia/Kolkata
[2026-09-22 15:21:00] [INFO] [SUBSCRIPTION] Expiry cron triggered
[2026-09-22 15:21:00] [INFO] ==================================================
[2026-09-22 15:21:00] [INFO] SUBSCRIPTION EXPIRY CRON STARTED
[2026-09-22 15:21:00] [INFO] ==================================================
[2026-09-22 15:21:00] [INFO] [SUBSCRIPTION] Current India Date: 2026-09-22
[2026-09-22 15:21:00] [INFO] [OVERSTAY] Staying customers found: 0
[2026-09-22 15:21:00] [INFO] ==================================================
[2026-09-22 15:21:00] [INFO] OVERSTAY CRON COMPLETED
[2026-09-22 15:21:00] [INFO] ==================================================
[2026-09-22 15:21:00] [INFO] [SUBSCRIPTION] Subscriptions found: 2
[2026-09-22 15:21:00] [INFO] [SUBSCRIPTION] mani hotel | Expiry: 2026-10-16 | Days Remaining: 24
[2026-09-22 15:21:00] [INFO] [SUBSCRIPTION] hotel 2 | Expiry: 2026-10-17 | Days Remaining: 25
[2026-09-22 15:21:00] [INFO] ==================================================
[2026-09-22 15:21:00] [INFO] SUBSCRIPTION EXPIRY CRON COMPLETED
[2026-09-22 15:21:00] [INFO] ==================================================
[2026-09-22 15:22:00] [INFO] [SUBSCRIPTION] Expiry cron triggered
[2026-09-22 15:22:00] [INFO] ==================================================
[2026-09-22 15:22:00] [INFO] SUBSCRIPTION EXPIRY CRON STARTED
[2026-09-22 15:22:00] [INFO] ==================================================
[2026-09-22 15:22:00] [INFO] [SUBSCRIPTION] Current India Date: 2026-09-22
[2026-09-22 15:22:00] [INFO] [OVERSTAY] Cron triggered
[2026-09-22 15:22:00] [INFO] ==================================================
[2026-09-22 15:22:00] [INFO] OVERSTAY CRON STARTED
[2026-09-22 15:22:00] [INFO] ==================================================
[2026-09-22 15:22:00] [INFO] [OVERSTAY] Current India Date/Time: 22/09/2026 15:22:00
[2026-09-22 15:22:00] [INFO] [OVERSTAY] Timezone: Asia/Kolkata
[2026-09-22 15:22:00] [INFO] [OVERSTAY] Staying customers found: 0
[2026-09-22 15:22:00] [INFO] ==================================================
[2026-09-22 15:22:00] [INFO] OVERSTAY CRON COMPLETED
[2026-09-22 15:22:00] [INFO] ==================================================
[2026-09-22 15:22:00] [INFO] [SUBSCRIPTION] Subscriptions found: 2
[2026-09-22 15:22:00] [INFO] [SUBSCRIPTION] mani hotel | Expiry: 2026-10-16 | Days Remaining: 24
[2026-09-22 15:22:00] [INFO] [SUBSCRIPTION] hotel 2 | Expiry: 2026-10-17 | Days Remaining: 25
[2026-09-22 15:22:00] [INFO] ==================================================
[2026-09-22 15:22:00] [INFO] SUBSCRIPTION EXPIRY CRON COMPLETED
[2026-09-22 15:22:00] [INFO] ==================================================
[2026-09-22 15:23:00] [INFO] [SUBSCRIPTION] Expiry cron triggered
[2026-09-22 15:23:00] [INFO] ==================================================
[2026-09-22 15:23:00] [INFO] SUBSCRIPTION EXPIRY CRON STARTED
[2026-09-22 15:23:00] [INFO] ==================================================
[2026-09-22 15:23:00] [INFO] [SUBSCRIPTION] Current India Date: 2026-09-22
[2026-09-22 15:23:00] [INFO] [OVERSTAY] Cron triggered
[2026-09-22 15:23:00] [INFO] ==================================================
[2026-09-22 15:23:00] [INFO] OVERSTAY CRON STARTED
[2026-09-22 15:23:00] [INFO] ==================================================
[2026-09-22 15:23:00] [INFO] [OVERSTAY] Current India Date/Time: 22/09/2026 15:23:00
[2026-09-22 15:23:00] [INFO] [OVERSTAY] Timezone: Asia/Kolkata
[2026-09-22 15:23:00] [INFO] [OVERSTAY] Staying customers found: 0
[2026-09-22 15:23:00] [INFO] ==================================================
[2026-09-22 15:23:00] [INFO] OVERSTAY CRON COMPLETED
[2026-09-22 15:23:00] [INFO] ==================================================
[2026-09-22 15:23:00] [INFO] [SUBSCRIPTION] Subscriptions found: 2
[2026-09-22 15:23:00] [INFO] [SUBSCRIPTION] mani hotel | Expiry: 2026-10-16 | Days Remaining: 24
[2026-09-22 15:23:00] [INFO] [SUBSCRIPTION] hotel 2 | Expiry: 2026-10-17 | Days Remaining: 25
[2026-09-22 15:23:00] [INFO] ==================================================
[2026-09-22 15:23:00] [INFO] SUBSCRIPTION EXPIRY CRON COMPLETED
[2026-09-22 15:23:00] [INFO] ==================================================
[2026-09-22 15:24:00] [INFO] [SUBSCRIPTION] Expiry cron triggered
[2026-09-22 15:24:00] [INFO] ==================================================
[2026-09-22 15:24:00] [INFO] SUBSCRIPTION EXPIRY CRON STARTED
[2026-09-22 15:24:00] [INFO] ==================================================
[2026-09-22 15:24:00] [INFO] [SUBSCRIPTION] Current India Date: 2026-09-22
[2026-09-22 15:24:00] [INFO] [OVERSTAY] Cron triggered
[2026-09-22 15:24:00] [INFO] ==================================================
[2026-09-22 15:24:00] [INFO] OVERSTAY CRON STARTED
[2026-09-22 15:24:00] [INFO] ==================================================
[2026-09-22 15:24:00] [INFO] [OVERSTAY] Current India Date/Time: 22/09/2026 15:24:00
[2026-09-22 15:24:00] [INFO] [OVERSTAY] Timezone: Asia/Kolkata
[2026-09-22 15:24:00] [INFO] [OVERSTAY] Staying customers found: 0
[2026-09-22 15:24:00] [INFO] ==================================================
[2026-09-22 15:24:00] [INFO] OVERSTAY CRON COMPLETED
[2026-09-22 15:24:00] [INFO] ==================================================
[2026-09-22 15:24:00] [INFO] [SUBSCRIPTION] Subscriptions found: 2
[2026-09-22 15:24:00] [INFO] [SUBSCRIPTION] mani hotel | Expiry: 2026-10-16 | Days Remaining: 24
[2026-09-22 15:24:00] [INFO] [SUBSCRIPTION] hotel 2 | Expiry: 2026-10-17 | Days Remaining: 25
[2026-09-22 15:24:00] [INFO] ==================================================
[2026-09-22 15:24:00] [INFO] SUBSCRIPTION EXPIRY CRON COMPLETED
[2026-09-22 15:24:00] [INFO] ==================================================
[2026-09-22 15:25:00] [INFO] [SUBSCRIPTION] Expiry cron triggered
[2026-09-22 15:25:00] [INFO] ==================================================
[2026-09-22 15:25:00] [INFO] SUBSCRIPTION EXPIRY CRON STARTED
[2026-09-22 15:25:00] [INFO] ==================================================
[2026-09-22 15:25:00] [INFO] [SUBSCRIPTION] Current India Date: 2026-09-22
[2026-09-22 15:25:00] [INFO] [OVERSTAY] Cron triggered
[2026-09-22 15:25:00] [INFO] ==================================================
[2026-09-22 15:25:00] [INFO] OVERSTAY CRON STARTED
[2026-09-22 15:25:00] [INFO] ==================================================
[2026-09-22 15:25:00] [INFO] [OVERSTAY] Current India Date/Time: 22/09/2026 15:25:00
[2026-09-22 15:25:00] [INFO] [OVERSTAY] Timezone: Asia/Kolkata
[2026-09-22 15:25:00] [INFO] [OVERSTAY] Staying customers found: 0
[2026-09-22 15:25:00] [INFO] ==================================================
[2026-09-22 15:25:00] [INFO] OVERSTAY CRON COMPLETED
[2026-09-22 15:25:00] [INFO] ==================================================
[2026-09-22 15:25:00] [INFO] [SUBSCRIPTION] Subscriptions found: 2
[2026-09-22 15:25:00] [INFO] [SUBSCRIPTION] mani hotel | Expiry: 2026-10-16 | Days Remaining: 24
[2026-09-22 15:25:00] [INFO] [SUBSCRIPTION] hotel 2 | Expiry: 2026-10-17 | Days Remaining: 25
[2026-09-22 15:25:00] [INFO] ==================================================
[2026-09-22 15:25:00] [INFO] SUBSCRIPTION EXPIRY CRON COMPLETED
[2026-09-22 15:25:00] [INFO] ==================================================
[2026-09-22 15:26:00] [INFO] [SUBSCRIPTION] Expiry cron triggered
[2026-09-22 15:26:00] [INFO] ==================================================
[2026-09-22 15:26:00] [INFO] SUBSCRIPTION EXPIRY CRON STARTED
[2026-09-22 15:26:00] [INFO] ==================================================
[2026-09-22 15:26:00] [INFO] [SUBSCRIPTION] Current India Date: 2026-09-22
[2026-09-22 15:26:00] [INFO] [OVERSTAY] Cron triggered
[2026-09-22 15:26:00] [INFO] ==================================================
[2026-09-22 15:26:00] [INFO] OVERSTAY CRON STARTED
[2026-09-22 15:26:00] [INFO] ==================================================
[2026-09-22 15:26:00] [INFO] [OVERSTAY] Current India Date/Time: 22/09/2026 15:26:00
[2026-09-22 15:26:00] [INFO] [OVERSTAY] Timezone: Asia/Kolkata
[2026-09-22 15:26:00] [INFO] [OVERSTAY] Staying customers found: 0
[2026-09-22 15:26:00] [INFO] ==================================================
[2026-09-22 15:26:00] [INFO] OVERSTAY CRON COMPLETED
[2026-09-22 15:26:00] [INFO] ==================================================
[2026-09-22 15:26:00] [INFO] [SUBSCRIPTION] Subscriptions found: 2
[2026-09-22 15:26:00] [INFO] [SUBSCRIPTION] mani hotel | Expiry: 2026-10-16 | Days Remaining: 24
[2026-09-22 15:26:00] [INFO] [SUBSCRIPTION] hotel 2 | Expiry: 2026-10-17 | Days Remaining: 25
[2026-09-22 15:26:00] [INFO] ==================================================
[2026-09-22 15:26:00] [INFO] SUBSCRIPTION EXPIRY CRON COMPLETED
[2026-09-22 15:26:00] [INFO] ==================================================
[2026-09-22 15:27:00] [INFO] [SUBSCRIPTION] Expiry cron triggered
[2026-09-22 15:27:00] [INFO] ==================================================
[2026-09-22 15:27:00] [INFO] SUBSCRIPTION EXPIRY CRON STARTED
[2026-09-22 15:27:00] [INFO] ==================================================
[2026-09-22 15:27:00] [INFO] [SUBSCRIPTION] Current India Date: 2026-09-22
[2026-09-22 15:27:00] [INFO] [OVERSTAY] Cron triggered
[2026-09-22 15:27:00] [INFO] ==================================================
[2026-09-22 15:27:00] [INFO] OVERSTAY CRON STARTED
[2026-09-22 15:27:00] [INFO] ==================================================
[2026-09-22 15:27:00] [INFO] [OVERSTAY] Current India Date/Time: 22/09/2026 15:27:00
[2026-09-22 15:27:00] [INFO] [OVERSTAY] Timezone: Asia/Kolkata
[2026-09-22 15:27:00] [INFO] [OVERSTAY] Staying customers found: 0
[2026-09-22 15:27:00] [INFO] ==================================================
[2026-09-22 15:27:00] [INFO] OVERSTAY CRON COMPLETED
[2026-09-22 15:27:00] [INFO] ==================================================
[2026-09-22 15:27:00] [INFO] [SUBSCRIPTION] Subscriptions found: 2
[2026-09-22 15:27:00] [INFO] [SUBSCRIPTION] mani hotel | Expiry: 2026-10-16 | Days Remaining: 24
[2026-09-22 15:27:00] [INFO] [SUBSCRIPTION] hotel 2 | Expiry: 2026-10-17 | Days Remaining: 25
[2026-09-22 15:27:00] [INFO] ==================================================
[2026-09-22 15:27:00] [INFO] SUBSCRIPTION EXPIRY CRON COMPLETED
[2026-09-22 15:27:00] [INFO] ==================================================
[2026-09-22 15:28:00] [INFO] [SUBSCRIPTION] Expiry cron triggered
[2026-09-22 15:28:00] [INFO] ==================================================
[2026-09-22 15:28:00] [INFO] SUBSCRIPTION EXPIRY CRON STARTED
[2026-09-22 15:28:00] [INFO] ==================================================
[2026-09-22 15:28:00] [INFO] [SUBSCRIPTION] Current India Date: 2026-09-22
[2026-09-22 15:28:00] [INFO] [OVERSTAY] Cron triggered
[2026-09-22 15:28:00] [INFO] ==================================================
[2026-09-22 15:28:00] [INFO] OVERSTAY CRON STARTED
[2026-09-22 15:28:00] [INFO] ==================================================
[2026-09-22 15:28:00] [INFO] [OVERSTAY] Current India Date/Time: 22/09/2026 15:28:00
[2026-09-22 15:28:00] [INFO] [OVERSTAY] Timezone: Asia/Kolkata
[2026-09-22 15:28:00] [INFO] [OVERSTAY] Staying customers found: 0
[2026-09-22 15:28:00] [INFO] ==================================================
[2026-09-22 15:28:00] [INFO] OVERSTAY CRON COMPLETED
[2026-09-22 15:28:00] [INFO] ==================================================
[2026-09-22 15:28:00] [INFO] [SUBSCRIPTION] Subscriptions found: 2
[2026-09-22 15:28:00] [INFO] [SUBSCRIPTION] mani hotel | Expiry: 2026-10-16 | Days Remaining: 24
[2026-09-22 15:28:00] [INFO] [SUBSCRIPTION] hotel 2 | Expiry: 2026-10-17 | Days Remaining: 25
[2026-09-22 15:28:00] [INFO] ==================================================
[2026-09-22 15:28:00] [INFO] SUBSCRIPTION EXPIRY CRON COMPLETED
[2026-09-22 15:28:00] [INFO] ==================================================
[2026-09-22 15:29:00] [INFO] [OVERSTAY] Cron triggered
[2026-09-22 15:29:00] [INFO] ==================================================
[2026-09-22 15:29:00] [INFO] OVERSTAY CRON STARTED
[2026-09-22 15:29:00] [INFO] ==================================================
[2026-09-22 15:29:00] [INFO] [OVERSTAY] Current India Date/Time: 22/09/2026 15:29:00
[2026-09-22 15:29:00] [INFO] [OVERSTAY] Timezone: Asia/Kolkata
[2026-09-22 15:29:00] [INFO] [SUBSCRIPTION] Expiry cron triggered
[2026-09-22 15:29:00] [INFO] ==================================================
[2026-09-22 15:29:00] [INFO] SUBSCRIPTION EXPIRY CRON STARTED
[2026-09-22 15:29:00] [INFO] ==================================================
[2026-09-22 15:29:00] [INFO] [SUBSCRIPTION] Current India Date: 2026-09-22
[2026-09-22 15:29:00] [INFO] [OVERSTAY] Staying customers found: 0
[2026-09-22 15:29:00] [INFO] ==================================================
[2026-09-22 15:29:00] [INFO] OVERSTAY CRON COMPLETED
[2026-09-22 15:29:00] [INFO] ==================================================
[2026-09-22 15:29:00] [INFO] [SUBSCRIPTION] Subscriptions found: 2
[2026-09-22 15:29:00] [INFO] [SUBSCRIPTION] mani hotel | Expiry: 2026-10-16 | Days Remaining: 24
[2026-09-22 15:29:00] [INFO] [SUBSCRIPTION] hotel 2 | Expiry: 2026-10-17 | Days Remaining: 25
[2026-09-22 15:29:00] [INFO] ==================================================
[2026-09-22 15:29:00] [INFO] SUBSCRIPTION EXPIRY CRON COMPLETED
[2026-09-22 15:29:00] [INFO] ==================================================
[2026-09-22 15:30:00] [INFO] [OVERSTAY] Cron triggered
[2026-09-22 15:30:00] [INFO] ==================================================
[2026-09-22 15:30:00] [INFO] OVERSTAY CRON STARTED
[2026-09-22 15:30:00] [INFO] ==================================================
[2026-09-22 15:30:00] [INFO] [OVERSTAY] Current India Date/Time: 22/09/2026 15:30:00
[2026-09-22 15:30:00] [INFO] [OVERSTAY] Timezone: Asia/Kolkata
[2026-09-22 15:30:00] [INFO] [SUBSCRIPTION] Expiry cron triggered
[2026-09-22 15:30:00] [INFO] ==================================================
[2026-09-22 15:30:00] [INFO] SUBSCRIPTION EXPIRY CRON STARTED
[2026-09-22 15:30:00] [INFO] ==================================================
[2026-09-22 15:30:00] [INFO] [SUBSCRIPTION] Current India Date: 2026-09-22
[2026-09-22 15:30:00] [INFO] [OVERSTAY] Staying customers found: 0
[2026-09-22 15:30:00] [INFO] ==================================================
[2026-09-22 15:30:00] [INFO] OVERSTAY CRON COMPLETED
[2026-09-22 15:30:00] [INFO] ==================================================
[2026-09-22 15:30:00] [INFO] [SUBSCRIPTION] Subscriptions found: 2
[2026-09-22 15:30:00] [INFO] [SUBSCRIPTION] mani hotel | Expiry: 2026-10-16 | Days Remaining: 24
[2026-09-22 15:30:00] [INFO] [SUBSCRIPTION] hotel 2 | Expiry: 2026-10-17 | Days Remaining: 25
[2026-09-22 15:30:00] [INFO] ==================================================
[2026-09-22 15:30:00] [INFO] SUBSCRIPTION EXPIRY CRON COMPLETED
[2026-09-22 15:30:00] [INFO] ==================================================
[2026-09-22 15:31:00] [INFO] [OVERSTAY] Cron triggered
[2026-09-22 15:31:00] [INFO] ==================================================
[2026-09-22 15:31:00] [INFO] OVERSTAY CRON STARTED
[2026-09-22 15:31:00] [INFO] ==================================================
[2026-09-22 15:31:00] [INFO] [OVERSTAY] Current India Date/Time: 22/09/2026 15:31:00
[2026-09-22 15:31:00] [INFO] [OVERSTAY] Timezone: Asia/Kolkata
[2026-09-22 15:31:00] [INFO] [SUBSCRIPTION] Expiry cron triggered
[2026-09-22 15:31:00] [INFO] ==================================================
[2026-09-22 15:31:00] [INFO] SUBSCRIPTION EXPIRY CRON STARTED
[2026-09-22 15:31:00] [INFO] ==================================================
[2026-09-22 15:31:00] [INFO] [SUBSCRIPTION] Current India Date: 2026-09-22
[2026-09-22 15:31:00] [INFO] [OVERSTAY] Staying customers found: 0
[2026-09-22 15:31:00] [INFO] ==================================================
[2026-09-22 15:31:00] [INFO] OVERSTAY CRON COMPLETED
[2026-09-22 15:31:00] [INFO] ==================================================
[2026-09-22 15:31:00] [INFO] [SUBSCRIPTION] Subscriptions found: 2
[2026-09-22 15:31:00] [INFO] [SUBSCRIPTION] mani hotel | Expiry: 2026-10-16 | Days Remaining: 24
[2026-09-22 15:31:00] [INFO] [SUBSCRIPTION] hotel 2 | Expiry: 2026-10-17 | Days Remaining: 25
[2026-09-22 15:31:00] [INFO] ==================================================
[2026-09-22 15:31:00] [INFO] SUBSCRIPTION EXPIRY CRON COMPLETED
[2026-09-22 15:31:00] [INFO] ==================================================
[2026-09-22 15:32:00] [INFO] [OVERSTAY] Cron triggered
[2026-09-22 15:32:00] [INFO] ==================================================
[2026-09-22 15:32:00] [INFO] OVERSTAY CRON STARTED
[2026-09-22 15:32:00] [INFO] ==================================================
[2026-09-22 15:32:00] [INFO] [OVERSTAY] Current India Date/Time: 22/09/2026 15:32:00
[2026-09-22 15:32:00] [INFO] [OVERSTAY] Timezone: Asia/Kolkata
[2026-09-22 15:32:00] [INFO] [SUBSCRIPTION] Expiry cron triggered
[2026-09-22 15:32:00] [INFO] ==================================================
[2026-09-22 15:32:00] [INFO] SUBSCRIPTION EXPIRY CRON STARTED
[2026-09-22 15:32:00] [INFO] ==================================================
[2026-09-22 15:32:00] [INFO] [SUBSCRIPTION] Current India Date: 2026-09-22
[2026-09-22 15:32:00] [INFO] [OVERSTAY] Staying customers found: 0
[2026-09-22 15:32:00] [INFO] ==================================================
[2026-09-22 15:32:00] [INFO] OVERSTAY CRON COMPLETED
[2026-09-22 15:32:00] [INFO] ==================================================
[2026-09-22 15:32:00] [INFO] [SUBSCRIPTION] Subscriptions found: 2
[2026-09-22 15:32:00] [INFO] [SUBSCRIPTION] mani hotel | Expiry: 2026-10-16 | Days Remaining: 24
[2026-09-22 15:32:00] [INFO] [SUBSCRIPTION] hotel 2 | Expiry: 2026-10-17 | Days Remaining: 25
[2026-09-22 15:32:00] [INFO] ==================================================
[2026-09-22 15:32:00] [INFO] SUBSCRIPTION EXPIRY CRON COMPLETED
[2026-09-22 15:32:00] [INFO] ==================================================
[2026-09-22 15:33:00] [INFO] [OVERSTAY] Cron triggered
[2026-09-22 15:33:00] [INFO] ==================================================
[2026-09-22 15:33:00] [INFO] OVERSTAY CRON STARTED
[2026-09-22 15:33:00] [INFO] ==================================================
[2026-09-22 15:33:00] [INFO] [OVERSTAY] Current India Date/Time: 22/09/2026 15:33:00
[2026-09-22 15:33:00] [INFO] [OVERSTAY] Timezone: Asia/Kolkata
[2026-09-22 15:33:00] [INFO] [SUBSCRIPTION] Expiry cron triggered
[2026-09-22 15:33:00] [INFO] ==================================================
[2026-09-22 15:33:00] [INFO] SUBSCRIPTION EXPIRY CRON STARTED
[2026-09-22 15:33:00] [INFO] ==================================================
[2026-09-22 15:33:00] [INFO] [SUBSCRIPTION] Current India Date: 2026-09-22
[2026-09-22 15:33:00] [INFO] [OVERSTAY] Staying customers found: 0
[2026-09-22 15:33:00] [INFO] ==================================================
[2026-09-22 15:33:00] [INFO] OVERSTAY CRON COMPLETED
[2026-09-22 15:33:00] [INFO] ==================================================
[2026-09-22 15:33:00] [INFO] [SUBSCRIPTION] Subscriptions found: 2
[2026-09-22 15:33:00] [INFO] [SUBSCRIPTION] mani hotel | Expiry: 2026-10-16 | Days Remaining: 24
[2026-09-22 15:33:00] [INFO] [SUBSCRIPTION] hotel 2 | Expiry: 2026-10-17 | Days Remaining: 25
[2026-09-22 15:33:00] [INFO] ==================================================
[2026-09-22 15:33:00] [INFO] SUBSCRIPTION EXPIRY CRON COMPLETED
[2026-09-22 15:33:00] [INFO] ==================================================
[2026-09-22 15:34:00] [INFO] [OVERSTAY] Cron triggered
[2026-09-22 15:34:00] [INFO] ==================================================
[2026-09-22 15:34:00] [INFO] OVERSTAY CRON STARTED
[2026-09-22 15:34:00] [INFO] ==================================================
[2026-09-22 15:34:00] [INFO] [OVERSTAY] Current India Date/Time: 22/09/2026 15:34:00
[2026-09-22 15:34:00] [INFO] [OVERSTAY] Timezone: Asia/Kolkata
[2026-09-22 15:34:00] [INFO] [SUBSCRIPTION] Expiry cron triggered
[2026-09-22 15:34:00] [INFO] ==================================================
[2026-09-22 15:34:00] [INFO] SUBSCRIPTION EXPIRY CRON STARTED
[2026-09-22 15:34:00] [INFO] ==================================================
[2026-09-22 15:34:00] [INFO] [SUBSCRIPTION] Current India Date: 2026-09-22
[2026-09-22 15:34:00] [INFO] [OVERSTAY] Staying customers found: 0
[2026-09-22 15:34:00] [INFO] ==================================================
[2026-09-22 15:34:00] [INFO] OVERSTAY CRON COMPLETED
[2026-09-22 15:34:00] [INFO] ==================================================
[2026-09-22 15:34:00] [INFO] [SUBSCRIPTION] Subscriptions found: 2
[2026-09-22 15:34:00] [INFO] [SUBSCRIPTION] mani hotel | Expiry: 2026-10-16 | Days Remaining: 24
[2026-09-22 15:34:00] [INFO] [SUBSCRIPTION] hotel 2 | Expiry: 2026-10-17 | Days Remaining: 25
[2026-09-22 15:34:00] [INFO] ==================================================
[2026-09-22 15:34:00] [INFO] SUBSCRIPTION EXPIRY CRON COMPLETED
[2026-09-22 15:34:00] [INFO] ==================================================
[2026-09-22 15:35:00] [INFO] [OVERSTAY] Cron triggered
[2026-09-22 15:35:00] [INFO] ==================================================
[2026-09-22 15:35:00] [INFO] OVERSTAY CRON STARTED
[2026-09-22 15:35:00] [INFO] ==================================================
[2026-09-22 15:35:00] [INFO] [OVERSTAY] Current India Date/Time: 22/09/2026 15:35:00
[2026-09-22 15:35:00] [INFO] [OVERSTAY] Timezone: Asia/Kolkata
[2026-09-22 15:35:00] [INFO] [SUBSCRIPTION] Expiry cron triggered
[2026-09-22 15:35:00] [INFO] ==================================================
[2026-09-22 15:35:00] [INFO] SUBSCRIPTION EXPIRY CRON STARTED
[2026-09-22 15:35:00] [INFO] ==================================================
[2026-09-22 15:35:00] [INFO] [SUBSCRIPTION] Current India Date: 2026-09-22
[2026-09-22 15:35:00] [INFO] [OVERSTAY] Staying customers found: 0
[2026-09-22 15:35:00] [INFO] ==================================================
[2026-09-22 15:35:00] [INFO] OVERSTAY CRON COMPLETED
[2026-09-22 15:35:00] [INFO] ==================================================
[2026-09-22 15:35:00] [INFO] [SUBSCRIPTION] Subscriptions found: 2
[2026-09-22 15:35:00] [INFO] [SUBSCRIPTION] mani hotel | Expiry: 2026-10-16 | Days Remaining: 24
[2026-09-22 15:35:00] [INFO] [SUBSCRIPTION] hotel 2 | Expiry: 2026-10-17 | Days Remaining: 25
[2026-09-22 15:35:00] [INFO] ==================================================
[2026-09-22 15:35:00] [INFO] SUBSCRIPTION EXPIRY CRON COMPLETED
[2026-09-22 15:35:00] [INFO] ==================================================
[2026-09-22 15:36:00] [INFO] [OVERSTAY] Cron triggered
[2026-09-22 15:36:00] [INFO] ==================================================
[2026-09-22 15:36:00] [INFO] OVERSTAY CRON STARTED
[2026-09-22 15:36:00] [INFO] ==================================================
[2026-09-22 15:36:00] [INFO] [OVERSTAY] Current India Date/Time: 22/09/2026 15:36:00
[2026-09-22 15:36:00] [INFO] [OVERSTAY] Timezone: Asia/Kolkata
[2026-09-22 15:36:00] [INFO] [SUBSCRIPTION] Expiry cron triggered
[2026-09-22 15:36:00] [INFO] ==================================================
[2026-09-22 15:36:00] [INFO] SUBSCRIPTION EXPIRY CRON STARTED
[2026-09-22 15:36:00] [INFO] ==================================================
[2026-09-22 15:36:00] [INFO] [SUBSCRIPTION] Current India Date: 2026-09-22
[2026-09-22 15:36:00] [INFO] [OVERSTAY] Staying customers found: 0
[2026-09-22 15:36:00] [INFO] ==================================================
[2026-09-22 15:36:00] [INFO] OVERSTAY CRON COMPLETED
[2026-09-22 15:36:00] [INFO] ==================================================
[2026-09-22 15:36:00] [INFO] [SUBSCRIPTION] Subscriptions found: 2
[2026-09-22 15:36:00] [INFO] [SUBSCRIPTION] mani hotel | Expiry: 2026-10-16 | Days Remaining: 24
[2026-09-22 15:36:00] [INFO] [SUBSCRIPTION] hotel 2 | Expiry: 2026-10-17 | Days Remaining: 25
[2026-09-22 15:36:00] [INFO] ==================================================
[2026-09-22 15:36:00] [INFO] SUBSCRIPTION EXPIRY CRON COMPLETED
[2026-09-22 15:36:00] [INFO] ==================================================
[2026-09-22 15:37:00] [INFO] [SUBSCRIPTION] Expiry cron triggered
[2026-09-22 15:37:00] [INFO] ==================================================
[2026-09-22 15:37:00] [INFO] SUBSCRIPTION EXPIRY CRON STARTED
[2026-09-22 15:37:00] [INFO] ==================================================
[2026-09-22 15:37:00] [INFO] [SUBSCRIPTION] Current India Date: 2026-09-22
[2026-09-22 15:37:00] [INFO] [OVERSTAY] Cron triggered
[2026-09-22 15:37:00] [INFO] ==================================================
[2026-09-22 15:37:00] [INFO] OVERSTAY CRON STARTED
[2026-09-22 15:37:00] [INFO] ==================================================
[2026-09-22 15:37:00] [INFO] [OVERSTAY] Current India Date/Time: 22/09/2026 15:37:00
[2026-09-22 15:37:00] [INFO] [OVERSTAY] Timezone: Asia/Kolkata
[2026-09-22 15:37:00] [INFO] [OVERSTAY] Staying customers found: 0
[2026-09-22 15:37:00] [INFO] ==================================================
[2026-09-22 15:37:00] [INFO] OVERSTAY CRON COMPLETED
[2026-09-22 15:37:00] [INFO] ==================================================
[2026-09-22 15:37:00] [INFO] [SUBSCRIPTION] Subscriptions found: 2
[2026-09-22 15:37:00] [INFO] [SUBSCRIPTION] mani hotel | Expiry: 2026-10-16 | Days Remaining: 24
[2026-09-22 15:37:00] [INFO] [SUBSCRIPTION] hotel 2 | Expiry: 2026-10-17 | Days Remaining: 25
[2026-09-22 15:37:00] [INFO] ==================================================
[2026-09-22 15:37:00] [INFO] SUBSCRIPTION EXPIRY CRON COMPLETED
[2026-09-22 15:37:00] [INFO] ==================================================
[2026-09-22 15:38:00] [INFO] [SUBSCRIPTION] Expiry cron triggered
[2026-09-22 15:38:00] [INFO] ==================================================
[2026-09-22 15:38:00] [INFO] SUBSCRIPTION EXPIRY CRON STARTED
[2026-09-22 15:38:00] [INFO] ==================================================
[2026-09-22 15:38:00] [INFO] [SUBSCRIPTION] Current India Date: 2026-09-22
[2026-09-22 15:38:00] [INFO] [OVERSTAY] Cron triggered
[2026-09-22 15:38:00] [INFO] ==================================================
[2026-09-22 15:38:00] [INFO] OVERSTAY CRON STARTED
[2026-09-22 15:38:00] [INFO] ==================================================
[2026-09-22 15:38:00] [INFO] [OVERSTAY] Current India Date/Time: 22/09/2026 15:38:00
[2026-09-22 15:38:00] [INFO] [OVERSTAY] Timezone: Asia/Kolkata
[2026-09-22 15:38:00] [INFO] [OVERSTAY] Staying customers found: 0
[2026-09-22 15:38:00] [INFO] ==================================================
[2026-09-22 15:38:00] [INFO] OVERSTAY CRON COMPLETED
[2026-09-22 15:38:00] [INFO] ==================================================
[2026-09-22 15:38:00] [INFO] [SUBSCRIPTION] Subscriptions found: 2
[2026-09-22 15:38:00] [INFO] [SUBSCRIPTION] mani hotel | Expiry: 2026-10-16 | Days Remaining: 24
[2026-09-22 15:38:00] [INFO] [SUBSCRIPTION] hotel 2 | Expiry: 2026-10-17 | Days Remaining: 25
[2026-09-22 15:38:00] [INFO] ==================================================
[2026-09-22 15:38:00] [INFO] SUBSCRIPTION EXPIRY CRON COMPLETED
[2026-09-22 15:38:00] [INFO] ==================================================
[2026-09-22 15:39:00] [INFO] [SUBSCRIPTION] Expiry cron triggered
[2026-09-22 15:39:00] [INFO] ==================================================
[2026-09-22 15:39:00] [INFO] SUBSCRIPTION EXPIRY CRON STARTED
[2026-09-22 15:39:00] [INFO] ==================================================
[2026-09-22 15:39:00] [INFO] [SUBSCRIPTION] Current India Date: 2026-09-22
[2026-09-22 15:39:00] [INFO] [OVERSTAY] Cron triggered
[2026-09-22 15:39:00] [INFO] ==================================================
[2026-09-22 15:39:00] [INFO] OVERSTAY CRON STARTED
[2026-09-22 15:39:00] [INFO] ==================================================
[2026-09-22 15:39:00] [INFO] [OVERSTAY] Current India Date/Time: 22/09/2026 15:39:00
[2026-09-22 15:39:00] [INFO] [OVERSTAY] Timezone: Asia/Kolkata
[2026-09-22 15:39:00] [INFO] [OVERSTAY] Staying customers found: 0
[2026-09-22 15:39:00] [INFO] ==================================================
[2026-09-22 15:39:00] [INFO] OVERSTAY CRON COMPLETED
[2026-09-22 15:39:00] [INFO] ==================================================
[2026-09-22 15:39:00] [INFO] [SUBSCRIPTION] Subscriptions found: 2
[2026-09-22 15:39:00] [INFO] [SUBSCRIPTION] mani hotel | Expiry: 2026-10-16 | Days Remaining: 24
[2026-09-22 15:39:00] [INFO] [SUBSCRIPTION] hotel 2 | Expiry: 2026-10-17 | Days Remaining: 25
[2026-09-22 15:39:00] [INFO] ==================================================
[2026-09-22 15:39:00] [INFO] SUBSCRIPTION EXPIRY CRON COMPLETED
[2026-09-22 15:39:00] [INFO] ==================================================
[2026-09-22 15:40:00] [INFO] [SUBSCRIPTION] Expiry cron triggered
[2026-09-22 15:40:00] [INFO] ==================================================
[2026-09-22 15:40:00] [INFO] SUBSCRIPTION EXPIRY CRON STARTED
[2026-09-22 15:40:00] [INFO] ==================================================
[2026-09-22 15:40:00] [INFO] [SUBSCRIPTION] Current India Date: 2026-09-22
[2026-09-22 15:40:00] [INFO] [OVERSTAY] Cron triggered
[2026-09-22 15:40:00] [INFO] ==================================================
[2026-09-22 15:40:00] [INFO] OVERSTAY CRON STARTED
[2026-09-22 15:40:00] [INFO] ==================================================
[2026-09-22 15:40:00] [INFO] [OVERSTAY] Current India Date/Time: 22/09/2026 15:40:00
[2026-09-22 15:40:00] [INFO] [OVERSTAY] Timezone: Asia/Kolkata
[2026-09-22 15:40:00] [INFO] [OVERSTAY] Staying customers found: 0
[2026-09-22 15:40:00] [INFO] ==================================================
[2026-09-22 15:40:00] [INFO] OVERSTAY CRON COMPLETED
[2026-09-22 15:40:00] [INFO] ==================================================
[2026-09-22 15:40:00] [INFO] [SUBSCRIPTION] Subscriptions found: 2
[2026-09-22 15:40:00] [INFO] [SUBSCRIPTION] mani hotel | Expiry: 2026-10-16 | Days Remaining: 24
[2026-09-22 15:40:00] [INFO] [SUBSCRIPTION] hotel 2 | Expiry: 2026-10-17 | Days Remaining: 25
[2026-09-22 15:40:00] [INFO] ==================================================
[2026-09-22 15:40:00] [INFO] SUBSCRIPTION EXPIRY CRON COMPLETED
[2026-09-22 15:40:00] [INFO] ==================================================
[2026-09-22 15:41:00] [INFO] [SUBSCRIPTION] Expiry cron triggered
[2026-09-22 15:41:00] [INFO] ==================================================
[2026-09-22 15:41:00] [INFO] SUBSCRIPTION EXPIRY CRON STARTED
[2026-09-22 15:41:00] [INFO] ==================================================
[2026-09-22 15:41:00] [INFO] [SUBSCRIPTION] Current India Date: 2026-09-22
[2026-09-22 15:41:00] [INFO] [OVERSTAY] Cron triggered
[2026-09-22 15:41:00] [INFO] ==================================================
[2026-09-22 15:41:00] [INFO] OVERSTAY CRON STARTED
[2026-09-22 15:41:00] [INFO] ==================================================
[2026-09-22 15:41:00] [INFO] [OVERSTAY] Current India Date/Time: 22/09/2026 15:41:00
[2026-09-22 15:41:00] [INFO] [OVERSTAY] Timezone: Asia/Kolkata
[2026-09-22 15:41:00] [INFO] [OVERSTAY] Staying customers found: 0
[2026-09-22 15:41:00] [INFO] ==================================================
[2026-09-22 15:41:00] [INFO] OVERSTAY CRON COMPLETED
[2026-09-22 15:41:00] [INFO] ==================================================
[2026-09-22 15:41:00] [INFO] [SUBSCRIPTION] Subscriptions found: 2
[2026-09-22 15:41:00] [INFO] [SUBSCRIPTION] mani hotel | Expiry: 2026-10-16 | Days Remaining: 24
[2026-09-22 15:41:00] [INFO] [SUBSCRIPTION] hotel 2 | Expiry: 2026-10-17 | Days Remaining: 25
[2026-09-22 15:41:00] [INFO] ==================================================
[2026-09-22 15:41:00] [INFO] SUBSCRIPTION EXPIRY CRON COMPLETED
[2026-09-22 15:41:00] [INFO] ==================================================
[2026-09-22 15:42:00] [INFO] [SUBSCRIPTION] Expiry cron triggered
[2026-09-22 15:42:00] [INFO] ==================================================
[2026-09-22 15:42:00] [INFO] SUBSCRIPTION EXPIRY CRON STARTED
[2026-09-22 15:42:00] [INFO] ==================================================
[2026-09-22 15:42:00] [INFO] [SUBSCRIPTION] Current India Date: 2026-09-22
[2026-09-22 15:42:00] [INFO] [OVERSTAY] Cron triggered
[2026-09-22 15:42:00] [INFO] ==================================================
[2026-09-22 15:42:00] [INFO] OVERSTAY CRON STARTED
[2026-09-22 15:42:00] [INFO] ==================================================
[2026-09-22 15:42:00] [INFO] [OVERSTAY] Current India Date/Time: 22/09/2026 15:42:00
[2026-09-22 15:42:00] [INFO] [OVERSTAY] Timezone: Asia/Kolkata
[2026-09-22 15:42:00] [INFO] [OVERSTAY] Staying customers found: 0
[2026-09-22 15:42:00] [INFO] ==================================================
[2026-09-22 15:42:00] [INFO] OVERSTAY CRON COMPLETED
[2026-09-22 15:42:00] [INFO] ==================================================
[2026-09-22 15:42:00] [INFO] [SUBSCRIPTION] Subscriptions found: 2
[2026-09-22 15:42:00] [INFO] [SUBSCRIPTION] mani hotel | Expiry: 2026-10-16 | Days Remaining: 24
[2026-09-22 15:42:00] [INFO] [SUBSCRIPTION] hotel 2 | Expiry: 2026-10-17 | Days Remaining: 25
[2026-09-22 15:42:00] [INFO] ==================================================
[2026-09-22 15:42:00] [INFO] SUBSCRIPTION EXPIRY CRON COMPLETED
[2026-09-22 15:42:00] [INFO] ==================================================
[2026-09-22 15:42:28] [INFO] [Auth Verify] Authentication token not found
[2026-09-22 15:42:28] [INFO] [Auth Verify] Authentication token not found
[2026-09-22 15:42:29] [INFO] [Auth Verify] Authentication token not found
[2026-09-22 15:42:29] [INFO] [Auth Verify] Authentication token not found
[2026-09-22 15:42:53] [INFO] [Auth Verify] Authentication token not found
[2026-09-22 15:42:53] [INFO] [Auth Verify] Authentication token not found
[2026-09-22 15:43:00] [INFO] [OVERSTAY] Cron triggered
[2026-09-22 15:43:00] [INFO] ==================================================
[2026-09-22 15:43:00] [INFO] OVERSTAY CRON STARTED
[2026-09-22 15:43:00] [INFO] ==================================================
[2026-09-22 15:43:00] [INFO] [OVERSTAY] Current India Date/Time: 22/09/2026 15:43:00
[2026-09-22 15:43:00] [INFO] [OVERSTAY] Timezone: Asia/Kolkata
[2026-09-22 15:43:00] [INFO] [SUBSCRIPTION] Expiry cron triggered
[2026-09-22 15:43:00] [INFO] ==================================================
[2026-09-22 15:43:00] [INFO] SUBSCRIPTION EXPIRY CRON STARTED
[2026-09-22 15:43:00] [INFO] ==================================================
[2026-09-22 15:43:00] [INFO] [SUBSCRIPTION] Current India Date: 2026-09-22
[2026-09-22 15:43:00] [INFO] [OVERSTAY] Staying customers found: 0
[2026-09-22 15:43:00] [INFO] ==================================================
[2026-09-22 15:43:00] [INFO] OVERSTAY CRON COMPLETED
[2026-09-22 15:43:00] [INFO] ==================================================
[2026-09-22 15:43:00] [INFO] [SUBSCRIPTION] Subscriptions found: 2
[2026-09-22 15:43:00] [INFO] [SUBSCRIPTION] mani hotel | Expiry: 2026-10-16 | Days Remaining: 24
[2026-09-22 15:43:00] [INFO] [SUBSCRIPTION] hotel 2 | Expiry: 2026-10-17 | Days Remaining: 25
[2026-09-22 15:43:00] [INFO] ==================================================
[2026-09-22 15:43:00] [INFO] SUBSCRIPTION EXPIRY CRON COMPLETED
[2026-09-22 15:43:00] [INFO] ==================================================
[2026-09-22 15:43:38] [INFO] [Auth Verify] Authentication token not found
[2026-09-22 15:43:38] [INFO] [Auth Verify] Authentication token not found
[2026-09-22 15:44:00] [INFO] [OVERSTAY] Cron triggered
[2026-09-22 15:44:00] [INFO] ==================================================
[2026-09-22 15:44:00] [INFO] OVERSTAY CRON STARTED
[2026-09-22 15:44:00] [INFO] ==================================================
[2026-09-22 15:44:00] [INFO] [OVERSTAY] Current India Date/Time: 22/09/2026 15:44:00
[2026-09-22 15:44:00] [INFO] [OVERSTAY] Timezone: Asia/Kolkata
[2026-09-22 15:44:00] [INFO] [SUBSCRIPTION] Expiry cron triggered
[2026-09-22 15:44:00] [INFO] ==================================================
[2026-09-22 15:44:00] [INFO] SUBSCRIPTION EXPIRY CRON STARTED
[2026-09-22 15:44:00] [INFO] ==================================================
[2026-09-22 15:44:00] [INFO] [SUBSCRIPTION] Current India Date: 2026-09-22
[2026-09-22 15:44:00] [INFO] [OVERSTAY] Staying customers found: 0
[2026-09-22 15:44:00] [INFO] ==================================================
[2026-09-22 15:44:00] [INFO] OVERSTAY CRON COMPLETED
[2026-09-22 15:44:00] [INFO] ==================================================
[2026-09-22 15:44:00] [INFO] [SUBSCRIPTION] Subscriptions found: 2
[2026-09-22 15:44:00] [INFO] [SUBSCRIPTION] mani hotel | Expiry: 2026-10-16 | Days Remaining: 24
[2026-09-22 15:44:00] [INFO] [SUBSCRIPTION] hotel 2 | Expiry: 2026-10-17 | Days Remaining: 25
[2026-09-22 15:44:00] [INFO] ==================================================
[2026-09-22 15:44:00] [INFO] SUBSCRIPTION EXPIRY CRON COMPLETED
[2026-09-22 15:44:00] [INFO] ==================================================
[2026-09-22 15:45:00] [INFO] [SUBSCRIPTION] Expiry cron triggered
[2026-09-22 15:45:00] [INFO] ==================================================
[2026-09-22 15:45:00] [INFO] SUBSCRIPTION EXPIRY CRON STARTED
[2026-09-22 15:45:00] [INFO] ==================================================
[2026-09-22 15:45:00] [INFO] [SUBSCRIPTION] Current India Date: 2026-09-22
[2026-09-22 15:45:00] [INFO] [OVERSTAY] Cron triggered
[2026-09-22 15:45:00] [INFO] ==================================================
[2026-09-22 15:45:00] [INFO] OVERSTAY CRON STARTED
[2026-09-22 15:45:00] [INFO] ==================================================
[2026-09-22 15:45:00] [INFO] [OVERSTAY] Current India Date/Time: 22/09/2026 15:45:00
[2026-09-22 15:45:00] [INFO] [OVERSTAY] Timezone: Asia/Kolkata
[2026-09-22 15:45:00] [INFO] [OVERSTAY] Staying customers found: 0
[2026-09-22 15:45:00] [INFO] ==================================================
[2026-09-22 15:45:00] [INFO] OVERSTAY CRON COMPLETED
[2026-09-22 15:45:00] [INFO] ==================================================
[2026-09-22 15:45:00] [INFO] [SUBSCRIPTION] Subscriptions found: 2
[2026-09-22 15:45:00] [INFO] [SUBSCRIPTION] mani hotel | Expiry: 2026-10-16 | Days Remaining: 24
[2026-09-22 15:45:00] [INFO] [SUBSCRIPTION] hotel 2 | Expiry: 2026-10-17 | Days Remaining: 25
[2026-09-22 15:45:00] [INFO] ==================================================
[2026-09-22 15:45:00] [INFO] SUBSCRIPTION EXPIRY CRON COMPLETED
[2026-09-22 15:45:00] [INFO] ==================================================
[2026-09-22 15:46:00] [INFO] [SUBSCRIPTION] Expiry cron triggered
[2026-09-22 15:46:00] [INFO] ==================================================
[2026-09-22 15:46:00] [INFO] SUBSCRIPTION EXPIRY CRON STARTED
[2026-09-22 15:46:00] [INFO] ==================================================
[2026-09-22 15:46:00] [INFO] [SUBSCRIPTION] Current India Date: 2026-09-22
[2026-09-22 15:46:00] [INFO] [OVERSTAY] Cron triggered
[2026-09-22 15:46:00] [INFO] ==================================================
[2026-09-22 15:46:00] [INFO] OVERSTAY CRON STARTED
[2026-09-22 15:46:00] [INFO] ==================================================
[2026-09-22 15:46:00] [INFO] [OVERSTAY] Current India Date/Time: 22/09/2026 15:46:00
[2026-09-22 15:46:00] [INFO] [OVERSTAY] Timezone: Asia/Kolkata
[2026-09-22 15:46:00] [INFO] [OVERSTAY] Staying customers found: 0
[2026-09-22 15:46:00] [INFO] ==================================================
[2026-09-22 15:46:00] [INFO] OVERSTAY CRON COMPLETED
[2026-09-22 15:46:00] [INFO] ==================================================
[2026-09-22 15:46:00] [INFO] [SUBSCRIPTION] Subscriptions found: 2
[2026-09-22 15:46:00] [INFO] [SUBSCRIPTION] mani hotel | Expiry: 2026-10-16 | Days Remaining: 24
[2026-09-22 15:46:00] [INFO] [SUBSCRIPTION] hotel 2 | Expiry: 2026-10-17 | Days Remaining: 25
[2026-09-22 15:46:00] [INFO] ==================================================
[2026-09-22 15:46:00] [INFO] SUBSCRIPTION EXPIRY CRON COMPLETED
[2026-09-22 15:46:00] [INFO] ==================================================
[2026-09-22 15:47:00] [INFO] [SUBSCRIPTION] Expiry cron triggered
[2026-09-22 15:47:00] [INFO] ==================================================
[2026-09-22 15:47:00] [INFO] SUBSCRIPTION EXPIRY CRON STARTED
[2026-09-22 15:47:00] [INFO] ==================================================
[2026-09-22 15:47:00] [INFO] [SUBSCRIPTION] Current India Date: 2026-09-22
[2026-09-22 15:47:00] [INFO] [OVERSTAY] Cron triggered
[2026-09-22 15:47:00] [INFO] ==================================================
[2026-09-22 15:47:00] [INFO] OVERSTAY CRON STARTED
[2026-09-22 15:47:00] [INFO] ==================================================
[2026-09-22 15:47:00] [INFO] [OVERSTAY] Current India Date/Time: 22/09/2026 15:47:00
[2026-09-22 15:47:00] [INFO] [OVERSTAY] Timezone: Asia/Kolkata
[2026-09-22 15:47:00] [INFO] [OVERSTAY] Staying customers found: 0
[2026-09-22 15:47:00] [INFO] ==================================================
[2026-09-22 15:47:00] [INFO] OVERSTAY CRON COMPLETED
[2026-09-22 15:47:00] [INFO] ==================================================
[2026-09-22 15:47:00] [INFO] [SUBSCRIPTION] Subscriptions found: 2
[2026-09-22 15:47:00] [INFO] [SUBSCRIPTION] mani hotel | Expiry: 2026-10-16 | Days Remaining: 24
[2026-09-22 15:47:00] [INFO] [SUBSCRIPTION] hotel 2 | Expiry: 2026-10-17 | Days Remaining: 25
[2026-09-22 15:47:00] [INFO] ==================================================
[2026-09-22 15:47:00] [INFO] SUBSCRIPTION EXPIRY CRON COMPLETED
[2026-09-22 15:47:00] [INFO] ==================================================
[2026-09-22 15:47:20] [INFO] [Auth Verify] Authentication token not found
[2026-09-22 15:47:20] [INFO] [Auth Verify] Authentication token not found
[2026-09-22 15:48:00] [INFO] [OVERSTAY] Cron triggered
[2026-09-22 15:48:00] [INFO] ==================================================
[2026-09-22 15:48:00] [INFO] OVERSTAY CRON STARTED
[2026-09-22 15:48:00] [INFO] ==================================================
[2026-09-22 15:48:00] [INFO] [OVERSTAY] Current India Date/Time: 22/09/2026 15:48:00
[2026-09-22 15:48:00] [INFO] [OVERSTAY] Timezone: Asia/Kolkata
[2026-09-22 15:48:00] [INFO] [SUBSCRIPTION] Expiry cron triggered
[2026-09-22 15:48:00] [INFO] ==================================================
[2026-09-22 15:48:00] [INFO] SUBSCRIPTION EXPIRY CRON STARTED
[2026-09-22 15:48:00] [INFO] ==================================================
[2026-09-22 15:48:00] [INFO] [SUBSCRIPTION] Current India Date: 2026-09-22
[2026-09-22 15:48:00] [INFO] [OVERSTAY] Staying customers found: 0
[2026-09-22 15:48:00] [INFO] ==================================================
[2026-09-22 15:48:00] [INFO] OVERSTAY CRON COMPLETED
[2026-09-22 15:48:00] [INFO] ==================================================
[2026-09-22 15:48:00] [INFO] [SUBSCRIPTION] Subscriptions found: 2
[2026-09-22 15:48:00] [INFO] [SUBSCRIPTION] mani hotel | Expiry: 2026-10-16 | Days Remaining: 24
[2026-09-22 15:48:00] [INFO] [SUBSCRIPTION] hotel 2 | Expiry: 2026-10-17 | Days Remaining: 25
[2026-09-22 15:48:00] [INFO] ==================================================
[2026-09-22 15:48:00] [INFO] SUBSCRIPTION EXPIRY CRON COMPLETED
[2026-09-22 15:48:00] [INFO] ==================================================
[2026-09-22 15:49:00] [INFO] [OVERSTAY] Cron triggered
[2026-09-22 15:49:00] [INFO] ==================================================
[2026-09-22 15:49:00] [INFO] OVERSTAY CRON STARTED
[2026-09-22 15:49:00] [INFO] ==================================================
[2026-09-22 15:49:00] [INFO] [OVERSTAY] Current India Date/Time: 22/09/2026 15:49:00
[2026-09-22 15:49:00] [INFO] [OVERSTAY] Timezone: Asia/Kolkata
[2026-09-22 15:49:00] [INFO] [SUBSCRIPTION] Expiry cron triggered
[2026-09-22 15:49:00] [INFO] ==================================================
[2026-09-22 15:49:00] [INFO] SUBSCRIPTION EXPIRY CRON STARTED
[2026-09-22 15:49:00] [INFO] ==================================================
[2026-09-22 15:49:00] [INFO] [SUBSCRIPTION] Current India Date: 2026-09-22
[2026-09-22 15:49:00] [INFO] [OVERSTAY] Staying customers found: 0
[2026-09-22 15:49:00] [INFO] ==================================================
[2026-09-22 15:49:00] [INFO] OVERSTAY CRON COMPLETED
[2026-09-22 15:49:00] [INFO] ==================================================
[2026-09-22 15:49:00] [INFO] [SUBSCRIPTION] Subscriptions found: 2
[2026-09-22 15:49:00] [INFO] [SUBSCRIPTION] mani hotel | Expiry: 2026-10-16 | Days Remaining: 24
[2026-09-22 15:49:00] [INFO] [SUBSCRIPTION] hotel 2 | Expiry: 2026-10-17 | Days Remaining: 25
[2026-09-22 15:49:00] [INFO] ==================================================
[2026-09-22 15:49:00] [INFO] SUBSCRIPTION EXPIRY CRON COMPLETED
[2026-09-22 15:49:00] [INFO] ==================================================
[2026-09-22 15:50:00] [INFO] [OVERSTAY] Cron triggered
[2026-09-22 15:50:00] [INFO] ==================================================
[2026-09-22 15:50:00] [INFO] OVERSTAY CRON STARTED
[2026-09-22 15:50:00] [INFO] ==================================================
[2026-09-22 15:50:00] [INFO] [OVERSTAY] Current India Date/Time: 22/09/2026 15:50:00
[2026-09-22 15:50:00] [INFO] [OVERSTAY] Timezone: Asia/Kolkata
[2026-09-22 15:50:00] [INFO] [SUBSCRIPTION] Expiry cron triggered
[2026-09-22 15:50:00] [INFO] ==================================================
[2026-09-22 15:50:00] [INFO] SUBSCRIPTION EXPIRY CRON STARTED
[2026-09-22 15:50:00] [INFO] ==================================================
[2026-09-22 15:50:00] [INFO] [SUBSCRIPTION] Current India Date: 2026-09-22
[2026-09-22 15:50:00] [INFO] [OVERSTAY] Staying customers found: 0
[2026-09-22 15:50:00] [INFO] ==================================================
[2026-09-22 15:50:00] [INFO] OVERSTAY CRON COMPLETED
[2026-09-22 15:50:00] [INFO] ==================================================
[2026-09-22 15:50:00] [INFO] [SUBSCRIPTION] Subscriptions found: 2
[2026-09-22 15:50:00] [INFO] [SUBSCRIPTION] mani hotel | Expiry: 2026-10-16 | Days Remaining: 24
[2026-09-22 15:50:00] [INFO] [SUBSCRIPTION] hotel 2 | Expiry: 2026-10-17 | Days Remaining: 25
[2026-09-22 15:50:00] [INFO] ==================================================
[2026-09-22 15:50:00] [INFO] SUBSCRIPTION EXPIRY CRON COMPLETED
[2026-09-22 15:50:00] [INFO] ==================================================
[2026-09-22 15:50:22] [INFO] [Auth Verify] Authentication token not found
[2026-09-22 15:50:22] [INFO] [Auth Verify] Authentication token not found
[2026-09-22 15:50:55] [INFO] [Auth Verify] Authentication token not found
[2026-09-22 15:50:56] [INFO] [Auth Verify] Authentication token not found
[2026-09-22 15:51:00] [INFO] [OVERSTAY] Cron triggered
[2026-09-22 15:51:00] [INFO] ==================================================
[2026-09-22 15:51:00] [INFO] OVERSTAY CRON STARTED
[2026-09-22 15:51:00] [INFO] ==================================================
[2026-09-22 15:51:00] [INFO] [OVERSTAY] Current India Date/Time: 22/09/2026 15:51:00
[2026-09-22 15:51:00] [INFO] [OVERSTAY] Timezone: Asia/Kolkata
[2026-09-22 15:51:00] [INFO] [SUBSCRIPTION] Expiry cron triggered
[2026-09-22 15:51:00] [INFO] ==================================================
[2026-09-22 15:51:00] [INFO] SUBSCRIPTION EXPIRY CRON STARTED
[2026-09-22 15:51:00] [INFO] ==================================================
[2026-09-22 15:51:00] [INFO] [SUBSCRIPTION] Current India Date: 2026-09-22
[2026-09-22 15:51:00] [INFO] [OVERSTAY] Staying customers found: 0
[2026-09-22 15:51:00] [INFO] ==================================================
[2026-09-22 15:51:00] [INFO] OVERSTAY CRON COMPLETED
[2026-09-22 15:51:00] [INFO] ==================================================
[2026-09-22 15:51:00] [INFO] [SUBSCRIPTION] Subscriptions found: 2
[2026-09-22 15:51:00] [INFO] [SUBSCRIPTION] mani hotel | Expiry: 2026-10-16 | Days Remaining: 24
[2026-09-22 15:51:00] [INFO] [SUBSCRIPTION] hotel 2 | Expiry: 2026-10-17 | Days Remaining: 25
[2026-09-22 15:51:00] [INFO] ==================================================
[2026-09-22 15:51:00] [INFO] SUBSCRIPTION EXPIRY CRON COMPLETED
[2026-09-22 15:51:00] [INFO] ==================================================
[2026-09-22 15:51:50] [INFO] New hotel registration created successfully. Registration ID: 6ab256bee55f936bf5d96c16, Hotel: ganesh hotel, Email: ganesh@gmail.com
[2026-09-22 15:52:00] [INFO] [OVERSTAY] Cron triggered
[2026-09-22 15:52:00] [INFO] ==================================================
[2026-09-22 15:52:00] [INFO] OVERSTAY CRON STARTED
[2026-09-22 15:52:00] [INFO] ==================================================
[2026-09-22 15:52:00] [INFO] [OVERSTAY] Current India Date/Time: 22/09/2026 15:52:00
[2026-09-22 15:52:00] [INFO] [OVERSTAY] Timezone: Asia/Kolkata
[2026-09-22 15:52:00] [INFO] [SUBSCRIPTION] Expiry cron triggered
[2026-09-22 15:52:00] [INFO] ==================================================
[2026-09-22 15:52:00] [INFO] SUBSCRIPTION EXPIRY CRON STARTED
[2026-09-22 15:52:00] [INFO] ==================================================
[2026-09-22 15:52:00] [INFO] [SUBSCRIPTION] Current India Date: 2026-09-22
[2026-09-22 15:52:00] [INFO] [OVERSTAY] Staying customers found: 0
[2026-09-22 15:52:00] [INFO] ==================================================
[2026-09-22 15:52:00] [INFO] OVERSTAY CRON COMPLETED
[2026-09-22 15:52:00] [INFO] ==================================================
[2026-09-22 15:52:00] [INFO] [SUBSCRIPTION] Subscriptions found: 2
[2026-09-22 15:52:00] [INFO] [SUBSCRIPTION] mani hotel | Expiry: 2026-10-16 | Days Remaining: 24
[2026-09-22 15:52:00] [INFO] [SUBSCRIPTION] hotel 2 | Expiry: 2026-10-17 | Days Remaining: 25
[2026-09-22 15:52:00] [INFO] ==================================================
[2026-09-22 15:52:00] [INFO] SUBSCRIPTION EXPIRY CRON COMPLETED
[2026-09-22 15:52:00] [INFO] ==================================================
[2026-09-22 15:53:00] [INFO] [OVERSTAY] Cron triggered
[2026-09-22 15:53:00] [INFO] ==================================================
[2026-09-22 15:53:00] [INFO] OVERSTAY CRON STARTED
[2026-09-22 15:53:00] [INFO] ==================================================
[2026-09-22 15:53:00] [INFO] [OVERSTAY] Current India Date/Time: 22/09/2026 15:53:00
[2026-09-22 15:53:00] [INFO] [OVERSTAY] Timezone: Asia/Kolkata
[2026-09-22 15:53:00] [INFO] [SUBSCRIPTION] Expiry cron triggered
[2026-09-22 15:53:00] [INFO] ==================================================
[2026-09-22 15:53:00] [INFO] SUBSCRIPTION EXPIRY CRON STARTED
[2026-09-22 15:53:00] [INFO] ==================================================
[2026-09-22 15:53:00] [INFO] [SUBSCRIPTION] Current India Date: 2026-09-22
[2026-09-22 15:53:00] [INFO] [OVERSTAY] Staying customers found: 0
[2026-09-22 15:53:00] [INFO] ==================================================
[2026-09-22 15:53:00] [INFO] OVERSTAY CRON COMPLETED
[2026-09-22 15:53:00] [INFO] ==================================================
[2026-09-22 15:53:00] [INFO] [SUBSCRIPTION] Subscriptions found: 2
[2026-09-22 15:53:00] [INFO] [SUBSCRIPTION] mani hotel | Expiry: 2026-10-16 | Days Remaining: 24
[2026-09-22 15:53:00] [INFO] [SUBSCRIPTION] hotel 2 | Expiry: 2026-10-17 | Days Remaining: 25
[2026-09-22 15:53:00] [INFO] ==================================================
[2026-09-22 15:53:00] [INFO] SUBSCRIPTION EXPIRY CRON COMPLETED
[2026-09-22 15:53:00] [INFO] ==================================================
[2026-09-22 15:54:00] [INFO] [OVERSTAY] Cron triggered
[2026-09-22 15:54:00] [INFO] ==================================================
[2026-09-22 15:54:00] [INFO] OVERSTAY CRON STARTED
[2026-09-22 15:54:00] [INFO] ==================================================
[2026-09-22 15:54:00] [INFO] [OVERSTAY] Current India Date/Time: 22/09/2026 15:54:00
[2026-09-22 15:54:00] [INFO] [OVERSTAY] Timezone: Asia/Kolkata
[2026-09-22 15:54:00] [INFO] [SUBSCRIPTION] Expiry cron triggered
[2026-09-22 15:54:00] [INFO] ==================================================
[2026-09-22 15:54:00] [INFO] SUBSCRIPTION EXPIRY CRON STARTED
[2026-09-22 15:54:00] [INFO] ==================================================
[2026-09-22 15:54:00] [INFO] [SUBSCRIPTION] Current India Date: 2026-09-22
[2026-09-22 15:54:00] [INFO] [OVERSTAY] Staying customers found: 0
[2026-09-22 15:54:00] [INFO] ==================================================
[2026-09-22 15:54:00] [INFO] OVERSTAY CRON COMPLETED
[2026-09-22 15:54:00] [INFO] ==================================================
[2026-09-22 15:54:00] [INFO] [SUBSCRIPTION] Subscriptions found: 2
[2026-09-22 15:54:00] [INFO] [SUBSCRIPTION] mani hotel | Expiry: 2026-10-16 | Days Remaining: 24
[2026-09-22 15:54:00] [INFO] [SUBSCRIPTION] hotel 2 | Expiry: 2026-10-17 | Days Remaining: 25
[2026-09-22 15:54:00] [INFO] ==================================================
[2026-09-22 15:54:00] [INFO] SUBSCRIPTION EXPIRY CRON COMPLETED
[2026-09-22 15:54:00] [INFO] ==================================================
[2026-09-22 15:54:20] [INFO] [Auth Verify] Authentication token not found
[2026-09-22 15:54:20] [INFO] [Auth Verify] Authentication token not found
[2026-09-22 15:54:59] [INFO] [Auth Verify] Authentication token not found
[2026-09-22 15:54:59] [INFO] [Auth Verify] Authentication token not found
[2026-09-22 15:55:00] [INFO] [OVERSTAY] Cron triggered
[2026-09-22 15:55:00] [INFO] ==================================================
[2026-09-22 15:55:00] [INFO] OVERSTAY CRON STARTED
[2026-09-22 15:55:00] [INFO] ==================================================
[2026-09-22 15:55:00] [INFO] [OVERSTAY] Current India Date/Time: 22/09/2026 15:55:00
[2026-09-22 15:55:00] [INFO] [OVERSTAY] Timezone: Asia/Kolkata
[2026-09-22 15:55:00] [INFO] [SUBSCRIPTION] Expiry cron triggered
[2026-09-22 15:55:00] [INFO] ==================================================
[2026-09-22 15:55:00] [INFO] SUBSCRIPTION EXPIRY CRON STARTED
[2026-09-22 15:55:00] [INFO] ==================================================
[2026-09-22 15:55:00] [INFO] [SUBSCRIPTION] Current India Date: 2026-09-22
[2026-09-22 15:55:00] [INFO] [OVERSTAY] Staying customers found: 0
[2026-09-22 15:55:00] [INFO] ==================================================
[2026-09-22 15:55:00] [INFO] OVERSTAY CRON COMPLETED
[2026-09-22 15:55:00] [INFO] ==================================================
[2026-09-22 15:55:00] [INFO] [SUBSCRIPTION] Subscriptions found: 2
[2026-09-22 15:55:00] [INFO] [SUBSCRIPTION] mani hotel | Expiry: 2026-10-16 | Days Remaining: 24
[2026-09-22 15:55:00] [INFO] [SUBSCRIPTION] hotel 2 | Expiry: 2026-10-17 | Days Remaining: 25
[2026-09-22 15:55:00] [INFO] ==================================================
[2026-09-22 15:55:00] [INFO] SUBSCRIPTION EXPIRY CRON COMPLETED
[2026-09-22 15:55:00] [INFO] ==================================================
[2026-09-22 15:56:00] [INFO] [OVERSTAY] Cron triggered
[2026-09-22 15:56:00] [INFO] ==================================================
[2026-09-22 15:56:00] [INFO] OVERSTAY CRON STARTED
[2026-09-22 15:56:00] [INFO] ==================================================
[2026-09-22 15:56:00] [INFO] [OVERSTAY] Current India Date/Time: 22/09/2026 15:56:00
[2026-09-22 15:56:00] [INFO] [OVERSTAY] Timezone: Asia/Kolkata
[2026-09-22 15:56:00] [INFO] [SUBSCRIPTION] Expiry cron triggered
[2026-09-22 15:56:00] [INFO] ==================================================
[2026-09-22 15:56:00] [INFO] SUBSCRIPTION EXPIRY CRON STARTED
[2026-09-22 15:56:00] [INFO] ==================================================
[2026-09-22 15:56:00] [INFO] [SUBSCRIPTION] Current India Date: 2026-09-22
[2026-09-22 15:56:00] [INFO] [OVERSTAY] Staying customers found: 0
[2026-09-22 15:56:00] [INFO] ==================================================
[2026-09-22 15:56:00] [INFO] OVERSTAY CRON COMPLETED
[2026-09-22 15:56:00] [INFO] ==================================================
[2026-09-22 15:56:00] [INFO] [SUBSCRIPTION] Subscriptions found: 2
[2026-09-22 15:56:00] [INFO] [SUBSCRIPTION] mani hotel | Expiry: 2026-10-16 | Days Remaining: 24
[2026-09-22 15:56:00] [INFO] [SUBSCRIPTION] hotel 2 | Expiry: 2026-10-17 | Days Remaining: 25
[2026-09-22 15:56:00] [INFO] ==================================================
[2026-09-22 15:56:00] [INFO] SUBSCRIPTION EXPIRY CRON COMPLETED
[2026-09-22 15:56:00] [INFO] ==================================================
[2026-09-22 15:57:00] [INFO] [OVERSTAY] Cron triggered
[2026-09-22 15:57:00] [INFO] ==================================================
[2026-09-22 15:57:00] [INFO] OVERSTAY CRON STARTED
[2026-09-22 15:57:00] [INFO] ==================================================
[2026-09-22 15:57:00] [INFO] [OVERSTAY] Current India Date/Time: 22/09/2026 15:57:00
[2026-09-22 15:57:00] [INFO] [OVERSTAY] Timezone: Asia/Kolkata
[2026-09-22 15:57:00] [INFO] [SUBSCRIPTION] Expiry cron triggered
[2026-09-22 15:57:00] [INFO] ==================================================
[2026-09-22 15:57:00] [INFO] SUBSCRIPTION EXPIRY CRON STARTED
[2026-09-22 15:57:00] [INFO] ==================================================
[2026-09-22 15:57:00] [INFO] [SUBSCRIPTION] Current India Date: 2026-09-22
[2026-09-22 15:57:00] [INFO] [OVERSTAY] Staying customers found: 0
[2026-09-22 15:57:00] [INFO] ==================================================
[2026-09-22 15:57:00] [INFO] OVERSTAY CRON COMPLETED
[2026-09-22 15:57:00] [INFO] ==================================================
[2026-09-22 15:57:00] [INFO] [SUBSCRIPTION] Subscriptions found: 2
[2026-09-22 15:57:00] [INFO] [SUBSCRIPTION] mani hotel | Expiry: 2026-10-16 | Days Remaining: 24
[2026-09-22 15:57:00] [INFO] [SUBSCRIPTION] hotel 2 | Expiry: 2026-10-17 | Days Remaining: 25
[2026-09-22 15:57:00] [INFO] ==================================================
[2026-09-22 15:57:00] [INFO] SUBSCRIPTION EXPIRY CRON COMPLETED
[2026-09-22 15:57:00] [INFO] ==================================================
[2026-09-22 15:57:02] [INFO] [Auth Verify] Authentication token not found
[2026-09-22 15:57:02] [INFO] [Auth Verify] Authentication token not found
[2026-09-22 15:58:00] [INFO] [OVERSTAY] Cron triggered
[2026-09-22 15:58:00] [INFO] ==================================================
[2026-09-22 15:58:00] [INFO] OVERSTAY CRON STARTED
[2026-09-22 15:58:00] [INFO] ==================================================
[2026-09-22 15:58:00] [INFO] [OVERSTAY] Current India Date/Time: 22/09/2026 15:58:00
[2026-09-22 15:58:00] [INFO] [OVERSTAY] Timezone: Asia/Kolkata
[2026-09-22 15:58:00] [INFO] [SUBSCRIPTION] Expiry cron triggered
[2026-09-22 15:58:00] [INFO] ==================================================
[2026-09-22 15:58:00] [INFO] SUBSCRIPTION EXPIRY CRON STARTED
[2026-09-22 15:58:00] [INFO] ==================================================
[2026-09-22 15:58:00] [INFO] [SUBSCRIPTION] Current India Date: 2026-09-22
[2026-09-22 15:58:00] [INFO] [OVERSTAY] Staying customers found: 0
[2026-09-22 15:58:00] [INFO] ==================================================
[2026-09-22 15:58:00] [INFO] OVERSTAY CRON COMPLETED
[2026-09-22 15:58:00] [INFO] ==================================================
[2026-09-22 15:58:00] [INFO] [SUBSCRIPTION] Subscriptions found: 2
[2026-09-22 15:58:00] [INFO] [SUBSCRIPTION] mani hotel | Expiry: 2026-10-16 | Days Remaining: 24
[2026-09-22 15:58:00] [INFO] [SUBSCRIPTION] hotel 2 | Expiry: 2026-10-17 | Days Remaining: 25
[2026-09-22 15:58:00] [INFO] ==================================================
[2026-09-22 15:58:00] [INFO] SUBSCRIPTION EXPIRY CRON COMPLETED
[2026-09-22 15:58:00] [INFO] ==================================================
[2026-09-22 15:59:00] [INFO] [OVERSTAY] Cron triggered
[2026-09-22 15:59:00] [INFO] ==================================================
[2026-09-22 15:59:00] [INFO] OVERSTAY CRON STARTED
[2026-09-22 15:59:00] [INFO] ==================================================
[2026-09-22 15:59:00] [INFO] [OVERSTAY] Current India Date/Time: 22/09/2026 15:59:00
[2026-09-22 15:59:00] [INFO] [OVERSTAY] Timezone: Asia/Kolkata
[2026-09-22 15:59:00] [INFO] [SUBSCRIPTION] Expiry cron triggered
[2026-09-22 15:59:00] [INFO] ==================================================
[2026-09-22 15:59:00] [INFO] SUBSCRIPTION EXPIRY CRON STARTED
[2026-09-22 15:59:00] [INFO] ==================================================
[2026-09-22 15:59:00] [INFO] [SUBSCRIPTION] Current India Date: 2026-09-22
[2026-09-22 15:59:00] [INFO] [OVERSTAY] Staying customers found: 0
[2026-09-22 15:59:00] [INFO] ==================================================
[2026-09-22 15:59:00] [INFO] OVERSTAY CRON COMPLETED
[2026-09-22 15:59:00] [INFO] ==================================================
[2026-09-22 15:59:00] [INFO] [SUBSCRIPTION] Subscriptions found: 2
[2026-09-22 15:59:00] [INFO] [SUBSCRIPTION] mani hotel | Expiry: 2026-10-16 | Days Remaining: 24
[2026-09-22 15:59:00] [INFO] [SUBSCRIPTION] hotel 2 | Expiry: 2026-10-17 | Days Remaining: 25
[2026-09-22 15:59:00] [INFO] ==================================================
[2026-09-22 15:59:00] [INFO] SUBSCRIPTION EXPIRY CRON COMPLETED
[2026-09-22 15:59:00] [INFO] ==================================================
[2026-09-22 15:59:53] [INFO] [Auth Verify] Authentication token not found
[2026-09-22 15:59:53] [INFO] [Auth Verify] Authentication token not found
[2026-09-22 16:00:00] [INFO] [OVERSTAY] Cron triggered
[2026-09-22 16:00:00] [INFO] ==================================================
[2026-09-22 16:00:00] [INFO] OVERSTAY CRON STARTED
[2026-09-22 16:00:00] [INFO] ==================================================
[2026-09-22 16:00:00] [INFO] [OVERSTAY] Current India Date/Time: 22/09/2026 16:00:00
[2026-09-22 16:00:00] [INFO] [OVERSTAY] Timezone: Asia/Kolkata
[2026-09-22 16:00:00] [INFO] [SUBSCRIPTION] Expiry cron triggered
[2026-09-22 16:00:00] [INFO] ==================================================
[2026-09-22 16:00:00] [INFO] SUBSCRIPTION EXPIRY CRON STARTED
[2026-09-22 16:00:00] [INFO] ==================================================
[2026-09-22 16:00:00] [INFO] [SUBSCRIPTION] Current India Date: 2026-09-22
[2026-09-22 16:00:00] [INFO] [OVERSTAY] Staying customers found: 0
[2026-09-22 16:00:00] [INFO] ==================================================
[2026-09-22 16:00:00] [INFO] OVERSTAY CRON COMPLETED
[2026-09-22 16:00:00] [INFO] ==================================================
[2026-09-22 16:00:00] [INFO] [SUBSCRIPTION] Subscriptions found: 2
[2026-09-22 16:00:00] [INFO] [SUBSCRIPTION] mani hotel | Expiry: 2026-10-16 | Days Remaining: 24
[2026-09-22 16:00:00] [INFO] [SUBSCRIPTION] hotel 2 | Expiry: 2026-10-17 | Days Remaining: 25
[2026-09-22 16:00:00] [INFO] ==================================================
[2026-09-22 16:00:00] [INFO] SUBSCRIPTION EXPIRY CRON COMPLETED
[2026-09-22 16:00:00] [INFO] ==================================================
[2026-09-22 16:01:00] [INFO] [OVERSTAY] Cron triggered
[2026-09-22 16:01:00] [INFO] ==================================================
[2026-09-22 16:01:00] [INFO] OVERSTAY CRON STARTED
[2026-09-22 16:01:00] [INFO] ==================================================
[2026-09-22 16:01:00] [INFO] [OVERSTAY] Current India Date/Time: 22/09/2026 16:01:00
[2026-09-22 16:01:00] [INFO] [OVERSTAY] Timezone: Asia/Kolkata
[2026-09-22 16:01:00] [INFO] [SUBSCRIPTION] Expiry cron triggered
[2026-09-22 16:01:00] [INFO] ==================================================
[2026-09-22 16:01:00] [INFO] SUBSCRIPTION EXPIRY CRON STARTED
[2026-09-22 16:01:00] [INFO] ==================================================
[2026-09-22 16:01:00] [INFO] [SUBSCRIPTION] Current India Date: 2026-09-22
[2026-09-22 16:01:00] [INFO] [OVERSTAY] Staying customers found: 0
[2026-09-22 16:01:00] [INFO] ==================================================
[2026-09-22 16:01:00] [INFO] OVERSTAY CRON COMPLETED
[2026-09-22 16:01:00] [INFO] ==================================================
[2026-09-22 16:01:00] [INFO] [SUBSCRIPTION] Subscriptions found: 2
[2026-09-22 16:01:00] [INFO] [SUBSCRIPTION] mani hotel | Expiry: 2026-10-16 | Days Remaining: 24
[2026-09-22 16:01:00] [INFO] [SUBSCRIPTION] hotel 2 | Expiry: 2026-10-17 | Days Remaining: 25
[2026-09-22 16:01:00] [INFO] ==================================================
[2026-09-22 16:01:00] [INFO] SUBSCRIPTION EXPIRY CRON COMPLETED
[2026-09-22 16:01:00] [INFO] ==================================================
[2026-09-22 16:02:00] [INFO] [OVERSTAY] Cron triggered
[2026-09-22 16:02:00] [INFO] ==================================================
[2026-09-22 16:02:00] [INFO] OVERSTAY CRON STARTED
[2026-09-22 16:02:00] [INFO] ==================================================
[2026-09-22 16:02:00] [INFO] [OVERSTAY] Current India Date/Time: 22/09/2026 16:02:00
[2026-09-22 16:02:00] [INFO] [OVERSTAY] Timezone: Asia/Kolkata
[2026-09-22 16:02:00] [INFO] [SUBSCRIPTION] Expiry cron triggered
[2026-09-22 16:02:00] [INFO] ==================================================
[2026-09-22 16:02:00] [INFO] SUBSCRIPTION EXPIRY CRON STARTED
[2026-09-22 16:02:00] [INFO] ==================================================
[2026-09-22 16:02:00] [INFO] [SUBSCRIPTION] Current India Date: 2026-09-22
[2026-09-22 16:02:00] [INFO] [OVERSTAY] Staying customers found: 0
[2026-09-22 16:02:00] [INFO] ==================================================
[2026-09-22 16:02:00] [INFO] OVERSTAY CRON COMPLETED
[2026-09-22 16:02:00] [INFO] ==================================================
[2026-09-22 16:02:00] [INFO] [SUBSCRIPTION] Subscriptions found: 2
[2026-09-22 16:02:00] [INFO] [SUBSCRIPTION] mani hotel | Expiry: 2026-10-16 | Days Remaining: 24
[2026-09-22 16:02:00] [INFO] [SUBSCRIPTION] hotel 2 | Expiry: 2026-10-17 | Days Remaining: 25
[2026-09-22 16:02:00] [INFO] ==================================================
[2026-09-22 16:02:00] [INFO] SUBSCRIPTION EXPIRY CRON COMPLETED
[2026-09-22 16:02:00] [INFO] ==================================================
[2026-09-22 16:02:55] [INFO] [Auth Verify] Authentication token not found
[2026-09-22 16:02:55] [INFO] [Auth Verify] Authentication token not found
[2026-09-22 16:03:00] [INFO] [SUBSCRIPTION] Expiry cron triggered
[2026-09-22 16:03:00] [INFO] ==================================================
[2026-09-22 16:03:00] [INFO] SUBSCRIPTION EXPIRY CRON STARTED
[2026-09-22 16:03:00] [INFO] ==================================================
[2026-09-22 16:03:00] [INFO] [SUBSCRIPTION] Current India Date: 2026-09-22
[2026-09-22 16:03:00] [INFO] [OVERSTAY] Cron triggered
[2026-09-22 16:03:00] [INFO] ==================================================
[2026-09-22 16:03:00] [INFO] OVERSTAY CRON STARTED
[2026-09-22 16:03:00] [INFO] ==================================================
[2026-09-22 16:03:00] [INFO] [OVERSTAY] Current India Date/Time: 22/09/2026 16:03:00
[2026-09-22 16:03:00] [INFO] [OVERSTAY] Timezone: Asia/Kolkata
[2026-09-22 16:03:00] [INFO] [OVERSTAY] Staying customers found: 0
[2026-09-22 16:03:00] [INFO] ==================================================
[2026-09-22 16:03:00] [INFO] OVERSTAY CRON COMPLETED
[2026-09-22 16:03:00] [INFO] ==================================================
[2026-09-22 16:03:00] [INFO] [SUBSCRIPTION] Subscriptions found: 2
[2026-09-22 16:03:00] [INFO] [SUBSCRIPTION] mani hotel | Expiry: 2026-10-16 | Days Remaining: 24
[2026-09-22 16:03:00] [INFO] [SUBSCRIPTION] hotel 2 | Expiry: 2026-10-17 | Days Remaining: 25
[2026-09-22 16:03:00] [INFO] ==================================================
[2026-09-22 16:03:00] [INFO] SUBSCRIPTION EXPIRY CRON COMPLETED
[2026-09-22 16:03:00] [INFO] ==================================================
[2026-09-22 16:04:00] [INFO] [OVERSTAY] Cron triggered
[2026-09-22 16:04:00] [INFO] ==================================================
[2026-09-22 16:04:00] [INFO] OVERSTAY CRON STARTED
[2026-09-22 16:04:00] [INFO] ==================================================
[2026-09-22 16:04:00] [INFO] [OVERSTAY] Current India Date/Time: 22/09/2026 16:04:00
[2026-09-22 16:04:00] [INFO] [OVERSTAY] Timezone: Asia/Kolkata
[2026-09-22 16:04:00] [INFO] [SUBSCRIPTION] Expiry cron triggered
[2026-09-22 16:04:00] [INFO] ==================================================
[2026-09-22 16:04:00] [INFO] SUBSCRIPTION EXPIRY CRON STARTED
[2026-09-22 16:04:00] [INFO] ==================================================
[2026-09-22 16:04:00] [INFO] [SUBSCRIPTION] Current India Date: 2026-09-22
[2026-09-22 16:04:00] [INFO] [OVERSTAY] Staying customers found: 0
[2026-09-22 16:04:00] [INFO] ==================================================
[2026-09-22 16:04:00] [INFO] OVERSTAY CRON COMPLETED
[2026-09-22 16:04:00] [INFO] ==================================================
[2026-09-22 16:04:00] [INFO] [SUBSCRIPTION] Subscriptions found: 2
[2026-09-22 16:04:00] [INFO] [SUBSCRIPTION] mani hotel | Expiry: 2026-10-16 | Days Remaining: 24
[2026-09-22 16:04:00] [INFO] [SUBSCRIPTION] hotel 2 | Expiry: 2026-10-17 | Days Remaining: 25
[2026-09-22 16:04:00] [INFO] ==================================================
[2026-09-22 16:04:00] [INFO] SUBSCRIPTION EXPIRY CRON COMPLETED
[2026-09-22 16:04:00] [INFO] ==================================================
[2026-09-22 16:05:00] [INFO] [OVERSTAY] Cron triggered
[2026-09-22 16:05:00] [INFO] ==================================================
[2026-09-22 16:05:00] [INFO] OVERSTAY CRON STARTED
[2026-09-22 16:05:00] [INFO] ==================================================
[2026-09-22 16:05:00] [INFO] [OVERSTAY] Current India Date/Time: 22/09/2026 16:05:00
[2026-09-22 16:05:00] [INFO] [OVERSTAY] Timezone: Asia/Kolkata
[2026-09-22 16:05:00] [INFO] [SUBSCRIPTION] Expiry cron triggered
[2026-09-22 16:05:00] [INFO] ==================================================
[2026-09-22 16:05:00] [INFO] SUBSCRIPTION EXPIRY CRON STARTED
[2026-09-22 16:05:00] [INFO] ==================================================
[2026-09-22 16:05:00] [INFO] [SUBSCRIPTION] Current India Date: 2026-09-22
[2026-09-22 16:05:00] [INFO] [OVERSTAY] Staying customers found: 0
[2026-09-22 16:05:00] [INFO] ==================================================
[2026-09-22 16:05:00] [INFO] OVERSTAY CRON COMPLETED
[2026-09-22 16:05:00] [INFO] ==================================================
[2026-09-22 16:05:00] [INFO] [SUBSCRIPTION] Subscriptions found: 2
[2026-09-22 16:05:00] [INFO] [SUBSCRIPTION] mani hotel | Expiry: 2026-10-16 | Days Remaining: 24
[2026-09-22 16:05:00] [INFO] [SUBSCRIPTION] hotel 2 | Expiry: 2026-10-17 | Days Remaining: 25
[2026-09-22 16:05:00] [INFO] ==================================================
[2026-09-22 16:05:00] [INFO] SUBSCRIPTION EXPIRY CRON COMPLETED
[2026-09-22 16:05:00] [INFO] ==================================================
[2026-09-22 16:06:00] [INFO] [OVERSTAY] Cron triggered
[2026-09-22 16:06:00] [INFO] ==================================================
[2026-09-22 16:06:00] [INFO] OVERSTAY CRON STARTED
[2026-09-22 16:06:00] [INFO] ==================================================
[2026-09-22 16:06:00] [INFO] [OVERSTAY] Current India Date/Time: 22/09/2026 16:06:00
[2026-09-22 16:06:00] [INFO] [OVERSTAY] Timezone: Asia/Kolkata
[2026-09-22 16:06:00] [INFO] [SUBSCRIPTION] Expiry cron triggered
[2026-09-22 16:06:00] [INFO] ==================================================
[2026-09-22 16:06:00] [INFO] SUBSCRIPTION EXPIRY CRON STARTED
[2026-09-22 16:06:00] [INFO] ==================================================
[2026-09-22 16:06:00] [INFO] [SUBSCRIPTION] Current India Date: 2026-09-22
[2026-09-22 16:06:00] [INFO] [OVERSTAY] Staying customers found: 0
[2026-09-22 16:06:00] [INFO] ==================================================
[2026-09-22 16:06:00] [INFO] OVERSTAY CRON COMPLETED
[2026-09-22 16:06:00] [INFO] ==================================================
[2026-09-22 16:06:00] [INFO] [SUBSCRIPTION] Subscriptions found: 2
[2026-09-22 16:06:00] [INFO] [SUBSCRIPTION] mani hotel | Expiry: 2026-10-16 | Days Remaining: 24
[2026-09-22 16:06:00] [INFO] [SUBSCRIPTION] hotel 2 | Expiry: 2026-10-17 | Days Remaining: 25
[2026-09-22 16:06:00] [INFO] ==================================================
[2026-09-22 16:06:00] [INFO] SUBSCRIPTION EXPIRY CRON COMPLETED
[2026-09-22 16:06:00] [INFO] ==================================================
[2026-09-22 16:06:20] [INFO] [Auth Verify] Authentication token not found
[2026-09-22 16:06:20] [INFO] [Auth Verify] Authentication token not found
[2026-09-22 16:07:00] [INFO] [OVERSTAY] Cron triggered
[2026-09-22 16:07:00] [INFO] ==================================================
[2026-09-22 16:07:00] [INFO] OVERSTAY CRON STARTED
[2026-09-22 16:07:00] [INFO] ==================================================
[2026-09-22 16:07:00] [INFO] [OVERSTAY] Current India Date/Time: 22/09/2026 16:07:00
[2026-09-22 16:07:00] [INFO] [OVERSTAY] Timezone: Asia/Kolkata
[2026-09-22 16:07:00] [INFO] [SUBSCRIPTION] Expiry cron triggered
[2026-09-22 16:07:00] [INFO] ==================================================
[2026-09-22 16:07:00] [INFO] SUBSCRIPTION EXPIRY CRON STARTED
[2026-09-22 16:07:00] [INFO] ==================================================
[2026-09-22 16:07:00] [INFO] [SUBSCRIPTION] Current India Date: 2026-09-22
[2026-09-22 16:07:00] [INFO] [OVERSTAY] Staying customers found: 0
[2026-09-22 16:07:00] [INFO] ==================================================
[2026-09-22 16:07:00] [INFO] OVERSTAY CRON COMPLETED
[2026-09-22 16:07:00] [INFO] ==================================================
[2026-09-22 16:07:00] [INFO] [SUBSCRIPTION] Subscriptions found: 2
[2026-09-22 16:07:00] [INFO] [SUBSCRIPTION] mani hotel | Expiry: 2026-10-16 | Days Remaining: 24
[2026-09-22 16:07:00] [INFO] [SUBSCRIPTION] hotel 2 | Expiry: 2026-10-17 | Days Remaining: 25
[2026-09-22 16:07:00] [INFO] ==================================================
[2026-09-22 16:07:00] [INFO] SUBSCRIPTION EXPIRY CRON COMPLETED
[2026-09-22 16:07:00] [INFO] ==================================================
[2026-09-22 16:07:58] [INFO] [Auth Verify] Authentication token not found
[2026-09-22 16:07:58] [INFO] [Auth Verify] Authentication token not found
[2026-09-22 16:08:00] [INFO] [OVERSTAY] Cron triggered
[2026-09-22 16:08:00] [INFO] ==================================================
[2026-09-22 16:08:00] [INFO] OVERSTAY CRON STARTED
[2026-09-22 16:08:00] [INFO] ==================================================
[2026-09-22 16:08:00] [INFO] [OVERSTAY] Current India Date/Time: 22/09/2026 16:08:00
[2026-09-22 16:08:00] [INFO] [OVERSTAY] Timezone: Asia/Kolkata
[2026-09-22 16:08:00] [INFO] [SUBSCRIPTION] Expiry cron triggered
[2026-09-22 16:08:00] [INFO] ==================================================
[2026-09-22 16:08:00] [INFO] SUBSCRIPTION EXPIRY CRON STARTED
[2026-09-22 16:08:00] [INFO] ==================================================
[2026-09-22 16:08:00] [INFO] [SUBSCRIPTION] Current India Date: 2026-09-22
[2026-09-22 16:08:00] [INFO] [OVERSTAY] Staying customers found: 0
[2026-09-22 16:08:00] [INFO] ==================================================
[2026-09-22 16:08:00] [INFO] OVERSTAY CRON COMPLETED
[2026-09-22 16:08:00] [INFO] ==================================================
[2026-09-22 16:08:00] [INFO] [SUBSCRIPTION] Subscriptions found: 2
[2026-09-22 16:08:00] [INFO] [SUBSCRIPTION] mani hotel | Expiry: 2026-10-16 | Days Remaining: 24
[2026-09-22 16:08:00] [INFO] [SUBSCRIPTION] hotel 2 | Expiry: 2026-10-17 | Days Remaining: 25
[2026-09-22 16:08:00] [INFO] ==================================================
[2026-09-22 16:08:00] [INFO] SUBSCRIPTION EXPIRY CRON COMPLETED
[2026-09-22 16:08:00] [INFO] ==================================================
[2026-09-22 16:08:01] [INFO] info
[2026-09-22 16:09:00] [INFO] [OVERSTAY] Cron triggered
[2026-09-22 16:09:00] [INFO] ==================================================
[2026-09-22 16:09:00] [INFO] OVERSTAY CRON STARTED
[2026-09-22 16:09:00] [INFO] ==================================================
[2026-09-22 16:09:00] [INFO] [OVERSTAY] Current India Date/Time: 22/09/2026 16:09:00
[2026-09-22 16:09:00] [INFO] [OVERSTAY] Timezone: Asia/Kolkata
[2026-09-22 16:09:00] [INFO] [SUBSCRIPTION] Expiry cron triggered
[2026-09-22 16:09:00] [INFO] ==================================================
[2026-09-22 16:09:00] [INFO] SUBSCRIPTION EXPIRY CRON STARTED
[2026-09-22 16:09:00] [INFO] ==================================================
[2026-09-22 16:09:00] [INFO] [SUBSCRIPTION] Current India Date: 2026-09-22
[2026-09-22 16:09:00] [INFO] [OVERSTAY] Staying customers found: 0
[2026-09-22 16:09:00] [INFO] ==================================================
[2026-09-22 16:09:00] [INFO] OVERSTAY CRON COMPLETED
[2026-09-22 16:09:00] [INFO] ==================================================
[2026-09-22 16:09:00] [INFO] [SUBSCRIPTION] Subscriptions found: 2
[2026-09-22 16:09:00] [INFO] [SUBSCRIPTION] mani hotel | Expiry: 2026-10-16 | Days Remaining: 24
[2026-09-22 16:09:00] [INFO] [SUBSCRIPTION] hotel 2 | Expiry: 2026-10-17 | Days Remaining: 25
[2026-09-22 16:09:00] [INFO] ==================================================
[2026-09-22 16:09:00] [INFO] SUBSCRIPTION EXPIRY CRON COMPLETED
[2026-09-22 16:09:00] [INFO] ==================================================
[2026-09-22 16:09:06] [INFO] [Auth Verify] Authentication token not found
[2026-09-22 16:09:06] [INFO] [Auth Verify] Authentication token not found
[2026-09-22 16:09:11] [INFO] [LOGIN] Login request received for email: manikandan@jayamwebsolutions.com
[2026-09-22 16:09:23] [INFO] OTP sent to manikandan@jayamwebsolutions.com
[2026-09-22 16:09:23] [INFO] [LOGIN] OTP sent successfully to manikandan@jayamwebsolutions.com
[2026-09-22 16:09:27] [INFO] [LOGIN] OTP verified successfully. User: manikandan@jayamwebsolutions.com, Role: admin, Hotel: N/A, Branch: N/A
[2026-09-22 16:09:28] [INFO] Hotel registrations retrieved successfully. Total registrations: 4
[2026-09-22 16:09:28] [INFO] Hotel registrations retrieved successfully. Total registrations: 4
[2026-09-22 16:09:28] [INFO] Hotel registrations retrieved successfully. Total registrations: 4
[2026-09-22 16:09:28] [INFO] Hotel registrations retrieved successfully. Total registrations: 4
[2026-09-22 16:10:00] [INFO] [OVERSTAY] Cron triggered
[2026-09-22 16:10:00] [INFO] ==================================================
[2026-09-22 16:10:00] [INFO] OVERSTAY CRON STARTED
[2026-09-22 16:10:00] [INFO] ==================================================
[2026-09-22 16:10:00] [INFO] [OVERSTAY] Current India Date/Time: 22/09/2026 16:10:00
[2026-09-22 16:10:00] [INFO] [OVERSTAY] Timezone: Asia/Kolkata
[2026-09-22 16:10:00] [INFO] [SUBSCRIPTION] Expiry cron triggered
[2026-09-22 16:10:00] [INFO] ==================================================
[2026-09-22 16:10:00] [INFO] SUBSCRIPTION EXPIRY CRON STARTED
[2026-09-22 16:10:00] [INFO] ==================================================
[2026-09-22 16:10:00] [INFO] [SUBSCRIPTION] Current India Date: 2026-09-22
[2026-09-22 16:10:00] [INFO] [OVERSTAY] Staying customers found: 0
[2026-09-22 16:10:00] [INFO] ==================================================
[2026-09-22 16:10:00] [INFO] OVERSTAY CRON COMPLETED
[2026-09-22 16:10:00] [INFO] ==================================================
[2026-09-22 16:10:00] [INFO] [SUBSCRIPTION] Subscriptions found: 2
[2026-09-22 16:10:00] [INFO] [SUBSCRIPTION] mani hotel | Expiry: 2026-10-16 | Days Remaining: 24
[2026-09-22 16:10:00] [INFO] [SUBSCRIPTION] hotel 2 | Expiry: 2026-10-17 | Days Remaining: 25
[2026-09-22 16:10:00] [INFO] ==================================================
[2026-09-22 16:10:00] [INFO] SUBSCRIPTION EXPIRY CRON COMPLETED
[2026-09-22 16:10:00] [INFO] ==================================================
[2026-09-22 16:11:00] [INFO] [OVERSTAY] Cron triggered
[2026-09-22 16:11:00] [INFO] ==================================================
[2026-09-22 16:11:00] [INFO] OVERSTAY CRON STARTED
[2026-09-22 16:11:00] [INFO] ==================================================
[2026-09-22 16:11:00] [INFO] [OVERSTAY] Current India Date/Time: 22/09/2026 16:11:00
[2026-09-22 16:11:00] [INFO] [OVERSTAY] Timezone: Asia/Kolkata
[2026-09-22 16:11:00] [INFO] [SUBSCRIPTION] Expiry cron triggered
[2026-09-22 16:11:00] [INFO] ==================================================
[2026-09-22 16:11:00] [INFO] SUBSCRIPTION EXPIRY CRON STARTED
[2026-09-22 16:11:00] [INFO] ==================================================
[2026-09-22 16:11:00] [INFO] [SUBSCRIPTION] Current India Date: 2026-09-22
[2026-09-22 16:11:00] [INFO] [OVERSTAY] Staying customers found: 0
[2026-09-22 16:11:00] [INFO] ==================================================
[2026-09-22 16:11:00] [INFO] OVERSTAY CRON COMPLETED
[2026-09-22 16:11:00] [INFO] ==================================================
[2026-09-22 16:11:00] [INFO] [SUBSCRIPTION] Subscriptions found: 2
[2026-09-22 16:11:00] [INFO] [SUBSCRIPTION] mani hotel | Expiry: 2026-10-16 | Days Remaining: 24
[2026-09-22 16:11:00] [INFO] [SUBSCRIPTION] hotel 2 | Expiry: 2026-10-17 | Days Remaining: 25
[2026-09-22 16:11:00] [INFO] ==================================================
[2026-09-22 16:11:00] [INFO] SUBSCRIPTION EXPIRY CRON COMPLETED
[2026-09-22 16:11:00] [INFO] ==================================================
[2026-09-22 16:12:00] [INFO] [OVERSTAY] Cron triggered
[2026-09-22 16:12:00] [INFO] ==================================================
[2026-09-22 16:12:00] [INFO] OVERSTAY CRON STARTED
[2026-09-22 16:12:00] [INFO] ==================================================
[2026-09-22 16:12:00] [INFO] [OVERSTAY] Current India Date/Time: 22/09/2026 16:12:00
[2026-09-22 16:12:00] [INFO] [OVERSTAY] Timezone: Asia/Kolkata
[2026-09-22 16:12:00] [INFO] [SUBSCRIPTION] Expiry cron triggered
[2026-09-22 16:12:00] [INFO] ==================================================
[2026-09-22 16:12:00] [INFO] SUBSCRIPTION EXPIRY CRON STARTED
[2026-09-22 16:12:00] [INFO] ==================================================
[2026-09-22 16:12:00] [INFO] [SUBSCRIPTION] Current India Date: 2026-09-22
[2026-09-22 16:12:00] [INFO] [OVERSTAY] Staying customers found: 0
[2026-09-22 16:12:00] [INFO] ==================================================
[2026-09-22 16:12:00] [INFO] OVERSTAY CRON COMPLETED
[2026-09-22 16:12:00] [INFO] ==================================================
[2026-09-22 16:12:00] [INFO] [SUBSCRIPTION] Subscriptions found: 2
[2026-09-22 16:12:00] [INFO] [SUBSCRIPTION] mani hotel | Expiry: 2026-10-16 | Days Remaining: 24
[2026-09-22 16:12:00] [INFO] [SUBSCRIPTION] hotel 2 | Expiry: 2026-10-17 | Days Remaining: 25
[2026-09-22 16:12:00] [INFO] ==================================================
[2026-09-22 16:12:00] [INFO] SUBSCRIPTION EXPIRY CRON COMPLETED
[2026-09-22 16:12:00] [INFO] ==================================================
[2026-09-22 16:12:51] [INFO] Hotel registrations retrieved successfully. Total registrations: 4
[2026-09-22 16:12:51] [INFO] Hotel registrations retrieved successfully. Total registrations: 4
[2026-09-22 16:12:58] [INFO] Hotel registrations retrieved successfully. Total registrations: 4
[2026-09-22 16:12:58] [INFO] Hotel registrations retrieved successfully. Total registrations: 4
[2026-09-22 16:13:00] [INFO] [OVERSTAY] Cron triggered
[2026-09-22 16:13:00] [INFO] ==================================================
[2026-09-22 16:13:00] [INFO] OVERSTAY CRON STARTED
[2026-09-22 16:13:00] [INFO] ==================================================
[2026-09-22 16:13:00] [INFO] [OVERSTAY] Current India Date/Time: 22/09/2026 16:13:00
[2026-09-22 16:13:00] [INFO] [OVERSTAY] Timezone: Asia/Kolkata
[2026-09-22 16:13:00] [INFO] [SUBSCRIPTION] Expiry cron triggered
[2026-09-22 16:13:00] [INFO] ==================================================
[2026-09-22 16:13:00] [INFO] SUBSCRIPTION EXPIRY CRON STARTED
[2026-09-22 16:13:00] [INFO] ==================================================
[2026-09-22 16:13:00] [INFO] [SUBSCRIPTION] Current India Date: 2026-09-22
[2026-09-22 16:13:00] [INFO] [OVERSTAY] Staying customers found: 0
[2026-09-22 16:13:00] [INFO] ==================================================
[2026-09-22 16:13:00] [INFO] OVERSTAY CRON COMPLETED
[2026-09-22 16:13:00] [INFO] ==================================================
[2026-09-22 16:13:00] [INFO] [SUBSCRIPTION] Subscriptions found: 2
[2026-09-22 16:13:00] [INFO] [SUBSCRIPTION] mani hotel | Expiry: 2026-10-16 | Days Remaining: 24
[2026-09-22 16:13:00] [INFO] [SUBSCRIPTION] hotel 2 | Expiry: 2026-10-17 | Days Remaining: 25
[2026-09-22 16:13:00] [INFO] ==================================================
[2026-09-22 16:13:00] [INFO] SUBSCRIPTION EXPIRY CRON COMPLETED
[2026-09-22 16:13:00] [INFO] ==================================================
[2026-09-22 16:14:00] [INFO] [OVERSTAY] Cron triggered
[2026-09-22 16:14:00] [INFO] ==================================================
[2026-09-22 16:14:00] [INFO] OVERSTAY CRON STARTED
[2026-09-22 16:14:00] [INFO] ==================================================
[2026-09-22 16:14:00] [INFO] [OVERSTAY] Current India Date/Time: 22/09/2026 16:14:00
[2026-09-22 16:14:00] [INFO] [OVERSTAY] Timezone: Asia/Kolkata
[2026-09-22 16:14:00] [INFO] [SUBSCRIPTION] Expiry cron triggered
[2026-09-22 16:14:00] [INFO] ==================================================
[2026-09-22 16:14:00] [INFO] SUBSCRIPTION EXPIRY CRON STARTED
[2026-09-22 16:14:00] [INFO] ==================================================
[2026-09-22 16:14:00] [INFO] [SUBSCRIPTION] Current India Date: 2026-09-22
[2026-09-22 16:14:00] [INFO] [OVERSTAY] Staying customers found: 0
[2026-09-22 16:14:00] [INFO] ==================================================
[2026-09-22 16:14:00] [INFO] OVERSTAY CRON COMPLETED
[2026-09-22 16:14:00] [INFO] ==================================================
[2026-09-22 16:14:00] [INFO] [SUBSCRIPTION] Subscriptions found: 2
[2026-09-22 16:14:00] [INFO] [SUBSCRIPTION] mani hotel | Expiry: 2026-10-16 | Days Remaining: 24
[2026-09-22 16:14:00] [INFO] [SUBSCRIPTION] hotel 2 | Expiry: 2026-10-17 | Days Remaining: 25
[2026-09-22 16:14:00] [INFO] ==================================================
[2026-09-22 16:14:00] [INFO] SUBSCRIPTION EXPIRY CRON COMPLETED
[2026-09-22 16:14:00] [INFO] ==================================================
[2026-09-22 16:15:00] [INFO] [OVERSTAY] Cron triggered
[2026-09-22 16:15:00] [INFO] ==================================================
[2026-09-22 16:15:00] [INFO] OVERSTAY CRON STARTED
[2026-09-22 16:15:00] [INFO] ==================================================
[2026-09-22 16:15:00] [INFO] [OVERSTAY] Current India Date/Time: 22/09/2026 16:15:00
[2026-09-22 16:15:00] [INFO] [OVERSTAY] Timezone: Asia/Kolkata
[2026-09-22 16:15:00] [INFO] [SUBSCRIPTION] Expiry cron triggered
[2026-09-22 16:15:00] [INFO] ==================================================
[2026-09-22 16:15:00] [INFO] SUBSCRIPTION EXPIRY CRON STARTED
[2026-09-22 16:15:00] [INFO] ==================================================
[2026-09-22 16:15:00] [INFO] [SUBSCRIPTION] Current India Date: 2026-09-22
[2026-09-22 16:15:00] [INFO] [OVERSTAY] Staying customers found: 0
[2026-09-22 16:15:00] [INFO] ==================================================
[2026-09-22 16:15:00] [INFO] OVERSTAY CRON COMPLETED
[2026-09-22 16:15:00] [INFO] ==================================================
[2026-09-22 16:15:00] [INFO] [SUBSCRIPTION] Subscriptions found: 2
[2026-09-22 16:15:00] [INFO] [SUBSCRIPTION] mani hotel | Expiry: 2026-10-16 | Days Remaining: 24
[2026-09-22 16:15:00] [INFO] [SUBSCRIPTION] hotel 2 | Expiry: 2026-10-17 | Days Remaining: 25
[2026-09-22 16:15:00] [INFO] ==================================================
[2026-09-22 16:15:00] [INFO] SUBSCRIPTION EXPIRY CRON COMPLETED
[2026-09-22 16:15:00] [INFO] ==================================================
[2026-09-22 16:16:00] [INFO] [OVERSTAY] Cron triggered
[2026-09-22 16:16:00] [INFO] ==================================================
[2026-09-22 16:16:00] [INFO] OVERSTAY CRON STARTED
[2026-09-22 16:16:00] [INFO] ==================================================
[2026-09-22 16:16:00] [INFO] [OVERSTAY] Current India Date/Time: 22/09/2026 16:16:00
[2026-09-22 16:16:00] [INFO] [OVERSTAY] Timezone: Asia/Kolkata
[2026-09-22 16:16:00] [INFO] [SUBSCRIPTION] Expiry cron triggered
[2026-09-22 16:16:00] [INFO] ==================================================
[2026-09-22 16:16:00] [INFO] SUBSCRIPTION EXPIRY CRON STARTED
[2026-09-22 16:16:00] [INFO] ==================================================
[2026-09-22 16:16:00] [INFO] [SUBSCRIPTION] Current India Date: 2026-09-22
[2026-09-22 16:16:00] [INFO] [OVERSTAY] Staying customers found: 0
[2026-09-22 16:16:00] [INFO] ==================================================
[2026-09-22 16:16:00] [INFO] OVERSTAY CRON COMPLETED
[2026-09-22 16:16:00] [INFO] ==================================================
[2026-09-22 16:16:00] [INFO] [SUBSCRIPTION] Subscriptions found: 2
[2026-09-22 16:16:00] [INFO] [SUBSCRIPTION] mani hotel | Expiry: 2026-10-16 | Days Remaining: 24
[2026-09-22 16:16:00] [INFO] [SUBSCRIPTION] hotel 2 | Expiry: 2026-10-17 | Days Remaining: 25
[2026-09-22 16:16:00] [INFO] ==================================================
[2026-09-22 16:16:00] [INFO] SUBSCRIPTION EXPIRY CRON COMPLETED
[2026-09-22 16:16:00] [INFO] ==================================================
[2026-09-22 16:17:00] [INFO] [OVERSTAY] Cron triggered
[2026-09-22 16:17:00] [INFO] ==================================================
[2026-09-22 16:17:00] [INFO] OVERSTAY CRON STARTED
[2026-09-22 16:17:00] [INFO] ==================================================
[2026-09-22 16:17:00] [INFO] [OVERSTAY] Current India Date/Time: 22/09/2026 16:17:00
[2026-09-22 16:17:00] [INFO] [OVERSTAY] Timezone: Asia/Kolkata
[2026-09-22 16:17:00] [INFO] [SUBSCRIPTION] Expiry cron triggered
[2026-09-22 16:17:00] [INFO] ==================================================
[2026-09-22 16:17:00] [INFO] SUBSCRIPTION EXPIRY CRON STARTED
[2026-09-22 16:17:00] [INFO] ==================================================
[2026-09-22 16:17:00] [INFO] [SUBSCRIPTION] Current India Date: 2026-09-22
[2026-09-22 16:17:00] [INFO] [OVERSTAY] Staying customers found: 0
[2026-09-22 16:17:00] [INFO] ==================================================
[2026-09-22 16:17:00] [INFO] OVERSTAY CRON COMPLETED
[2026-09-22 16:17:00] [INFO] ==================================================
[2026-09-22 16:17:00] [INFO] [SUBSCRIPTION] Subscriptions found: 2
[2026-09-22 16:17:00] [INFO] [SUBSCRIPTION] mani hotel | Expiry: 2026-10-16 | Days Remaining: 24
[2026-09-22 16:17:00] [INFO] [SUBSCRIPTION] hotel 2 | Expiry: 2026-10-17 | Days Remaining: 25
[2026-09-22 16:17:00] [INFO] ==================================================
[2026-09-22 16:17:00] [INFO] SUBSCRIPTION EXPIRY CRON COMPLETED
[2026-09-22 16:17:00] [INFO] ==================================================
[2026-09-22 16:17:09] [INFO] Hotel registrations retrieved successfully. Total registrations: 4
[2026-09-22 16:17:09] [INFO] Hotel registrations retrieved successfully. Total registrations: 4
[2026-09-22 16:18:00] [INFO] [SUBSCRIPTION] Expiry cron triggered
[2026-09-22 16:18:00] [INFO] ==================================================
[2026-09-22 16:18:00] [INFO] SUBSCRIPTION EXPIRY CRON STARTED
[2026-09-22 16:18:00] [INFO] ==================================================
[2026-09-22 16:18:00] [INFO] [SUBSCRIPTION] Current India Date: 2026-09-22
[2026-09-22 16:18:00] [INFO] [OVERSTAY] Cron triggered
[2026-09-22 16:18:00] [INFO] ==================================================
[2026-09-22 16:18:00] [INFO] OVERSTAY CRON STARTED
[2026-09-22 16:18:00] [INFO] ==================================================
[2026-09-22 16:18:00] [INFO] [OVERSTAY] Current India Date/Time: 22/09/2026 16:18:00
[2026-09-22 16:18:00] [INFO] [OVERSTAY] Timezone: Asia/Kolkata
[2026-09-22 16:18:00] [INFO] [OVERSTAY] Staying customers found: 0
[2026-09-22 16:18:00] [INFO] ==================================================
[2026-09-22 16:18:00] [INFO] OVERSTAY CRON COMPLETED
[2026-09-22 16:18:00] [INFO] ==================================================
[2026-09-22 16:18:00] [INFO] [SUBSCRIPTION] Subscriptions found: 2
[2026-09-22 16:18:00] [INFO] [SUBSCRIPTION] mani hotel | Expiry: 2026-10-16 | Days Remaining: 24
[2026-09-22 16:18:00] [INFO] [SUBSCRIPTION] hotel 2 | Expiry: 2026-10-17 | Days Remaining: 25
[2026-09-22 16:18:00] [INFO] ==================================================
[2026-09-22 16:18:00] [INFO] SUBSCRIPTION EXPIRY CRON COMPLETED
[2026-09-22 16:18:00] [INFO] ==================================================
[2026-09-22 16:18:06] [INFO] SaaS notification marked as read: 6ab220f5e55f936bf5d96c15
[2026-09-22 16:18:06] [INFO] SaaS notification marked as read: 6ab25a89e55f936bf5d96c17
[2026-09-22 16:18:08] [INFO] Hotel registrations retrieved successfully. Total registrations: 2
[2026-09-22 16:18:08] [INFO] Hotel registrations retrieved successfully. Total registrations: 2
[2026-09-22 16:18:10] [INFO] Hotel registrations retrieved successfully. Total registrations: 2
[2026-09-22 16:18:10] [INFO] Hotel registrations retrieved successfully. Total registrations: 2
[2026-09-22 16:18:12] [INFO] Hotel registrations retrieved successfully. Total registrations: 2
[2026-09-22 16:18:12] [INFO] Hotel registrations retrieved successfully. Total registrations: 2
[2026-09-22 16:18:15] [INFO] Hotel registrations retrieved successfully. Total registrations: 2
[2026-09-22 16:18:15] [INFO] Hotel registrations retrieved successfully. Total registrations: 2
[2026-09-22 16:19:00] [INFO] [SUBSCRIPTION] Expiry cron triggered
[2026-09-22 16:19:00] [INFO] ==================================================
[2026-09-22 16:19:00] [INFO] SUBSCRIPTION EXPIRY CRON STARTED
[2026-09-22 16:19:00] [INFO] ==================================================
[2026-09-22 16:19:00] [INFO] [SUBSCRIPTION] Current India Date: 2026-09-22
[2026-09-22 16:19:00] [INFO] [OVERSTAY] Cron triggered
[2026-09-22 16:19:00] [INFO] ==================================================
[2026-09-22 16:19:00] [INFO] OVERSTAY CRON STARTED
[2026-09-22 16:19:00] [INFO] ==================================================
[2026-09-22 16:19:00] [INFO] [OVERSTAY] Current India Date/Time: 22/09/2026 16:19:00
[2026-09-22 16:19:00] [INFO] [OVERSTAY] Timezone: Asia/Kolkata
[2026-09-22 16:19:00] [INFO] [OVERSTAY] Staying customers found: 0
[2026-09-22 16:19:00] [INFO] ==================================================
[2026-09-22 16:19:00] [INFO] OVERSTAY CRON COMPLETED
[2026-09-22 16:19:00] [INFO] ==================================================
[2026-09-22 16:19:00] [INFO] [SUBSCRIPTION] Subscriptions found: 2
[2026-09-22 16:19:00] [INFO] [SUBSCRIPTION] mani hotel | Expiry: 2026-10-16 | Days Remaining: 24
[2026-09-22 16:19:00] [INFO] [SUBSCRIPTION] hotel 2 | Expiry: 2026-10-17 | Days Remaining: 25
[2026-09-22 16:19:00] [INFO] ==================================================
[2026-09-22 16:19:00] [INFO] SUBSCRIPTION EXPIRY CRON COMPLETED
[2026-09-22 16:19:00] [INFO] ==================================================
[2026-09-22 16:19:04] [INFO] New hotel registration created successfully. Registration ID: 6ab25d20e55f936bf5d96c18, Hotel: ganesh hotel, Email: ganesh@gmail.com
[2026-09-22 16:19:07] [INFO] info
[2026-09-22 16:20:00] [INFO] [SUBSCRIPTION] Expiry cron triggered
[2026-09-22 16:20:00] [INFO] ==================================================
[2026-09-22 16:20:00] [INFO] SUBSCRIPTION EXPIRY CRON STARTED
[2026-09-22 16:20:00] [INFO] ==================================================
[2026-09-22 16:20:00] [INFO] [SUBSCRIPTION] Current India Date: 2026-09-22
[2026-09-22 16:20:00] [INFO] [OVERSTAY] Cron triggered
[2026-09-22 16:20:00] [INFO] ==================================================
[2026-09-22 16:20:00] [INFO] OVERSTAY CRON STARTED
[2026-09-22 16:20:00] [INFO] ==================================================
[2026-09-22 16:20:00] [INFO] [OVERSTAY] Current India Date/Time: 22/09/2026 16:20:00
[2026-09-22 16:20:00] [INFO] [OVERSTAY] Timezone: Asia/Kolkata
[2026-09-22 16:20:00] [INFO] [OVERSTAY] Staying customers found: 0
[2026-09-22 16:20:00] [INFO] ==================================================
[2026-09-22 16:20:00] [INFO] OVERSTAY CRON COMPLETED
[2026-09-22 16:20:00] [INFO] ==================================================
[2026-09-22 16:20:00] [INFO] [SUBSCRIPTION] Subscriptions found: 2
[2026-09-22 16:20:00] [INFO] [SUBSCRIPTION] mani hotel | Expiry: 2026-10-16 | Days Remaining: 24
[2026-09-22 16:20:00] [INFO] [SUBSCRIPTION] hotel 2 | Expiry: 2026-10-17 | Days Remaining: 25
[2026-09-22 16:20:00] [INFO] ==================================================
[2026-09-22 16:20:00] [INFO] SUBSCRIPTION EXPIRY CRON COMPLETED
[2026-09-22 16:20:00] [INFO] ==================================================
[2026-09-22 16:20:40] [INFO] Hotel registrations retrieved successfully. Total registrations: 3
[2026-09-22 16:20:40] [INFO] Hotel registrations retrieved successfully. Total registrations: 3
[2026-09-22 16:20:42] [INFO] Hotel registrations retrieved successfully. Total registrations: 3
[2026-09-22 16:20:42] [INFO] Hotel registrations retrieved successfully. Total registrations: 3
[2026-09-22 16:21:00] [INFO] [SUBSCRIPTION] Expiry cron triggered
[2026-09-22 16:21:00] [INFO] ==================================================
[2026-09-22 16:21:00] [INFO] SUBSCRIPTION EXPIRY CRON STARTED
[2026-09-22 16:21:00] [INFO] ==================================================
[2026-09-22 16:21:00] [INFO] [SUBSCRIPTION] Current India Date: 2026-09-22
[2026-09-22 16:21:00] [INFO] [OVERSTAY] Cron triggered
[2026-09-22 16:21:00] [INFO] ==================================================
[2026-09-22 16:21:00] [INFO] OVERSTAY CRON STARTED
[2026-09-22 16:21:00] [INFO] ==================================================
[2026-09-22 16:21:00] [INFO] [OVERSTAY] Current India Date/Time: 22/09/2026 16:21:00
[2026-09-22 16:21:00] [INFO] [OVERSTAY] Timezone: Asia/Kolkata
[2026-09-22 16:21:00] [INFO] [OVERSTAY] Staying customers found: 0
[2026-09-22 16:21:00] [INFO] ==================================================
[2026-09-22 16:21:00] [INFO] OVERSTAY CRON COMPLETED
[2026-09-22 16:21:00] [INFO] ==================================================
[2026-09-22 16:21:00] [INFO] [SUBSCRIPTION] Subscriptions found: 2
[2026-09-22 16:21:00] [INFO] [SUBSCRIPTION] mani hotel | Expiry: 2026-10-16 | Days Remaining: 24
[2026-09-22 16:21:00] [INFO] [SUBSCRIPTION] hotel 2 | Expiry: 2026-10-17 | Days Remaining: 25
[2026-09-22 16:21:00] [INFO] ==================================================
[2026-09-22 16:21:00] [INFO] SUBSCRIPTION EXPIRY CRON COMPLETED
[2026-09-22 16:21:00] [INFO] ==================================================
[2026-09-22 16:22:00] [INFO] [OVERSTAY] Cron triggered
[2026-09-22 16:22:00] [INFO] ==================================================
[2026-09-22 16:22:00] [INFO] OVERSTAY CRON STARTED
[2026-09-22 16:22:00] [INFO] ==================================================
[2026-09-22 16:22:00] [INFO] [OVERSTAY] Current India Date/Time: 22/09/2026 16:22:00
[2026-09-22 16:22:00] [INFO] [OVERSTAY] Timezone: Asia/Kolkata
[2026-09-22 16:22:00] [INFO] [SUBSCRIPTION] Expiry cron triggered
[2026-09-22 16:22:00] [INFO] ==================================================
[2026-09-22 16:22:00] [INFO] SUBSCRIPTION EXPIRY CRON STARTED
[2026-09-22 16:22:00] [INFO] ==================================================
[2026-09-22 16:22:00] [INFO] [SUBSCRIPTION] Current India Date: 2026-09-22
[2026-09-22 16:22:00] [INFO] [OVERSTAY] Staying customers found: 0
[2026-09-22 16:22:00] [INFO] ==================================================
[2026-09-22 16:22:00] [INFO] OVERSTAY CRON COMPLETED
[2026-09-22 16:22:00] [INFO] ==================================================
[2026-09-22 16:22:00] [INFO] [SUBSCRIPTION] Subscriptions found: 2
[2026-09-22 16:22:00] [INFO] [SUBSCRIPTION] mani hotel | Expiry: 2026-10-16 | Days Remaining: 24
[2026-09-22 16:22:00] [INFO] [SUBSCRIPTION] hotel 2 | Expiry: 2026-10-17 | Days Remaining: 25
[2026-09-22 16:22:00] [INFO] ==================================================
[2026-09-22 16:22:00] [INFO] SUBSCRIPTION EXPIRY CRON COMPLETED
[2026-09-22 16:22:00] [INFO] ==================================================
[2026-09-22 16:22:08] [INFO] SaaS notification marked as read: 6ab25d23e55f936bf5d96c19
[2026-09-22 16:22:09] [INFO] Hotel registrations retrieved successfully. Total registrations: 3
[2026-09-22 16:22:09] [INFO] Hotel registrations retrieved successfully. Total registrations: 3
[2026-09-22 16:22:33] [INFO] Hotel registrations retrieved successfully. Total registrations: 3
[2026-09-22 16:22:33] [INFO] Hotel registrations retrieved successfully. Total registrations: 3
[2026-09-22 16:22:52] [INFO] Hotel registrations retrieved successfully. Total registrations: 3
[2026-09-22 16:22:52] [INFO] Hotel registrations retrieved successfully. Total registrations: 3
[2026-09-22 16:22:55] [INFO] Hotel registration approved successfully. Registration ID: 6ab25d20e55f936bf5d96c18, Hotel ID: 6ab25e07e55f936bf5d96c1a, Subscription ID: 6ab25e07e55f936bf5d96c1b, Branch ID: 6ab25e07e55f936bf5d96c1c, Owner User ID: 6ab25e07e55f936bf5d96c1d
[2026-09-22 16:22:57] [INFO] Hotel registrations retrieved successfully. Total registrations: 3
[2026-09-22 16:22:57] [INFO] Hotel registrations retrieved successfully. Total registrations: 3
[2026-09-22 16:23:00] [INFO] [OVERSTAY] Cron triggered
[2026-09-22 16:23:00] [INFO] ==================================================
[2026-09-22 16:23:00] [INFO] OVERSTAY CRON STARTED
[2026-09-22 16:23:00] [INFO] ==================================================
[2026-09-22 16:23:00] [INFO] [OVERSTAY] Current India Date/Time: 22/09/2026 16:23:00
[2026-09-22 16:23:00] [INFO] [OVERSTAY] Timezone: Asia/Kolkata
[2026-09-22 16:23:00] [INFO] [SUBSCRIPTION] Expiry cron triggered
[2026-09-22 16:23:00] [INFO] ==================================================
[2026-09-22 16:23:00] [INFO] SUBSCRIPTION EXPIRY CRON STARTED
[2026-09-22 16:23:00] [INFO] ==================================================
[2026-09-22 16:23:00] [INFO] [SUBSCRIPTION] Current India Date: 2026-09-22
[2026-09-22 16:23:00] [INFO] [OVERSTAY] Staying customers found: 0
[2026-09-22 16:23:00] [INFO] ==================================================
[2026-09-22 16:23:00] [INFO] OVERSTAY CRON COMPLETED
[2026-09-22 16:23:00] [INFO] ==================================================
[2026-09-22 16:23:00] [INFO] [SUBSCRIPTION] Subscriptions found: 3
[2026-09-22 16:23:00] [INFO] [SUBSCRIPTION] mani hotel | Expiry: 2026-10-16 | Days Remaining: 24
[2026-09-22 16:23:00] [INFO] [SUBSCRIPTION] hotel 2 | Expiry: 2026-10-17 | Days Remaining: 25
[2026-09-22 16:23:00] [INFO] [SUBSCRIPTION] ganesh hotel | Expiry: 2026-10-22 | Days Remaining: 30
[2026-09-22 16:23:00] [INFO] ==================================================
[2026-09-22 16:23:00] [INFO] SUBSCRIPTION EXPIRY CRON COMPLETED
[2026-09-22 16:23:00] [INFO] ==================================================
[2026-09-22 16:23:14] [INFO] Hotel registrations retrieved successfully. Total registrations: 3
[2026-09-22 16:23:14] [INFO] Hotel registrations retrieved successfully. Total registrations: 3
[2026-09-22 16:24:00] [INFO] [SUBSCRIPTION] Expiry cron triggered
[2026-09-22 16:24:00] [INFO] ==================================================
[2026-09-22 16:24:00] [INFO] SUBSCRIPTION EXPIRY CRON STARTED
[2026-09-22 16:24:00] [INFO] ==================================================
[2026-09-22 16:24:00] [INFO] [SUBSCRIPTION] Current India Date: 2026-09-22
[2026-09-22 16:24:00] [INFO] [OVERSTAY] Cron triggered
[2026-09-22 16:24:00] [INFO] ==================================================
[2026-09-22 16:24:00] [INFO] OVERSTAY CRON STARTED
[2026-09-22 16:24:00] [INFO] ==================================================
[2026-09-22 16:24:00] [INFO] [OVERSTAY] Current India Date/Time: 22/09/2026 16:24:00
[2026-09-22 16:24:00] [INFO] [OVERSTAY] Timezone: Asia/Kolkata
[2026-09-22 16:24:00] [INFO] [OVERSTAY] Staying customers found: 0
[2026-09-22 16:24:00] [INFO] ==================================================
[2026-09-22 16:24:00] [INFO] OVERSTAY CRON COMPLETED
[2026-09-22 16:24:00] [INFO] ==================================================
[2026-09-22 16:24:00] [INFO] [SUBSCRIPTION] Subscriptions found: 3
[2026-09-22 16:24:00] [INFO] [SUBSCRIPTION] mani hotel | Expiry: 2026-10-16 | Days Remaining: 24
[2026-09-22 16:24:00] [INFO] [SUBSCRIPTION] hotel 2 | Expiry: 2026-10-17 | Days Remaining: 25
[2026-09-22 16:24:00] [INFO] [SUBSCRIPTION] ganesh hotel | Expiry: 2026-10-22 | Days Remaining: 30
[2026-09-22 16:24:00] [INFO] ==================================================
[2026-09-22 16:24:00] [INFO] SUBSCRIPTION EXPIRY CRON COMPLETED
[2026-09-22 16:24:00] [INFO] ==================================================
[2026-09-22 16:24:04] [INFO] New hotel registration created successfully. Registration ID: 6ab25e4ce55f936bf5d96c1e, Hotel: murugan hotel, Email: murugan@gmail.com
[2026-09-22 16:24:08] [INFO] info
[2026-09-22 16:24:15] [INFO] Hotel registrations retrieved successfully. Total registrations: 4
[2026-09-22 16:24:15] [INFO] Hotel registrations retrieved successfully. Total registrations: 4
[2026-09-22 16:24:21] [INFO] SaaS notification marked as read: 6ab25e50e55f936bf5d96c1f
[2026-09-22 16:24:21] [INFO] Hotel registrations retrieved successfully. Total registrations: 4
[2026-09-22 16:24:21] [INFO] Hotel registrations retrieved successfully. Total registrations: 4
[2026-09-22 16:24:38] [INFO] Hotel registration rejected successfully. Registration ID: 6ab25e4ce55f936bf5d96c1e, Reason: payment_reversal
[2026-09-22 16:24:38] [INFO] Hotel registrations retrieved successfully. Total registrations: 4
[2026-09-22 16:24:41] [INFO] Hotel registrations retrieved successfully. Total registrations: 4
[2026-09-22 16:24:42] [INFO] Hotel registrations retrieved successfully. Total registrations: 4
[2026-09-22 16:24:56] [INFO] Hotel registrations retrieved successfully. Total registrations: 4
[2026-09-22 16:24:57] [INFO] Hotel registrations retrieved successfully. Total registrations: 4
[2026-09-22 16:24:57] [INFO] Hotel registrations retrieved successfully. Total registrations: 4
[2026-09-22 16:24:58] [INFO] Hotel registrations retrieved successfully. Total registrations: 4
[2026-09-22 16:25:00] [INFO] [OVERSTAY] Cron triggered
[2026-09-22 16:25:00] [INFO] ==================================================
[2026-09-22 16:25:00] [INFO] OVERSTAY CRON STARTED
[2026-09-22 16:25:00] [INFO] ==================================================
[2026-09-22 16:25:00] [INFO] [OVERSTAY] Current India Date/Time: 22/09/2026 16:25:00
[2026-09-22 16:25:00] [INFO] [OVERSTAY] Timezone: Asia/Kolkata
[2026-09-22 16:25:00] [INFO] [SUBSCRIPTION] Expiry cron triggered
[2026-09-22 16:25:00] [INFO] ==================================================
[2026-09-22 16:25:00] [INFO] SUBSCRIPTION EXPIRY CRON STARTED
[2026-09-22 16:25:00] [INFO] ==================================================
[2026-09-22 16:25:00] [INFO] [SUBSCRIPTION] Current India Date: 2026-09-22
[2026-09-22 16:25:00] [INFO] [OVERSTAY] Staying customers found: 0
[2026-09-22 16:25:00] [INFO] ==================================================
[2026-09-22 16:25:00] [INFO] OVERSTAY CRON COMPLETED
[2026-09-22 16:25:00] [INFO] ==================================================
[2026-09-22 16:25:00] [INFO] [SUBSCRIPTION] Subscriptions found: 3
[2026-09-22 16:25:00] [INFO] [SUBSCRIPTION] mani hotel | Expiry: 2026-10-16 | Days Remaining: 24
[2026-09-22 16:25:00] [INFO] [SUBSCRIPTION] hotel 2 | Expiry: 2026-10-17 | Days Remaining: 25
[2026-09-22 16:25:00] [INFO] [SUBSCRIPTION] ganesh hotel | Expiry: 2026-10-22 | Days Remaining: 30
[2026-09-22 16:25:00] [INFO] ==================================================
[2026-09-22 16:25:00] [INFO] SUBSCRIPTION EXPIRY CRON COMPLETED
[2026-09-22 16:25:00] [INFO] ==================================================
[2026-09-22 16:25:00] [INFO] Hotel registrations retrieved successfully. Total registrations: 4
[2026-09-22 16:25:00] [INFO] Hotel registrations retrieved successfully. Total registrations: 4
[2026-09-22 16:26:00] [INFO] [SUBSCRIPTION] Expiry cron triggered
[2026-09-22 16:26:00] [INFO] ==================================================
[2026-09-22 16:26:00] [INFO] SUBSCRIPTION EXPIRY CRON STARTED
[2026-09-22 16:26:00] [INFO] ==================================================
[2026-09-22 16:26:00] [INFO] [SUBSCRIPTION] Current India Date: 2026-09-22
[2026-09-22 16:26:00] [INFO] [OVERSTAY] Cron triggered
[2026-09-22 16:26:00] [INFO] ==================================================
[2026-09-22 16:26:00] [INFO] OVERSTAY CRON STARTED
[2026-09-22 16:26:00] [INFO] ==================================================
[2026-09-22 16:26:00] [INFO] [OVERSTAY] Current India Date/Time: 22/09/2026 16:26:00
[2026-09-22 16:26:00] [INFO] [OVERSTAY] Timezone: Asia/Kolkata
[2026-09-22 16:26:00] [INFO] [OVERSTAY] Staying customers found: 0
[2026-09-22 16:26:00] [INFO] ==================================================
[2026-09-22 16:26:00] [INFO] OVERSTAY CRON COMPLETED
[2026-09-22 16:26:00] [INFO] ==================================================
[2026-09-22 16:26:00] [INFO] [SUBSCRIPTION] Subscriptions found: 3
[2026-09-22 16:26:00] [INFO] [SUBSCRIPTION] mani hotel | Expiry: 2026-10-16 | Days Remaining: 24
[2026-09-22 16:26:00] [INFO] [SUBSCRIPTION] hotel 2 | Expiry: 2026-10-17 | Days Remaining: 25
[2026-09-22 16:26:00] [INFO] [SUBSCRIPTION] ganesh hotel | Expiry: 2026-10-22 | Days Remaining: 30
[2026-09-22 16:26:00] [INFO] ==================================================
[2026-09-22 16:26:00] [INFO] SUBSCRIPTION EXPIRY CRON COMPLETED
[2026-09-22 16:26:00] [INFO] ==================================================
[2026-09-22 16:27:00] [INFO] [OVERSTAY] Cron triggered
[2026-09-22 16:27:00] [INFO] ==================================================
[2026-09-22 16:27:00] [INFO] OVERSTAY CRON STARTED
[2026-09-22 16:27:00] [INFO] ==================================================
[2026-09-22 16:27:00] [INFO] [OVERSTAY] Current India Date/Time: 22/09/2026 16:27:00
[2026-09-22 16:27:00] [INFO] [OVERSTAY] Timezone: Asia/Kolkata
[2026-09-22 16:27:00] [INFO] [SUBSCRIPTION] Expiry cron triggered
[2026-09-22 16:27:00] [INFO] ==================================================
[2026-09-22 16:27:00] [INFO] SUBSCRIPTION EXPIRY CRON STARTED
[2026-09-22 16:27:00] [INFO] ==================================================
[2026-09-22 16:27:00] [INFO] [SUBSCRIPTION] Current India Date: 2026-09-22
[2026-09-22 16:27:00] [INFO] [OVERSTAY] Staying customers found: 0
[2026-09-22 16:27:00] [INFO] ==================================================
[2026-09-22 16:27:00] [INFO] OVERSTAY CRON COMPLETED
[2026-09-22 16:27:00] [INFO] ==================================================
[2026-09-22 16:27:00] [INFO] [SUBSCRIPTION] Subscriptions found: 3
[2026-09-22 16:27:00] [INFO] [SUBSCRIPTION] mani hotel | Expiry: 2026-10-16 | Days Remaining: 24
[2026-09-22 16:27:00] [INFO] [SUBSCRIPTION] hotel 2 | Expiry: 2026-10-17 | Days Remaining: 25
[2026-09-22 16:27:00] [INFO] [SUBSCRIPTION] ganesh hotel | Expiry: 2026-10-22 | Days Remaining: 30
[2026-09-22 16:27:00] [INFO] ==================================================
[2026-09-22 16:27:00] [INFO] SUBSCRIPTION EXPIRY CRON COMPLETED
[2026-09-22 16:27:00] [INFO] ==================================================
[2026-09-22 16:28:00] [INFO] [OVERSTAY] Cron triggered
[2026-09-22 16:28:00] [INFO] ==================================================
[2026-09-22 16:28:00] [INFO] OVERSTAY CRON STARTED
[2026-09-22 16:28:00] [INFO] ==================================================
[2026-09-22 16:28:00] [INFO] [OVERSTAY] Current India Date/Time: 22/09/2026 16:28:00
[2026-09-22 16:28:00] [INFO] [OVERSTAY] Timezone: Asia/Kolkata
[2026-09-22 16:28:00] [INFO] [SUBSCRIPTION] Expiry cron triggered
[2026-09-22 16:28:00] [INFO] ==================================================
[2026-09-22 16:28:00] [INFO] SUBSCRIPTION EXPIRY CRON STARTED
[2026-09-22 16:28:00] [INFO] ==================================================
[2026-09-22 16:28:00] [INFO] [SUBSCRIPTION] Current India Date: 2026-09-22
[2026-09-22 16:28:00] [INFO] [OVERSTAY] Staying customers found: 0
[2026-09-22 16:28:00] [INFO] ==================================================
[2026-09-22 16:28:00] [INFO] OVERSTAY CRON COMPLETED
[2026-09-22 16:28:00] [INFO] ==================================================
[2026-09-22 16:28:00] [INFO] [SUBSCRIPTION] Subscriptions found: 3
[2026-09-22 16:28:00] [INFO] [SUBSCRIPTION] mani hotel | Expiry: 2026-10-16 | Days Remaining: 24
[2026-09-22 16:28:00] [INFO] [SUBSCRIPTION] hotel 2 | Expiry: 2026-10-17 | Days Remaining: 25
[2026-09-22 16:28:00] [INFO] [SUBSCRIPTION] ganesh hotel | Expiry: 2026-10-22 | Days Remaining: 30
[2026-09-22 16:28:00] [INFO] ==================================================
[2026-09-22 16:28:00] [INFO] SUBSCRIPTION EXPIRY CRON COMPLETED
[2026-09-22 16:28:00] [INFO] ==================================================
[2026-09-22 16:29:00] [INFO] [OVERSTAY] Cron triggered
[2026-09-22 16:29:00] [INFO] ==================================================
[2026-09-22 16:29:00] [INFO] OVERSTAY CRON STARTED
[2026-09-22 16:29:00] [INFO] ==================================================
[2026-09-22 16:29:00] [INFO] [OVERSTAY] Current India Date/Time: 22/09/2026 16:29:00
[2026-09-22 16:29:00] [INFO] [OVERSTAY] Timezone: Asia/Kolkata
[2026-09-22 16:29:00] [INFO] [SUBSCRIPTION] Expiry cron triggered
[2026-09-22 16:29:00] [INFO] ==================================================
[2026-09-22 16:29:00] [INFO] SUBSCRIPTION EXPIRY CRON STARTED
[2026-09-22 16:29:00] [INFO] ==================================================
[2026-09-22 16:29:00] [INFO] [SUBSCRIPTION] Current India Date: 2026-09-22
[2026-09-22 16:29:00] [INFO] [OVERSTAY] Staying customers found: 0
[2026-09-22 16:29:00] [INFO] ==================================================
[2026-09-22 16:29:00] [INFO] OVERSTAY CRON COMPLETED
[2026-09-22 16:29:00] [INFO] ==================================================
[2026-09-22 16:29:00] [INFO] [SUBSCRIPTION] Subscriptions found: 3
[2026-09-22 16:29:00] [INFO] [SUBSCRIPTION] mani hotel | Expiry: 2026-10-16 | Days Remaining: 24
[2026-09-22 16:29:00] [INFO] [SUBSCRIPTION] hotel 2 | Expiry: 2026-10-17 | Days Remaining: 25
[2026-09-22 16:29:00] [INFO] [SUBSCRIPTION] ganesh hotel | Expiry: 2026-10-22 | Days Remaining: 30
[2026-09-22 16:29:00] [INFO] ==================================================
[2026-09-22 16:29:00] [INFO] SUBSCRIPTION EXPIRY CRON COMPLETED
[2026-09-22 16:29:00] [INFO] ==================================================
[2026-09-22 16:30:00] [INFO] [OVERSTAY] Cron triggered
[2026-09-22 16:30:00] [INFO] ==================================================
[2026-09-22 16:30:00] [INFO] OVERSTAY CRON STARTED
[2026-09-22 16:30:00] [INFO] ==================================================
[2026-09-22 16:30:00] [INFO] [OVERSTAY] Current India Date/Time: 22/09/2026 16:30:00
[2026-09-22 16:30:00] [INFO] [OVERSTAY] Timezone: Asia/Kolkata
[2026-09-22 16:30:00] [INFO] [SUBSCRIPTION] Expiry cron triggered
[2026-09-22 16:30:00] [INFO] ==================================================
[2026-09-22 16:30:00] [INFO] SUBSCRIPTION EXPIRY CRON STARTED
[2026-09-22 16:30:00] [INFO] ==================================================
[2026-09-22 16:30:00] [INFO] [SUBSCRIPTION] Current India Date: 2026-09-22
[2026-09-22 16:30:00] [INFO] [OVERSTAY] Staying customers found: 0
[2026-09-22 16:30:00] [INFO] ==================================================
[2026-09-22 16:30:00] [INFO] OVERSTAY CRON COMPLETED
[2026-09-22 16:30:00] [INFO] ==================================================
[2026-09-22 16:30:00] [INFO] [SUBSCRIPTION] Subscriptions found: 3
[2026-09-22 16:30:00] [INFO] [SUBSCRIPTION] mani hotel | Expiry: 2026-10-16 | Days Remaining: 24
[2026-09-22 16:30:00] [INFO] [SUBSCRIPTION] hotel 2 | Expiry: 2026-10-17 | Days Remaining: 25
[2026-09-22 16:30:00] [INFO] [SUBSCRIPTION] ganesh hotel | Expiry: 2026-10-22 | Days Remaining: 30
[2026-09-22 16:30:00] [INFO] ==================================================
[2026-09-22 16:30:00] [INFO] SUBSCRIPTION EXPIRY CRON COMPLETED
[2026-09-22 16:30:00] [INFO] ==================================================
[2026-09-22 16:31:00] [INFO] [OVERSTAY] Cron triggered
[2026-09-22 16:31:00] [INFO] ==================================================
[2026-09-22 16:31:00] [INFO] OVERSTAY CRON STARTED
[2026-09-22 16:31:00] [INFO] ==================================================
[2026-09-22 16:31:00] [INFO] [OVERSTAY] Current India Date/Time: 22/09/2026 16:31:00
[2026-09-22 16:31:00] [INFO] [OVERSTAY] Timezone: Asia/Kolkata
[2026-09-22 16:31:00] [INFO] [SUBSCRIPTION] Expiry cron triggered
[2026-09-22 16:31:00] [INFO] ==================================================
[2026-09-22 16:31:00] [INFO] SUBSCRIPTION EXPIRY CRON STARTED
[2026-09-22 16:31:00] [INFO] ==================================================
[2026-09-22 16:31:00] [INFO] [SUBSCRIPTION] Current India Date: 2026-09-22
[2026-09-22 16:31:00] [INFO] [OVERSTAY] Staying customers found: 0
[2026-09-22 16:31:00] [INFO] ==================================================
[2026-09-22 16:31:00] [INFO] OVERSTAY CRON COMPLETED
[2026-09-22 16:31:00] [INFO] ==================================================
[2026-09-22 16:31:00] [INFO] [SUBSCRIPTION] Subscriptions found: 3
[2026-09-22 16:31:00] [INFO] [SUBSCRIPTION] mani hotel | Expiry: 2026-10-16 | Days Remaining: 24
[2026-09-22 16:31:00] [INFO] [SUBSCRIPTION] hotel 2 | Expiry: 2026-10-17 | Days Remaining: 25
[2026-09-22 16:31:00] [INFO] [SUBSCRIPTION] ganesh hotel | Expiry: 2026-10-22 | Days Remaining: 30
[2026-09-22 16:31:00] [INFO] ==================================================
[2026-09-22 16:31:00] [INFO] SUBSCRIPTION EXPIRY CRON COMPLETED
[2026-09-22 16:31:00] [INFO] ==================================================
[2026-09-22 16:32:00] [INFO] [OVERSTAY] Cron triggered
[2026-09-22 16:32:00] [INFO] ==================================================
[2026-09-22 16:32:00] [INFO] OVERSTAY CRON STARTED
[2026-09-22 16:32:00] [INFO] ==================================================
[2026-09-22 16:32:00] [INFO] [OVERSTAY] Current India Date/Time: 22/09/2026 16:32:00
[2026-09-22 16:32:00] [INFO] [OVERSTAY] Timezone: Asia/Kolkata
[2026-09-22 16:32:00] [INFO] [SUBSCRIPTION] Expiry cron triggered
[2026-09-22 16:32:00] [INFO] ==================================================
[2026-09-22 16:32:00] [INFO] SUBSCRIPTION EXPIRY CRON STARTED
[2026-09-22 16:32:00] [INFO] ==================================================
[2026-09-22 16:32:00] [INFO] [SUBSCRIPTION] Current India Date: 2026-09-22
[2026-09-22 16:32:00] [INFO] [OVERSTAY] Staying customers found: 0
[2026-09-22 16:32:00] [INFO] ==================================================
[2026-09-22 16:32:00] [INFO] OVERSTAY CRON COMPLETED
[2026-09-22 16:32:00] [INFO] ==================================================
[2026-09-22 16:32:00] [INFO] [SUBSCRIPTION] Subscriptions found: 3
[2026-09-22 16:32:00] [INFO] [SUBSCRIPTION] mani hotel | Expiry: 2026-10-16 | Days Remaining: 24
[2026-09-22 16:32:00] [INFO] [SUBSCRIPTION] hotel 2 | Expiry: 2026-10-17 | Days Remaining: 25
[2026-09-22 16:32:00] [INFO] [SUBSCRIPTION] ganesh hotel | Expiry: 2026-10-22 | Days Remaining: 30
[2026-09-22 16:32:00] [INFO] ==================================================
[2026-09-22 16:32:00] [INFO] SUBSCRIPTION EXPIRY CRON COMPLETED
[2026-09-22 16:32:00] [INFO] ==================================================
[2026-09-22 16:33:00] [INFO] [SUBSCRIPTION] Expiry cron triggered
[2026-09-22 16:33:00] [INFO] ==================================================
[2026-09-22 16:33:00] [INFO] SUBSCRIPTION EXPIRY CRON STARTED
[2026-09-22 16:33:00] [INFO] ==================================================
[2026-09-22 16:33:00] [INFO] [SUBSCRIPTION] Current India Date: 2026-09-22
[2026-09-22 16:33:00] [INFO] [OVERSTAY] Cron triggered
[2026-09-22 16:33:00] [INFO] ==================================================
[2026-09-22 16:33:00] [INFO] OVERSTAY CRON STARTED
[2026-09-22 16:33:00] [INFO] ==================================================
[2026-09-22 16:33:00] [INFO] [OVERSTAY] Current India Date/Time: 22/09/2026 16:33:00
[2026-09-22 16:33:00] [INFO] [OVERSTAY] Timezone: Asia/Kolkata
[2026-09-22 16:33:00] [INFO] [OVERSTAY] Staying customers found: 0
[2026-09-22 16:33:00] [INFO] ==================================================
[2026-09-22 16:33:00] [INFO] OVERSTAY CRON COMPLETED
[2026-09-22 16:33:00] [INFO] ==================================================
[2026-09-22 16:33:00] [INFO] [SUBSCRIPTION] Subscriptions found: 3
[2026-09-22 16:33:00] [INFO] [SUBSCRIPTION] mani hotel | Expiry: 2026-10-16 | Days Remaining: 24
[2026-09-22 16:33:00] [INFO] [SUBSCRIPTION] hotel 2 | Expiry: 2026-10-17 | Days Remaining: 25
[2026-09-22 16:33:00] [INFO] [SUBSCRIPTION] ganesh hotel | Expiry: 2026-10-22 | Days Remaining: 30
[2026-09-22 16:33:00] [INFO] ==================================================
[2026-09-22 16:33:00] [INFO] SUBSCRIPTION EXPIRY CRON COMPLETED
[2026-09-22 16:33:00] [INFO] ==================================================
[2026-09-22 16:34:00] [INFO] [SUBSCRIPTION] Expiry cron triggered
[2026-09-22 16:34:00] [INFO] ==================================================
[2026-09-22 16:34:00] [INFO] SUBSCRIPTION EXPIRY CRON STARTED
[2026-09-22 16:34:00] [INFO] ==================================================
[2026-09-22 16:34:00] [INFO] [SUBSCRIPTION] Current India Date: 2026-09-22
[2026-09-22 16:34:00] [INFO] [OVERSTAY] Cron triggered
[2026-09-22 16:34:00] [INFO] ==================================================
[2026-09-22 16:34:00] [INFO] OVERSTAY CRON STARTED
[2026-09-22 16:34:00] [INFO] ==================================================
[2026-09-22 16:34:00] [INFO] [OVERSTAY] Current India Date/Time: 22/09/2026 16:34:00
[2026-09-22 16:34:00] [INFO] [OVERSTAY] Timezone: Asia/Kolkata
[2026-09-22 16:34:00] [INFO] [OVERSTAY] Staying customers found: 0
[2026-09-22 16:34:00] [INFO] ==================================================
[2026-09-22 16:34:00] [INFO] OVERSTAY CRON COMPLETED
[2026-09-22 16:34:00] [INFO] ==================================================
[2026-09-22 16:34:00] [INFO] [SUBSCRIPTION] Subscriptions found: 3
[2026-09-22 16:34:00] [INFO] [SUBSCRIPTION] mani hotel | Expiry: 2026-10-16 | Days Remaining: 24
[2026-09-22 16:34:00] [INFO] [SUBSCRIPTION] hotel 2 | Expiry: 2026-10-17 | Days Remaining: 25
[2026-09-22 16:34:00] [INFO] [SUBSCRIPTION] ganesh hotel | Expiry: 2026-10-22 | Days Remaining: 30
[2026-09-22 16:34:00] [INFO] ==================================================
[2026-09-22 16:34:00] [INFO] SUBSCRIPTION EXPIRY CRON COMPLETED
[2026-09-22 16:34:00] [INFO] ==================================================
[2026-09-22 16:35:00] [INFO] [SUBSCRIPTION] Expiry cron triggered
[2026-09-22 16:35:00] [INFO] ==================================================
[2026-09-22 16:35:00] [INFO] SUBSCRIPTION EXPIRY CRON STARTED
[2026-09-22 16:35:00] [INFO] ==================================================
[2026-09-22 16:35:00] [INFO] [SUBSCRIPTION] Current India Date: 2026-09-22
[2026-09-22 16:35:00] [INFO] [OVERSTAY] Cron triggered
[2026-09-22 16:35:00] [INFO] ==================================================
[2026-09-22 16:35:00] [INFO] OVERSTAY CRON STARTED
[2026-09-22 16:35:00] [INFO] ==================================================
[2026-09-22 16:35:00] [INFO] [OVERSTAY] Current India Date/Time: 22/09/2026 16:35:00
[2026-09-22 16:35:00] [INFO] [OVERSTAY] Timezone: Asia/Kolkata
[2026-09-22 16:35:00] [INFO] [OVERSTAY] Staying customers found: 0
[2026-09-22 16:35:00] [INFO] ==================================================
[2026-09-22 16:35:00] [INFO] OVERSTAY CRON COMPLETED
[2026-09-22 16:35:00] [INFO] ==================================================
[2026-09-22 16:35:00] [INFO] [SUBSCRIPTION] Subscriptions found: 3
[2026-09-22 16:35:00] [INFO] [SUBSCRIPTION] mani hotel | Expiry: 2026-10-16 | Days Remaining: 24
[2026-09-22 16:35:00] [INFO] [SUBSCRIPTION] hotel 2 | Expiry: 2026-10-17 | Days Remaining: 25
[2026-09-22 16:35:00] [INFO] [SUBSCRIPTION] ganesh hotel | Expiry: 2026-10-22 | Days Remaining: 30
[2026-09-22 16:35:00] [INFO] ==================================================
[2026-09-22 16:35:00] [INFO] SUBSCRIPTION EXPIRY CRON COMPLETED
[2026-09-22 16:35:00] [INFO] ==================================================
[2026-09-22 16:36:00] [INFO] [SUBSCRIPTION] Expiry cron triggered
[2026-09-22 16:36:00] [INFO] ==================================================
[2026-09-22 16:36:00] [INFO] SUBSCRIPTION EXPIRY CRON STARTED
[2026-09-22 16:36:00] [INFO] ==================================================
[2026-09-22 16:36:00] [INFO] [SUBSCRIPTION] Current India Date: 2026-09-22
[2026-09-22 16:36:00] [INFO] [OVERSTAY] Cron triggered
[2026-09-22 16:36:00] [INFO] ==================================================
[2026-09-22 16:36:00] [INFO] OVERSTAY CRON STARTED
[2026-09-22 16:36:00] [INFO] ==================================================
[2026-09-22 16:36:00] [INFO] [OVERSTAY] Current India Date/Time: 22/09/2026 16:36:00
[2026-09-22 16:36:00] [INFO] [OVERSTAY] Timezone: Asia/Kolkata
[2026-09-22 16:36:00] [INFO] [OVERSTAY] Staying customers found: 0
[2026-09-22 16:36:00] [INFO] ==================================================
[2026-09-22 16:36:00] [INFO] OVERSTAY CRON COMPLETED
[2026-09-22 16:36:00] [INFO] ==================================================
[2026-09-22 16:36:00] [INFO] [SUBSCRIPTION] Subscriptions found: 3
[2026-09-22 16:36:00] [INFO] [SUBSCRIPTION] mani hotel | Expiry: 2026-10-16 | Days Remaining: 24
[2026-09-22 16:36:00] [INFO] [SUBSCRIPTION] hotel 2 | Expiry: 2026-10-17 | Days Remaining: 25
[2026-09-22 16:36:00] [INFO] [SUBSCRIPTION] ganesh hotel | Expiry: 2026-10-22 | Days Remaining: 30
[2026-09-22 16:36:00] [INFO] ==================================================
[2026-09-22 16:36:00] [INFO] SUBSCRIPTION EXPIRY CRON COMPLETED
[2026-09-22 16:36:00] [INFO] ==================================================
[2026-09-22 16:37:00] [INFO] [SUBSCRIPTION] Expiry cron triggered
[2026-09-22 16:37:00] [INFO] ==================================================
[2026-09-22 16:37:00] [INFO] SUBSCRIPTION EXPIRY CRON STARTED
[2026-09-22 16:37:00] [INFO] ==================================================
[2026-09-22 16:37:00] [INFO] [SUBSCRIPTION] Current India Date: 2026-09-22
[2026-09-22 16:37:00] [INFO] [OVERSTAY] Cron triggered
[2026-09-22 16:37:00] [INFO] ==================================================
[2026-09-22 16:37:00] [INFO] OVERSTAY CRON STARTED
[2026-09-22 16:37:00] [INFO] ==================================================
[2026-09-22 16:37:00] [INFO] [OVERSTAY] Current India Date/Time: 22/09/2026 16:37:00
[2026-09-22 16:37:00] [INFO] [OVERSTAY] Timezone: Asia/Kolkata
[2026-09-22 16:37:00] [INFO] [OVERSTAY] Staying customers found: 0
[2026-09-22 16:37:00] [INFO] ==================================================
[2026-09-22 16:37:00] [INFO] OVERSTAY CRON COMPLETED
[2026-09-22 16:37:00] [INFO] ==================================================
[2026-09-22 16:37:00] [INFO] [SUBSCRIPTION] Subscriptions found: 3
[2026-09-22 16:37:00] [INFO] [SUBSCRIPTION] mani hotel | Expiry: 2026-10-16 | Days Remaining: 24
[2026-09-22 16:37:00] [INFO] [SUBSCRIPTION] hotel 2 | Expiry: 2026-10-17 | Days Remaining: 25
[2026-09-22 16:37:00] [INFO] [SUBSCRIPTION] ganesh hotel | Expiry: 2026-10-22 | Days Remaining: 30
[2026-09-22 16:37:00] [INFO] ==================================================
[2026-09-22 16:37:00] [INFO] SUBSCRIPTION EXPIRY CRON COMPLETED
[2026-09-22 16:37:00] [INFO] ==================================================
[2026-09-22 16:38:00] [INFO] [SUBSCRIPTION] Expiry cron triggered
[2026-09-22 16:38:00] [INFO] ==================================================
[2026-09-22 16:38:00] [INFO] SUBSCRIPTION EXPIRY CRON STARTED
[2026-09-22 16:38:00] [INFO] ==================================================
[2026-09-22 16:38:00] [INFO] [SUBSCRIPTION] Current India Date: 2026-09-22
[2026-09-22 16:38:00] [INFO] [OVERSTAY] Cron triggered
[2026-09-22 16:38:00] [INFO] ==================================================
[2026-09-22 16:38:00] [INFO] OVERSTAY CRON STARTED
[2026-09-22 16:38:00] [INFO] ==================================================
[2026-09-22 16:38:00] [INFO] [OVERSTAY] Current India Date/Time: 22/09/2026 16:38:00
[2026-09-22 16:38:00] [INFO] [OVERSTAY] Timezone: Asia/Kolkata
[2026-09-22 16:38:00] [INFO] [OVERSTAY] Staying customers found: 0
[2026-09-22 16:38:00] [INFO] ==================================================
[2026-09-22 16:38:00] [INFO] OVERSTAY CRON COMPLETED
[2026-09-22 16:38:00] [INFO] ==================================================
[2026-09-22 16:38:00] [INFO] [SUBSCRIPTION] Subscriptions found: 3
[2026-09-22 16:38:00] [INFO] [SUBSCRIPTION] mani hotel | Expiry: 2026-10-16 | Days Remaining: 24
[2026-09-22 16:38:00] [INFO] [SUBSCRIPTION] hotel 2 | Expiry: 2026-10-17 | Days Remaining: 25
[2026-09-22 16:38:00] [INFO] [SUBSCRIPTION] ganesh hotel | Expiry: 2026-10-22 | Days Remaining: 30
[2026-09-22 16:38:00] [INFO] ==================================================
[2026-09-22 16:38:00] [INFO] SUBSCRIPTION EXPIRY CRON COMPLETED
[2026-09-22 16:38:00] [INFO] ==================================================
[2026-09-22 16:39:00] [INFO] [OVERSTAY] Cron triggered
[2026-09-22 16:39:00] [INFO] ==================================================
[2026-09-22 16:39:00] [INFO] OVERSTAY CRON STARTED
[2026-09-22 16:39:00] [INFO] ==================================================
[2026-09-22 16:39:00] [INFO] [OVERSTAY] Current India Date/Time: 22/09/2026 16:39:00
[2026-09-22 16:39:00] [INFO] [OVERSTAY] Timezone: Asia/Kolkata
[2026-09-22 16:39:00] [INFO] [SUBSCRIPTION] Expiry cron triggered
[2026-09-22 16:39:00] [INFO] ==================================================
[2026-09-22 16:39:00] [INFO] SUBSCRIPTION EXPIRY CRON STARTED
[2026-09-22 16:39:00] [INFO] ==================================================
[2026-09-22 16:39:00] [INFO] [SUBSCRIPTION] Current India Date: 2026-09-22
[2026-09-22 16:39:00] [INFO] [OVERSTAY] Staying customers found: 0
[2026-09-22 16:39:00] [INFO] ==================================================
[2026-09-22 16:39:00] [INFO] OVERSTAY CRON COMPLETED
[2026-09-22 16:39:00] [INFO] ==================================================
[2026-09-22 16:39:00] [INFO] [SUBSCRIPTION] Subscriptions found: 3
[2026-09-22 16:39:00] [INFO] [SUBSCRIPTION] mani hotel | Expiry: 2026-10-16 | Days Remaining: 24
[2026-09-22 16:39:00] [INFO] [SUBSCRIPTION] hotel 2 | Expiry: 2026-10-17 | Days Remaining: 25
[2026-09-22 16:39:00] [INFO] [SUBSCRIPTION] ganesh hotel | Expiry: 2026-10-22 | Days Remaining: 30
[2026-09-22 16:39:00] [INFO] ==================================================
[2026-09-22 16:39:00] [INFO] SUBSCRIPTION EXPIRY CRON COMPLETED
[2026-09-22 16:39:00] [INFO] ==================================================
[2026-09-22 16:40:00] [INFO] [OVERSTAY] Cron triggered
[2026-09-22 16:40:00] [INFO] ==================================================
[2026-09-22 16:40:00] [INFO] OVERSTAY CRON STARTED
[2026-09-22 16:40:00] [INFO] ==================================================
[2026-09-22 16:40:00] [INFO] [OVERSTAY] Current India Date/Time: 22/09/2026 16:40:00
[2026-09-22 16:40:00] [INFO] [OVERSTAY] Timezone: Asia/Kolkata
[2026-09-22 16:40:00] [INFO] [SUBSCRIPTION] Expiry cron triggered
[2026-09-22 16:40:00] [INFO] ==================================================
[2026-09-22 16:40:00] [INFO] SUBSCRIPTION EXPIRY CRON STARTED
[2026-09-22 16:40:00] [INFO] ==================================================
[2026-09-22 16:40:00] [INFO] [SUBSCRIPTION] Current India Date: 2026-09-22
[2026-09-22 16:40:00] [INFO] [OVERSTAY] Staying customers found: 0
[2026-09-22 16:40:00] [INFO] ==================================================
[2026-09-22 16:40:00] [INFO] OVERSTAY CRON COMPLETED
[2026-09-22 16:40:00] [INFO] ==================================================
[2026-09-22 16:40:00] [INFO] [SUBSCRIPTION] Subscriptions found: 3
[2026-09-22 16:40:00] [INFO] [SUBSCRIPTION] mani hotel | Expiry: 2026-10-16 | Days Remaining: 24
[2026-09-22 16:40:00] [INFO] [SUBSCRIPTION] hotel 2 | Expiry: 2026-10-17 | Days Remaining: 25
[2026-09-22 16:40:00] [INFO] [SUBSCRIPTION] ganesh hotel | Expiry: 2026-10-22 | Days Remaining: 30
[2026-09-22 16:40:00] [INFO] ==================================================
[2026-09-22 16:40:00] [INFO] SUBSCRIPTION EXPIRY CRON COMPLETED
[2026-09-22 16:40:00] [INFO] ==================================================
[2026-09-22 16:41:00] [INFO] [OVERSTAY] Cron triggered
[2026-09-22 16:41:00] [INFO] ==================================================
[2026-09-22 16:41:00] [INFO] OVERSTAY CRON STARTED
[2026-09-22 16:41:00] [INFO] ==================================================
[2026-09-22 16:41:00] [INFO] [OVERSTAY] Current India Date/Time: 22/09/2026 16:41:00
[2026-09-22 16:41:00] [INFO] [OVERSTAY] Timezone: Asia/Kolkata
[2026-09-22 16:41:00] [INFO] [SUBSCRIPTION] Expiry cron triggered
[2026-09-22 16:41:00] [INFO] ==================================================
[2026-09-22 16:41:00] [INFO] SUBSCRIPTION EXPIRY CRON STARTED
[2026-09-22 16:41:00] [INFO] ==================================================
[2026-09-22 16:41:00] [INFO] [SUBSCRIPTION] Current India Date: 2026-09-22
[2026-09-22 16:41:00] [INFO] [OVERSTAY] Staying customers found: 0
[2026-09-22 16:41:00] [INFO] ==================================================
[2026-09-22 16:41:00] [INFO] OVERSTAY CRON COMPLETED
[2026-09-22 16:41:00] [INFO] ==================================================
[2026-09-22 16:41:00] [INFO] [SUBSCRIPTION] Subscriptions found: 3
[2026-09-22 16:41:00] [INFO] [SUBSCRIPTION] mani hotel | Expiry: 2026-10-16 | Days Remaining: 24
[2026-09-22 16:41:00] [INFO] [SUBSCRIPTION] hotel 2 | Expiry: 2026-10-17 | Days Remaining: 25
[2026-09-22 16:41:00] [INFO] [SUBSCRIPTION] ganesh hotel | Expiry: 2026-10-22 | Days Remaining: 30
[2026-09-22 16:41:00] [INFO] ==================================================
[2026-09-22 16:41:00] [INFO] SUBSCRIPTION EXPIRY CRON COMPLETED
[2026-09-22 16:41:00] [INFO] ==================================================
[2026-09-22 16:42:00] [INFO] [OVERSTAY] Cron triggered
[2026-09-22 16:42:00] [INFO] ==================================================
[2026-09-22 16:42:00] [INFO] OVERSTAY CRON STARTED
[2026-09-22 16:42:00] [INFO] ==================================================
[2026-09-22 16:42:00] [INFO] [OVERSTAY] Current India Date/Time: 22/09/2026 16:42:00
[2026-09-22 16:42:00] [INFO] [OVERSTAY] Timezone: Asia/Kolkata
[2026-09-22 16:42:00] [INFO] [SUBSCRIPTION] Expiry cron triggered
[2026-09-22 16:42:00] [INFO] ==================================================
[2026-09-22 16:42:00] [INFO] SUBSCRIPTION EXPIRY CRON STARTED
[2026-09-22 16:42:00] [INFO] ==================================================
[2026-09-22 16:42:00] [INFO] [SUBSCRIPTION] Current India Date: 2026-09-22
[2026-09-22 16:42:00] [INFO] [OVERSTAY] Staying customers found: 0
[2026-09-22 16:42:00] [INFO] ==================================================
[2026-09-22 16:42:00] [INFO] OVERSTAY CRON COMPLETED
[2026-09-22 16:42:00] [INFO] ==================================================
[2026-09-22 16:42:00] [INFO] [SUBSCRIPTION] Subscriptions found: 3
[2026-09-22 16:42:00] [INFO] [SUBSCRIPTION] mani hotel | Expiry: 2026-10-16 | Days Remaining: 24
[2026-09-22 16:42:00] [INFO] [SUBSCRIPTION] hotel 2 | Expiry: 2026-10-17 | Days Remaining: 25
[2026-09-22 16:42:00] [INFO] [SUBSCRIPTION] ganesh hotel | Expiry: 2026-10-22 | Days Remaining: 30
[2026-09-22 16:42:00] [INFO] ==================================================
[2026-09-22 16:42:00] [INFO] SUBSCRIPTION EXPIRY CRON COMPLETED
[2026-09-22 16:42:00] [INFO] ==================================================
[2026-09-22 16:43:00] [INFO] [SUBSCRIPTION] Expiry cron triggered
[2026-09-22 16:43:00] [INFO] ==================================================
[2026-09-22 16:43:00] [INFO] SUBSCRIPTION EXPIRY CRON STARTED
[2026-09-22 16:43:00] [INFO] ==================================================
[2026-09-22 16:43:00] [INFO] [SUBSCRIPTION] Current India Date: 2026-09-22
[2026-09-22 16:43:00] [INFO] [OVERSTAY] Cron triggered
[2026-09-22 16:43:00] [INFO] ==================================================
[2026-09-22 16:43:00] [INFO] OVERSTAY CRON STARTED
[2026-09-22 16:43:00] [INFO] ==================================================
[2026-09-22 16:43:00] [INFO] [OVERSTAY] Current India Date/Time: 22/09/2026 16:43:00
[2026-09-22 16:43:00] [INFO] [OVERSTAY] Timezone: Asia/Kolkata
[2026-09-22 16:43:00] [INFO] [OVERSTAY] Staying customers found: 0
[2026-09-22 16:43:00] [INFO] ==================================================
[2026-09-22 16:43:00] [INFO] OVERSTAY CRON COMPLETED
[2026-09-22 16:43:00] [INFO] ==================================================
[2026-09-22 16:43:00] [INFO] [SUBSCRIPTION] Subscriptions found: 3
[2026-09-22 16:43:00] [INFO] [SUBSCRIPTION] mani hotel | Expiry: 2026-10-16 | Days Remaining: 24
[2026-09-22 16:43:00] [INFO] [SUBSCRIPTION] hotel 2 | Expiry: 2026-10-17 | Days Remaining: 25
[2026-09-22 16:43:00] [INFO] [SUBSCRIPTION] ganesh hotel | Expiry: 2026-10-22 | Days Remaining: 30
[2026-09-22 16:43:00] [INFO] ==================================================
[2026-09-22 16:43:00] [INFO] SUBSCRIPTION EXPIRY CRON COMPLETED
[2026-09-22 16:43:00] [INFO] ==================================================
[2026-09-22 16:44:00] [INFO] [SUBSCRIPTION] Expiry cron triggered
[2026-09-22 16:44:00] [INFO] ==================================================
[2026-09-22 16:44:00] [INFO] SUBSCRIPTION EXPIRY CRON STARTED
[2026-09-22 16:44:00] [INFO] ==================================================
[2026-09-22 16:44:00] [INFO] [SUBSCRIPTION] Current India Date: 2026-09-22
[2026-09-22 16:44:00] [INFO] [OVERSTAY] Cron triggered
[2026-09-22 16:44:00] [INFO] ==================================================
[2026-09-22 16:44:00] [INFO] OVERSTAY CRON STARTED
[2026-09-22 16:44:00] [INFO] ==================================================
[2026-09-22 16:44:00] [INFO] [OVERSTAY] Current India Date/Time: 22/09/2026 16:44:00
[2026-09-22 16:44:00] [INFO] [OVERSTAY] Timezone: Asia/Kolkata
[2026-09-22 16:44:00] [INFO] [OVERSTAY] Staying customers found: 0
[2026-09-22 16:44:00] [INFO] ==================================================
[2026-09-22 16:44:00] [INFO] OVERSTAY CRON COMPLETED
[2026-09-22 16:44:00] [INFO] ==================================================
[2026-09-22 16:44:00] [INFO] [SUBSCRIPTION] Subscriptions found: 3
[2026-09-22 16:44:00] [INFO] [SUBSCRIPTION] mani hotel | Expiry: 2026-10-16 | Days Remaining: 24
[2026-09-22 16:44:00] [INFO] [SUBSCRIPTION] hotel 2 | Expiry: 2026-10-17 | Days Remaining: 25
[2026-09-22 16:44:00] [INFO] [SUBSCRIPTION] ganesh hotel | Expiry: 2026-10-22 | Days Remaining: 30
[2026-09-22 16:44:00] [INFO] ==================================================
[2026-09-22 16:44:00] [INFO] SUBSCRIPTION EXPIRY CRON COMPLETED
[2026-09-22 16:44:00] [INFO] ==================================================
[2026-09-22 16:45:00] [INFO] [OVERSTAY] Cron triggered
[2026-09-22 16:45:00] [INFO] ==================================================
[2026-09-22 16:45:00] [INFO] OVERSTAY CRON STARTED
[2026-09-22 16:45:00] [INFO] ==================================================
[2026-09-22 16:45:00] [INFO] [OVERSTAY] Current India Date/Time: 22/09/2026 16:45:00
[2026-09-22 16:45:00] [INFO] [OVERSTAY] Timezone: Asia/Kolkata
[2026-09-22 16:45:00] [INFO] [SUBSCRIPTION] Expiry cron triggered
[2026-09-22 16:45:00] [INFO] ==================================================
[2026-09-22 16:45:00] [INFO] SUBSCRIPTION EXPIRY CRON STARTED
[2026-09-22 16:45:00] [INFO] ==================================================
[2026-09-22 16:45:00] [INFO] [SUBSCRIPTION] Current India Date: 2026-09-22
[2026-09-22 16:45:00] [INFO] [OVERSTAY] Staying customers found: 0
[2026-09-22 16:45:00] [INFO] ==================================================
[2026-09-22 16:45:00] [INFO] OVERSTAY CRON COMPLETED
[2026-09-22 16:45:00] [INFO] ==================================================
[2026-09-22 16:45:00] [INFO] [SUBSCRIPTION] Subscriptions found: 3
[2026-09-22 16:45:00] [INFO] [SUBSCRIPTION] mani hotel | Expiry: 2026-10-16 | Days Remaining: 24
[2026-09-22 16:45:00] [INFO] [SUBSCRIPTION] hotel 2 | Expiry: 2026-10-17 | Days Remaining: 25
[2026-09-22 16:45:00] [INFO] [SUBSCRIPTION] ganesh hotel | Expiry: 2026-10-22 | Days Remaining: 30
[2026-09-22 16:45:00] [INFO] ==================================================
[2026-09-22 16:45:00] [INFO] SUBSCRIPTION EXPIRY CRON COMPLETED
[2026-09-22 16:45:00] [INFO] ==================================================
[2026-09-22 16:46:00] [INFO] [OVERSTAY] Cron triggered
[2026-09-22 16:46:00] [INFO] ==================================================
[2026-09-22 16:46:00] [INFO] OVERSTAY CRON STARTED
[2026-09-22 16:46:00] [INFO] ==================================================
[2026-09-22 16:46:00] [INFO] [OVERSTAY] Current India Date/Time: 22/09/2026 16:46:00
[2026-09-22 16:46:00] [INFO] [OVERSTAY] Timezone: Asia/Kolkata
[2026-09-22 16:46:00] [INFO] [SUBSCRIPTION] Expiry cron triggered
[2026-09-22 16:46:00] [INFO] ==================================================
[2026-09-22 16:46:00] [INFO] SUBSCRIPTION EXPIRY CRON STARTED
[2026-09-22 16:46:00] [INFO] ==================================================
[2026-09-22 16:46:00] [INFO] [SUBSCRIPTION] Current India Date: 2026-09-22
[2026-09-22 16:46:00] [INFO] [OVERSTAY] Staying customers found: 0
[2026-09-22 16:46:00] [INFO] ==================================================
[2026-09-22 16:46:00] [INFO] OVERSTAY CRON COMPLETED
[2026-09-22 16:46:00] [INFO] ==================================================
[2026-09-22 16:46:00] [INFO] [SUBSCRIPTION] Subscriptions found: 3
[2026-09-22 16:46:00] [INFO] [SUBSCRIPTION] mani hotel | Expiry: 2026-10-16 | Days Remaining: 24
[2026-09-22 16:46:00] [INFO] [SUBSCRIPTION] hotel 2 | Expiry: 2026-10-17 | Days Remaining: 25
[2026-09-22 16:46:00] [INFO] [SUBSCRIPTION] ganesh hotel | Expiry: 2026-10-22 | Days Remaining: 30
[2026-09-22 16:46:00] [INFO] ==================================================
[2026-09-22 16:46:00] [INFO] SUBSCRIPTION EXPIRY CRON COMPLETED
[2026-09-22 16:46:00] [INFO] ==================================================
[2026-09-22 16:47:00] [INFO] [OVERSTAY] Cron triggered
[2026-09-22 16:47:00] [INFO] ==================================================
[2026-09-22 16:47:00] [INFO] OVERSTAY CRON STARTED
[2026-09-22 16:47:00] [INFO] ==================================================
[2026-09-22 16:47:00] [INFO] [OVERSTAY] Current India Date/Time: 22/09/2026 16:47:00
[2026-09-22 16:47:00] [INFO] [OVERSTAY] Timezone: Asia/Kolkata
[2026-09-22 16:47:00] [INFO] [SUBSCRIPTION] Expiry cron triggered
[2026-09-22 16:47:00] [INFO] ==================================================
[2026-09-22 16:47:00] [INFO] SUBSCRIPTION EXPIRY CRON STARTED
[2026-09-22 16:47:00] [INFO] ==================================================
[2026-09-22 16:47:00] [INFO] [SUBSCRIPTION] Current India Date: 2026-09-22
[2026-09-22 16:47:00] [INFO] [OVERSTAY] Staying customers found: 0
[2026-09-22 16:47:00] [INFO] ==================================================
[2026-09-22 16:47:00] [INFO] OVERSTAY CRON COMPLETED
[2026-09-22 16:47:00] [INFO] ==================================================
[2026-09-22 16:47:00] [INFO] [SUBSCRIPTION] Subscriptions found: 3
[2026-09-22 16:47:00] [INFO] [SUBSCRIPTION] mani hotel | Expiry: 2026-10-16 | Days Remaining: 24
[2026-09-22 16:47:00] [INFO] [SUBSCRIPTION] hotel 2 | Expiry: 2026-10-17 | Days Remaining: 25
[2026-09-22 16:47:00] [INFO] [SUBSCRIPTION] ganesh hotel | Expiry: 2026-10-22 | Days Remaining: 30
[2026-09-22 16:47:00] [INFO] ==================================================
[2026-09-22 16:47:00] [INFO] SUBSCRIPTION EXPIRY CRON COMPLETED
[2026-09-22 16:47:00] [INFO] ==================================================
[2026-09-22 16:48:00] [INFO] [SUBSCRIPTION] Expiry cron triggered
[2026-09-22 16:48:00] [INFO] ==================================================
[2026-09-22 16:48:00] [INFO] SUBSCRIPTION EXPIRY CRON STARTED
[2026-09-22 16:48:00] [INFO] ==================================================
[2026-09-22 16:48:00] [INFO] [SUBSCRIPTION] Current India Date: 2026-09-22
[2026-09-22 16:48:00] [INFO] [OVERSTAY] Cron triggered
[2026-09-22 16:48:00] [INFO] ==================================================
[2026-09-22 16:48:00] [INFO] OVERSTAY CRON STARTED
[2026-09-22 16:48:00] [INFO] ==================================================
[2026-09-22 16:48:00] [INFO] [OVERSTAY] Current India Date/Time: 22/09/2026 16:48:00
[2026-09-22 16:48:00] [INFO] [OVERSTAY] Timezone: Asia/Kolkata
[2026-09-22 16:48:00] [INFO] [OVERSTAY] Staying customers found: 0
[2026-09-22 16:48:00] [INFO] ==================================================
[2026-09-22 16:48:00] [INFO] OVERSTAY CRON COMPLETED
[2026-09-22 16:48:00] [INFO] ==================================================
[2026-09-22 16:48:00] [INFO] [SUBSCRIPTION] Subscriptions found: 3
[2026-09-22 16:48:00] [INFO] [SUBSCRIPTION] mani hotel | Expiry: 2026-10-16 | Days Remaining: 24
[2026-09-22 16:48:00] [INFO] [SUBSCRIPTION] hotel 2 | Expiry: 2026-10-17 | Days Remaining: 25
[2026-09-22 16:48:00] [INFO] [SUBSCRIPTION] ganesh hotel | Expiry: 2026-10-22 | Days Remaining: 30
[2026-09-22 16:48:00] [INFO] ==================================================
[2026-09-22 16:48:00] [INFO] SUBSCRIPTION EXPIRY CRON COMPLETED
[2026-09-22 16:48:00] [INFO] ==================================================
[2026-09-22 16:49:00] [INFO] [SUBSCRIPTION] Expiry cron triggered
[2026-09-22 16:49:00] [INFO] ==================================================
[2026-09-22 16:49:00] [INFO] SUBSCRIPTION EXPIRY CRON STARTED
[2026-09-22 16:49:00] [INFO] ==================================================
[2026-09-22 16:49:00] [INFO] [SUBSCRIPTION] Current India Date: 2026-09-22
[2026-09-22 16:49:00] [INFO] [OVERSTAY] Cron triggered
[2026-09-22 16:49:00] [INFO] ==================================================
[2026-09-22 16:49:00] [INFO] OVERSTAY CRON STARTED
[2026-09-22 16:49:00] [INFO] ==================================================
[2026-09-22 16:49:00] [INFO] [OVERSTAY] Current India Date/Time: 22/09/2026 16:49:00
[2026-09-22 16:49:00] [INFO] [OVERSTAY] Timezone: Asia/Kolkata
[2026-09-22 16:49:00] [INFO] [OVERSTAY] Staying customers found: 0
[2026-09-22 16:49:00] [INFO] ==================================================
[2026-09-22 16:49:00] [INFO] OVERSTAY CRON COMPLETED
[2026-09-22 16:49:00] [INFO] ==================================================
[2026-09-22 16:49:00] [INFO] [SUBSCRIPTION] Subscriptions found: 3
[2026-09-22 16:49:00] [INFO] [SUBSCRIPTION] mani hotel | Expiry: 2026-10-16 | Days Remaining: 24
[2026-09-22 16:49:00] [INFO] [SUBSCRIPTION] hotel 2 | Expiry: 2026-10-17 | Days Remaining: 25
[2026-09-22 16:49:00] [INFO] [SUBSCRIPTION] ganesh hotel | Expiry: 2026-10-22 | Days Remaining: 30
[2026-09-22 16:49:00] [INFO] ==================================================
[2026-09-22 16:49:00] [INFO] SUBSCRIPTION EXPIRY CRON COMPLETED
[2026-09-22 16:49:00] [INFO] ==================================================
[2026-09-22 16:50:00] [INFO] [SUBSCRIPTION] Expiry cron triggered
[2026-09-22 16:50:00] [INFO] ==================================================
[2026-09-22 16:50:00] [INFO] SUBSCRIPTION EXPIRY CRON STARTED
[2026-09-22 16:50:00] [INFO] ==================================================
[2026-09-22 16:50:00] [INFO] [SUBSCRIPTION] Current India Date: 2026-09-22
[2026-09-22 16:50:00] [INFO] [OVERSTAY] Cron triggered
[2026-09-22 16:50:00] [INFO] ==================================================
[2026-09-22 16:50:00] [INFO] OVERSTAY CRON STARTED
[2026-09-22 16:50:00] [INFO] ==================================================
[2026-09-22 16:50:00] [INFO] [OVERSTAY] Current India Date/Time: 22/09/2026 16:50:00
[2026-09-22 16:50:00] [INFO] [OVERSTAY] Timezone: Asia/Kolkata
[2026-09-22 16:50:00] [INFO] [OVERSTAY] Staying customers found: 0
[2026-09-22 16:50:00] [INFO] ==================================================
[2026-09-22 16:50:00] [INFO] OVERSTAY CRON COMPLETED
[2026-09-22 16:50:00] [INFO] ==================================================
[2026-09-22 16:50:00] [INFO] [SUBSCRIPTION] Subscriptions found: 3
[2026-09-22 16:50:00] [INFO] [SUBSCRIPTION] mani hotel | Expiry: 2026-10-16 | Days Remaining: 24
[2026-09-22 16:50:00] [INFO] [SUBSCRIPTION] hotel 2 | Expiry: 2026-10-17 | Days Remaining: 25
[2026-09-22 16:50:00] [INFO] [SUBSCRIPTION] ganesh hotel | Expiry: 2026-10-22 | Days Remaining: 30
[2026-09-22 16:50:00] [INFO] ==================================================
[2026-09-22 16:50:00] [INFO] SUBSCRIPTION EXPIRY CRON COMPLETED
[2026-09-22 16:50:00] [INFO] ==================================================
[2026-09-22 16:51:00] [INFO] [SUBSCRIPTION] Expiry cron triggered
[2026-09-22 16:51:00] [INFO] ==================================================
[2026-09-22 16:51:00] [INFO] SUBSCRIPTION EXPIRY CRON STARTED
[2026-09-22 16:51:00] [INFO] ==================================================
[2026-09-22 16:51:00] [INFO] [SUBSCRIPTION] Current India Date: 2026-09-22
[2026-09-22 16:51:00] [INFO] [OVERSTAY] Cron triggered
[2026-09-22 16:51:00] [INFO] ==================================================
[2026-09-22 16:51:00] [INFO] OVERSTAY CRON STARTED
[2026-09-22 16:51:00] [INFO] ==================================================
[2026-09-22 16:51:00] [INFO] [OVERSTAY] Current India Date/Time: 22/09/2026 16:51:00
[2026-09-22 16:51:00] [INFO] [OVERSTAY] Timezone: Asia/Kolkata
[2026-09-22 16:51:00] [INFO] [OVERSTAY] Staying customers found: 0
[2026-09-22 16:51:00] [INFO] ==================================================
[2026-09-22 16:51:00] [INFO] OVERSTAY CRON COMPLETED
[2026-09-22 16:51:00] [INFO] ==================================================
[2026-09-22 16:51:00] [INFO] [SUBSCRIPTION] Subscriptions found: 3
[2026-09-22 16:51:00] [INFO] [SUBSCRIPTION] mani hotel | Expiry: 2026-10-16 | Days Remaining: 24
[2026-09-22 16:51:00] [INFO] [SUBSCRIPTION] hotel 2 | Expiry: 2026-10-17 | Days Remaining: 25
[2026-09-22 16:51:00] [INFO] [SUBSCRIPTION] ganesh hotel | Expiry: 2026-10-22 | Days Remaining: 30
[2026-09-22 16:51:00] [INFO] ==================================================
[2026-09-22 16:51:00] [INFO] SUBSCRIPTION EXPIRY CRON COMPLETED
[2026-09-22 16:51:00] [INFO] ==================================================
[2026-09-22 16:52:00] [INFO] [SUBSCRIPTION] Expiry cron triggered
[2026-09-22 16:52:00] [INFO] ==================================================
[2026-09-22 16:52:00] [INFO] SUBSCRIPTION EXPIRY CRON STARTED
[2026-09-22 16:52:00] [INFO] ==================================================
[2026-09-22 16:52:00] [INFO] [SUBSCRIPTION] Current India Date: 2026-09-22
[2026-09-22 16:52:00] [INFO] [OVERSTAY] Cron triggered
[2026-09-22 16:52:00] [INFO] ==================================================
[2026-09-22 16:52:00] [INFO] OVERSTAY CRON STARTED
[2026-09-22 16:52:00] [INFO] ==================================================
[2026-09-22 16:52:00] [INFO] [OVERSTAY] Current India Date/Time: 22/09/2026 16:52:00
[2026-09-22 16:52:00] [INFO] [OVERSTAY] Timezone: Asia/Kolkata
[2026-09-22 16:52:00] [INFO] [OVERSTAY] Staying customers found: 0
[2026-09-22 16:52:00] [INFO] ==================================================
[2026-09-22 16:52:00] [INFO] OVERSTAY CRON COMPLETED
[2026-09-22 16:52:00] [INFO] ==================================================
[2026-09-22 16:52:00] [INFO] [SUBSCRIPTION] Subscriptions found: 3
[2026-09-22 16:52:00] [INFO] [SUBSCRIPTION] mani hotel | Expiry: 2026-10-16 | Days Remaining: 24
[2026-09-22 16:52:00] [INFO] [SUBSCRIPTION] hotel 2 | Expiry: 2026-10-17 | Days Remaining: 25
[2026-09-22 16:52:00] [INFO] [SUBSCRIPTION] ganesh hotel | Expiry: 2026-10-22 | Days Remaining: 30
[2026-09-22 16:52:00] [INFO] ==================================================
[2026-09-22 16:52:00] [INFO] SUBSCRIPTION EXPIRY CRON COMPLETED
[2026-09-22 16:52:00] [INFO] ==================================================
[2026-09-22 16:53:00] [INFO] [SUBSCRIPTION] Expiry cron triggered
[2026-09-22 16:53:00] [INFO] ==================================================
[2026-09-22 16:53:00] [INFO] SUBSCRIPTION EXPIRY CRON STARTED
[2026-09-22 16:53:00] [INFO] ==================================================
[2026-09-22 16:53:00] [INFO] [SUBSCRIPTION] Current India Date: 2026-09-22
[2026-09-22 16:53:00] [INFO] [OVERSTAY] Cron triggered
[2026-09-22 16:53:00] [INFO] ==================================================
[2026-09-22 16:53:00] [INFO] OVERSTAY CRON STARTED
[2026-09-22 16:53:00] [INFO] ==================================================
[2026-09-22 16:53:00] [INFO] [OVERSTAY] Current India Date/Time: 22/09/2026 16:53:00
[2026-09-22 16:53:00] [INFO] [OVERSTAY] Timezone: Asia/Kolkata
[2026-09-22 16:53:00] [INFO] [OVERSTAY] Staying customers found: 0
[2026-09-22 16:53:00] [INFO] ==================================================
[2026-09-22 16:53:00] [INFO] OVERSTAY CRON COMPLETED
[2026-09-22 16:53:00] [INFO] ==================================================
[2026-09-22 16:53:00] [INFO] [SUBSCRIPTION] Subscriptions found: 3
[2026-09-22 16:53:00] [INFO] [SUBSCRIPTION] mani hotel | Expiry: 2026-10-16 | Days Remaining: 24
[2026-09-22 16:53:00] [INFO] [SUBSCRIPTION] hotel 2 | Expiry: 2026-10-17 | Days Remaining: 25
[2026-09-22 16:53:00] [INFO] [SUBSCRIPTION] ganesh hotel | Expiry: 2026-10-22 | Days Remaining: 30
[2026-09-22 16:53:00] [INFO] ==================================================
[2026-09-22 16:53:00] [INFO] SUBSCRIPTION EXPIRY CRON COMPLETED
[2026-09-22 16:53:00] [INFO] ==================================================
[2026-09-22 16:54:00] [INFO] [SUBSCRIPTION] Expiry cron triggered
[2026-09-22 16:54:00] [INFO] ==================================================
[2026-09-22 16:54:00] [INFO] SUBSCRIPTION EXPIRY CRON STARTED
[2026-09-22 16:54:00] [INFO] ==================================================
[2026-09-22 16:54:00] [INFO] [SUBSCRIPTION] Current India Date: 2026-09-22
[2026-09-22 16:54:00] [INFO] [OVERSTAY] Cron triggered
[2026-09-22 16:54:00] [INFO] ==================================================
[2026-09-22 16:54:00] [INFO] OVERSTAY CRON STARTED
[2026-09-22 16:54:00] [INFO] ==================================================
[2026-09-22 16:54:00] [INFO] [OVERSTAY] Current India Date/Time: 22/09/2026 16:54:00
[2026-09-22 16:54:00] [INFO] [OVERSTAY] Timezone: Asia/Kolkata
[2026-09-22 16:54:00] [INFO] [OVERSTAY] Staying customers found: 0
[2026-09-22 16:54:00] [INFO] ==================================================
[2026-09-22 16:54:00] [INFO] OVERSTAY CRON COMPLETED
[2026-09-22 16:54:00] [INFO] ==================================================
[2026-09-22 16:54:00] [INFO] [SUBSCRIPTION] Subscriptions found: 3
[2026-09-22 16:54:00] [INFO] [SUBSCRIPTION] mani hotel | Expiry: 2026-10-16 | Days Remaining: 24
[2026-09-22 16:54:00] [INFO] [SUBSCRIPTION] hotel 2 | Expiry: 2026-10-17 | Days Remaining: 25
[2026-09-22 16:54:00] [INFO] [SUBSCRIPTION] ganesh hotel | Expiry: 2026-10-22 | Days Remaining: 30
[2026-09-22 16:54:00] [INFO] ==================================================
[2026-09-22 16:54:00] [INFO] SUBSCRIPTION EXPIRY CRON COMPLETED
[2026-09-22 16:54:00] [INFO] ==================================================
[2026-09-22 16:55:00] [INFO] [SUBSCRIPTION] Expiry cron triggered
[2026-09-22 16:55:00] [INFO] ==================================================
[2026-09-22 16:55:00] [INFO] SUBSCRIPTION EXPIRY CRON STARTED
[2026-09-22 16:55:00] [INFO] ==================================================
[2026-09-22 16:55:00] [INFO] [SUBSCRIPTION] Current India Date: 2026-09-22
[2026-09-22 16:55:00] [INFO] [OVERSTAY] Cron triggered
[2026-09-22 16:55:00] [INFO] ==================================================
[2026-09-22 16:55:00] [INFO] OVERSTAY CRON STARTED
[2026-09-22 16:55:00] [INFO] ==================================================
[2026-09-22 16:55:00] [INFO] [OVERSTAY] Current India Date/Time: 22/09/2026 16:55:00
[2026-09-22 16:55:00] [INFO] [OVERSTAY] Timezone: Asia/Kolkata
[2026-09-22 16:55:00] [INFO] [OVERSTAY] Staying customers found: 0
[2026-09-22 16:55:00] [INFO] ==================================================
[2026-09-22 16:55:00] [INFO] OVERSTAY CRON COMPLETED
[2026-09-22 16:55:00] [INFO] ==================================================
[2026-09-22 16:55:00] [INFO] [SUBSCRIPTION] Subscriptions found: 3
[2026-09-22 16:55:00] [INFO] [SUBSCRIPTION] mani hotel | Expiry: 2026-10-16 | Days Remaining: 24
[2026-09-22 16:55:00] [INFO] [SUBSCRIPTION] hotel 2 | Expiry: 2026-10-17 | Days Remaining: 25
[2026-09-22 16:55:00] [INFO] [SUBSCRIPTION] ganesh hotel | Expiry: 2026-10-22 | Days Remaining: 30
[2026-09-22 16:55:00] [INFO] ==================================================
[2026-09-22 16:55:00] [INFO] SUBSCRIPTION EXPIRY CRON COMPLETED
[2026-09-22 16:55:00] [INFO] ==================================================
[2026-09-22 16:56:00] [INFO] [OVERSTAY] Cron triggered
[2026-09-22 16:56:00] [INFO] ==================================================
[2026-09-22 16:56:00] [INFO] OVERSTAY CRON STARTED
[2026-09-22 16:56:00] [INFO] ==================================================
[2026-09-22 16:56:00] [INFO] [OVERSTAY] Current India Date/Time: 22/09/2026 16:56:00
[2026-09-22 16:56:00] [INFO] [OVERSTAY] Timezone: Asia/Kolkata
[2026-09-22 16:56:00] [INFO] [SUBSCRIPTION] Expiry cron triggered
[2026-09-22 16:56:00] [INFO] ==================================================
[2026-09-22 16:56:00] [INFO] SUBSCRIPTION EXPIRY CRON STARTED
[2026-09-22 16:56:00] [INFO] ==================================================
[2026-09-22 16:56:00] [INFO] [SUBSCRIPTION] Current India Date: 2026-09-22
[2026-09-22 16:56:00] [INFO] [OVERSTAY] Staying customers found: 0
[2026-09-22 16:56:00] [INFO] ==================================================
[2026-09-22 16:56:00] [INFO] OVERSTAY CRON COMPLETED
[2026-09-22 16:56:00] [INFO] ==================================================
[2026-09-22 16:56:00] [INFO] [SUBSCRIPTION] Subscriptions found: 3
[2026-09-22 16:56:00] [INFO] [SUBSCRIPTION] mani hotel | Expiry: 2026-10-16 | Days Remaining: 24
[2026-09-22 16:56:00] [INFO] [SUBSCRIPTION] hotel 2 | Expiry: 2026-10-17 | Days Remaining: 25
[2026-09-22 16:56:00] [INFO] [SUBSCRIPTION] ganesh hotel | Expiry: 2026-10-22 | Days Remaining: 30
[2026-09-22 16:56:00] [INFO] ==================================================
[2026-09-22 16:56:00] [INFO] SUBSCRIPTION EXPIRY CRON COMPLETED
[2026-09-22 16:56:00] [INFO] ==================================================
[2026-09-22 16:57:00] [INFO] [OVERSTAY] Cron triggered
[2026-09-22 16:57:00] [INFO] ==================================================
[2026-09-22 16:57:00] [INFO] OVERSTAY CRON STARTED
[2026-09-22 16:57:00] [INFO] ==================================================
[2026-09-22 16:57:00] [INFO] [OVERSTAY] Current India Date/Time: 22/09/2026 16:57:00
[2026-09-22 16:57:00] [INFO] [OVERSTAY] Timezone: Asia/Kolkata
[2026-09-22 16:57:00] [INFO] [SUBSCRIPTION] Expiry cron triggered
[2026-09-22 16:57:00] [INFO] ==================================================
[2026-09-22 16:57:00] [INFO] SUBSCRIPTION EXPIRY CRON STARTED
[2026-09-22 16:57:00] [INFO] ==================================================
[2026-09-22 16:57:00] [INFO] [SUBSCRIPTION] Current India Date: 2026-09-22
[2026-09-22 16:57:00] [INFO] [OVERSTAY] Staying customers found: 0
[2026-09-22 16:57:00] [INFO] ==================================================
[2026-09-22 16:57:00] [INFO] OVERSTAY CRON COMPLETED
[2026-09-22 16:57:00] [INFO] ==================================================
[2026-09-22 16:57:00] [INFO] [SUBSCRIPTION] Subscriptions found: 3
[2026-09-22 16:57:00] [INFO] [SUBSCRIPTION] mani hotel | Expiry: 2026-10-16 | Days Remaining: 24
[2026-09-22 16:57:00] [INFO] [SUBSCRIPTION] hotel 2 | Expiry: 2026-10-17 | Days Remaining: 25
[2026-09-22 16:57:00] [INFO] [SUBSCRIPTION] ganesh hotel | Expiry: 2026-10-22 | Days Remaining: 30
[2026-09-22 16:57:00] [INFO] ==================================================
[2026-09-22 16:57:00] [INFO] SUBSCRIPTION EXPIRY CRON COMPLETED
[2026-09-22 16:57:00] [INFO] ==================================================
[2026-09-22 16:58:00] [INFO] [OVERSTAY] Cron triggered
[2026-09-22 16:58:00] [INFO] ==================================================
[2026-09-22 16:58:00] [INFO] OVERSTAY CRON STARTED
[2026-09-22 16:58:00] [INFO] ==================================================
[2026-09-22 16:58:00] [INFO] [OVERSTAY] Current India Date/Time: 22/09/2026 16:58:00
[2026-09-22 16:58:00] [INFO] [OVERSTAY] Timezone: Asia/Kolkata
[2026-09-22 16:58:00] [INFO] [SUBSCRIPTION] Expiry cron triggered
[2026-09-22 16:58:00] [INFO] ==================================================
[2026-09-22 16:58:00] [INFO] SUBSCRIPTION EXPIRY CRON STARTED
[2026-09-22 16:58:00] [INFO] ==================================================
[2026-09-22 16:58:00] [INFO] [SUBSCRIPTION] Current India Date: 2026-09-22
[2026-09-22 16:58:00] [INFO] [OVERSTAY] Staying customers found: 0
[2026-09-22 16:58:00] [INFO] ==================================================
[2026-09-22 16:58:00] [INFO] OVERSTAY CRON COMPLETED
[2026-09-22 16:58:00] [INFO] ==================================================
[2026-09-22 16:58:00] [INFO] [SUBSCRIPTION] Subscriptions found: 3
[2026-09-22 16:58:00] [INFO] [SUBSCRIPTION] mani hotel | Expiry: 2026-10-16 | Days Remaining: 24
[2026-09-22 16:58:00] [INFO] [SUBSCRIPTION] hotel 2 | Expiry: 2026-10-17 | Days Remaining: 25
[2026-09-22 16:58:00] [INFO] [SUBSCRIPTION] ganesh hotel | Expiry: 2026-10-22 | Days Remaining: 30
[2026-09-22 16:58:00] [INFO] ==================================================
[2026-09-22 16:58:00] [INFO] SUBSCRIPTION EXPIRY CRON COMPLETED
[2026-09-22 16:58:00] [INFO] ==================================================
[2026-09-22 16:58:18] [INFO] Hotel registrations retrieved successfully. Total registrations: 4
[2026-09-22 16:58:18] [INFO] Hotel registrations retrieved successfully. Total registrations: 4
[2026-09-22 16:59:00] [INFO] [OVERSTAY] Cron triggered
[2026-09-22 16:59:00] [INFO] ==================================================
[2026-09-22 16:59:00] [INFO] OVERSTAY CRON STARTED
[2026-09-22 16:59:00] [INFO] ==================================================
[2026-09-22 16:59:00] [INFO] [OVERSTAY] Current India Date/Time: 22/09/2026 16:59:00
[2026-09-22 16:59:00] [INFO] [OVERSTAY] Timezone: Asia/Kolkata
[2026-09-22 16:59:00] [INFO] [SUBSCRIPTION] Expiry cron triggered
[2026-09-22 16:59:00] [INFO] ==================================================
[2026-09-22 16:59:00] [INFO] SUBSCRIPTION EXPIRY CRON STARTED
[2026-09-22 16:59:00] [INFO] ==================================================
[2026-09-22 16:59:00] [INFO] [SUBSCRIPTION] Current India Date: 2026-09-22
[2026-09-22 16:59:00] [INFO] [OVERSTAY] Staying customers found: 0
[2026-09-22 16:59:00] [INFO] ==================================================
[2026-09-22 16:59:00] [INFO] OVERSTAY CRON COMPLETED
[2026-09-22 16:59:00] [INFO] ==================================================
[2026-09-22 16:59:00] [INFO] [SUBSCRIPTION] Subscriptions found: 3
[2026-09-22 16:59:00] [INFO] [SUBSCRIPTION] mani hotel | Expiry: 2026-10-16 | Days Remaining: 24
[2026-09-22 16:59:00] [INFO] [SUBSCRIPTION] hotel 2 | Expiry: 2026-10-17 | Days Remaining: 25
[2026-09-22 16:59:00] [INFO] [SUBSCRIPTION] ganesh hotel | Expiry: 2026-10-22 | Days Remaining: 30
[2026-09-22 16:59:00] [INFO] ==================================================
[2026-09-22 16:59:00] [INFO] SUBSCRIPTION EXPIRY CRON COMPLETED
[2026-09-22 16:59:00] [INFO] ==================================================
[2026-09-22 17:00:00] [INFO] [OVERSTAY] Cron triggered
[2026-09-22 17:00:00] [INFO] ==================================================
[2026-09-22 17:00:00] [INFO] OVERSTAY CRON STARTED
[2026-09-22 17:00:00] [INFO] ==================================================
[2026-09-22 17:00:00] [INFO] [OVERSTAY] Current India Date/Time: 22/09/2026 17:00:00
[2026-09-22 17:00:00] [INFO] [OVERSTAY] Timezone: Asia/Kolkata
[2026-09-22 17:00:00] [INFO] [SUBSCRIPTION] Expiry cron triggered
[2026-09-22 17:00:00] [INFO] ==================================================
[2026-09-22 17:00:00] [INFO] SUBSCRIPTION EXPIRY CRON STARTED
[2026-09-22 17:00:00] [INFO] ==================================================
[2026-09-22 17:00:00] [INFO] [SUBSCRIPTION] Current India Date: 2026-09-22
[2026-09-22 17:00:00] [INFO] [OVERSTAY] Staying customers found: 0
[2026-09-22 17:00:00] [INFO] ==================================================
[2026-09-22 17:00:00] [INFO] OVERSTAY CRON COMPLETED
[2026-09-22 17:00:00] [INFO] ==================================================
[2026-09-22 17:00:00] [INFO] [SUBSCRIPTION] Subscriptions found: 3
[2026-09-22 17:00:00] [INFO] [SUBSCRIPTION] mani hotel | Expiry: 2026-10-16 | Days Remaining: 24
[2026-09-22 17:00:00] [INFO] [SUBSCRIPTION] hotel 2 | Expiry: 2026-10-17 | Days Remaining: 25
[2026-09-22 17:00:00] [INFO] [SUBSCRIPTION] ganesh hotel | Expiry: 2026-10-22 | Days Remaining: 30
[2026-09-22 17:00:00] [INFO] ==================================================
[2026-09-22 17:00:00] [INFO] SUBSCRIPTION EXPIRY CRON COMPLETED
[2026-09-22 17:00:00] [INFO] ==================================================
[2026-09-22 17:00:48] [INFO] Hotel registrations retrieved successfully. Total registrations: 4
[2026-09-22 17:00:48] [INFO] Hotel registrations retrieved successfully. Total registrations: 4
[2026-09-22 17:01:00] [INFO] [OVERSTAY] Cron triggered
[2026-09-22 17:01:00] [INFO] ==================================================
[2026-09-22 17:01:00] [INFO] OVERSTAY CRON STARTED
[2026-09-22 17:01:00] [INFO] ==================================================
[2026-09-22 17:01:00] [INFO] [OVERSTAY] Current India Date/Time: 22/09/2026 17:01:00
[2026-09-22 17:01:00] [INFO] [OVERSTAY] Timezone: Asia/Kolkata
[2026-09-22 17:01:00] [INFO] [SUBSCRIPTION] Expiry cron triggered
[2026-09-22 17:01:00] [INFO] ==================================================
[2026-09-22 17:01:00] [INFO] SUBSCRIPTION EXPIRY CRON STARTED
[2026-09-22 17:01:00] [INFO] ==================================================
[2026-09-22 17:01:00] [INFO] [SUBSCRIPTION] Current India Date: 2026-09-22
[2026-09-22 17:01:00] [INFO] [OVERSTAY] Staying customers found: 0
[2026-09-22 17:01:00] [INFO] ==================================================
[2026-09-22 17:01:00] [INFO] OVERSTAY CRON COMPLETED
[2026-09-22 17:01:00] [INFO] ==================================================
[2026-09-22 17:01:00] [INFO] [SUBSCRIPTION] Subscriptions found: 3
[2026-09-22 17:01:00] [INFO] [SUBSCRIPTION] mani hotel | Expiry: 2026-10-16 | Days Remaining: 24
[2026-09-22 17:01:00] [INFO] [SUBSCRIPTION] hotel 2 | Expiry: 2026-10-17 | Days Remaining: 25
[2026-09-22 17:01:00] [INFO] [SUBSCRIPTION] ganesh hotel | Expiry: 2026-10-22 | Days Remaining: 30
[2026-09-22 17:01:00] [INFO] ==================================================
[2026-09-22 17:01:00] [INFO] SUBSCRIPTION EXPIRY CRON COMPLETED
[2026-09-22 17:01:00] [INFO] ==================================================
[2026-09-22 17:02:00] [INFO] [OVERSTAY] Cron triggered
[2026-09-22 17:02:00] [INFO] ==================================================
[2026-09-22 17:02:00] [INFO] OVERSTAY CRON STARTED
[2026-09-22 17:02:00] [INFO] ==================================================
[2026-09-22 17:02:00] [INFO] [OVERSTAY] Current India Date/Time: 22/09/2026 17:02:00
[2026-09-22 17:02:00] [INFO] [OVERSTAY] Timezone: Asia/Kolkata
[2026-09-22 17:02:00] [INFO] [SUBSCRIPTION] Expiry cron triggered
[2026-09-22 17:02:00] [INFO] ==================================================
[2026-09-22 17:02:00] [INFO] SUBSCRIPTION EXPIRY CRON STARTED
[2026-09-22 17:02:00] [INFO] ==================================================
[2026-09-22 17:02:00] [INFO] [SUBSCRIPTION] Current India Date: 2026-09-22
[2026-09-22 17:02:00] [INFO] [OVERSTAY] Staying customers found: 0
[2026-09-22 17:02:00] [INFO] ==================================================
[2026-09-22 17:02:00] [INFO] OVERSTAY CRON COMPLETED
[2026-09-22 17:02:00] [INFO] ==================================================
[2026-09-22 17:02:00] [INFO] [SUBSCRIPTION] Subscriptions found: 3
[2026-09-22 17:02:00] [INFO] [SUBSCRIPTION] mani hotel | Expiry: 2026-10-16 | Days Remaining: 24
[2026-09-22 17:02:00] [INFO] [SUBSCRIPTION] hotel 2 | Expiry: 2026-10-17 | Days Remaining: 25
[2026-09-22 17:02:00] [INFO] [SUBSCRIPTION] ganesh hotel | Expiry: 2026-10-22 | Days Remaining: 30
[2026-09-22 17:02:00] [INFO] ==================================================
[2026-09-22 17:02:00] [INFO] SUBSCRIPTION EXPIRY CRON COMPLETED
[2026-09-22 17:02:00] [INFO] ==================================================
[2026-09-22 17:03:00] [INFO] [SUBSCRIPTION] Expiry cron triggered
[2026-09-22 17:03:00] [INFO] ==================================================
[2026-09-22 17:03:00] [INFO] SUBSCRIPTION EXPIRY CRON STARTED
[2026-09-22 17:03:00] [INFO] ==================================================
[2026-09-22 17:03:00] [INFO] [SUBSCRIPTION] Current India Date: 2026-09-22
[2026-09-22 17:03:00] [INFO] [OVERSTAY] Cron triggered
[2026-09-22 17:03:00] [INFO] ==================================================
[2026-09-22 17:03:00] [INFO] OVERSTAY CRON STARTED
[2026-09-22 17:03:00] [INFO] ==================================================
[2026-09-22 17:03:00] [INFO] [OVERSTAY] Current India Date/Time: 22/09/2026 17:03:00
[2026-09-22 17:03:00] [INFO] [OVERSTAY] Timezone: Asia/Kolkata
[2026-09-22 17:03:00] [INFO] [OVERSTAY] Staying customers found: 0
[2026-09-22 17:03:00] [INFO] ==================================================
[2026-09-22 17:03:00] [INFO] OVERSTAY CRON COMPLETED
[2026-09-22 17:03:00] [INFO] ==================================================
[2026-09-22 17:03:00] [INFO] [SUBSCRIPTION] Subscriptions found: 3
[2026-09-22 17:03:00] [INFO] [SUBSCRIPTION] mani hotel | Expiry: 2026-10-16 | Days Remaining: 24
[2026-09-22 17:03:00] [INFO] [SUBSCRIPTION] hotel 2 | Expiry: 2026-10-17 | Days Remaining: 25
[2026-09-22 17:03:00] [INFO] [SUBSCRIPTION] ganesh hotel | Expiry: 2026-10-22 | Days Remaining: 30
[2026-09-22 17:03:00] [INFO] ==================================================
[2026-09-22 17:03:00] [INFO] SUBSCRIPTION EXPIRY CRON COMPLETED
[2026-09-22 17:03:00] [INFO] ==================================================
[2026-09-22 17:03:07] [INFO] User logged out: Manikandan
[2026-09-22 17:04:00] [INFO] [OVERSTAY] Cron triggered
[2026-09-22 17:04:00] [INFO] ==================================================
[2026-09-22 17:04:00] [INFO] OVERSTAY CRON STARTED
[2026-09-22 17:04:00] [INFO] ==================================================
[2026-09-22 17:04:00] [INFO] [OVERSTAY] Current India Date/Time: 22/09/2026 17:04:00
[2026-09-22 17:04:00] [INFO] [OVERSTAY] Timezone: Asia/Kolkata
[2026-09-22 17:04:00] [INFO] [SUBSCRIPTION] Expiry cron triggered
[2026-09-22 17:04:00] [INFO] ==================================================
[2026-09-22 17:04:00] [INFO] SUBSCRIPTION EXPIRY CRON STARTED
[2026-09-22 17:04:00] [INFO] ==================================================
[2026-09-22 17:04:00] [INFO] [SUBSCRIPTION] Current India Date: 2026-09-22
[2026-09-22 17:04:00] [INFO] [OVERSTAY] Staying customers found: 0
[2026-09-22 17:04:00] [INFO] ==================================================
[2026-09-22 17:04:00] [INFO] OVERSTAY CRON COMPLETED
[2026-09-22 17:04:00] [INFO] ==================================================
[2026-09-22 17:04:00] [INFO] [SUBSCRIPTION] Subscriptions found: 3
[2026-09-22 17:04:00] [INFO] [SUBSCRIPTION] mani hotel | Expiry: 2026-10-16 | Days Remaining: 24
[2026-09-22 17:04:00] [INFO] [SUBSCRIPTION] hotel 2 | Expiry: 2026-10-17 | Days Remaining: 25
[2026-09-22 17:04:00] [INFO] [SUBSCRIPTION] ganesh hotel | Expiry: 2026-10-22 | Days Remaining: 30
[2026-09-22 17:04:00] [INFO] ==================================================
[2026-09-22 17:04:00] [INFO] SUBSCRIPTION EXPIRY CRON COMPLETED
[2026-09-22 17:04:00] [INFO] ==================================================
[2026-09-22 17:04:24] [INFO] [LOGIN] Login request received for email: ganesh@gmail.com
[2026-09-22 17:04:27] [INFO] OTP sent to ganesh@gmail.com
[2026-09-22 17:04:27] [INFO] [LOGIN] OTP sent successfully to ganesh@gmail.com
[2026-09-22 17:04:36] [INFO] [LOGIN] OTP verified successfully. User: ganesh@gmail.com, Role: hotelOwner, Hotel: 6ab25e07e55f936bf5d96c1a, Branch: 6ab25e07e55f936bf5d96c1c
[2026-09-22 17:04:36] [INFO] [Permission Verify] Allowed. User: 6ab25e07e55f936bf5d96c1d, Permission: dashboard
[2026-09-22 17:04:36] [INFO] [Permission Verify] Allowed. User: 6ab25e07e55f936bf5d96c1d, Permission: dashboard
[2026-09-22 17:04:38] [INFO] INFO
[2026-09-22 17:04:38] [INFO] INFO
[2026-09-22 17:04:39] [INFO] [Permission Verify] Allowed. User: 6ab25e07e55f936bf5d96c1d, Permission: serviceManagement
[2026-09-22 17:04:39] [INFO] INFO
[2026-09-22 17:04:39] [INFO] [Permission Verify] Allowed. User: 6ab25e07e55f936bf5d96c1d, Permission: serviceManagement
[2026-09-22 17:04:39] [INFO] INFO
[2026-09-22 17:04:39] [INFO] [Permission Verify] Allowed. User: 6ab25e07e55f936bf5d96c1d, Permission: reports
[2026-09-22 17:04:39] [INFO] [Permission Verify] Allowed. User: 6ab25e07e55f936bf5d96c1d, Permission: reports
[2026-09-22 17:04:40] [INFO] [Permission Verify] Allowed. User: 6ab25e07e55f936bf5d96c1d, Permission: serviceManagement
[2026-09-22 17:04:40] [INFO] INFO
[2026-09-22 17:04:40] [INFO] [Permission Verify] Allowed. User: 6ab25e07e55f936bf5d96c1d, Permission: serviceManagement
[2026-09-22 17:04:40] [INFO] INFO
[2026-09-22 17:04:53] [INFO] [Permission Verify] Allowed. User: 6ab25e07e55f936bf5d96c1d, Permission: serviceManagement
[2026-09-22 17:04:53] [INFO] INFO
[2026-09-22 17:04:53] [INFO] [Permission Verify] Allowed. User: 6ab25e07e55f936bf5d96c1d, Permission: serviceManagement
[2026-09-22 17:04:53] [INFO] INFO
[2026-09-22 17:05:00] [INFO] [SUBSCRIPTION] Expiry cron triggered
[2026-09-22 17:05:00] [INFO] ==================================================
[2026-09-22 17:05:00] [INFO] SUBSCRIPTION EXPIRY CRON STARTED
[2026-09-22 17:05:00] [INFO] ==================================================
[2026-09-22 17:05:00] [INFO] [SUBSCRIPTION] Current India Date: 2026-09-22
[2026-09-22 17:05:00] [INFO] [OVERSTAY] Cron triggered
[2026-09-22 17:05:00] [INFO] ==================================================
[2026-09-22 17:05:00] [INFO] OVERSTAY CRON STARTED
[2026-09-22 17:05:00] [INFO] ==================================================
[2026-09-22 17:05:00] [INFO] [OVERSTAY] Current India Date/Time: 22/09/2026 17:05:00
[2026-09-22 17:05:00] [INFO] [OVERSTAY] Timezone: Asia/Kolkata
[2026-09-22 17:05:00] [INFO] [OVERSTAY] Staying customers found: 0
[2026-09-22 17:05:00] [INFO] ==================================================
[2026-09-22 17:05:00] [INFO] OVERSTAY CRON COMPLETED
[2026-09-22 17:05:00] [INFO] ==================================================
[2026-09-22 17:05:00] [INFO] [SUBSCRIPTION] Subscriptions found: 3
[2026-09-22 17:05:00] [INFO] [SUBSCRIPTION] mani hotel | Expiry: 2026-10-16 | Days Remaining: 24
[2026-09-22 17:05:00] [INFO] [SUBSCRIPTION] hotel 2 | Expiry: 2026-10-17 | Days Remaining: 25
[2026-09-22 17:05:00] [INFO] [SUBSCRIPTION] ganesh hotel | Expiry: 2026-10-22 | Days Remaining: 30
[2026-09-22 17:05:00] [INFO] ==================================================
[2026-09-22 17:05:00] [INFO] SUBSCRIPTION EXPIRY CRON COMPLETED
[2026-09-22 17:05:00] [INFO] ==================================================
[2026-09-22 17:05:21] [INFO] [Permission Verify] Allowed. User: 6ab25e07e55f936bf5d96c1d, Permission: serviceManagement
[2026-09-22 17:05:21] [INFO] INFO
[2026-09-22 17:05:21] [INFO] [Permission Verify] Allowed. User: 6ab25e07e55f936bf5d96c1d, Permission: serviceManagement
[2026-09-22 17:05:21] [INFO] INFO
[2026-09-22 17:05:22] [INFO] [Permission Verify] Allowed. User: 6ab25e07e55f936bf5d96c1d, Permission: serviceManagement
[2026-09-22 17:05:22] [INFO] INFO
[2026-09-22 17:05:22] [INFO] [Permission Verify] Allowed. User: 6ab25e07e55f936bf5d96c1d, Permission: serviceManagement
[2026-09-22 17:05:22] [INFO] INFO
[2026-09-22 17:06:00] [INFO] [SUBSCRIPTION] Expiry cron triggered
[2026-09-22 17:06:00] [INFO] ==================================================
[2026-09-22 17:06:00] [INFO] SUBSCRIPTION EXPIRY CRON STARTED
[2026-09-22 17:06:00] [INFO] ==================================================
[2026-09-22 17:06:00] [INFO] [SUBSCRIPTION] Current India Date: 2026-09-22
[2026-09-22 17:06:00] [INFO] [OVERSTAY] Cron triggered
[2026-09-22 17:06:00] [INFO] ==================================================
[2026-09-22 17:06:00] [INFO] OVERSTAY CRON STARTED
[2026-09-22 17:06:00] [INFO] ==================================================
[2026-09-22 17:06:00] [INFO] [OVERSTAY] Current India Date/Time: 22/09/2026 17:06:00
[2026-09-22 17:06:00] [INFO] [OVERSTAY] Timezone: Asia/Kolkata
[2026-09-22 17:06:00] [INFO] [OVERSTAY] Staying customers found: 0
[2026-09-22 17:06:00] [INFO] ==================================================
[2026-09-22 17:06:00] [INFO] OVERSTAY CRON COMPLETED
[2026-09-22 17:06:00] [INFO] ==================================================
[2026-09-22 17:06:00] [INFO] [SUBSCRIPTION] Subscriptions found: 3
[2026-09-22 17:06:00] [INFO] [SUBSCRIPTION] mani hotel | Expiry: 2026-10-16 | Days Remaining: 24
[2026-09-22 17:06:00] [INFO] [SUBSCRIPTION] hotel 2 | Expiry: 2026-10-17 | Days Remaining: 25
[2026-09-22 17:06:00] [INFO] [SUBSCRIPTION] ganesh hotel | Expiry: 2026-10-22 | Days Remaining: 30
[2026-09-22 17:06:00] [INFO] ==================================================
[2026-09-22 17:06:00] [INFO] SUBSCRIPTION EXPIRY CRON COMPLETED
[2026-09-22 17:06:00] [INFO] ==================================================
[2026-09-22 17:07:00] [INFO] [OVERSTAY] Cron triggered
[2026-09-22 17:07:00] [INFO] ==================================================
[2026-09-22 17:07:00] [INFO] OVERSTAY CRON STARTED
[2026-09-22 17:07:00] [INFO] ==================================================
[2026-09-22 17:07:00] [INFO] [OVERSTAY] Current India Date/Time: 22/09/2026 17:07:00
[2026-09-22 17:07:00] [INFO] [OVERSTAY] Timezone: Asia/Kolkata
[2026-09-22 17:07:00] [INFO] [SUBSCRIPTION] Expiry cron triggered
[2026-09-22 17:07:00] [INFO] ==================================================
[2026-09-22 17:07:00] [INFO] SUBSCRIPTION EXPIRY CRON STARTED
[2026-09-22 17:07:00] [INFO] ==================================================
[2026-09-22 17:07:00] [INFO] [SUBSCRIPTION] Current India Date: 2026-09-22
[2026-09-22 17:07:00] [INFO] [OVERSTAY] Staying customers found: 0
[2026-09-22 17:07:00] [INFO] ==================================================
[2026-09-22 17:07:00] [INFO] OVERSTAY CRON COMPLETED
[2026-09-22 17:07:00] [INFO] ==================================================
[2026-09-22 17:07:00] [INFO] [SUBSCRIPTION] Subscriptions found: 3
[2026-09-22 17:07:00] [INFO] [SUBSCRIPTION] mani hotel | Expiry: 2026-10-16 | Days Remaining: 24
[2026-09-22 17:07:00] [INFO] [SUBSCRIPTION] hotel 2 | Expiry: 2026-10-17 | Days Remaining: 25
[2026-09-22 17:07:00] [INFO] [SUBSCRIPTION] ganesh hotel | Expiry: 2026-10-22 | Days Remaining: 30
[2026-09-22 17:07:00] [INFO] ==================================================
[2026-09-22 17:07:00] [INFO] SUBSCRIPTION EXPIRY CRON COMPLETED
[2026-09-22 17:07:00] [INFO] ==================================================
[2026-09-22 17:08:00] [INFO] [OVERSTAY] Cron triggered
[2026-09-22 17:08:00] [INFO] ==================================================
[2026-09-22 17:08:00] [INFO] OVERSTAY CRON STARTED
[2026-09-22 17:08:00] [INFO] ==================================================
[2026-09-22 17:08:00] [INFO] [OVERSTAY] Current India Date/Time: 22/09/2026 17:08:00
[2026-09-22 17:08:00] [INFO] [OVERSTAY] Timezone: Asia/Kolkata
[2026-09-22 17:08:00] [INFO] [SUBSCRIPTION] Expiry cron triggered
[2026-09-22 17:08:00] [INFO] ==================================================
[2026-09-22 17:08:00] [INFO] SUBSCRIPTION EXPIRY CRON STARTED
[2026-09-22 17:08:00] [INFO] ==================================================
[2026-09-22 17:08:00] [INFO] [SUBSCRIPTION] Current India Date: 2026-09-22
[2026-09-22 17:08:00] [INFO] [OVERSTAY] Staying customers found: 0
[2026-09-22 17:08:00] [INFO] ==================================================
[2026-09-22 17:08:00] [INFO] OVERSTAY CRON COMPLETED
[2026-09-22 17:08:00] [INFO] ==================================================
[2026-09-22 17:08:00] [INFO] [SUBSCRIPTION] Subscriptions found: 3
[2026-09-22 17:08:00] [INFO] [SUBSCRIPTION] mani hotel | Expiry: 2026-10-16 | Days Remaining: 24
[2026-09-22 17:08:00] [INFO] [SUBSCRIPTION] hotel 2 | Expiry: 2026-10-17 | Days Remaining: 25
[2026-09-22 17:08:00] [INFO] [SUBSCRIPTION] ganesh hotel | Expiry: 2026-10-22 | Days Remaining: 30
[2026-09-22 17:08:00] [INFO] ==================================================
[2026-09-22 17:08:00] [INFO] SUBSCRIPTION EXPIRY CRON COMPLETED
[2026-09-22 17:08:00] [INFO] ==================================================
[2026-09-22 17:09:00] [INFO] [OVERSTAY] Cron triggered
[2026-09-22 17:09:00] [INFO] ==================================================
[2026-09-22 17:09:00] [INFO] OVERSTAY CRON STARTED
[2026-09-22 17:09:00] [INFO] ==================================================
[2026-09-22 17:09:00] [INFO] [OVERSTAY] Current India Date/Time: 22/09/2026 17:09:00
[2026-09-22 17:09:00] [INFO] [OVERSTAY] Timezone: Asia/Kolkata
[2026-09-22 17:09:00] [INFO] [SUBSCRIPTION] Expiry cron triggered
[2026-09-22 17:09:00] [INFO] ==================================================
[2026-09-22 17:09:00] [INFO] SUBSCRIPTION EXPIRY CRON STARTED
[2026-09-22 17:09:00] [INFO] ==================================================
[2026-09-22 17:09:00] [INFO] [SUBSCRIPTION] Current India Date: 2026-09-22
[2026-09-22 17:09:00] [INFO] [OVERSTAY] Staying customers found: 0
[2026-09-22 17:09:00] [INFO] ==================================================
[2026-09-22 17:09:00] [INFO] OVERSTAY CRON COMPLETED
[2026-09-22 17:09:00] [INFO] ==================================================
[2026-09-22 17:09:00] [INFO] [SUBSCRIPTION] Subscriptions found: 3
[2026-09-22 17:09:00] [INFO] [SUBSCRIPTION] mani hotel | Expiry: 2026-10-16 | Days Remaining: 24
[2026-09-22 17:09:00] [INFO] [SUBSCRIPTION] hotel 2 | Expiry: 2026-10-17 | Days Remaining: 25
[2026-09-22 17:09:00] [INFO] [SUBSCRIPTION] ganesh hotel | Expiry: 2026-10-22 | Days Remaining: 30
[2026-09-22 17:09:00] [INFO] ==================================================
[2026-09-22 17:09:00] [INFO] SUBSCRIPTION EXPIRY CRON COMPLETED
[2026-09-22 17:09:00] [INFO] ==================================================
[2026-09-22 17:10:00] [INFO] [OVERSTAY] Cron triggered
[2026-09-22 17:10:00] [INFO] ==================================================
[2026-09-22 17:10:00] [INFO] OVERSTAY CRON STARTED
[2026-09-22 17:10:00] [INFO] ==================================================
[2026-09-22 17:10:00] [INFO] [OVERSTAY] Current India Date/Time: 22/09/2026 17:10:00
[2026-09-22 17:10:00] [INFO] [OVERSTAY] Timezone: Asia/Kolkata
[2026-09-22 17:10:00] [INFO] [SUBSCRIPTION] Expiry cron triggered
[2026-09-22 17:10:00] [INFO] ==================================================
[2026-09-22 17:10:00] [INFO] SUBSCRIPTION EXPIRY CRON STARTED
[2026-09-22 17:10:00] [INFO] ==================================================
[2026-09-22 17:10:00] [INFO] [SUBSCRIPTION] Current India Date: 2026-09-22
[2026-09-22 17:10:00] [INFO] [OVERSTAY] Staying customers found: 0
[2026-09-22 17:10:00] [INFO] ==================================================
[2026-09-22 17:10:00] [INFO] OVERSTAY CRON COMPLETED
[2026-09-22 17:10:00] [INFO] ==================================================
[2026-09-22 17:10:00] [INFO] [SUBSCRIPTION] Subscriptions found: 3
[2026-09-22 17:10:00] [INFO] [SUBSCRIPTION] mani hotel | Expiry: 2026-10-16 | Days Remaining: 24
[2026-09-22 17:10:00] [INFO] [SUBSCRIPTION] hotel 2 | Expiry: 2026-10-17 | Days Remaining: 25
[2026-09-22 17:10:00] [INFO] [SUBSCRIPTION] ganesh hotel | Expiry: 2026-10-22 | Days Remaining: 30
[2026-09-22 17:10:00] [INFO] ==================================================
[2026-09-22 17:10:00] [INFO] SUBSCRIPTION EXPIRY CRON COMPLETED
[2026-09-22 17:10:00] [INFO] ==================================================
[2026-09-22 17:11:00] [INFO] [OVERSTAY] Cron triggered
[2026-09-22 17:11:00] [INFO] ==================================================
[2026-09-22 17:11:00] [INFO] OVERSTAY CRON STARTED
[2026-09-22 17:11:00] [INFO] ==================================================
[2026-09-22 17:11:00] [INFO] [OVERSTAY] Current India Date/Time: 22/09/2026 17:11:00
[2026-09-22 17:11:00] [INFO] [OVERSTAY] Timezone: Asia/Kolkata
[2026-09-22 17:11:00] [INFO] [SUBSCRIPTION] Expiry cron triggered
[2026-09-22 17:11:00] [INFO] ==================================================
[2026-09-22 17:11:00] [INFO] SUBSCRIPTION EXPIRY CRON STARTED
[2026-09-22 17:11:00] [INFO] ==================================================
[2026-09-22 17:11:00] [INFO] [SUBSCRIPTION] Current India Date: 2026-09-22
[2026-09-22 17:11:00] [INFO] [OVERSTAY] Staying customers found: 0
[2026-09-22 17:11:00] [INFO] ==================================================
[2026-09-22 17:11:00] [INFO] OVERSTAY CRON COMPLETED
[2026-09-22 17:11:00] [INFO] ==================================================
[2026-09-22 17:11:00] [INFO] [SUBSCRIPTION] Subscriptions found: 3
[2026-09-22 17:11:00] [INFO] [SUBSCRIPTION] mani hotel | Expiry: 2026-10-16 | Days Remaining: 24
[2026-09-22 17:11:00] [INFO] [SUBSCRIPTION] hotel 2 | Expiry: 2026-10-17 | Days Remaining: 25
[2026-09-22 17:11:00] [INFO] [SUBSCRIPTION] ganesh hotel | Expiry: 2026-10-22 | Days Remaining: 30
[2026-09-22 17:11:00] [INFO] ==================================================
[2026-09-22 17:11:00] [INFO] SUBSCRIPTION EXPIRY CRON COMPLETED
[2026-09-22 17:11:00] [INFO] ==================================================
[2026-09-22 17:12:00] [INFO] [OVERSTAY] Cron triggered
[2026-09-22 17:12:00] [INFO] ==================================================
[2026-09-22 17:12:00] [INFO] OVERSTAY CRON STARTED
[2026-09-22 17:12:00] [INFO] ==================================================
[2026-09-22 17:12:00] [INFO] [OVERSTAY] Current India Date/Time: 22/09/2026 17:12:00
[2026-09-22 17:12:00] [INFO] [OVERSTAY] Timezone: Asia/Kolkata
[2026-09-22 17:12:00] [INFO] [SUBSCRIPTION] Expiry cron triggered
[2026-09-22 17:12:00] [INFO] ==================================================
[2026-09-22 17:12:00] [INFO] SUBSCRIPTION EXPIRY CRON STARTED
[2026-09-22 17:12:00] [INFO] ==================================================
[2026-09-22 17:12:00] [INFO] [SUBSCRIPTION] Current India Date: 2026-09-22
[2026-09-22 17:12:00] [INFO] [OVERSTAY] Staying customers found: 0
[2026-09-22 17:12:00] [INFO] ==================================================
[2026-09-22 17:12:00] [INFO] OVERSTAY CRON COMPLETED
[2026-09-22 17:12:00] [INFO] ==================================================
[2026-09-22 17:12:00] [INFO] [SUBSCRIPTION] Subscriptions found: 3
[2026-09-22 17:12:00] [INFO] [SUBSCRIPTION] mani hotel | Expiry: 2026-10-16 | Days Remaining: 24
[2026-09-22 17:12:00] [INFO] [SUBSCRIPTION] hotel 2 | Expiry: 2026-10-17 | Days Remaining: 25
[2026-09-22 17:12:00] [INFO] [SUBSCRIPTION] ganesh hotel | Expiry: 2026-10-22 | Days Remaining: 30
[2026-09-22 17:12:00] [INFO] ==================================================
[2026-09-22 17:12:00] [INFO] SUBSCRIPTION EXPIRY CRON COMPLETED
[2026-09-22 17:12:00] [INFO] ==================================================
[2026-09-22 17:13:00] [INFO] [OVERSTAY] Cron triggered
[2026-09-22 17:13:00] [INFO] ==================================================
[2026-09-22 17:13:00] [INFO] OVERSTAY CRON STARTED
[2026-09-22 17:13:00] [INFO] ==================================================
[2026-09-22 17:13:00] [INFO] [OVERSTAY] Current India Date/Time: 22/09/2026 17:13:00
[2026-09-22 17:13:00] [INFO] [OVERSTAY] Timezone: Asia/Kolkata
[2026-09-22 17:13:00] [INFO] [SUBSCRIPTION] Expiry cron triggered
[2026-09-22 17:13:00] [INFO] ==================================================
[2026-09-22 17:13:00] [INFO] SUBSCRIPTION EXPIRY CRON STARTED
[2026-09-22 17:13:00] [INFO] ==================================================
[2026-09-22 17:13:00] [INFO] [SUBSCRIPTION] Current India Date: 2026-09-22
[2026-09-22 17:13:00] [INFO] [OVERSTAY] Staying customers found: 0
[2026-09-22 17:13:00] [INFO] ==================================================
[2026-09-22 17:13:00] [INFO] OVERSTAY CRON COMPLETED
[2026-09-22 17:13:00] [INFO] ==================================================
[2026-09-22 17:13:00] [INFO] [SUBSCRIPTION] Subscriptions found: 3
[2026-09-22 17:13:00] [INFO] [SUBSCRIPTION] mani hotel | Expiry: 2026-10-16 | Days Remaining: 24
[2026-09-22 17:13:00] [INFO] [SUBSCRIPTION] hotel 2 | Expiry: 2026-10-17 | Days Remaining: 25
[2026-09-22 17:13:00] [INFO] [SUBSCRIPTION] ganesh hotel | Expiry: 2026-10-22 | Days Remaining: 30
[2026-09-22 17:13:00] [INFO] ==================================================
[2026-09-22 17:13:00] [INFO] SUBSCRIPTION EXPIRY CRON COMPLETED
[2026-09-22 17:13:00] [INFO] ==================================================
[2026-09-22 17:14:00] [INFO] [OVERSTAY] Cron triggered
[2026-09-22 17:14:00] [INFO] ==================================================
[2026-09-22 17:14:00] [INFO] OVERSTAY CRON STARTED
[2026-09-22 17:14:00] [INFO] ==================================================
[2026-09-22 17:14:00] [INFO] [OVERSTAY] Current India Date/Time: 22/09/2026 17:14:00
[2026-09-22 17:14:00] [INFO] [OVERSTAY] Timezone: Asia/Kolkata
[2026-09-22 17:14:00] [INFO] [SUBSCRIPTION] Expiry cron triggered
[2026-09-22 17:14:00] [INFO] ==================================================
[2026-09-22 17:14:00] [INFO] SUBSCRIPTION EXPIRY CRON STARTED
[2026-09-22 17:14:00] [INFO] ==================================================
[2026-09-22 17:14:00] [INFO] [SUBSCRIPTION] Current India Date: 2026-09-22
[2026-09-22 17:14:00] [INFO] [OVERSTAY] Staying customers found: 0
[2026-09-22 17:14:00] [INFO] ==================================================
[2026-09-22 17:14:00] [INFO] OVERSTAY CRON COMPLETED
[2026-09-22 17:14:00] [INFO] ==================================================
[2026-09-22 17:14:00] [INFO] [SUBSCRIPTION] Subscriptions found: 3
[2026-09-22 17:14:00] [INFO] [SUBSCRIPTION] mani hotel | Expiry: 2026-10-16 | Days Remaining: 24
[2026-09-22 17:14:00] [INFO] [SUBSCRIPTION] hotel 2 | Expiry: 2026-10-17 | Days Remaining: 25
[2026-09-22 17:14:00] [INFO] [SUBSCRIPTION] ganesh hotel | Expiry: 2026-10-22 | Days Remaining: 30
[2026-09-22 17:14:00] [INFO] ==================================================
[2026-09-22 17:14:00] [INFO] SUBSCRIPTION EXPIRY CRON COMPLETED
[2026-09-22 17:14:00] [INFO] ==================================================
[2026-09-22 17:15:00] [INFO] [OVERSTAY] Cron triggered
[2026-09-22 17:15:00] [INFO] ==================================================
[2026-09-22 17:15:00] [INFO] OVERSTAY CRON STARTED
[2026-09-22 17:15:00] [INFO] ==================================================
[2026-09-22 17:15:00] [INFO] [OVERSTAY] Current India Date/Time: 22/09/2026 17:15:00
[2026-09-22 17:15:00] [INFO] [OVERSTAY] Timezone: Asia/Kolkata
[2026-09-22 17:15:00] [INFO] [SUBSCRIPTION] Expiry cron triggered
[2026-09-22 17:15:00] [INFO] ==================================================
[2026-09-22 17:15:00] [INFO] SUBSCRIPTION EXPIRY CRON STARTED
[2026-09-22 17:15:00] [INFO] ==================================================
[2026-09-22 17:15:00] [INFO] [SUBSCRIPTION] Current India Date: 2026-09-22
[2026-09-22 17:15:00] [INFO] [OVERSTAY] Staying customers found: 0
[2026-09-22 17:15:00] [INFO] ==================================================
[2026-09-22 17:15:00] [INFO] OVERSTAY CRON COMPLETED
[2026-09-22 17:15:00] [INFO] ==================================================
[2026-09-22 17:15:00] [INFO] [SUBSCRIPTION] Subscriptions found: 3
[2026-09-22 17:15:00] [INFO] [SUBSCRIPTION] mani hotel | Expiry: 2026-10-16 | Days Remaining: 24
[2026-09-22 17:15:00] [INFO] [SUBSCRIPTION] hotel 2 | Expiry: 2026-10-17 | Days Remaining: 25
[2026-09-22 17:15:00] [INFO] [SUBSCRIPTION] ganesh hotel | Expiry: 2026-10-22 | Days Remaining: 30
[2026-09-22 17:15:00] [INFO] ==================================================
[2026-09-22 17:15:00] [INFO] SUBSCRIPTION EXPIRY CRON COMPLETED
[2026-09-22 17:15:00] [INFO] ==================================================
[2026-09-22 17:16:00] [INFO] [OVERSTAY] Cron triggered
[2026-09-22 17:16:00] [INFO] ==================================================
[2026-09-22 17:16:00] [INFO] OVERSTAY CRON STARTED
[2026-09-22 17:16:00] [INFO] ==================================================
[2026-09-22 17:16:00] [INFO] [OVERSTAY] Current India Date/Time: 22/09/2026 17:16:00
[2026-09-22 17:16:00] [INFO] [OVERSTAY] Timezone: Asia/Kolkata
[2026-09-22 17:16:00] [INFO] [SUBSCRIPTION] Expiry cron triggered
[2026-09-22 17:16:00] [INFO] ==================================================
[2026-09-22 17:16:00] [INFO] SUBSCRIPTION EXPIRY CRON STARTED
[2026-09-22 17:16:00] [INFO] ==================================================
[2026-09-22 17:16:00] [INFO] [SUBSCRIPTION] Current India Date: 2026-09-22
[2026-09-22 17:16:00] [INFO] [OVERSTAY] Staying customers found: 0
[2026-09-22 17:16:00] [INFO] ==================================================
[2026-09-22 17:16:00] [INFO] OVERSTAY CRON COMPLETED
[2026-09-22 17:16:00] [INFO] ==================================================
[2026-09-22 17:16:00] [INFO] [SUBSCRIPTION] Subscriptions found: 3
[2026-09-22 17:16:00] [INFO] [SUBSCRIPTION] mani hotel | Expiry: 2026-10-16 | Days Remaining: 24
[2026-09-22 17:16:00] [INFO] [SUBSCRIPTION] hotel 2 | Expiry: 2026-10-17 | Days Remaining: 25
[2026-09-22 17:16:00] [INFO] [SUBSCRIPTION] ganesh hotel | Expiry: 2026-10-22 | Days Remaining: 30
[2026-09-22 17:16:00] [INFO] ==================================================
[2026-09-22 17:16:00] [INFO] SUBSCRIPTION EXPIRY CRON COMPLETED
[2026-09-22 17:16:00] [INFO] ==================================================
[2026-09-22 17:17:00] [INFO] [SUBSCRIPTION] Expiry cron triggered
[2026-09-22 17:17:00] [INFO] ==================================================
[2026-09-22 17:17:00] [INFO] SUBSCRIPTION EXPIRY CRON STARTED
[2026-09-22 17:17:00] [INFO] ==================================================
[2026-09-22 17:17:00] [INFO] [SUBSCRIPTION] Current India Date: 2026-09-22
[2026-09-22 17:17:00] [INFO] [OVERSTAY] Cron triggered
[2026-09-22 17:17:00] [INFO] ==================================================
[2026-09-22 17:17:00] [INFO] OVERSTAY CRON STARTED
[2026-09-22 17:17:00] [INFO] ==================================================
[2026-09-22 17:17:00] [INFO] [OVERSTAY] Current India Date/Time: 22/09/2026 17:17:00
[2026-09-22 17:17:00] [INFO] [OVERSTAY] Timezone: Asia/Kolkata
[2026-09-22 17:17:00] [INFO] [OVERSTAY] Staying customers found: 0
[2026-09-22 17:17:00] [INFO] ==================================================
[2026-09-22 17:17:00] [INFO] OVERSTAY CRON COMPLETED
[2026-09-22 17:17:00] [INFO] ==================================================
[2026-09-22 17:17:00] [INFO] [SUBSCRIPTION] Subscriptions found: 3
[2026-09-22 17:17:00] [INFO] [SUBSCRIPTION] mani hotel | Expiry: 2026-10-16 | Days Remaining: 24
[2026-09-22 17:17:00] [INFO] [SUBSCRIPTION] hotel 2 | Expiry: 2026-10-17 | Days Remaining: 25
[2026-09-22 17:17:00] [INFO] [SUBSCRIPTION] ganesh hotel | Expiry: 2026-10-22 | Days Remaining: 30
[2026-09-22 17:17:00] [INFO] ==================================================
[2026-09-22 17:17:00] [INFO] SUBSCRIPTION EXPIRY CRON COMPLETED
[2026-09-22 17:17:00] [INFO] ==================================================
[2026-09-22 17:18:00] [INFO] [SUBSCRIPTION] Expiry cron triggered
[2026-09-22 17:18:00] [INFO] ==================================================
[2026-09-22 17:18:00] [INFO] SUBSCRIPTION EXPIRY CRON STARTED
[2026-09-22 17:18:00] [INFO] ==================================================
[2026-09-22 17:18:00] [INFO] [SUBSCRIPTION] Current India Date: 2026-09-22
[2026-09-22 17:18:00] [INFO] [OVERSTAY] Cron triggered
[2026-09-22 17:18:00] [INFO] ==================================================
[2026-09-22 17:18:00] [INFO] OVERSTAY CRON STARTED
[2026-09-22 17:18:00] [INFO] ==================================================
[2026-09-22 17:18:00] [INFO] [OVERSTAY] Current India Date/Time: 22/09/2026 17:18:00
[2026-09-22 17:18:00] [INFO] [OVERSTAY] Timezone: Asia/Kolkata
[2026-09-22 17:18:00] [INFO] [OVERSTAY] Staying customers found: 0
[2026-09-22 17:18:00] [INFO] ==================================================
[2026-09-22 17:18:00] [INFO] OVERSTAY CRON COMPLETED
[2026-09-22 17:18:00] [INFO] ==================================================
[2026-09-22 17:18:00] [INFO] [SUBSCRIPTION] Subscriptions found: 3
[2026-09-22 17:18:00] [INFO] [SUBSCRIPTION] mani hotel | Expiry: 2026-10-16 | Days Remaining: 24
[2026-09-22 17:18:00] [INFO] [SUBSCRIPTION] hotel 2 | Expiry: 2026-10-17 | Days Remaining: 25
[2026-09-22 17:18:00] [INFO] [SUBSCRIPTION] ganesh hotel | Expiry: 2026-10-22 | Days Remaining: 30
[2026-09-22 17:18:00] [INFO] ==================================================
[2026-09-22 17:18:00] [INFO] SUBSCRIPTION EXPIRY CRON COMPLETED
[2026-09-22 17:18:00] [INFO] ==================================================
[2026-09-22 17:19:00] [INFO] [SUBSCRIPTION] Expiry cron triggered
[2026-09-22 17:19:00] [INFO] ==================================================
[2026-09-22 17:19:00] [INFO] SUBSCRIPTION EXPIRY CRON STARTED
[2026-09-22 17:19:00] [INFO] ==================================================
[2026-09-22 17:19:00] [INFO] [SUBSCRIPTION] Current India Date: 2026-09-22
[2026-09-22 17:19:00] [INFO] [OVERSTAY] Cron triggered
[2026-09-22 17:19:00] [INFO] ==================================================
[2026-09-22 17:19:00] [INFO] OVERSTAY CRON STARTED
[2026-09-22 17:19:00] [INFO] ==================================================
[2026-09-22 17:19:00] [INFO] [OVERSTAY] Current India Date/Time: 22/09/2026 17:19:00
[2026-09-22 17:19:00] [INFO] [OVERSTAY] Timezone: Asia/Kolkata
[2026-09-22 17:19:00] [INFO] [OVERSTAY] Staying customers found: 0
[2026-09-22 17:19:00] [INFO] ==================================================
[2026-09-22 17:19:00] [INFO] OVERSTAY CRON COMPLETED
[2026-09-22 17:19:00] [INFO] ==================================================
[2026-09-22 17:19:00] [INFO] [SUBSCRIPTION] Subscriptions found: 3
[2026-09-22 17:19:00] [INFO] [SUBSCRIPTION] mani hotel | Expiry: 2026-10-16 | Days Remaining: 24
[2026-09-22 17:19:00] [INFO] [SUBSCRIPTION] hotel 2 | Expiry: 2026-10-17 | Days Remaining: 25
[2026-09-22 17:19:00] [INFO] [SUBSCRIPTION] ganesh hotel | Expiry: 2026-10-22 | Days Remaining: 30
[2026-09-22 17:19:00] [INFO] ==================================================
[2026-09-22 17:19:00] [INFO] SUBSCRIPTION EXPIRY CRON COMPLETED
[2026-09-22 17:19:00] [INFO] ==================================================
[2026-09-22 17:20:00] [INFO] [SUBSCRIPTION] Expiry cron triggered
[2026-09-22 17:20:00] [INFO] ==================================================
[2026-09-22 17:20:00] [INFO] SUBSCRIPTION EXPIRY CRON STARTED
[2026-09-22 17:20:00] [INFO] ==================================================
[2026-09-22 17:20:00] [INFO] [SUBSCRIPTION] Current India Date: 2026-09-22
[2026-09-22 17:20:00] [INFO] [OVERSTAY] Cron triggered
[2026-09-22 17:20:00] [INFO] ==================================================
[2026-09-22 17:20:00] [INFO] OVERSTAY CRON STARTED
[2026-09-22 17:20:00] [INFO] ==================================================
[2026-09-22 17:20:00] [INFO] [OVERSTAY] Current India Date/Time: 22/09/2026 17:20:00
[2026-09-22 17:20:00] [INFO] [OVERSTAY] Timezone: Asia/Kolkata
[2026-09-22 17:20:00] [INFO] [OVERSTAY] Staying customers found: 0
[2026-09-22 17:20:00] [INFO] ==================================================
[2026-09-22 17:20:00] [INFO] OVERSTAY CRON COMPLETED
[2026-09-22 17:20:00] [INFO] ==================================================
[2026-09-22 17:20:00] [INFO] [SUBSCRIPTION] Subscriptions found: 3
[2026-09-22 17:20:00] [INFO] [SUBSCRIPTION] mani hotel | Expiry: 2026-10-16 | Days Remaining: 24
[2026-09-22 17:20:00] [INFO] [SUBSCRIPTION] hotel 2 | Expiry: 2026-10-17 | Days Remaining: 25
[2026-09-22 17:20:00] [INFO] [SUBSCRIPTION] ganesh hotel | Expiry: 2026-10-22 | Days Remaining: 30
[2026-09-22 17:20:00] [INFO] ==================================================
[2026-09-22 17:20:00] [INFO] SUBSCRIPTION EXPIRY CRON COMPLETED
[2026-09-22 17:20:00] [INFO] ==================================================
[2026-09-22 17:21:00] [INFO] [SUBSCRIPTION] Expiry cron triggered
[2026-09-22 17:21:00] [INFO] ==================================================
[2026-09-22 17:21:00] [INFO] SUBSCRIPTION EXPIRY CRON STARTED
[2026-09-22 17:21:00] [INFO] ==================================================
[2026-09-22 17:21:00] [INFO] [SUBSCRIPTION] Current India Date: 2026-09-22
[2026-09-22 17:21:00] [INFO] [OVERSTAY] Cron triggered
[2026-09-22 17:21:00] [INFO] ==================================================
[2026-09-22 17:21:00] [INFO] OVERSTAY CRON STARTED
[2026-09-22 17:21:00] [INFO] ==================================================
[2026-09-22 17:21:00] [INFO] [OVERSTAY] Current India Date/Time: 22/09/2026 17:21:00
[2026-09-22 17:21:00] [INFO] [OVERSTAY] Timezone: Asia/Kolkata
[2026-09-22 17:21:00] [INFO] [OVERSTAY] Staying customers found: 0
[2026-09-22 17:21:00] [INFO] ==================================================
[2026-09-22 17:21:00] [INFO] OVERSTAY CRON COMPLETED
[2026-09-22 17:21:00] [INFO] ==================================================
[2026-09-22 17:21:00] [INFO] [SUBSCRIPTION] Subscriptions found: 3
[2026-09-22 17:21:00] [INFO] [SUBSCRIPTION] mani hotel | Expiry: 2026-10-16 | Days Remaining: 24
[2026-09-22 17:21:00] [INFO] [SUBSCRIPTION] hotel 2 | Expiry: 2026-10-17 | Days Remaining: 25
[2026-09-22 17:21:00] [INFO] [SUBSCRIPTION] ganesh hotel | Expiry: 2026-10-22 | Days Remaining: 30
[2026-09-22 17:21:00] [INFO] ==================================================
[2026-09-22 17:21:00] [INFO] SUBSCRIPTION EXPIRY CRON COMPLETED
[2026-09-22 17:21:00] [INFO] ==================================================
[2026-09-22 17:22:00] [INFO] [SUBSCRIPTION] Expiry cron triggered
[2026-09-22 17:22:00] [INFO] ==================================================
[2026-09-22 17:22:00] [INFO] SUBSCRIPTION EXPIRY CRON STARTED
[2026-09-22 17:22:00] [INFO] ==================================================
[2026-09-22 17:22:00] [INFO] [SUBSCRIPTION] Current India Date: 2026-09-22
[2026-09-22 17:22:00] [INFO] [OVERSTAY] Cron triggered
[2026-09-22 17:22:00] [INFO] ==================================================
[2026-09-22 17:22:00] [INFO] OVERSTAY CRON STARTED
[2026-09-22 17:22:00] [INFO] ==================================================
[2026-09-22 17:22:00] [INFO] [OVERSTAY] Current India Date/Time: 22/09/2026 17:22:00
[2026-09-22 17:22:00] [INFO] [OVERSTAY] Timezone: Asia/Kolkata
[2026-09-22 17:22:00] [INFO] [OVERSTAY] Staying customers found: 0
[2026-09-22 17:22:00] [INFO] ==================================================
[2026-09-22 17:22:00] [INFO] OVERSTAY CRON COMPLETED
[2026-09-22 17:22:00] [INFO] ==================================================
[2026-09-22 17:22:00] [INFO] [SUBSCRIPTION] Subscriptions found: 3
[2026-09-22 17:22:00] [INFO] [SUBSCRIPTION] mani hotel | Expiry: 2026-10-16 | Days Remaining: 24
[2026-09-22 17:22:00] [INFO] [SUBSCRIPTION] hotel 2 | Expiry: 2026-10-17 | Days Remaining: 25
[2026-09-22 17:22:00] [INFO] [SUBSCRIPTION] ganesh hotel | Expiry: 2026-10-22 | Days Remaining: 30
[2026-09-22 17:22:00] [INFO] ==================================================
[2026-09-22 17:22:00] [INFO] SUBSCRIPTION EXPIRY CRON COMPLETED
[2026-09-22 17:22:00] [INFO] ==================================================
[2026-09-22 17:23:00] [INFO] [SUBSCRIPTION] Expiry cron triggered
[2026-09-22 17:23:00] [INFO] ==================================================
[2026-09-22 17:23:00] [INFO] SUBSCRIPTION EXPIRY CRON STARTED
[2026-09-22 17:23:00] [INFO] ==================================================
[2026-09-22 17:23:00] [INFO] [SUBSCRIPTION] Current India Date: 2026-09-22
[2026-09-22 17:23:00] [INFO] [OVERSTAY] Cron triggered
[2026-09-22 17:23:00] [INFO] ==================================================
[2026-09-22 17:23:00] [INFO] OVERSTAY CRON STARTED
[2026-09-22 17:23:00] [INFO] ==================================================
[2026-09-22 17:23:00] [INFO] [OVERSTAY] Current India Date/Time: 22/09/2026 17:23:00
[2026-09-22 17:23:00] [INFO] [OVERSTAY] Timezone: Asia/Kolkata
[2026-09-22 17:23:00] [INFO] [OVERSTAY] Staying customers found: 0
[2026-09-22 17:23:00] [INFO] ==================================================
[2026-09-22 17:23:00] [INFO] OVERSTAY CRON COMPLETED
[2026-09-22 17:23:00] [INFO] ==================================================
[2026-09-22 17:23:00] [INFO] [SUBSCRIPTION] Subscriptions found: 3
[2026-09-22 17:23:00] [INFO] [SUBSCRIPTION] mani hotel | Expiry: 2026-10-16 | Days Remaining: 24
[2026-09-22 17:23:00] [INFO] [SUBSCRIPTION] hotel 2 | Expiry: 2026-10-17 | Days Remaining: 25
[2026-09-22 17:23:00] [INFO] [SUBSCRIPTION] ganesh hotel | Expiry: 2026-10-22 | Days Remaining: 30
[2026-09-22 17:23:00] [INFO] ==================================================
[2026-09-22 17:23:00] [INFO] SUBSCRIPTION EXPIRY CRON COMPLETED
[2026-09-22 17:23:00] [INFO] ==================================================
[2026-09-22 17:24:00] [INFO] [OVERSTAY] Cron triggered
[2026-09-22 17:24:00] [INFO] ==================================================
[2026-09-22 17:24:00] [INFO] OVERSTAY CRON STARTED
[2026-09-22 17:24:00] [INFO] ==================================================
[2026-09-22 17:24:00] [INFO] [OVERSTAY] Current India Date/Time: 22/09/2026 17:24:00
[2026-09-22 17:24:00] [INFO] [OVERSTAY] Timezone: Asia/Kolkata
[2026-09-22 17:24:00] [INFO] [SUBSCRIPTION] Expiry cron triggered
[2026-09-22 17:24:00] [INFO] ==================================================
[2026-09-22 17:24:00] [INFO] SUBSCRIPTION EXPIRY CRON STARTED
[2026-09-22 17:24:00] [INFO] ==================================================
[2026-09-22 17:24:00] [INFO] [SUBSCRIPTION] Current India Date: 2026-09-22
[2026-09-22 17:24:00] [INFO] [OVERSTAY] Staying customers found: 0
[2026-09-22 17:24:00] [INFO] ==================================================
[2026-09-22 17:24:00] [INFO] OVERSTAY CRON COMPLETED
[2026-09-22 17:24:00] [INFO] ==================================================
[2026-09-22 17:24:00] [INFO] [SUBSCRIPTION] Subscriptions found: 3
[2026-09-22 17:24:00] [INFO] [SUBSCRIPTION] mani hotel | Expiry: 2026-10-16 | Days Remaining: 24
[2026-09-22 17:24:00] [INFO] [SUBSCRIPTION] hotel 2 | Expiry: 2026-10-17 | Days Remaining: 25
[2026-09-22 17:24:00] [INFO] [SUBSCRIPTION] ganesh hotel | Expiry: 2026-10-22 | Days Remaining: 30
[2026-09-22 17:24:00] [INFO] ==================================================
[2026-09-22 17:24:00] [INFO] SUBSCRIPTION EXPIRY CRON COMPLETED
[2026-09-22 17:24:00] [INFO] ==================================================
[2026-09-22 17:25:00] [INFO] [OVERSTAY] Cron triggered
[2026-09-22 17:25:00] [INFO] ==================================================
[2026-09-22 17:25:00] [INFO] OVERSTAY CRON STARTED
[2026-09-22 17:25:00] [INFO] ==================================================
[2026-09-22 17:25:00] [INFO] [OVERSTAY] Current India Date/Time: 22/09/2026 17:25:00
[2026-09-22 17:25:00] [INFO] [OVERSTAY] Timezone: Asia/Kolkata
[2026-09-22 17:25:00] [INFO] [SUBSCRIPTION] Expiry cron triggered
[2026-09-22 17:25:00] [INFO] ==================================================
[2026-09-22 17:25:00] [INFO] SUBSCRIPTION EXPIRY CRON STARTED
[2026-09-22 17:25:00] [INFO] ==================================================
[2026-09-22 17:25:00] [INFO] [SUBSCRIPTION] Current India Date: 2026-09-22
[2026-09-22 17:25:00] [INFO] [OVERSTAY] Staying customers found: 0
[2026-09-22 17:25:00] [INFO] ==================================================
[2026-09-22 17:25:00] [INFO] OVERSTAY CRON COMPLETED
[2026-09-22 17:25:00] [INFO] ==================================================
[2026-09-22 17:25:00] [INFO] [SUBSCRIPTION] Subscriptions found: 3
[2026-09-22 17:25:00] [INFO] [SUBSCRIPTION] mani hotel | Expiry: 2026-10-16 | Days Remaining: 24
[2026-09-22 17:25:00] [INFO] [SUBSCRIPTION] hotel 2 | Expiry: 2026-10-17 | Days Remaining: 25
[2026-09-22 17:25:00] [INFO] [SUBSCRIPTION] ganesh hotel | Expiry: 2026-10-22 | Days Remaining: 30
[2026-09-22 17:25:00] [INFO] ==================================================
[2026-09-22 17:25:00] [INFO] SUBSCRIPTION EXPIRY CRON COMPLETED
[2026-09-22 17:25:00] [INFO] ==================================================
[2026-09-22 17:26:00] [INFO] [SUBSCRIPTION] Expiry cron triggered
[2026-09-22 17:26:00] [INFO] ==================================================
[2026-09-22 17:26:00] [INFO] SUBSCRIPTION EXPIRY CRON STARTED
[2026-09-22 17:26:00] [INFO] ==================================================
[2026-09-22 17:26:00] [INFO] [SUBSCRIPTION] Current India Date: 2026-09-22
[2026-09-22 17:26:00] [INFO] [OVERSTAY] Cron triggered
[2026-09-22 17:26:00] [INFO] ==================================================
[2026-09-22 17:26:00] [INFO] OVERSTAY CRON STARTED
[2026-09-22 17:26:00] [INFO] ==================================================
[2026-09-22 17:26:00] [INFO] [OVERSTAY] Current India Date/Time: 22/09/2026 17:26:00
[2026-09-22 17:26:00] [INFO] [OVERSTAY] Timezone: Asia/Kolkata
[2026-09-22 17:26:00] [INFO] [OVERSTAY] Staying customers found: 0
[2026-09-22 17:26:00] [INFO] ==================================================
[2026-09-22 17:26:00] [INFO] OVERSTAY CRON COMPLETED
[2026-09-22 17:26:00] [INFO] ==================================================
[2026-09-22 17:26:00] [INFO] [SUBSCRIPTION] Subscriptions found: 3
[2026-09-22 17:26:00] [INFO] [SUBSCRIPTION] mani hotel | Expiry: 2026-10-16 | Days Remaining: 24
[2026-09-22 17:26:00] [INFO] [SUBSCRIPTION] hotel 2 | Expiry: 2026-10-17 | Days Remaining: 25
[2026-09-22 17:26:00] [INFO] [SUBSCRIPTION] ganesh hotel | Expiry: 2026-10-22 | Days Remaining: 30
[2026-09-22 17:26:00] [INFO] ==================================================
[2026-09-22 17:26:00] [INFO] SUBSCRIPTION EXPIRY CRON COMPLETED
[2026-09-22 17:26:00] [INFO] ==================================================
[2026-09-22 17:27:00] [INFO] [OVERSTAY] Cron triggered
[2026-09-22 17:27:00] [INFO] ==================================================
[2026-09-22 17:27:00] [INFO] OVERSTAY CRON STARTED
[2026-09-22 17:27:00] [INFO] ==================================================
[2026-09-22 17:27:00] [INFO] [OVERSTAY] Current India Date/Time: 22/09/2026 17:27:00
[2026-09-22 17:27:00] [INFO] [OVERSTAY] Timezone: Asia/Kolkata
[2026-09-22 17:27:00] [INFO] [SUBSCRIPTION] Expiry cron triggered
[2026-09-22 17:27:00] [INFO] ==================================================
[2026-09-22 17:27:00] [INFO] SUBSCRIPTION EXPIRY CRON STARTED
[2026-09-22 17:27:00] [INFO] ==================================================
[2026-09-22 17:27:00] [INFO] [SUBSCRIPTION] Current India Date: 2026-09-22
[2026-09-22 17:27:00] [INFO] [OVERSTAY] Staying customers found: 0
[2026-09-22 17:27:00] [INFO] ==================================================
[2026-09-22 17:27:00] [INFO] OVERSTAY CRON COMPLETED
[2026-09-22 17:27:00] [INFO] ==================================================
[2026-09-22 17:27:00] [INFO] [SUBSCRIPTION] Subscriptions found: 3
[2026-09-22 17:27:00] [INFO] [SUBSCRIPTION] mani hotel | Expiry: 2026-10-16 | Days Remaining: 24
[2026-09-22 17:27:00] [INFO] [SUBSCRIPTION] hotel 2 | Expiry: 2026-10-17 | Days Remaining: 25
[2026-09-22 17:27:00] [INFO] [SUBSCRIPTION] ganesh hotel | Expiry: 2026-10-22 | Days Remaining: 30
[2026-09-22 17:27:00] [INFO] ==================================================
[2026-09-22 17:27:00] [INFO] SUBSCRIPTION EXPIRY CRON COMPLETED
[2026-09-22 17:27:00] [INFO] ==================================================
[2026-09-22 17:28:00] [INFO] [OVERSTAY] Cron triggered
[2026-09-22 17:28:00] [INFO] ==================================================
[2026-09-22 17:28:00] [INFO] OVERSTAY CRON STARTED
[2026-09-22 17:28:00] [INFO] ==================================================
[2026-09-22 17:28:00] [INFO] [OVERSTAY] Current India Date/Time: 22/09/2026 17:28:00
[2026-09-22 17:28:00] [INFO] [OVERSTAY] Timezone: Asia/Kolkata
[2026-09-22 17:28:00] [INFO] [SUBSCRIPTION] Expiry cron triggered
[2026-09-22 17:28:00] [INFO] ==================================================
[2026-09-22 17:28:00] [INFO] SUBSCRIPTION EXPIRY CRON STARTED
[2026-09-22 17:28:00] [INFO] ==================================================
[2026-09-22 17:28:00] [INFO] [SUBSCRIPTION] Current India Date: 2026-09-22
[2026-09-22 17:28:00] [INFO] [OVERSTAY] Staying customers found: 0
[2026-09-22 17:28:00] [INFO] ==================================================
[2026-09-22 17:28:00] [INFO] OVERSTAY CRON COMPLETED
[2026-09-22 17:28:00] [INFO] ==================================================
[2026-09-22 17:28:00] [INFO] [SUBSCRIPTION] Subscriptions found: 3
[2026-09-22 17:28:00] [INFO] [SUBSCRIPTION] mani hotel | Expiry: 2026-10-16 | Days Remaining: 24
[2026-09-22 17:28:00] [INFO] [SUBSCRIPTION] hotel 2 | Expiry: 2026-10-17 | Days Remaining: 25
[2026-09-22 17:28:00] [INFO] [SUBSCRIPTION] ganesh hotel | Expiry: 2026-10-22 | Days Remaining: 30
[2026-09-22 17:28:00] [INFO] ==================================================
[2026-09-22 17:28:00] [INFO] SUBSCRIPTION EXPIRY CRON COMPLETED
[2026-09-22 17:28:00] [INFO] ==================================================
[2026-09-22 17:29:00] [INFO] [SUBSCRIPTION] Expiry cron triggered
[2026-09-22 17:29:00] [INFO] ==================================================
[2026-09-22 17:29:00] [INFO] SUBSCRIPTION EXPIRY CRON STARTED
[2026-09-22 17:29:00] [INFO] ==================================================
[2026-09-22 17:29:00] [INFO] [SUBSCRIPTION] Current India Date: 2026-09-22
[2026-09-22 17:29:00] [INFO] [OVERSTAY] Cron triggered
[2026-09-22 17:29:00] [INFO] ==================================================
[2026-09-22 17:29:00] [INFO] OVERSTAY CRON STARTED
[2026-09-22 17:29:00] [INFO] ==================================================
[2026-09-22 17:29:00] [INFO] [OVERSTAY] Current India Date/Time: 22/09/2026 17:29:00
[2026-09-22 17:29:00] [INFO] [OVERSTAY] Timezone: Asia/Kolkata
[2026-09-22 17:29:00] [INFO] [OVERSTAY] Staying customers found: 0
[2026-09-22 17:29:00] [INFO] ==================================================
[2026-09-22 17:29:00] [INFO] OVERSTAY CRON COMPLETED
[2026-09-22 17:29:00] [INFO] ==================================================
[2026-09-22 17:29:00] [INFO] [SUBSCRIPTION] Subscriptions found: 3
[2026-09-22 17:29:00] [INFO] [SUBSCRIPTION] mani hotel | Expiry: 2026-10-16 | Days Remaining: 24
[2026-09-22 17:29:00] [INFO] [SUBSCRIPTION] hotel 2 | Expiry: 2026-10-17 | Days Remaining: 25
[2026-09-22 17:29:00] [INFO] [SUBSCRIPTION] ganesh hotel | Expiry: 2026-10-22 | Days Remaining: 30
[2026-09-22 17:29:00] [INFO] ==================================================
[2026-09-22 17:29:00] [INFO] SUBSCRIPTION EXPIRY CRON COMPLETED
[2026-09-22 17:29:00] [INFO] ==================================================
[2026-09-22 17:30:00] [INFO] [OVERSTAY] Cron triggered
[2026-09-22 17:30:00] [INFO] ==================================================
[2026-09-22 17:30:00] [INFO] OVERSTAY CRON STARTED
[2026-09-22 17:30:00] [INFO] ==================================================
[2026-09-22 17:30:00] [INFO] [OVERSTAY] Current India Date/Time: 22/09/2026 17:30:00
[2026-09-22 17:30:00] [INFO] [OVERSTAY] Timezone: Asia/Kolkata
[2026-09-22 17:30:00] [INFO] [SUBSCRIPTION] Expiry cron triggered
[2026-09-22 17:30:00] [INFO] ==================================================
[2026-09-22 17:30:00] [INFO] SUBSCRIPTION EXPIRY CRON STARTED
[2026-09-22 17:30:00] [INFO] ==================================================
[2026-09-22 17:30:00] [INFO] [SUBSCRIPTION] Current India Date: 2026-09-22
[2026-09-22 17:30:00] [INFO] [OVERSTAY] Staying customers found: 0
[2026-09-22 17:30:00] [INFO] ==================================================
[2026-09-22 17:30:00] [INFO] OVERSTAY CRON COMPLETED
[2026-09-22 17:30:00] [INFO] ==================================================
[2026-09-22 17:30:00] [INFO] [SUBSCRIPTION] Subscriptions found: 3
[2026-09-22 17:30:00] [INFO] [SUBSCRIPTION] mani hotel | Expiry: 2026-10-16 | Days Remaining: 24
[2026-09-22 17:30:00] [INFO] [SUBSCRIPTION] hotel 2 | Expiry: 2026-10-17 | Days Remaining: 25
[2026-09-22 17:30:00] [INFO] [SUBSCRIPTION] ganesh hotel | Expiry: 2026-10-22 | Days Remaining: 30
[2026-09-22 17:30:00] [INFO] ==================================================
[2026-09-22 17:30:00] [INFO] SUBSCRIPTION EXPIRY CRON COMPLETED
[2026-09-22 17:30:00] [INFO] ==================================================
[2026-09-22 17:31:00] [INFO] [OVERSTAY] Cron triggered
[2026-09-22 17:31:00] [INFO] ==================================================
[2026-09-22 17:31:00] [INFO] OVERSTAY CRON STARTED
[2026-09-22 17:31:00] [INFO] ==================================================
[2026-09-22 17:31:00] [INFO] [OVERSTAY] Current India Date/Time: 22/09/2026 17:31:00
[2026-09-22 17:31:00] [INFO] [OVERSTAY] Timezone: Asia/Kolkata
[2026-09-22 17:31:00] [INFO] [SUBSCRIPTION] Expiry cron triggered
[2026-09-22 17:31:00] [INFO] ==================================================
[2026-09-22 17:31:00] [INFO] SUBSCRIPTION EXPIRY CRON STARTED
[2026-09-22 17:31:00] [INFO] ==================================================
[2026-09-22 17:31:00] [INFO] [SUBSCRIPTION] Current India Date: 2026-09-22
[2026-09-22 17:31:00] [INFO] [OVERSTAY] Staying customers found: 0
[2026-09-22 17:31:00] [INFO] ==================================================
[2026-09-22 17:31:00] [INFO] OVERSTAY CRON COMPLETED
[2026-09-22 17:31:00] [INFO] ==================================================
[2026-09-22 17:31:00] [INFO] [SUBSCRIPTION] Subscriptions found: 3
[2026-09-22 17:31:00] [INFO] [SUBSCRIPTION] mani hotel | Expiry: 2026-10-16 | Days Remaining: 24
[2026-09-22 17:31:00] [INFO] [SUBSCRIPTION] hotel 2 | Expiry: 2026-10-17 | Days Remaining: 25
[2026-09-22 17:31:00] [INFO] [SUBSCRIPTION] ganesh hotel | Expiry: 2026-10-22 | Days Remaining: 30
[2026-09-22 17:31:00] [INFO] ==================================================
[2026-09-22 17:31:00] [INFO] SUBSCRIPTION EXPIRY CRON COMPLETED
[2026-09-22 17:31:00] [INFO] ==================================================
[2026-09-22 17:32:00] [INFO] [OVERSTAY] Cron triggered
[2026-09-22 17:32:00] [INFO] ==================================================
[2026-09-22 17:32:00] [INFO] OVERSTAY CRON STARTED
[2026-09-22 17:32:00] [INFO] ==================================================
[2026-09-22 17:32:00] [INFO] [OVERSTAY] Current India Date/Time: 22/09/2026 17:32:00
[2026-09-22 17:32:00] [INFO] [OVERSTAY] Timezone: Asia/Kolkata
[2026-09-22 17:32:00] [INFO] [SUBSCRIPTION] Expiry cron triggered
[2026-09-22 17:32:00] [INFO] ==================================================
[2026-09-22 17:32:00] [INFO] SUBSCRIPTION EXPIRY CRON STARTED
[2026-09-22 17:32:00] [INFO] ==================================================
[2026-09-22 17:32:00] [INFO] [SUBSCRIPTION] Current India Date: 2026-09-22
[2026-09-22 17:32:00] [INFO] [OVERSTAY] Staying customers found: 0
[2026-09-22 17:32:00] [INFO] ==================================================
[2026-09-22 17:32:00] [INFO] OVERSTAY CRON COMPLETED
[2026-09-22 17:32:00] [INFO] ==================================================
[2026-09-22 17:32:00] [INFO] [SUBSCRIPTION] Subscriptions found: 3
[2026-09-22 17:32:00] [INFO] [SUBSCRIPTION] mani hotel | Expiry: 2026-10-16 | Days Remaining: 24
[2026-09-22 17:32:00] [INFO] [SUBSCRIPTION] hotel 2 | Expiry: 2026-10-17 | Days Remaining: 25
[2026-09-22 17:32:00] [INFO] [SUBSCRIPTION] ganesh hotel | Expiry: 2026-10-22 | Days Remaining: 30
[2026-09-22 17:32:00] [INFO] ==================================================
[2026-09-22 17:32:00] [INFO] SUBSCRIPTION EXPIRY CRON COMPLETED
[2026-09-22 17:32:00] [INFO] ==================================================
[2026-09-22 17:33:00] [INFO] [SUBSCRIPTION] Expiry cron triggered
[2026-09-22 17:33:00] [INFO] ==================================================
[2026-09-22 17:33:00] [INFO] SUBSCRIPTION EXPIRY CRON STARTED
[2026-09-22 17:33:00] [INFO] ==================================================
[2026-09-22 17:33:00] [INFO] [SUBSCRIPTION] Current India Date: 2026-09-22
[2026-09-22 17:33:00] [INFO] [OVERSTAY] Cron triggered
[2026-09-22 17:33:00] [INFO] ==================================================
[2026-09-22 17:33:00] [INFO] OVERSTAY CRON STARTED
[2026-09-22 17:33:00] [INFO] ==================================================
[2026-09-22 17:33:00] [INFO] [OVERSTAY] Current India Date/Time: 22/09/2026 17:33:00
[2026-09-22 17:33:00] [INFO] [OVERSTAY] Timezone: Asia/Kolkata
[2026-09-22 17:33:00] [INFO] [SUBSCRIPTION] Subscriptions found: 3
[2026-09-22 17:33:00] [INFO] [OVERSTAY] Staying customers found: 0
[2026-09-22 17:33:00] [INFO] ==================================================
[2026-09-22 17:33:00] [INFO] OVERSTAY CRON COMPLETED
[2026-09-22 17:33:00] [INFO] ==================================================
[2026-09-22 17:33:00] [INFO] [SUBSCRIPTION] mani hotel | Expiry: 2026-10-16 | Days Remaining: 24
[2026-09-22 17:33:00] [INFO] [SUBSCRIPTION] hotel 2 | Expiry: 2026-10-17 | Days Remaining: 25
[2026-09-22 17:33:00] [INFO] [SUBSCRIPTION] ganesh hotel | Expiry: 2026-10-22 | Days Remaining: 30
[2026-09-22 17:33:00] [INFO] ==================================================
[2026-09-22 17:33:00] [INFO] SUBSCRIPTION EXPIRY CRON COMPLETED
[2026-09-22 17:33:00] [INFO] ==================================================
[2026-09-22 17:34:00] [INFO] [SUBSCRIPTION] Expiry cron triggered
[2026-09-22 17:34:00] [INFO] ==================================================
[2026-09-22 17:34:00] [INFO] SUBSCRIPTION EXPIRY CRON STARTED
[2026-09-22 17:34:00] [INFO] ==================================================
[2026-09-22 17:34:00] [INFO] [SUBSCRIPTION] Current India Date: 2026-09-22
[2026-09-22 17:34:00] [INFO] [OVERSTAY] Cron triggered
[2026-09-22 17:34:00] [INFO] ==================================================
[2026-09-22 17:34:00] [INFO] OVERSTAY CRON STARTED
[2026-09-22 17:34:00] [INFO] ==================================================
[2026-09-22 17:34:00] [INFO] [OVERSTAY] Current India Date/Time: 22/09/2026 17:34:00
[2026-09-22 17:34:00] [INFO] [OVERSTAY] Timezone: Asia/Kolkata
[2026-09-22 17:34:00] [INFO] [OVERSTAY] Staying customers found: 0
[2026-09-22 17:34:00] [INFO] ==================================================
[2026-09-22 17:34:00] [INFO] OVERSTAY CRON COMPLETED
[2026-09-22 17:34:00] [INFO] ==================================================
[2026-09-22 17:34:00] [INFO] [SUBSCRIPTION] Subscriptions found: 3
[2026-09-22 17:34:00] [INFO] [SUBSCRIPTION] mani hotel | Expiry: 2026-10-16 | Days Remaining: 24
[2026-09-22 17:34:00] [INFO] [SUBSCRIPTION] hotel 2 | Expiry: 2026-10-17 | Days Remaining: 25
[2026-09-22 17:34:00] [INFO] [SUBSCRIPTION] ganesh hotel | Expiry: 2026-10-22 | Days Remaining: 30
[2026-09-22 17:34:00] [INFO] ==================================================
[2026-09-22 17:34:00] [INFO] SUBSCRIPTION EXPIRY CRON COMPLETED
[2026-09-22 17:34:00] [INFO] ==================================================
[2026-09-22 17:35:00] [INFO] [OVERSTAY] Cron triggered
[2026-09-22 17:35:00] [INFO] ==================================================
[2026-09-22 17:35:00] [INFO] OVERSTAY CRON STARTED
[2026-09-22 17:35:00] [INFO] ==================================================
[2026-09-22 17:35:00] [INFO] [OVERSTAY] Current India Date/Time: 22/09/2026 17:35:00
[2026-09-22 17:35:00] [INFO] [OVERSTAY] Timezone: Asia/Kolkata
[2026-09-22 17:35:00] [INFO] [SUBSCRIPTION] Expiry cron triggered
[2026-09-22 17:35:00] [INFO] ==================================================
[2026-09-22 17:35:00] [INFO] SUBSCRIPTION EXPIRY CRON STARTED
[2026-09-22 17:35:00] [INFO] ==================================================
[2026-09-22 17:35:00] [INFO] [SUBSCRIPTION] Current India Date: 2026-09-22
[2026-09-22 17:35:00] [INFO] [OVERSTAY] Staying customers found: 0
[2026-09-22 17:35:00] [INFO] ==================================================
[2026-09-22 17:35:00] [INFO] OVERSTAY CRON COMPLETED
[2026-09-22 17:35:00] [INFO] ==================================================
[2026-09-22 17:35:00] [INFO] [SUBSCRIPTION] Subscriptions found: 3
[2026-09-22 17:35:00] [INFO] [SUBSCRIPTION] mani hotel | Expiry: 2026-10-16 | Days Remaining: 24
[2026-09-22 17:35:00] [INFO] [SUBSCRIPTION] hotel 2 | Expiry: 2026-10-17 | Days Remaining: 25
[2026-09-22 17:35:00] [INFO] [SUBSCRIPTION] ganesh hotel | Expiry: 2026-10-22 | Days Remaining: 30
[2026-09-22 17:35:00] [INFO] ==================================================
[2026-09-22 17:35:00] [INFO] SUBSCRIPTION EXPIRY CRON COMPLETED
[2026-09-22 17:35:00] [INFO] ==================================================
[2026-09-22 17:36:00] [INFO] [OVERSTAY] Cron triggered
[2026-09-22 17:36:00] [INFO] ==================================================
[2026-09-22 17:36:00] [INFO] OVERSTAY CRON STARTED
[2026-09-22 17:36:00] [INFO] ==================================================
[2026-09-22 17:36:00] [INFO] [OVERSTAY] Current India Date/Time: 22/09/2026 17:36:00
[2026-09-22 17:36:00] [INFO] [OVERSTAY] Timezone: Asia/Kolkata
[2026-09-22 17:36:00] [INFO] [SUBSCRIPTION] Expiry cron triggered
[2026-09-22 17:36:00] [INFO] ==================================================
[2026-09-22 17:36:00] [INFO] SUBSCRIPTION EXPIRY CRON STARTED
[2026-09-22 17:36:00] [INFO] ==================================================
[2026-09-22 17:36:00] [INFO] [SUBSCRIPTION] Current India Date: 2026-09-22
[2026-09-22 17:36:00] [INFO] [OVERSTAY] Staying customers found: 0
[2026-09-22 17:36:00] [INFO] ==================================================
[2026-09-22 17:36:00] [INFO] OVERSTAY CRON COMPLETED
[2026-09-22 17:36:00] [INFO] ==================================================
[2026-09-22 17:36:00] [INFO] [SUBSCRIPTION] Subscriptions found: 3
[2026-09-22 17:36:00] [INFO] [SUBSCRIPTION] mani hotel | Expiry: 2026-10-16 | Days Remaining: 24
[2026-09-22 17:36:00] [INFO] [SUBSCRIPTION] hotel 2 | Expiry: 2026-10-17 | Days Remaining: 25
[2026-09-22 17:36:00] [INFO] [SUBSCRIPTION] ganesh hotel | Expiry: 2026-10-22 | Days Remaining: 30
[2026-09-22 17:36:00] [INFO] ==================================================
[2026-09-22 17:36:00] [INFO] SUBSCRIPTION EXPIRY CRON COMPLETED
[2026-09-22 17:36:00] [INFO] ==================================================
[2026-09-22 17:37:00] [INFO] [OVERSTAY] Cron triggered
[2026-09-22 17:37:00] [INFO] ==================================================
[2026-09-22 17:37:00] [INFO] OVERSTAY CRON STARTED
[2026-09-22 17:37:00] [INFO] ==================================================
[2026-09-22 17:37:00] [INFO] [OVERSTAY] Current India Date/Time: 22/09/2026 17:37:00
[2026-09-22 17:37:00] [INFO] [OVERSTAY] Timezone: Asia/Kolkata
[2026-09-22 17:37:00] [INFO] [SUBSCRIPTION] Expiry cron triggered
[2026-09-22 17:37:00] [INFO] ==================================================
[2026-09-22 17:37:00] [INFO] SUBSCRIPTION EXPIRY CRON STARTED
[2026-09-22 17:37:00] [INFO] ==================================================
[2026-09-22 17:37:00] [INFO] [SUBSCRIPTION] Current India Date: 2026-09-22
[2026-09-22 17:37:00] [INFO] [OVERSTAY] Staying customers found: 0
[2026-09-22 17:37:00] [INFO] ==================================================
[2026-09-22 17:37:00] [INFO] OVERSTAY CRON COMPLETED
[2026-09-22 17:37:00] [INFO] ==================================================
[2026-09-22 17:37:00] [INFO] [SUBSCRIPTION] Subscriptions found: 3
[2026-09-22 17:37:00] [INFO] [SUBSCRIPTION] mani hotel | Expiry: 2026-10-16 | Days Remaining: 24
[2026-09-22 17:37:00] [INFO] [SUBSCRIPTION] hotel 2 | Expiry: 2026-10-17 | Days Remaining: 25
[2026-09-22 17:37:00] [INFO] [SUBSCRIPTION] ganesh hotel | Expiry: 2026-10-22 | Days Remaining: 30
[2026-09-22 17:37:00] [INFO] ==================================================
[2026-09-22 17:37:00] [INFO] SUBSCRIPTION EXPIRY CRON COMPLETED
[2026-09-22 17:37:00] [INFO] ==================================================
[2026-09-22 17:38:00] [INFO] [OVERSTAY] Cron triggered
[2026-09-22 17:38:00] [INFO] ==================================================
[2026-09-22 17:38:00] [INFO] OVERSTAY CRON STARTED
[2026-09-22 17:38:00] [INFO] ==================================================
[2026-09-22 17:38:00] [INFO] [OVERSTAY] Current India Date/Time: 22/09/2026 17:38:00
[2026-09-22 17:38:00] [INFO] [OVERSTAY] Timezone: Asia/Kolkata
[2026-09-22 17:38:00] [INFO] [SUBSCRIPTION] Expiry cron triggered
[2026-09-22 17:38:00] [INFO] ==================================================
[2026-09-22 17:38:00] [INFO] SUBSCRIPTION EXPIRY CRON STARTED
[2026-09-22 17:38:00] [INFO] ==================================================
[2026-09-22 17:38:00] [INFO] [SUBSCRIPTION] Current India Date: 2026-09-22
[2026-09-22 17:38:00] [INFO] [OVERSTAY] Staying customers found: 0
[2026-09-22 17:38:00] [INFO] ==================================================
[2026-09-22 17:38:00] [INFO] OVERSTAY CRON COMPLETED
[2026-09-22 17:38:00] [INFO] ==================================================
[2026-09-22 17:38:00] [INFO] [SUBSCRIPTION] Subscriptions found: 3
[2026-09-22 17:38:00] [INFO] [SUBSCRIPTION] mani hotel | Expiry: 2026-10-16 | Days Remaining: 24
[2026-09-22 17:38:00] [INFO] [SUBSCRIPTION] hotel 2 | Expiry: 2026-10-17 | Days Remaining: 25
[2026-09-22 17:38:00] [INFO] [SUBSCRIPTION] ganesh hotel | Expiry: 2026-10-22 | Days Remaining: 30
[2026-09-22 17:38:00] [INFO] ==================================================
[2026-09-22 17:38:00] [INFO] SUBSCRIPTION EXPIRY CRON COMPLETED
[2026-09-22 17:38:00] [INFO] ==================================================
[2026-09-22 17:39:00] [INFO] [SUBSCRIPTION] Expiry cron triggered
[2026-09-22 17:39:00] [INFO] ==================================================
[2026-09-22 17:39:00] [INFO] SUBSCRIPTION EXPIRY CRON STARTED
[2026-09-22 17:39:00] [INFO] ==================================================
[2026-09-22 17:39:00] [INFO] [SUBSCRIPTION] Current India Date: 2026-09-22
[2026-09-22 17:39:00] [INFO] [OVERSTAY] Cron triggered
[2026-09-22 17:39:00] [INFO] ==================================================
[2026-09-22 17:39:00] [INFO] OVERSTAY CRON STARTED
[2026-09-22 17:39:00] [INFO] ==================================================
[2026-09-22 17:39:00] [INFO] [OVERSTAY] Current India Date/Time: 22/09/2026 17:39:00
[2026-09-22 17:39:00] [INFO] [OVERSTAY] Timezone: Asia/Kolkata
[2026-09-22 17:39:00] [INFO] [OVERSTAY] Staying customers found: 0
[2026-09-22 17:39:00] [INFO] ==================================================
[2026-09-22 17:39:00] [INFO] OVERSTAY CRON COMPLETED
[2026-09-22 17:39:00] [INFO] ==================================================
[2026-09-22 17:39:00] [INFO] [SUBSCRIPTION] Subscriptions found: 3
[2026-09-22 17:39:00] [INFO] [SUBSCRIPTION] mani hotel | Expiry: 2026-10-16 | Days Remaining: 24
[2026-09-22 17:39:00] [INFO] [SUBSCRIPTION] hotel 2 | Expiry: 2026-10-17 | Days Remaining: 25
[2026-09-22 17:39:00] [INFO] [SUBSCRIPTION] ganesh hotel | Expiry: 2026-10-22 | Days Remaining: 30
[2026-09-22 17:39:00] [INFO] ==================================================
[2026-09-22 17:39:00] [INFO] SUBSCRIPTION EXPIRY CRON COMPLETED
[2026-09-22 17:39:00] [INFO] ==================================================
[2026-09-22 17:40:00] [INFO] [SUBSCRIPTION] Expiry cron triggered
[2026-09-22 17:40:00] [INFO] ==================================================
[2026-09-22 17:40:00] [INFO] SUBSCRIPTION EXPIRY CRON STARTED
[2026-09-22 17:40:00] [INFO] ==================================================
[2026-09-22 17:40:00] [INFO] [SUBSCRIPTION] Current India Date: 2026-09-22
[2026-09-22 17:40:00] [INFO] [OVERSTAY] Cron triggered
[2026-09-22 17:40:00] [INFO] ==================================================
[2026-09-22 17:40:00] [INFO] OVERSTAY CRON STARTED
[2026-09-22 17:40:00] [INFO] ==================================================
[2026-09-22 17:40:00] [INFO] [OVERSTAY] Current India Date/Time: 22/09/2026 17:40:00
[2026-09-22 17:40:00] [INFO] [OVERSTAY] Timezone: Asia/Kolkata
[2026-09-22 17:40:00] [INFO] [OVERSTAY] Staying customers found: 0
[2026-09-22 17:40:00] [INFO] ==================================================
[2026-09-22 17:40:00] [INFO] OVERSTAY CRON COMPLETED
[2026-09-22 17:40:00] [INFO] ==================================================
[2026-09-22 17:40:00] [INFO] [SUBSCRIPTION] Subscriptions found: 3
[2026-09-22 17:40:00] [INFO] [SUBSCRIPTION] mani hotel | Expiry: 2026-10-16 | Days Remaining: 24
[2026-09-22 17:40:00] [INFO] [SUBSCRIPTION] hotel 2 | Expiry: 2026-10-17 | Days Remaining: 25
[2026-09-22 17:40:00] [INFO] [SUBSCRIPTION] ganesh hotel | Expiry: 2026-10-22 | Days Remaining: 30
[2026-09-22 17:40:00] [INFO] ==================================================
[2026-09-22 17:40:00] [INFO] SUBSCRIPTION EXPIRY CRON COMPLETED
[2026-09-22 17:40:00] [INFO] ==================================================
[2026-09-22 17:41:00] [INFO] [SUBSCRIPTION] Expiry cron triggered
[2026-09-22 17:41:00] [INFO] ==================================================
[2026-09-22 17:41:00] [INFO] SUBSCRIPTION EXPIRY CRON STARTED
[2026-09-22 17:41:00] [INFO] ==================================================
[2026-09-22 17:41:00] [INFO] [SUBSCRIPTION] Current India Date: 2026-09-22
[2026-09-22 17:41:00] [INFO] [OVERSTAY] Cron triggered
[2026-09-22 17:41:00] [INFO] ==================================================
[2026-09-22 17:41:00] [INFO] OVERSTAY CRON STARTED
[2026-09-22 17:41:00] [INFO] ==================================================
[2026-09-22 17:41:00] [INFO] [OVERSTAY] Current India Date/Time: 22/09/2026 17:41:00
[2026-09-22 17:41:00] [INFO] [OVERSTAY] Timezone: Asia/Kolkata
[2026-09-22 17:41:00] [INFO] [OVERSTAY] Staying customers found: 0
[2026-09-22 17:41:00] [INFO] ==================================================
[2026-09-22 17:41:00] [INFO] OVERSTAY CRON COMPLETED
[2026-09-22 17:41:00] [INFO] ==================================================
[2026-09-22 17:41:00] [INFO] [SUBSCRIPTION] Subscriptions found: 3
[2026-09-22 17:41:00] [INFO] [SUBSCRIPTION] mani hotel | Expiry: 2026-10-16 | Days Remaining: 24
[2026-09-22 17:41:00] [INFO] [SUBSCRIPTION] hotel 2 | Expiry: 2026-10-17 | Days Remaining: 25
[2026-09-22 17:41:00] [INFO] [SUBSCRIPTION] ganesh hotel | Expiry: 2026-10-22 | Days Remaining: 30
[2026-09-22 17:41:00] [INFO] ==================================================
[2026-09-22 17:41:00] [INFO] SUBSCRIPTION EXPIRY CRON COMPLETED
[2026-09-22 17:41:00] [INFO] ==================================================
