[2026-09-02 09:51:40] [Logger] Running log cleanup check. Retention limit: 30 days.
[2026-09-02 09:51:40] [Logger] Cleanup completed. No expired log files found.
[2026-09-02 09:51:40] [Logger] Automated log cleanup scheduler started (runs every 24 hours).
[2026-09-02 09:51:40] [Server] Server started and listening on port 5000
[2026-09-02 09:51:40] [Database] MongoDB Connected successfully: 76.13.244.61
[2026-09-02 09:51:40] Admin user already exists
[2026-09-02 09:52:09] INFO
[2026-09-02 09:52:09] INFO
[2026-09-02 09:52:16] INFO
[2026-09-02 09:52:16] INFO
[2026-09-02 10:26:05] INFO
[2026-09-02 10:26:05] INFO
[2026-09-02 10:39:59] INFO
[2026-09-02 10:39:59] INFO
[2026-09-02 10:40:44] INFO
[2026-09-02 10:40:44] INFO
[2026-09-02 10:41:24] INFO
[2026-09-02 10:41:24] INFO
[2026-09-02 10:43:49] INFO
[2026-09-02 10:43:49] INFO
[2026-09-02 10:45:38] INFO
[2026-09-02 10:45:38] INFO
[2026-09-02 10:50:11] INFO
[2026-09-02 10:50:11] INFO
[2026-09-02 10:50:23] INFO
[2026-09-02 10:50:23] INFO
[2026-09-02 10:51:25] INFO
[2026-09-02 10:51:25] INFO
[2026-09-02 10:51:42] INFO
[2026-09-02 10:51:42] INFO
[2026-09-02 10:52:09] INFO
[2026-09-02 10:52:09] INFO
[2026-09-02 10:52:12] INFO
[2026-09-02 10:52:12] INFO
[2026-09-02 10:52:14] INFO
[2026-09-02 10:52:14] INFO
[2026-09-02 10:52:18] INFO
[2026-09-02 10:52:18] INFO
[2026-09-02 10:55:25] INFO
[2026-09-02 10:55:25] INFO
[2026-09-02 10:55:27] INFO
[2026-09-02 10:55:27] INFO
[2026-09-02 10:55:32] INFO
[2026-09-02 10:55:32] INFO
[2026-09-02 10:55:34] INFO
[2026-09-02 10:55:34] INFO
[2026-09-02 10:56:29] INFO
[2026-09-02 10:56:29] INFO
[2026-09-02 10:56:54] INFO
[2026-09-02 10:56:54] INFO
[2026-09-02 10:57:36] INFO
[2026-09-02 10:57:36] INFO
[2026-09-02 10:57:39] INFO
[2026-09-02 10:57:39] INFO
[2026-09-02 10:58:20] INFO
[2026-09-02 10:58:21] INFO
[2026-09-02 10:58:22] INFO
[2026-09-02 10:58:22] INFO
[2026-09-02 10:58:24] INFO
[2026-09-02 10:58:24] INFO
[2026-09-02 10:58:25] INFO
[2026-09-02 10:58:26] INFO
[2026-09-02 10:58:30] INFO
[2026-09-02 10:58:30] INFO
[2026-09-02 10:58:31] INFO
[2026-09-02 10:58:31] INFO
[2026-09-02 10:58:33] INFO
[2026-09-02 10:58:34] INFO
[2026-09-02 10:58:36] INFO
[2026-09-02 10:58:36] INFO
[2026-09-02 10:58:49] INFO
[2026-09-02 10:58:49] INFO
[2026-09-02 10:59:01] INFO
[2026-09-02 10:59:01] INFO
[2026-09-02 10:59:02] INFO
[2026-09-02 10:59:02] INFO
[2026-09-02 10:59:03] INFO
[2026-09-02 10:59:04] INFO
[2026-09-02 10:59:05] INFO
[2026-09-02 10:59:05] INFO
[2026-09-02 10:59:06] INFO
[2026-09-02 10:59:07] INFO
[2026-09-02 10:59:08] INFO
[2026-09-02 10:59:08] INFO
[2026-09-02 10:59:34] INFO
[2026-09-02 10:59:34] INFO
[2026-09-02 10:59:36] INFO
[2026-09-02 10:59:36] INFO
[2026-09-02 10:59:39] INFO
[2026-09-02 10:59:39] INFO
[2026-09-02 10:59:50] INFO
[2026-09-02 10:59:51] INFO
[2026-09-02 11:01:06] INFO
[2026-09-02 11:01:06] INFO
[2026-09-02 11:02:04] INFO
[2026-09-02 11:02:04] INFO
[2026-09-02 11:02:05] INFO
[2026-09-02 11:02:05] INFO
[2026-09-02 11:02:06] INFO
[2026-09-02 11:02:07] INFO
[2026-09-02 11:02:08] INFO
[2026-09-02 11:02:08] INFO
[2026-09-02 11:02:09] INFO
[2026-09-02 11:02:09] INFO
[2026-09-02 11:02:11] INFO
[2026-09-02 11:02:11] INFO
[2026-09-02 11:02:13] INFO
[2026-09-02 11:02:13] INFO
[2026-09-02 11:02:15] INFO
[2026-09-02 11:02:15] INFO
[2026-09-02 11:02:52] INFO
[2026-09-02 11:02:52] INFO
[2026-09-02 11:04:36] INFO
[2026-09-02 11:04:36] INFO
[2026-09-02 11:04:44] INFO
[2026-09-02 11:04:44] INFO
[2026-09-02 11:04:59] INFO
[2026-09-02 11:05:00] INFO
[2026-09-02 11:05:18] INFO
[2026-09-02 11:05:18] INFO
[2026-09-02 11:20:23] [Auth Verify] Authentication token not found
[2026-09-02 11:20:23] [Auth Verify] Authentication token not found
[2026-09-02 11:20:30] OTP sent to jayamweb.designer2@gmail.com
[2026-09-02 11:20:49] INFO
[2026-09-02 11:20:49] INFO
[2026-09-02 11:21:28] INFO
[2026-09-02 11:21:28] INFO
[2026-09-02 11:24:09] INFO
[2026-09-02 11:24:09] INFO
[2026-09-02 11:26:23] INFO
[2026-09-02 11:26:23] INFO
[2026-09-02 11:26:33] INFO
[2026-09-02 11:26:33] INFO
[2026-09-02 11:26:43] INFO
[2026-09-02 11:26:43] INFO
[2026-09-02 11:27:11] INFO
[2026-09-02 11:27:11] INFO
[2026-09-02 11:27:35] INFO
[2026-09-02 11:27:35] INFO
[2026-09-02 11:30:59] INFO
[2026-09-02 11:30:59] INFO
[2026-09-02 11:53:26] INFO
[2026-09-02 11:53:26] INFO
[2026-09-02 11:58:01] INFO
[2026-09-02 11:58:01] INFO
[2026-09-02 12:05:35] INFO
[2026-09-02 12:05:35] INFO
[2026-09-02 12:06:31] INFO
[2026-09-02 12:06:31] INFO
[2026-09-02 12:09:38] INFO
[2026-09-02 12:09:38] INFO
[2026-09-02 12:24:10] INFO
[2026-09-02 12:24:10] INFO
[2026-09-02 12:29:06] INFO
[2026-09-02 12:29:06] INFO
[2026-09-02 12:37:45] INFO
[2026-09-02 12:37:45] INFO
[2026-09-02 13:00:14] INFO
[2026-09-02 13:00:14] INFO
[2026-09-02 13:00:15] INFO
[2026-09-02 13:00:15] INFO
[2026-09-02 13:02:26] INFO
[2026-09-02 13:02:26] INFO
[2026-09-02 13:03:49] INFO
[2026-09-02 13:03:49] INFO
[2026-09-02 13:06:45] INFO
[2026-09-02 13:06:45] INFO
[2026-09-02 13:08:26] INFO
[2026-09-02 13:08:26] INFO
[2026-09-02 13:08:38] INFO
[2026-09-02 13:08:38] INFO
[2026-09-02 13:08:41] INFO
[2026-09-02 13:08:41] INFO
[2026-09-02 13:10:41] User logged out: Manikandan
[2026-09-02 13:10:57] [Auth Verify] Authentication token not found
[2026-09-02 13:10:57] [Auth Verify] Authentication token not found
[2026-09-02 13:38:14] [Auth Verify] Authentication token not found
[2026-09-02 13:38:14] [Auth Verify] Authentication token not found
[2026-09-02 13:38:43] [Auth Verify] Authentication token not found
[2026-09-02 13:41:40] [Admin Verify] Authentication token not found
[2026-09-02 13:41:40] [Admin Verify] Authentication token not found
[2026-09-02 13:41:45] [Admin Verify] Authentication token not found
[2026-09-02 13:41:45] [Admin Verify] Authentication token not found
[2026-09-02 13:41:46] [Admin Verify] Authentication token not found
[2026-09-02 13:41:46] [Admin Verify] Authentication token not found
[2026-09-02 13:43:09] [Admin Verify] Authentication token not found
[2026-09-02 13:43:13] [Admin Verify] Authentication token not found
[2026-09-02 13:43:13] [Admin Verify] Authentication token not found
[2026-09-02 13:43:14] [Admin Verify] Authentication token not found
[2026-09-02 13:43:14] [Admin Verify] Authentication token not found
[2026-09-02 13:43:16] [Admin Verify] Authentication token not found
[2026-09-02 13:43:16] [Admin Verify] Authentication token not found
[2026-09-02 13:44:26] [Admin Verify] Authentication token not found
[2026-09-02 13:44:27] [Admin Verify] Authentication token not found
[2026-09-02 13:44:59] [Admin Verify] Authentication token not found
[2026-09-02 13:44:59] [Admin Verify] Authentication token not found
[2026-09-02 13:45:08] [Admin Verify] Authentication token not found
[2026-09-02 13:45:08] [Admin Verify] Authentication token not found
[2026-09-02 13:45:35] [Admin Verify] Authentication token not found
[2026-09-02 13:45:35] [Admin Verify] Authentication token not found
[2026-09-02 13:47:26] [Admin Verify] Authentication token not found
[2026-09-02 13:49:24] [Admin Verify] Authentication token not found
[2026-09-02 13:49:24] [Admin Verify] Authentication token not found
[2026-09-02 13:49:41] [Admin Verify] Authentication token not found
[2026-09-02 13:49:41] [Admin Verify] Authentication token not found
[2026-09-02 13:49:48] [Admin Verify] Authentication token not found
[2026-09-02 13:49:48] [Admin Verify] Authentication token not found
[2026-09-02 13:50:01] [Admin Verify] Authentication token not found
[2026-09-02 13:50:01] [Admin Verify] Authentication token not found
[2026-09-02 13:52:23] [Admin Verify] Authentication token not found
[2026-09-02 13:52:23] [Admin Verify] Authentication token not found
[2026-09-02 13:52:23] [Admin Verify] Authentication token not found
[2026-09-02 13:52:23] [Admin Verify] Authentication token not found
[2026-09-02 13:52:23] [Admin Verify] Authentication token not found
[2026-09-02 13:52:23] [Admin Verify] Authentication token not found
[2026-09-02 13:52:23] [Admin Verify] Authentication token not found
[2026-09-02 13:52:23] [Admin Verify] Authentication token not found
[2026-09-02 13:52:23] [Admin Verify] Authentication token not found
[2026-09-02 13:52:23] [Admin Verify] Authentication token not found
[2026-09-02 13:52:23] [Admin Verify] Authentication token not found
[2026-09-02 13:52:23] [Admin Verify] Authentication token not found
[2026-09-02 13:52:23] [Admin Verify] Authentication token not found
[2026-09-02 13:52:23] [Admin Verify] Authentication token not found
[2026-09-02 13:52:23] [Admin Verify] Authentication token not found
[2026-09-02 13:52:23] [Admin Verify] Authentication token not found
[2026-09-02 13:52:23] [Admin Verify] Authentication token not found
[2026-09-02 13:52:23] [Admin Verify] Authentication token not found
[2026-09-02 13:52:23] [Admin Verify] Authentication token not found
[2026-09-02 13:52:23] [Admin Verify] Authentication token not found
[2026-09-02 13:52:23] [Admin Verify] Authentication token not found
[2026-09-02 13:52:23] [Admin Verify] Authentication token not found
[2026-09-02 13:52:23] [Admin Verify] Authentication token not found
[2026-09-02 13:52:23] [Admin Verify] Authentication token not found
[2026-09-02 13:52:23] [Admin Verify] Authentication token not found
[2026-09-02 13:52:23] [Admin Verify] Authentication token not found
[2026-09-02 13:52:23] [Admin Verify] Authentication token not found
[2026-09-02 13:52:23] [Admin Verify] Authentication token not found
[2026-09-02 13:52:23] [Admin Verify] Authentication token not found
[2026-09-02 13:52:23] [Admin Verify] Authentication token not found
[2026-09-02 13:52:23] [Admin Verify] Authentication token not found
[2026-09-02 13:52:23] [Admin Verify] Authentication token not found
[2026-09-02 13:52:23] [Admin Verify] Authentication token not found
[2026-09-02 13:52:23] [Admin Verify] Authentication token not found
[2026-09-02 13:52:23] [Admin Verify] Authentication token not found
[2026-09-02 13:52:23] [Admin Verify] Authentication token not found
[2026-09-02 13:52:23] [Admin Verify] Authentication token not found
[2026-09-02 13:52:23] [Admin Verify] Authentication token not found
[2026-09-02 13:52:23] [Admin Verify] Authentication token not found
[2026-09-02 13:52:23] [Admin Verify] Authentication token not found
[2026-09-02 13:52:23] [Admin Verify] Authentication token not found
[2026-09-02 13:52:23] [Admin Verify] Authentication token not found
[2026-09-02 13:52:23] [Admin Verify] Authentication token not found
[2026-09-02 13:52:23] [Admin Verify] Authentication token not found
[2026-09-02 13:52:23] [Admin Verify] Authentication token not found
[2026-09-02 13:52:23] [Admin Verify] Authentication token not found
[2026-09-02 13:52:23] [Admin Verify] Authentication token not found
[2026-09-02 13:52:23] [Admin Verify] Authentication token not found
[2026-09-02 13:52:23] [Admin Verify] Authentication token not found
[2026-09-02 13:52:23] [Admin Verify] Authentication token not found
[2026-09-02 13:52:23] [Admin Verify] Authentication token not found
[2026-09-02 13:52:23] [Admin Verify] Authentication token not found
[2026-09-02 13:52:23] [Admin Verify] Authentication token not found
[2026-09-02 13:52:23] [Admin Verify] Authentication token not found
[2026-09-02 13:52:23] [Admin Verify] Authentication token not found
[2026-09-02 13:52:23] [Admin Verify] Authentication token not found
[2026-09-02 13:52:23] [Admin Verify] Authentication token not found
[2026-09-02 13:52:23] [Admin Verify] Authentication token not found
[2026-09-02 13:52:23] [Admin Verify] Authentication token not found
[2026-09-02 13:52:23] [Admin Verify] Authentication token not found
[2026-09-02 13:52:23] [Admin Verify] Authentication token not found
[2026-09-02 13:52:23] [Admin Verify] Authentication token not found
[2026-09-02 13:52:23] [Admin Verify] Authentication token not found
[2026-09-02 13:52:23] [Admin Verify] Authentication token not found
[2026-09-02 13:52:23] [Admin Verify] Authentication token not found
[2026-09-02 13:52:23] [Admin Verify] Authentication token not found
[2026-09-02 13:52:23] [Admin Verify] Authentication token not found
[2026-09-02 13:52:23] [Admin Verify] Authentication token not found
[2026-09-02 13:52:23] [Admin Verify] Authentication token not found
[2026-09-02 13:52:23] [Admin Verify] Authentication token not found
[2026-09-02 13:52:23] [Admin Verify] Authentication token not found
[2026-09-02 13:52:23] [Admin Verify] Authentication token not found
[2026-09-02 13:52:23] [Admin Verify] Authentication token not found
[2026-09-02 13:52:23] [Admin Verify] Authentication token not found
[2026-09-02 13:52:23] [Admin Verify] Authentication token not found
[2026-09-02 13:52:23] [Admin Verify] Authentication token not found
[2026-09-02 13:52:23] [Admin Verify] Authentication token not found
[2026-09-02 13:52:23] [Admin Verify] Authentication token not found
[2026-09-02 13:52:23] [Admin Verify] Authentication token not found
[2026-09-02 13:52:23] [Admin Verify] Authentication token not found
[2026-09-02 13:52:23] [Admin Verify] Authentication token not found
[2026-09-02 13:52:24] [Admin Verify] Authentication token not found
[2026-09-02 13:52:24] [Admin Verify] Authentication token not found
[2026-09-02 13:52:24] [Admin Verify] Authentication token not found
[2026-09-02 13:52:24] [Admin Verify] Authentication token not found
[2026-09-02 13:52:24] [Admin Verify] Authentication token not found
[2026-09-02 13:52:24] [Admin Verify] Authentication token not found
[2026-09-02 13:52:24] [Admin Verify] Authentication token not found
[2026-09-02 13:52:24] [Admin Verify] Authentication token not found
[2026-09-02 13:52:24] [Admin Verify] Authentication token not found
[2026-09-02 13:52:24] [Admin Verify] Authentication token not found
[2026-09-02 13:52:24] [Admin Verify] Authentication token not found
[2026-09-02 13:52:24] [Admin Verify] Authentication token not found
[2026-09-02 13:52:24] [Admin Verify] Authentication token not found
[2026-09-02 13:52:24] [Admin Verify] Authentication token not found
[2026-09-02 13:52:24] [Admin Verify] Authentication token not found
[2026-09-02 13:52:24] [Admin Verify] Authentication token not found
[2026-09-02 13:52:24] [Admin Verify] Authentication token not found
[2026-09-02 13:52:24] [Admin Verify] Authentication token not found
[2026-09-02 13:52:24] [Admin Verify] Authentication token not found
[2026-09-02 13:52:24] [Admin Verify] Authentication token not found
[2026-09-02 13:52:24] [Admin Verify] Authentication token not found
[2026-09-02 13:52:24] [Admin Verify] Authentication token not found
[2026-09-02 13:52:24] [Admin Verify] Authentication token not found
[2026-09-02 13:52:24] [Admin Verify] Authentication token not found
[2026-09-02 13:52:24] [Admin Verify] Authentication token not found
[2026-09-02 13:52:24] [Admin Verify] Authentication token not found
[2026-09-02 13:52:24] [Admin Verify] Authentication token not found
[2026-09-02 13:52:24] [Admin Verify] Authentication token not found
[2026-09-02 13:52:24] [Admin Verify] Authentication token not found
[2026-09-02 13:52:24] [Admin Verify] Authentication token not found
[2026-09-02 13:52:24] [Admin Verify] Authentication token not found
[2026-09-02 13:52:24] [Admin Verify] Authentication token not found
[2026-09-02 13:52:24] [Admin Verify] Authentication token not found
[2026-09-02 13:52:24] [Admin Verify] Authentication token not found
[2026-09-02 13:52:24] [Admin Verify] Authentication token not found
[2026-09-02 13:52:24] [Admin Verify] Authentication token not found
[2026-09-02 13:52:24] [Admin Verify] Authentication token not found
[2026-09-02 13:52:24] [Admin Verify] Authentication token not found
[2026-09-02 13:52:24] [Admin Verify] Authentication token not found
[2026-09-02 13:52:24] [Admin Verify] Authentication token not found
[2026-09-02 13:52:24] [Admin Verify] Authentication token not found
[2026-09-02 13:52:24] [Admin Verify] Authentication token not found
[2026-09-02 13:52:24] [Admin Verify] Authentication token not found
[2026-09-02 13:52:24] [Admin Verify] Authentication token not found
[2026-09-02 13:52:24] [Admin Verify] Authentication token not found
[2026-09-02 13:52:24] [Admin Verify] Authentication token not found
[2026-09-02 13:52:24] [Admin Verify] Authentication token not found
[2026-09-02 13:52:24] [Admin Verify] Authentication token not found
[2026-09-02 13:52:24] [Admin Verify] Authentication token not found
[2026-09-02 13:52:24] [Admin Verify] Authentication token not found
[2026-09-02 13:52:26] [Admin Verify] Authentication token not found
[2026-09-02 13:52:26] [Admin Verify] Authentication token not found
[2026-09-02 13:52:26] [Admin Verify] Authentication token not found
[2026-09-02 13:52:26] [Admin Verify] Authentication token not found
[2026-09-02 13:52:26] [Admin Verify] Authentication token not found
[2026-09-02 13:52:26] [Admin Verify] Authentication token not found
[2026-09-02 13:52:26] [Admin Verify] Authentication token not found
[2026-09-02 13:52:26] [Admin Verify] Authentication token not found
[2026-09-02 13:52:26] [Admin Verify] Authentication token not found
[2026-09-02 13:52:26] [Admin Verify] Authentication token not found
[2026-09-02 13:52:26] [Admin Verify] Authentication token not found
[2026-09-02 13:52:26] [Admin Verify] Authentication token not found
[2026-09-02 13:52:26] [Admin Verify] Authentication token not found
[2026-09-02 13:52:26] [Admin Verify] Authentication token not found
[2026-09-02 13:52:26] [Admin Verify] Authentication token not found
[2026-09-02 13:52:26] [Admin Verify] Authentication token not found
[2026-09-02 13:52:26] [Admin Verify] Authentication token not found
[2026-09-02 13:52:26] [Admin Verify] Authentication token not found
[2026-09-02 13:52:26] [Admin Verify] Authentication token not found
[2026-09-02 13:52:26] [Admin Verify] Authentication token not found
[2026-09-02 13:52:26] [Admin Verify] Authentication token not found
[2026-09-02 13:52:26] [Admin Verify] Authentication token not found
[2026-09-02 13:52:26] [Admin Verify] Authentication token not found
[2026-09-02 13:52:26] [Admin Verify] Authentication token not found
[2026-09-02 13:52:26] [Admin Verify] Authentication token not found
[2026-09-02 13:52:26] [Admin Verify] Authentication token not found
[2026-09-02 13:52:26] [Admin Verify] Authentication token not found
[2026-09-02 13:52:26] [Admin Verify] Authentication token not found
[2026-09-02 13:52:26] [Admin Verify] Authentication token not found
[2026-09-02 13:52:26] [Admin Verify] Authentication token not found
[2026-09-02 13:52:26] [Admin Verify] Authentication token not found
[2026-09-02 13:52:26] [Admin Verify] Authentication token not found
[2026-09-02 13:52:26] [Admin Verify] Authentication token not found
[2026-09-02 13:52:26] [Admin Verify] Authentication token not found
[2026-09-02 13:52:26] [Admin Verify] Authentication token not found
[2026-09-02 13:52:26] [Admin Verify] Authentication token not found
[2026-09-02 13:52:26] [Admin Verify] Authentication token not found
[2026-09-02 13:52:26] [Admin Verify] Authentication token not found
[2026-09-02 13:52:26] [Admin Verify] Authentication token not found
[2026-09-02 13:52:26] [Admin Verify] Authentication token not found
[2026-09-02 13:52:26] [Admin Verify] Authentication token not found
[2026-09-02 13:52:26] [Admin Verify] Authentication token not found
[2026-09-02 13:52:26] [Admin Verify] Authentication token not found
[2026-09-02 13:52:26] [Admin Verify] Authentication token not found
[2026-09-02 13:52:26] [Admin Verify] Authentication token not found
[2026-09-02 13:52:26] [Admin Verify] Authentication token not found
[2026-09-02 13:52:26] [Admin Verify] Authentication token not found
[2026-09-02 13:52:26] [Admin Verify] Authentication token not found
[2026-09-02 13:52:26] [Admin Verify] Authentication token not found
[2026-09-02 13:52:26] [Admin Verify] Authentication token not found
[2026-09-02 13:52:26] [Admin Verify] Authentication token not found
[2026-09-02 13:52:26] [Admin Verify] Authentication token not found
[2026-09-02 13:52:26] [Admin Verify] Authentication token not found
[2026-09-02 13:52:26] [Admin Verify] Authentication token not found
[2026-09-02 13:52:26] [Admin Verify] Authentication token not found
[2026-09-02 13:52:26] [Admin Verify] Authentication token not found
[2026-09-02 13:52:26] [Admin Verify] Authentication token not found
[2026-09-02 13:52:26] [Admin Verify] Authentication token not found
[2026-09-02 13:52:26] [Admin Verify] Authentication token not found
[2026-09-02 13:52:26] [Admin Verify] Authentication token not found
[2026-09-02 13:52:26] [Admin Verify] Authentication token not found
[2026-09-02 13:52:26] [Admin Verify] Authentication token not found
[2026-09-02 13:52:26] [Admin Verify] Authentication token not found
[2026-09-02 13:52:26] [Admin Verify] Authentication token not found
[2026-09-02 13:52:26] [Admin Verify] Authentication token not found
[2026-09-02 13:52:26] [Admin Verify] Authentication token not found
[2026-09-02 13:52:26] [Admin Verify] Authentication token not found
[2026-09-02 13:52:26] [Admin Verify] Authentication token not found
[2026-09-02 13:52:26] [Admin Verify] Authentication token not found
[2026-09-02 13:52:26] [Admin Verify] Authentication token not found
[2026-09-02 13:52:26] [Admin Verify] Authentication token not found
[2026-09-02 13:52:26] [Admin Verify] Authentication token not found
[2026-09-02 13:52:26] [Admin Verify] Authentication token not found
[2026-09-02 13:52:26] [Admin Verify] Authentication token not found
[2026-09-02 13:52:26] [Admin Verify] Authentication token not found
[2026-09-02 13:52:26] [Admin Verify] Authentication token not found
[2026-09-02 13:52:26] [Admin Verify] Authentication token not found
[2026-09-02 13:52:26] [Admin Verify] Authentication token not found
[2026-09-02 13:52:26] [Admin Verify] Authentication token not found
[2026-09-02 13:52:26] [Admin Verify] Authentication token not found
[2026-09-02 13:52:26] [Admin Verify] Authentication token not found
[2026-09-02 13:52:26] [Admin Verify] Authentication token not found
[2026-09-02 13:52:27] [Admin Verify] Authentication token not found
[2026-09-02 13:52:27] [Admin Verify] Authentication token not found
[2026-09-02 13:52:27] [Admin Verify] Authentication token not found
[2026-09-02 13:52:27] [Admin Verify] Authentication token not found
[2026-09-02 13:52:27] [Admin Verify] Authentication token not found
[2026-09-02 13:52:27] [Admin Verify] Authentication token not found
[2026-09-02 13:52:27] [Admin Verify] Authentication token not found
[2026-09-02 13:52:27] [Admin Verify] Authentication token not found
[2026-09-02 13:52:27] [Admin Verify] Authentication token not found
[2026-09-02 13:52:27] [Admin Verify] Authentication token not found
[2026-09-02 13:52:27] [Admin Verify] Authentication token not found
[2026-09-02 13:52:27] [Admin Verify] Authentication token not found
[2026-09-02 13:52:27] [Admin Verify] Authentication token not found
[2026-09-02 13:52:27] [Admin Verify] Authentication token not found
[2026-09-02 13:52:27] [Admin Verify] Authentication token not found
[2026-09-02 13:52:27] [Admin Verify] Authentication token not found
[2026-09-02 13:52:27] [Admin Verify] Authentication token not found
[2026-09-02 13:52:27] [Admin Verify] Authentication token not found
[2026-09-02 13:52:27] [Admin Verify] Authentication token not found
[2026-09-02 13:52:27] [Admin Verify] Authentication token not found
[2026-09-02 13:52:27] [Admin Verify] Authentication token not found
[2026-09-02 13:52:27] [Admin Verify] Authentication token not found
[2026-09-02 13:52:27] [Admin Verify] Authentication token not found
[2026-09-02 13:52:27] [Admin Verify] Authentication token not found
[2026-09-02 13:52:27] [Admin Verify] Authentication token not found
[2026-09-02 13:52:27] [Admin Verify] Authentication token not found
[2026-09-02 13:52:27] [Admin Verify] Authentication token not found
[2026-09-02 13:52:27] [Admin Verify] Authentication token not found
[2026-09-02 13:52:27] [Admin Verify] Authentication token not found
[2026-09-02 13:52:27] [Admin Verify] Authentication token not found
[2026-09-02 13:52:27] [Admin Verify] Authentication token not found
[2026-09-02 13:52:27] [Admin Verify] Authentication token not found
[2026-09-02 13:52:27] [Admin Verify] Authentication token not found
[2026-09-02 13:52:27] [Admin Verify] Authentication token not found
[2026-09-02 13:52:27] [Admin Verify] Authentication token not found
[2026-09-02 13:52:27] [Admin Verify] Authentication token not found
[2026-09-02 13:52:27] [Admin Verify] Authentication token not found
[2026-09-02 13:52:27] [Admin Verify] Authentication token not found
[2026-09-02 13:52:27] [Admin Verify] Authentication token not found
[2026-09-02 13:52:27] [Admin Verify] Authentication token not found
[2026-09-02 13:52:27] [Admin Verify] Authentication token not found
[2026-09-02 13:52:27] [Admin Verify] Authentication token not found
[2026-09-02 13:52:27] [Admin Verify] Authentication token not found
[2026-09-02 13:52:27] [Admin Verify] Authentication token not found
[2026-09-02 13:52:27] [Admin Verify] Authentication token not found
[2026-09-02 13:52:27] [Admin Verify] Authentication token not found
[2026-09-02 13:52:27] [Admin Verify] Authentication token not found
[2026-09-02 13:52:27] [Admin Verify] Authentication token not found
[2026-09-02 13:52:27] [Admin Verify] Authentication token not found
[2026-09-02 13:52:27] [Admin Verify] Authentication token not found
[2026-09-02 13:52:27] [Admin Verify] Authentication token not found
[2026-09-02 13:52:27] [Admin Verify] Authentication token not found
[2026-09-02 13:52:27] [Admin Verify] Authentication token not found
[2026-09-02 13:52:27] [Admin Verify] Authentication token not found
[2026-09-02 13:52:27] [Admin Verify] Authentication token not found
[2026-09-02 13:52:27] [Admin Verify] Authentication token not found
[2026-09-02 13:52:27] [Admin Verify] Authentication token not found
[2026-09-02 13:52:27] [Admin Verify] Authentication token not found
[2026-09-02 13:52:27] [Admin Verify] Authentication token not found
[2026-09-02 13:52:27] [Admin Verify] Authentication token not found
[2026-09-02 13:52:28] [Admin Verify] Authentication token not found
[2026-09-02 13:52:28] [Admin Verify] Authentication token not found
[2026-09-02 13:52:28] [Admin Verify] Authentication token not found
[2026-09-02 13:52:28] [Admin Verify] Authentication token not found
[2026-09-02 13:52:28] [Admin Verify] Authentication token not found
[2026-09-02 13:52:28] [Admin Verify] Authentication token not found
[2026-09-02 13:52:28] [Admin Verify] Authentication token not found
[2026-09-02 13:52:28] [Admin Verify] Authentication token not found
[2026-09-02 13:52:28] [Admin Verify] Authentication token not found
[2026-09-02 13:52:28] [Admin Verify] Authentication token not found
[2026-09-02 13:52:28] [Admin Verify] Authentication token not found
[2026-09-02 13:52:28] [Admin Verify] Authentication token not found
[2026-09-02 13:52:28] [Admin Verify] Authentication token not found
[2026-09-02 13:52:28] [Admin Verify] Authentication token not found
[2026-09-02 13:52:28] [Admin Verify] Authentication token not found
[2026-09-02 13:52:28] [Admin Verify] Authentication token not found
[2026-09-02 13:52:28] [Admin Verify] Authentication token not found
[2026-09-02 13:52:28] [Admin Verify] Authentication token not found
[2026-09-02 13:52:28] [Admin Verify] Authentication token not found
[2026-09-02 13:52:28] [Admin Verify] Authentication token not found
[2026-09-02 13:52:28] [Admin Verify] Authentication token not found
[2026-09-02 13:52:28] [Admin Verify] Authentication token not found
[2026-09-02 13:52:28] [Admin Verify] Authentication token not found
[2026-09-02 13:52:28] [Admin Verify] Authentication token not found
[2026-09-02 13:52:28] [Admin Verify] Authentication token not found
[2026-09-02 13:52:28] [Admin Verify] Authentication token not found
[2026-09-02 13:52:28] [Admin Verify] Authentication token not found
[2026-09-02 13:52:28] [Admin Verify] Authentication token not found
[2026-09-02 13:52:28] [Admin Verify] Authentication token not found
[2026-09-02 13:52:28] [Admin Verify] Authentication token not found
[2026-09-02 13:52:28] [Admin Verify] Authentication token not found
[2026-09-02 13:52:28] [Admin Verify] Authentication token not found
[2026-09-02 13:52:28] [Admin Verify] Authentication token not found
[2026-09-02 13:52:28] [Admin Verify] Authentication token not found
[2026-09-02 13:52:28] [Admin Verify] Authentication token not found
[2026-09-02 13:52:28] [Admin Verify] Authentication token not found
[2026-09-02 13:52:35] [Admin Verify] Authentication token not found
[2026-09-02 13:52:35] [Admin Verify] Authentication token not found
[2026-09-02 13:52:35] [Admin Verify] Authentication token not found
[2026-09-02 13:52:35] [Admin Verify] Authentication token not found
[2026-09-02 13:52:35] [Admin Verify] Authentication token not found
[2026-09-02 13:52:35] [Admin Verify] Authentication token not found
[2026-09-02 13:52:35] [Admin Verify] Authentication token not found
[2026-09-02 13:52:35] [Admin Verify] Authentication token not found
[2026-09-02 13:52:35] [Admin Verify] Authentication token not found
[2026-09-02 13:52:35] [Admin Verify] Authentication token not found
[2026-09-02 13:52:36] [Admin Verify] Authentication token not found
[2026-09-02 13:52:36] [Admin Verify] Authentication token not found
[2026-09-02 13:52:36] [Admin Verify] Authentication token not found
[2026-09-02 13:52:36] [Admin Verify] Authentication token not found
[2026-09-02 13:52:36] [Admin Verify] Authentication token not found
[2026-09-02 13:52:36] [Admin Verify] Authentication token not found
[2026-09-02 13:52:36] [Admin Verify] Authentication token not found
[2026-09-02 13:52:36] [Admin Verify] Authentication token not found
[2026-09-02 13:52:36] [Admin Verify] Authentication token not found
[2026-09-02 13:52:36] [Admin Verify] Authentication token not found
[2026-09-02 13:52:36] [Admin Verify] Authentication token not found
[2026-09-02 13:52:36] [Admin Verify] Authentication token not found
[2026-09-02 13:52:36] [Admin Verify] Authentication token not found
[2026-09-02 13:52:36] [Admin Verify] Authentication token not found
[2026-09-02 13:52:36] [Admin Verify] Authentication token not found
[2026-09-02 13:52:36] [Admin Verify] Authentication token not found
[2026-09-02 13:52:36] [Admin Verify] Authentication token not found
[2026-09-02 13:52:36] [Admin Verify] Authentication token not found
[2026-09-02 13:52:36] [Admin Verify] Authentication token not found
[2026-09-02 13:52:36] [Admin Verify] Authentication token not found
[2026-09-02 13:52:36] [Admin Verify] Authentication token not found
[2026-09-02 13:52:36] [Admin Verify] Authentication token not found
[2026-09-02 13:52:36] [Admin Verify] Authentication token not found
[2026-09-02 13:52:36] [Admin Verify] Authentication token not found
[2026-09-02 13:52:36] [Admin Verify] Authentication token not found
[2026-09-02 13:52:36] [Admin Verify] Authentication token not found
[2026-09-02 13:52:36] [Admin Verify] Authentication token not found
[2026-09-02 13:52:36] [Admin Verify] Authentication token not found
[2026-09-02 13:52:36] [Admin Verify] Authentication token not found
[2026-09-02 13:52:36] [Admin Verify] Authentication token not found
[2026-09-02 13:52:36] [Admin Verify] Authentication token not found
[2026-09-02 13:52:36] [Admin Verify] Authentication token not found
[2026-09-02 13:52:36] [Admin Verify] Authentication token not found
[2026-09-02 13:52:36] [Admin Verify] Authentication token not found
[2026-09-02 13:52:36] [Admin Verify] Authentication token not found
[2026-09-02 13:52:36] [Admin Verify] Authentication token not found
[2026-09-02 13:52:36] [Admin Verify] Authentication token not found
[2026-09-02 13:52:36] [Admin Verify] Authentication token not found
[2026-09-02 13:52:36] [Admin Verify] Authentication token not found
[2026-09-02 13:52:36] [Admin Verify] Authentication token not found
[2026-09-02 13:52:36] [Admin Verify] Authentication token not found
[2026-09-02 13:52:36] [Admin Verify] Authentication token not found
[2026-09-02 13:52:36] [Admin Verify] Authentication token not found
[2026-09-02 13:52:36] [Admin Verify] Authentication token not found
[2026-09-02 13:52:36] [Admin Verify] Authentication token not found
[2026-09-02 13:52:36] [Admin Verify] Authentication token not found
[2026-09-02 13:52:36] [Admin Verify] Authentication token not found
[2026-09-02 13:52:36] [Admin Verify] Authentication token not found
[2026-09-02 13:52:36] [Admin Verify] Authentication token not found
[2026-09-02 13:52:36] [Admin Verify] Authentication token not found
[2026-09-02 13:52:36] [Admin Verify] Authentication token not found
[2026-09-02 13:52:36] [Admin Verify] Authentication token not found
[2026-09-02 13:52:36] [Admin Verify] Authentication token not found
[2026-09-02 13:52:36] [Admin Verify] Authentication token not found
[2026-09-02 13:52:36] [Admin Verify] Authentication token not found
[2026-09-02 13:52:36] [Admin Verify] Authentication token not found
[2026-09-02 13:52:36] [Admin Verify] Authentication token not found
[2026-09-02 13:52:36] [Admin Verify] Authentication token not found
[2026-09-02 13:52:36] [Admin Verify] Authentication token not found
[2026-09-02 13:52:36] [Admin Verify] Authentication token not found
[2026-09-02 13:52:36] [Admin Verify] Authentication token not found
[2026-09-02 13:52:36] [Admin Verify] Authentication token not found
[2026-09-02 13:52:36] [Admin Verify] Authentication token not found
[2026-09-02 13:52:36] [Admin Verify] Authentication token not found
[2026-09-02 13:52:36] [Admin Verify] Authentication token not found
[2026-09-02 13:52:36] [Admin Verify] Authentication token not found
[2026-09-02 13:52:36] [Admin Verify] Authentication token not found
[2026-09-02 13:52:36] [Admin Verify] Authentication token not found
[2026-09-02 13:52:36] [Admin Verify] Authentication token not found
[2026-09-02 13:52:36] [Admin Verify] Authentication token not found
[2026-09-02 13:52:36] [Admin Verify] Authentication token not found
[2026-09-02 13:52:36] [Admin Verify] Authentication token not found
[2026-09-02 13:52:36] [Admin Verify] Authentication token not found
[2026-09-02 13:52:36] [Admin Verify] Authentication token not found
[2026-09-02 13:52:36] [Admin Verify] Authentication token not found
[2026-09-02 13:52:36] [Admin Verify] Authentication token not found
[2026-09-02 13:52:36] [Admin Verify] Authentication token not found
[2026-09-02 13:52:36] [Admin Verify] Authentication token not found
[2026-09-02 13:52:36] [Admin Verify] Authentication token not found
[2026-09-02 13:52:36] [Admin Verify] Authentication token not found
[2026-09-02 13:52:36] [Admin Verify] Authentication token not found
[2026-09-02 13:52:36] [Admin Verify] Authentication token not found
[2026-09-02 13:52:36] [Admin Verify] Authentication token not found
[2026-09-02 13:52:36] [Admin Verify] Authentication token not found
[2026-09-02 13:52:36] [Admin Verify] Authentication token not found
[2026-09-02 13:52:36] [Admin Verify] Authentication token not found
[2026-09-02 13:52:36] [Admin Verify] Authentication token not found
[2026-09-02 13:52:36] [Admin Verify] Authentication token not found
[2026-09-02 13:52:36] [Admin Verify] Authentication token not found
[2026-09-02 13:52:36] [Admin Verify] Authentication token not found
[2026-09-02 13:52:36] [Admin Verify] Authentication token not found
[2026-09-02 13:52:37] [Admin Verify] Authentication token not found
[2026-09-02 13:52:37] [Admin Verify] Authentication token not found
[2026-09-02 13:52:37] [Admin Verify] Authentication token not found
[2026-09-02 13:52:37] [Admin Verify] Authentication token not found
[2026-09-02 13:52:37] [Admin Verify] Authentication token not found
[2026-09-02 13:52:37] [Admin Verify] Authentication token not found
[2026-09-02 13:52:37] [Admin Verify] Authentication token not found
[2026-09-02 13:52:37] [Admin Verify] Authentication token not found
[2026-09-02 13:52:37] [Admin Verify] Authentication token not found
[2026-09-02 13:52:37] [Admin Verify] Authentication token not found
[2026-09-02 13:52:37] [Admin Verify] Authentication token not found
[2026-09-02 13:52:37] [Admin Verify] Authentication token not found
[2026-09-02 13:52:37] [Admin Verify] Authentication token not found
[2026-09-02 13:52:37] [Admin Verify] Authentication token not found
[2026-09-02 13:52:37] [Admin Verify] Authentication token not found
[2026-09-02 13:52:37] [Admin Verify] Authentication token not found
[2026-09-02 13:52:37] [Admin Verify] Authentication token not found
[2026-09-02 13:52:37] [Admin Verify] Authentication token not found
[2026-09-02 13:52:37] [Admin Verify] Authentication token not found
[2026-09-02 13:52:37] [Admin Verify] Authentication token not found
[2026-09-02 13:52:37] [Admin Verify] Authentication token not found
[2026-09-02 13:52:37] [Admin Verify] Authentication token not found
[2026-09-02 13:52:37] [Admin Verify] Authentication token not found
[2026-09-02 13:52:37] [Admin Verify] Authentication token not found
[2026-09-02 13:52:37] [Admin Verify] Authentication token not found
[2026-09-02 13:52:37] [Admin Verify] Authentication token not found
[2026-09-02 13:52:37] [Admin Verify] Authentication token not found
[2026-09-02 13:52:37] [Admin Verify] Authentication token not found
[2026-09-02 13:52:37] [Admin Verify] Authentication token not found
[2026-09-02 13:52:37] [Admin Verify] Authentication token not found
[2026-09-02 13:52:37] [Admin Verify] Authentication token not found
[2026-09-02 13:52:37] [Admin Verify] Authentication token not found
[2026-09-02 13:52:37] [Admin Verify] Authentication token not found
[2026-09-02 13:52:37] [Admin Verify] Authentication token not found
[2026-09-02 13:52:37] [Admin Verify] Authentication token not found
[2026-09-02 13:52:37] [Admin Verify] Authentication token not found
[2026-09-02 13:52:37] [Admin Verify] Authentication token not found
[2026-09-02 13:52:37] [Admin Verify] Authentication token not found
[2026-09-02 13:52:37] [Admin Verify] Authentication token not found
[2026-09-02 13:52:37] [Admin Verify] Authentication token not found
[2026-09-02 13:52:37] [Admin Verify] Authentication token not found
[2026-09-02 13:52:37] [Admin Verify] Authentication token not found
[2026-09-02 13:52:37] [Admin Verify] Authentication token not found
[2026-09-02 13:52:37] [Admin Verify] Authentication token not found
[2026-09-02 13:52:37] [Admin Verify] Authentication token not found
[2026-09-02 13:52:37] [Admin Verify] Authentication token not found
[2026-09-02 13:52:37] [Admin Verify] Authentication token not found
[2026-09-02 13:52:37] [Admin Verify] Authentication token not found
[2026-09-02 13:52:37] [Admin Verify] Authentication token not found
[2026-09-02 13:52:37] [Admin Verify] Authentication token not found
[2026-09-02 13:52:37] [Admin Verify] Authentication token not found
[2026-09-02 13:52:37] [Admin Verify] Authentication token not found
[2026-09-02 13:52:37] [Admin Verify] Authentication token not found
[2026-09-02 13:52:37] [Admin Verify] Authentication token not found
[2026-09-02 13:52:37] [Admin Verify] Authentication token not found
[2026-09-02 13:52:37] [Admin Verify] Authentication token not found
[2026-09-02 13:52:37] [Admin Verify] Authentication token not found
[2026-09-02 13:52:37] [Admin Verify] Authentication token not found
[2026-09-02 13:52:37] [Admin Verify] Authentication token not found
[2026-09-02 13:52:37] [Admin Verify] Authentication token not found
[2026-09-02 13:52:37] [Admin Verify] Authentication token not found
[2026-09-02 13:52:37] [Admin Verify] Authentication token not found
[2026-09-02 13:52:38] [Admin Verify] Authentication token not found
[2026-09-02 13:52:38] [Admin Verify] Authentication token not found
[2026-09-02 13:52:38] [Admin Verify] Authentication token not found
[2026-09-02 13:52:38] [Admin Verify] Authentication token not found
[2026-09-02 13:52:38] [Admin Verify] Authentication token not found
[2026-09-02 13:52:38] [Admin Verify] Authentication token not found
[2026-09-02 13:52:38] [Admin Verify] Authentication token not found
[2026-09-02 13:52:38] [Admin Verify] Authentication token not found
[2026-09-02 13:52:38] [Admin Verify] Authentication token not found
[2026-09-02 13:52:38] [Admin Verify] Authentication token not found
[2026-09-02 13:52:38] [Admin Verify] Authentication token not found
[2026-09-02 13:52:38] [Admin Verify] Authentication token not found
[2026-09-02 13:52:38] [Admin Verify] Authentication token not found
[2026-09-02 13:52:38] [Admin Verify] Authentication token not found
[2026-09-02 13:52:38] [Admin Verify] Authentication token not found
[2026-09-02 13:52:38] [Admin Verify] Authentication token not found
[2026-09-02 13:52:38] [Admin Verify] Authentication token not found
[2026-09-02 13:52:38] [Admin Verify] Authentication token not found
[2026-09-02 13:52:38] [Admin Verify] Authentication token not found
[2026-09-02 13:52:38] [Admin Verify] Authentication token not found
[2026-09-02 13:52:38] [Admin Verify] Authentication token not found
[2026-09-02 13:52:38] [Admin Verify] Authentication token not found
[2026-09-02 13:52:38] [Admin Verify] Authentication token not found
[2026-09-02 13:52:38] [Admin Verify] Authentication token not found
[2026-09-02 13:52:38] [Admin Verify] Authentication token not found
[2026-09-02 13:52:38] [Admin Verify] Authentication token not found
[2026-09-02 13:52:38] [Admin Verify] Authentication token not found
[2026-09-02 13:52:38] [Admin Verify] Authentication token not found
[2026-09-02 13:52:38] [Admin Verify] Authentication token not found
[2026-09-02 13:52:38] [Admin Verify] Authentication token not found
[2026-09-02 13:52:38] [Admin Verify] Authentication token not found
[2026-09-02 13:52:38] [Admin Verify] Authentication token not found
[2026-09-02 13:52:38] [Admin Verify] Authentication token not found
[2026-09-02 13:52:38] [Admin Verify] Authentication token not found
[2026-09-02 13:52:38] [Admin Verify] Authentication token not found
[2026-09-02 13:52:38] [Admin Verify] Authentication token not found
[2026-09-02 13:52:38] [Admin Verify] Authentication token not found
[2026-09-02 13:52:38] [Admin Verify] Authentication token not found
[2026-09-02 13:52:38] [Admin Verify] Authentication token not found
[2026-09-02 13:52:38] [Admin Verify] Authentication token not found
[2026-09-02 13:52:38] [Admin Verify] Authentication token not found
[2026-09-02 13:52:38] [Admin Verify] Authentication token not found
[2026-09-02 13:52:38] [Admin Verify] Authentication token not found
[2026-09-02 13:52:38] [Admin Verify] Authentication token not found
[2026-09-02 13:52:38] [Admin Verify] Authentication token not found
[2026-09-02 13:52:38] [Admin Verify] Authentication token not found
[2026-09-02 13:52:38] [Admin Verify] Authentication token not found
[2026-09-02 13:52:38] [Admin Verify] Authentication token not found
[2026-09-02 13:52:38] [Admin Verify] Authentication token not found
[2026-09-02 13:52:39] [Admin Verify] Authentication token not found
[2026-09-02 13:52:39] [Admin Verify] Authentication token not found
[2026-09-02 13:52:39] [Admin Verify] Authentication token not found
[2026-09-02 13:52:39] [Admin Verify] Authentication token not found
[2026-09-02 13:52:39] [Admin Verify] Authentication token not found
[2026-09-02 13:52:39] [Admin Verify] Authentication token not found
[2026-09-02 13:52:39] [Admin Verify] Authentication token not found
[2026-09-02 13:52:39] [Admin Verify] Authentication token not found
[2026-09-02 13:52:39] [Admin Verify] Authentication token not found
[2026-09-02 13:52:39] [Admin Verify] Authentication token not found
[2026-09-02 13:52:39] [Admin Verify] Authentication token not found
[2026-09-02 13:52:39] [Admin Verify] Authentication token not found
[2026-09-02 13:52:39] [Admin Verify] Authentication token not found
[2026-09-02 13:52:39] [Admin Verify] Authentication token not found
[2026-09-02 13:52:39] [Admin Verify] Authentication token not found
[2026-09-02 13:52:39] [Admin Verify] Authentication token not found
[2026-09-02 13:52:39] [Admin Verify] Authentication token not found
[2026-09-02 13:52:39] [Admin Verify] Authentication token not found
[2026-09-02 13:52:39] [Admin Verify] Authentication token not found
[2026-09-02 13:52:39] [Admin Verify] Authentication token not found
[2026-09-02 13:52:39] [Admin Verify] Authentication token not found
[2026-09-02 13:52:39] [Admin Verify] Authentication token not found
[2026-09-02 13:52:39] [Admin Verify] Authentication token not found
[2026-09-02 13:52:39] [Admin Verify] Authentication token not found
[2026-09-02 13:52:39] [Admin Verify] Authentication token not found
[2026-09-02 13:52:39] [Admin Verify] Authentication token not found
[2026-09-02 13:52:39] [Admin Verify] Authentication token not found
[2026-09-02 13:52:39] [Admin Verify] Authentication token not found
[2026-09-02 13:52:39] [Admin Verify] Authentication token not found
[2026-09-02 13:52:39] [Admin Verify] Authentication token not found
[2026-09-02 13:52:39] [Admin Verify] Authentication token not found
[2026-09-02 13:52:39] [Admin Verify] Authentication token not found
[2026-09-02 13:52:39] [Admin Verify] Authentication token not found
[2026-09-02 13:52:39] [Admin Verify] Authentication token not found
[2026-09-02 13:52:39] [Admin Verify] Authentication token not found
[2026-09-02 13:52:39] [Admin Verify] Authentication token not found
[2026-09-02 13:52:39] [Admin Verify] Authentication token not found
[2026-09-02 13:52:39] [Admin Verify] Authentication token not found
[2026-09-02 13:52:39] [Admin Verify] Authentication token not found
[2026-09-02 13:52:40] [Admin Verify] Authentication token not found
[2026-09-02 13:52:40] [Admin Verify] Authentication token not found
[2026-09-02 13:52:40] [Admin Verify] Authentication token not found
[2026-09-02 13:52:40] [Admin Verify] Authentication token not found
[2026-09-02 13:52:40] [Admin Verify] Authentication token not found
[2026-09-02 13:52:40] [Admin Verify] Authentication token not found
[2026-09-02 13:52:40] [Admin Verify] Authentication token not found
[2026-09-02 13:52:40] [Admin Verify] Authentication token not found
[2026-09-02 13:52:40] [Admin Verify] Authentication token not found
[2026-09-02 13:52:40] [Admin Verify] Authentication token not found
[2026-09-02 13:52:40] [Admin Verify] Authentication token not found
[2026-09-02 13:52:40] [Admin Verify] Authentication token not found
[2026-09-02 13:52:40] [Admin Verify] Authentication token not found
[2026-09-02 13:52:40] [Admin Verify] Authentication token not found
[2026-09-02 13:52:40] [Admin Verify] Authentication token not found
[2026-09-02 13:52:40] [Admin Verify] Authentication token not found
[2026-09-02 13:52:40] [Admin Verify] Authentication token not found
[2026-09-02 13:52:40] [Admin Verify] Authentication token not found
[2026-09-02 13:52:40] [Admin Verify] Authentication token not found
[2026-09-02 13:52:40] [Admin Verify] Authentication token not found
[2026-09-02 13:52:40] [Admin Verify] Authentication token not found
[2026-09-02 13:52:40] [Admin Verify] Authentication token not found
[2026-09-02 13:52:40] [Admin Verify] Authentication token not found
[2026-09-02 13:52:40] [Admin Verify] Authentication token not found
[2026-09-02 13:52:40] [Admin Verify] Authentication token not found
[2026-09-02 13:52:40] [Admin Verify] Authentication token not found
[2026-09-02 13:52:40] [Admin Verify] Authentication token not found
[2026-09-02 13:52:40] [Admin Verify] Authentication token not found
[2026-09-02 13:52:40] [Admin Verify] Authentication token not found
[2026-09-02 13:52:40] [Admin Verify] Authentication token not found
[2026-09-02 13:52:40] [Admin Verify] Authentication token not found
[2026-09-02 13:52:40] [Admin Verify] Authentication token not found
[2026-09-02 13:52:40] [Admin Verify] Authentication token not found
[2026-09-02 13:52:40] [Admin Verify] Authentication token not found
[2026-09-02 13:52:40] [Admin Verify] Authentication token not found
[2026-09-02 13:52:40] [Admin Verify] Authentication token not found
[2026-09-02 13:52:40] [Admin Verify] Authentication token not found
[2026-09-02 13:52:40] [Admin Verify] Authentication token not found
[2026-09-02 13:52:40] [Admin Verify] Authentication token not found
[2026-09-02 13:52:40] [Admin Verify] Authentication token not found
[2026-09-02 13:52:40] [Admin Verify] Authentication token not found
[2026-09-02 13:52:40] [Admin Verify] Authentication token not found
[2026-09-02 13:52:40] [Admin Verify] Authentication token not found
[2026-09-02 13:52:40] [Admin Verify] Authentication token not found
[2026-09-02 13:52:40] [Admin Verify] Authentication token not found
[2026-09-02 13:52:41] [Admin Verify] Authentication token not found
[2026-09-02 13:52:41] [Admin Verify] Authentication token not found
[2026-09-02 13:52:41] [Admin Verify] Authentication token not found
[2026-09-02 13:52:41] [Admin Verify] Authentication token not found
[2026-09-02 13:52:41] [Admin Verify] Authentication token not found
[2026-09-02 13:52:41] [Admin Verify] Authentication token not found
[2026-09-02 13:52:41] [Admin Verify] Authentication token not found
[2026-09-02 13:52:41] [Admin Verify] Authentication token not found
[2026-09-02 13:52:41] [Admin Verify] Authentication token not found
[2026-09-02 13:52:41] [Admin Verify] Authentication token not found
[2026-09-02 13:52:41] [Admin Verify] Authentication token not found
[2026-09-02 13:52:41] [Admin Verify] Authentication token not found
[2026-09-02 13:52:41] [Admin Verify] Authentication token not found
[2026-09-02 13:52:41] [Admin Verify] Authentication token not found
[2026-09-02 13:52:41] [Admin Verify] Authentication token not found
[2026-09-02 13:52:41] [Admin Verify] Authentication token not found
[2026-09-02 13:52:41] [Admin Verify] Authentication token not found
[2026-09-02 13:52:41] [Admin Verify] Authentication token not found
[2026-09-02 13:52:41] [Admin Verify] Authentication token not found
[2026-09-02 13:52:41] [Admin Verify] Authentication token not found
[2026-09-02 13:52:41] [Admin Verify] Authentication token not found
[2026-09-02 13:52:41] [Admin Verify] Authentication token not found
[2026-09-02 13:52:41] [Admin Verify] Authentication token not found
[2026-09-02 13:52:41] [Admin Verify] Authentication token not found
[2026-09-02 13:52:41] [Admin Verify] Authentication token not found
[2026-09-02 13:52:41] [Admin Verify] Authentication token not found
[2026-09-02 13:52:41] [Admin Verify] Authentication token not found
[2026-09-02 13:52:41] [Admin Verify] Authentication token not found
[2026-09-02 13:52:41] [Admin Verify] Authentication token not found
[2026-09-02 13:52:41] [Admin Verify] Authentication token not found
[2026-09-02 13:52:41] [Admin Verify] Authentication token not found
[2026-09-02 13:52:41] [Admin Verify] Authentication token not found
[2026-09-02 13:52:41] [Admin Verify] Authentication token not found
[2026-09-02 13:52:41] [Admin Verify] Authentication token not found
[2026-09-02 13:52:41] [Admin Verify] Authentication token not found
[2026-09-02 13:52:41] [Admin Verify] Authentication token not found
[2026-09-02 13:52:41] [Admin Verify] Authentication token not found
[2026-09-02 13:52:41] [Admin Verify] Authentication token not found
[2026-09-02 13:52:41] [Admin Verify] Authentication token not found
[2026-09-02 13:52:41] [Admin Verify] Authentication token not found
[2026-09-02 13:52:41] [Admin Verify] Authentication token not found
[2026-09-02 13:52:41] [Admin Verify] Authentication token not found
[2026-09-02 13:52:41] [Admin Verify] Authentication token not found
[2026-09-02 13:52:41] [Admin Verify] Authentication token not found
[2026-09-02 13:52:41] [Admin Verify] Authentication token not found
[2026-09-02 13:52:41] [Admin Verify] Authentication token not found
[2026-09-02 13:52:41] [Admin Verify] Authentication token not found
[2026-09-02 13:52:41] [Admin Verify] Authentication token not found
[2026-09-02 13:52:41] [Admin Verify] Authentication token not found
[2026-09-02 13:52:41] [Admin Verify] Authentication token not found
[2026-09-02 13:52:41] [Admin Verify] Authentication token not found
[2026-09-02 13:52:42] [Admin Verify] Authentication token not found
[2026-09-02 13:52:42] [Admin Verify] Authentication token not found
[2026-09-02 13:52:42] [Admin Verify] Authentication token not found
[2026-09-02 13:52:42] [Admin Verify] Authentication token not found
[2026-09-02 13:52:42] [Admin Verify] Authentication token not found
[2026-09-02 13:52:42] [Admin Verify] Authentication token not found
[2026-09-02 13:52:42] [Admin Verify] Authentication token not found
[2026-09-02 13:52:42] [Admin Verify] Authentication token not found
[2026-09-02 13:52:42] [Admin Verify] Authentication token not found
[2026-09-02 13:52:42] [Admin Verify] Authentication token not found
[2026-09-02 13:52:42] [Admin Verify] Authentication token not found
[2026-09-02 13:52:42] [Admin Verify] Authentication token not found
[2026-09-02 13:52:42] [Admin Verify] Authentication token not found
[2026-09-02 13:52:42] [Admin Verify] Authentication token not found
[2026-09-02 13:52:42] [Admin Verify] Authentication token not found
[2026-09-02 13:52:42] [Admin Verify] Authentication token not found
[2026-09-02 13:52:42] [Admin Verify] Authentication token not found
[2026-09-02 13:52:42] [Admin Verify] Authentication token not found
[2026-09-02 13:52:42] [Admin Verify] Authentication token not found
[2026-09-02 13:52:42] [Admin Verify] Authentication token not found
[2026-09-02 13:52:42] [Admin Verify] Authentication token not found
[2026-09-02 13:52:42] [Admin Verify] Authentication token not found
[2026-09-02 13:52:42] [Admin Verify] Authentication token not found
[2026-09-02 13:52:42] [Admin Verify] Authentication token not found
[2026-09-02 13:52:42] [Admin Verify] Authentication token not found
[2026-09-02 13:52:42] [Admin Verify] Authentication token not found
[2026-09-02 13:52:42] [Admin Verify] Authentication token not found
[2026-09-02 13:52:42] [Admin Verify] Authentication token not found
[2026-09-02 13:52:42] [Admin Verify] Authentication token not found
[2026-09-02 13:52:42] [Admin Verify] Authentication token not found
[2026-09-02 13:52:42] [Admin Verify] Authentication token not found
[2026-09-02 13:52:42] [Admin Verify] Authentication token not found
[2026-09-02 13:52:42] [Admin Verify] Authentication token not found
[2026-09-02 13:52:42] [Admin Verify] Authentication token not found
[2026-09-02 13:52:42] [Admin Verify] Authentication token not found
[2026-09-02 13:52:42] [Admin Verify] Authentication token not found
[2026-09-02 13:52:42] [Admin Verify] Authentication token not found
[2026-09-02 13:52:42] [Admin Verify] Authentication token not found
[2026-09-02 13:52:42] [Admin Verify] Authentication token not found
[2026-09-02 13:52:42] [Admin Verify] Authentication token not found
[2026-09-02 13:52:42] [Admin Verify] Authentication token not found
[2026-09-02 13:52:42] [Admin Verify] Authentication token not found
[2026-09-02 13:52:42] [Admin Verify] Authentication token not found
[2026-09-02 13:52:43] [Admin Verify] Authentication token not found
[2026-09-02 13:52:43] [Admin Verify] Authentication token not found
[2026-09-02 13:52:43] [Admin Verify] Authentication token not found
[2026-09-02 13:52:43] [Admin Verify] Authentication token not found
[2026-09-02 13:52:43] [Admin Verify] Authentication token not found
[2026-09-02 13:52:43] [Admin Verify] Authentication token not found
[2026-09-02 13:52:43] [Admin Verify] Authentication token not found
[2026-09-02 13:52:43] [Admin Verify] Authentication token not found
[2026-09-02 13:52:43] [Admin Verify] Authentication token not found
[2026-09-02 13:52:43] [Admin Verify] Authentication token not found
[2026-09-02 13:52:43] [Admin Verify] Authentication token not found
[2026-09-02 13:52:43] [Admin Verify] Authentication token not found
[2026-09-02 13:52:43] [Admin Verify] Authentication token not found
[2026-09-02 13:52:43] [Admin Verify] Authentication token not found
[2026-09-02 13:52:43] [Admin Verify] Authentication token not found
[2026-09-02 13:52:43] [Admin Verify] Authentication token not found
[2026-09-02 13:52:43] [Admin Verify] Authentication token not found
[2026-09-02 13:52:43] [Admin Verify] Authentication token not found
[2026-09-02 13:52:43] [Admin Verify] Authentication token not found
[2026-09-02 13:52:43] [Admin Verify] Authentication token not found
[2026-09-02 13:52:43] [Admin Verify] Authentication token not found
[2026-09-02 13:52:43] [Admin Verify] Authentication token not found
[2026-09-02 13:52:43] [Admin Verify] Authentication token not found
[2026-09-02 13:52:43] [Admin Verify] Authentication token not found
[2026-09-02 13:52:43] [Admin Verify] Authentication token not found
[2026-09-02 13:52:43] [Admin Verify] Authentication token not found
[2026-09-02 13:52:43] [Admin Verify] Authentication token not found
[2026-09-02 13:52:43] [Admin Verify] Authentication token not found
[2026-09-02 13:52:43] [Admin Verify] Authentication token not found
[2026-09-02 13:52:43] [Admin Verify] Authentication token not found
[2026-09-02 13:52:43] [Admin Verify] Authentication token not found
[2026-09-02 13:52:43] [Admin Verify] Authentication token not found
[2026-09-02 13:52:43] [Admin Verify] Authentication token not found
[2026-09-02 13:52:43] [Admin Verify] Authentication token not found
[2026-09-02 13:52:43] [Admin Verify] Authentication token not found
[2026-09-02 13:52:43] [Admin Verify] Authentication token not found
[2026-09-02 13:52:43] [Admin Verify] Authentication token not found
[2026-09-02 13:52:44] [Admin Verify] Authentication token not found
[2026-09-02 13:52:44] [Admin Verify] Authentication token not found
[2026-09-02 13:52:44] [Admin Verify] Authentication token not found
[2026-09-02 13:52:44] [Admin Verify] Authentication token not found
[2026-09-02 13:52:44] [Admin Verify] Authentication token not found
[2026-09-02 13:52:44] [Admin Verify] Authentication token not found
[2026-09-02 13:52:44] [Admin Verify] Authentication token not found
[2026-09-02 13:52:44] [Admin Verify] Authentication token not found
[2026-09-02 13:52:44] [Admin Verify] Authentication token not found
[2026-09-02 13:52:44] [Admin Verify] Authentication token not found
[2026-09-02 13:52:44] [Admin Verify] Authentication token not found
[2026-09-02 13:52:44] [Admin Verify] Authentication token not found
[2026-09-02 13:52:44] [Admin Verify] Authentication token not found
[2026-09-02 13:52:44] [Admin Verify] Authentication token not found
[2026-09-02 13:52:44] [Admin Verify] Authentication token not found
[2026-09-02 13:52:44] [Admin Verify] Authentication token not found
[2026-09-02 13:52:44] [Admin Verify] Authentication token not found
[2026-09-02 13:52:44] [Admin Verify] Authentication token not found
[2026-09-02 13:52:44] [Admin Verify] Authentication token not found
[2026-09-02 13:52:44] [Admin Verify] Authentication token not found
[2026-09-02 13:52:44] [Admin Verify] Authentication token not found
[2026-09-02 13:52:44] [Admin Verify] Authentication token not found
[2026-09-02 13:52:44] [Admin Verify] Authentication token not found
[2026-09-02 13:52:44] [Admin Verify] Authentication token not found
[2026-09-02 13:52:44] [Admin Verify] Authentication token not found
[2026-09-02 13:52:44] [Admin Verify] Authentication token not found
[2026-09-02 13:52:44] [Admin Verify] Authentication token not found
[2026-09-02 13:52:44] [Admin Verify] Authentication token not found
[2026-09-02 13:52:44] [Admin Verify] Authentication token not found
[2026-09-02 13:52:44] [Admin Verify] Authentication token not found
[2026-09-02 13:52:44] [Admin Verify] Authentication token not found
[2026-09-02 13:52:44] [Admin Verify] Authentication token not found
[2026-09-02 13:52:44] [Admin Verify] Authentication token not found
[2026-09-02 13:52:44] [Admin Verify] Authentication token not found
[2026-09-02 13:52:44] [Admin Verify] Authentication token not found
[2026-09-02 13:52:44] [Admin Verify] Authentication token not found
[2026-09-02 13:52:44] [Admin Verify] Authentication token not found
[2026-09-02 13:52:45] [Admin Verify] Authentication token not found
[2026-09-02 13:52:45] [Admin Verify] Authentication token not found
[2026-09-02 13:52:45] [Admin Verify] Authentication token not found
[2026-09-02 13:52:45] [Admin Verify] Authentication token not found
[2026-09-02 13:52:45] [Admin Verify] Authentication token not found
[2026-09-02 13:52:45] [Admin Verify] Authentication token not found
[2026-09-02 13:52:45] [Admin Verify] Authentication token not found
[2026-09-02 13:52:45] [Admin Verify] Authentication token not found
[2026-09-02 13:52:45] [Admin Verify] Authentication token not found
[2026-09-02 13:52:45] [Admin Verify] Authentication token not found
[2026-09-02 13:52:45] [Admin Verify] Authentication token not found
[2026-09-02 13:52:45] [Admin Verify] Authentication token not found
[2026-09-02 13:52:45] [Admin Verify] Authentication token not found
[2026-09-02 13:52:45] [Admin Verify] Authentication token not found
[2026-09-02 13:52:45] [Admin Verify] Authentication token not found
[2026-09-02 13:52:45] [Admin Verify] Authentication token not found
[2026-09-02 13:52:45] [Admin Verify] Authentication token not found
[2026-09-02 13:52:45] [Admin Verify] Authentication token not found
[2026-09-02 13:52:45] [Admin Verify] Authentication token not found
[2026-09-02 13:52:45] [Admin Verify] Authentication token not found
[2026-09-02 13:52:45] [Admin Verify] Authentication token not found
[2026-09-02 13:52:45] [Admin Verify] Authentication token not found
[2026-09-02 13:52:45] [Admin Verify] Authentication token not found
[2026-09-02 13:52:45] [Admin Verify] Authentication token not found
[2026-09-02 13:52:45] [Admin Verify] Authentication token not found
[2026-09-02 13:52:45] [Admin Verify] Authentication token not found
[2026-09-02 13:52:45] [Admin Verify] Authentication token not found
[2026-09-02 13:52:45] [Admin Verify] Authentication token not found
[2026-09-02 13:52:45] [Admin Verify] Authentication token not found
[2026-09-02 13:52:45] [Admin Verify] Authentication token not found
[2026-09-02 13:52:45] [Admin Verify] Authentication token not found
[2026-09-02 13:52:45] [Admin Verify] Authentication token not found
[2026-09-02 13:52:45] [Admin Verify] Authentication token not found
[2026-09-02 13:52:45] [Admin Verify] Authentication token not found
[2026-09-02 13:52:45] [Admin Verify] Authentication token not found
[2026-09-02 13:52:45] [Admin Verify] Authentication token not found
[2026-09-02 13:52:45] [Admin Verify] Authentication token not found
[2026-09-02 13:52:45] [Admin Verify] Authentication token not found
[2026-09-02 13:52:45] [Admin Verify] Authentication token not found
[2026-09-02 13:52:45] [Admin Verify] Authentication token not found
[2026-09-02 13:52:45] [Admin Verify] Authentication token not found
[2026-09-02 13:52:45] [Admin Verify] Authentication token not found
[2026-09-02 13:52:45] [Admin Verify] Authentication token not found
[2026-09-02 13:52:45] [Admin Verify] Authentication token not found
[2026-09-02 13:52:46] [Admin Verify] Authentication token not found
[2026-09-02 13:52:46] [Admin Verify] Authentication token not found
[2026-09-02 13:52:46] [Admin Verify] Authentication token not found
[2026-09-02 13:52:46] [Admin Verify] Authentication token not found
[2026-09-02 13:52:46] [Admin Verify] Authentication token not found
[2026-09-02 13:52:46] [Admin Verify] Authentication token not found
[2026-09-02 13:52:46] [Admin Verify] Authentication token not found
[2026-09-02 13:52:46] [Admin Verify] Authentication token not found
[2026-09-02 13:52:46] [Admin Verify] Authentication token not found
[2026-09-02 13:52:46] [Admin Verify] Authentication token not found
[2026-09-02 13:52:46] [Admin Verify] Authentication token not found
[2026-09-02 13:52:46] [Admin Verify] Authentication token not found
[2026-09-02 13:52:46] [Admin Verify] Authentication token not found
[2026-09-02 13:52:46] [Admin Verify] Authentication token not found
[2026-09-02 13:52:46] [Admin Verify] Authentication token not found
[2026-09-02 13:52:46] [Admin Verify] Authentication token not found
[2026-09-02 13:52:46] [Admin Verify] Authentication token not found
[2026-09-02 13:52:46] [Admin Verify] Authentication token not found
[2026-09-02 13:52:46] [Admin Verify] Authentication token not found
[2026-09-02 13:52:46] [Admin Verify] Authentication token not found
[2026-09-02 13:52:46] [Admin Verify] Authentication token not found
[2026-09-02 13:52:46] [Admin Verify] Authentication token not found
[2026-09-02 13:52:46] [Admin Verify] Authentication token not found
[2026-09-02 13:52:46] [Admin Verify] Authentication token not found
[2026-09-02 13:52:46] [Admin Verify] Authentication token not found
[2026-09-02 13:52:46] [Admin Verify] Authentication token not found
[2026-09-02 13:52:46] [Admin Verify] Authentication token not found
[2026-09-02 13:52:46] [Admin Verify] Authentication token not found
[2026-09-02 13:52:46] [Admin Verify] Authentication token not found
[2026-09-02 13:52:46] [Admin Verify] Authentication token not found
[2026-09-02 13:52:46] [Admin Verify] Authentication token not found
[2026-09-02 13:52:46] [Admin Verify] Authentication token not found
[2026-09-02 13:52:46] [Admin Verify] Authentication token not found
[2026-09-02 13:52:46] [Admin Verify] Authentication token not found
[2026-09-02 13:52:46] [Admin Verify] Authentication token not found
[2026-09-02 13:52:46] [Admin Verify] Authentication token not found
[2026-09-02 13:52:46] [Admin Verify] Authentication token not found
[2026-09-02 13:52:46] [Admin Verify] Authentication token not found
[2026-09-02 13:52:46] [Admin Verify] Authentication token not found
[2026-09-02 13:52:46] [Admin Verify] Authentication token not found
[2026-09-02 13:52:46] [Admin Verify] Authentication token not found
[2026-09-02 13:52:46] [Admin Verify] Authentication token not found
[2026-09-02 13:52:46] [Admin Verify] Authentication token not found
[2026-09-02 13:52:46] [Admin Verify] Authentication token not found
[2026-09-02 13:52:46] [Admin Verify] Authentication token not found
[2026-09-02 13:52:46] [Admin Verify] Authentication token not found
[2026-09-02 13:52:46] [Admin Verify] Authentication token not found
[2026-09-02 13:52:46] [Admin Verify] Authentication token not found
[2026-09-02 13:52:47] [Admin Verify] Authentication token not found
[2026-09-02 13:52:47] [Admin Verify] Authentication token not found
[2026-09-02 13:52:47] [Admin Verify] Authentication token not found
[2026-09-02 13:52:47] [Admin Verify] Authentication token not found
[2026-09-02 13:52:47] [Admin Verify] Authentication token not found
[2026-09-02 13:52:47] [Admin Verify] Authentication token not found
[2026-09-02 13:52:47] [Admin Verify] Authentication token not found
[2026-09-02 13:52:47] [Admin Verify] Authentication token not found
[2026-09-02 13:52:47] [Admin Verify] Authentication token not found
[2026-09-02 13:52:47] [Admin Verify] Authentication token not found
[2026-09-02 13:52:47] [Admin Verify] Authentication token not found
[2026-09-02 13:52:47] [Admin Verify] Authentication token not found
[2026-09-02 13:52:47] [Admin Verify] Authentication token not found
[2026-09-02 13:52:47] [Admin Verify] Authentication token not found
[2026-09-02 13:52:47] [Admin Verify] Authentication token not found
[2026-09-02 13:52:47] [Admin Verify] Authentication token not found
[2026-09-02 13:52:47] [Admin Verify] Authentication token not found
[2026-09-02 13:52:47] [Admin Verify] Authentication token not found
[2026-09-02 13:52:47] [Admin Verify] Authentication token not found
[2026-09-02 13:52:47] [Admin Verify] Authentication token not found
[2026-09-02 13:52:47] [Admin Verify] Authentication token not found
[2026-09-02 13:52:47] [Admin Verify] Authentication token not found
[2026-09-02 13:52:47] [Admin Verify] Authentication token not found
[2026-09-02 13:52:47] [Admin Verify] Authentication token not found
[2026-09-02 13:52:47] [Admin Verify] Authentication token not found
[2026-09-02 13:52:47] [Admin Verify] Authentication token not found
[2026-09-02 13:52:47] [Admin Verify] Authentication token not found
[2026-09-02 13:52:47] [Admin Verify] Authentication token not found
[2026-09-02 13:52:47] [Admin Verify] Authentication token not found
[2026-09-02 13:52:47] [Admin Verify] Authentication token not found
[2026-09-02 13:52:47] [Admin Verify] Authentication token not found
[2026-09-02 13:52:47] [Admin Verify] Authentication token not found
[2026-09-02 13:52:47] [Admin Verify] Authentication token not found
[2026-09-02 13:52:47] [Admin Verify] Authentication token not found
[2026-09-02 13:52:47] [Admin Verify] Authentication token not found
[2026-09-02 13:52:47] [Admin Verify] Authentication token not found
[2026-09-02 13:52:47] [Admin Verify] Authentication token not found
[2026-09-02 13:52:47] [Admin Verify] Authentication token not found
[2026-09-02 13:52:47] [Admin Verify] Authentication token not found
[2026-09-02 13:52:47] [Admin Verify] Authentication token not found
[2026-09-02 13:52:48] [Admin Verify] Authentication token not found
[2026-09-02 13:52:48] [Admin Verify] Authentication token not found
[2026-09-02 13:52:48] [Admin Verify] Authentication token not found
[2026-09-02 13:52:48] [Admin Verify] Authentication token not found
[2026-09-02 13:52:48] [Admin Verify] Authentication token not found
[2026-09-02 13:52:48] [Admin Verify] Authentication token not found
[2026-09-02 13:52:48] [Admin Verify] Authentication token not found
[2026-09-02 13:52:48] [Admin Verify] Authentication token not found
[2026-09-02 13:52:48] [Admin Verify] Authentication token not found
[2026-09-02 13:52:48] [Admin Verify] Authentication token not found
[2026-09-02 13:52:48] [Admin Verify] Authentication token not found
[2026-09-02 13:52:48] [Admin Verify] Authentication token not found
[2026-09-02 13:52:48] [Admin Verify] Authentication token not found
[2026-09-02 13:52:48] [Admin Verify] Authentication token not found
[2026-09-02 13:52:48] [Admin Verify] Authentication token not found
[2026-09-02 13:52:48] [Admin Verify] Authentication token not found
[2026-09-02 13:52:48] [Admin Verify] Authentication token not found
[2026-09-02 13:52:48] [Admin Verify] Authentication token not found
[2026-09-02 13:52:48] [Admin Verify] Authentication token not found
[2026-09-02 13:52:48] [Admin Verify] Authentication token not found
[2026-09-02 13:52:48] [Admin Verify] Authentication token not found
[2026-09-02 13:52:48] [Admin Verify] Authentication token not found
[2026-09-02 13:52:48] [Admin Verify] Authentication token not found
[2026-09-02 13:52:48] [Admin Verify] Authentication token not found
[2026-09-02 13:52:48] [Admin Verify] Authentication token not found
[2026-09-02 13:52:48] [Admin Verify] Authentication token not found
[2026-09-02 13:52:48] [Admin Verify] Authentication token not found
[2026-09-02 13:52:48] [Admin Verify] Authentication token not found
[2026-09-02 13:52:48] [Admin Verify] Authentication token not found
[2026-09-02 13:52:48] [Admin Verify] Authentication token not found
[2026-09-02 13:52:48] [Admin Verify] Authentication token not found
[2026-09-02 13:52:48] [Admin Verify] Authentication token not found
[2026-09-02 13:52:48] [Admin Verify] Authentication token not found
[2026-09-02 13:52:48] [Admin Verify] Authentication token not found
[2026-09-02 13:52:48] [Admin Verify] Authentication token not found
[2026-09-02 13:52:48] [Admin Verify] Authentication token not found
[2026-09-02 13:52:48] [Admin Verify] Authentication token not found
[2026-09-02 13:52:48] [Admin Verify] Authentication token not found
[2026-09-02 13:52:48] [Admin Verify] Authentication token not found
[2026-09-02 13:52:48] [Admin Verify] Authentication token not found
[2026-09-02 13:52:48] [Admin Verify] Authentication token not found
[2026-09-02 13:52:48] [Admin Verify] Authentication token not found
[2026-09-02 13:52:48] [Admin Verify] Authentication token not found
[2026-09-02 13:52:48] [Admin Verify] Authentication token not found
[2026-09-02 13:52:49] [Admin Verify] Authentication token not found
[2026-09-02 13:52:49] [Admin Verify] Authentication token not found
[2026-09-02 13:52:49] [Admin Verify] Authentication token not found
[2026-09-02 13:52:49] [Admin Verify] Authentication token not found
[2026-09-02 13:52:49] [Admin Verify] Authentication token not found
[2026-09-02 13:52:49] [Admin Verify] Authentication token not found
[2026-09-02 13:52:49] [Admin Verify] Authentication token not found
[2026-09-02 13:52:49] [Admin Verify] Authentication token not found
[2026-09-02 13:52:49] [Admin Verify] Authentication token not found
[2026-09-02 13:52:49] [Admin Verify] Authentication token not found
[2026-09-02 13:52:49] [Admin Verify] Authentication token not found
[2026-09-02 13:52:49] [Admin Verify] Authentication token not found
[2026-09-02 13:52:49] [Admin Verify] Authentication token not found
[2026-09-02 13:52:49] [Admin Verify] Authentication token not found
[2026-09-02 13:52:49] [Admin Verify] Authentication token not found
[2026-09-02 13:52:49] [Admin Verify] Authentication token not found
[2026-09-02 13:52:49] [Admin Verify] Authentication token not found
[2026-09-02 13:52:49] [Admin Verify] Authentication token not found
[2026-09-02 13:52:49] [Admin Verify] Authentication token not found
[2026-09-02 13:52:49] [Admin Verify] Authentication token not found
[2026-09-02 13:52:49] [Admin Verify] Authentication token not found
[2026-09-02 13:52:49] [Admin Verify] Authentication token not found
[2026-09-02 13:52:49] [Admin Verify] Authentication token not found
[2026-09-02 13:52:49] [Admin Verify] Authentication token not found
[2026-09-02 13:52:49] [Admin Verify] Authentication token not found
[2026-09-02 13:52:49] [Admin Verify] Authentication token not found
[2026-09-02 13:52:49] [Admin Verify] Authentication token not found
[2026-09-02 13:52:49] [Admin Verify] Authentication token not found
[2026-09-02 13:52:49] [Admin Verify] Authentication token not found
[2026-09-02 13:52:49] [Admin Verify] Authentication token not found
[2026-09-02 13:52:49] [Admin Verify] Authentication token not found
[2026-09-02 13:52:49] [Admin Verify] Authentication token not found
[2026-09-02 13:52:49] [Admin Verify] Authentication token not found
[2026-09-02 13:52:49] [Admin Verify] Authentication token not found
[2026-09-02 13:52:49] [Admin Verify] Authentication token not found
[2026-09-02 13:52:49] [Admin Verify] Authentication token not found
[2026-09-02 13:52:49] [Admin Verify] Authentication token not found
[2026-09-02 13:52:49] [Admin Verify] Authentication token not found
[2026-09-02 13:52:49] [Admin Verify] Authentication token not found
[2026-09-02 13:52:49] [Admin Verify] Authentication token not found
[2026-09-02 13:52:49] [Admin Verify] Authentication token not found
[2026-09-02 13:52:49] [Admin Verify] Authentication token not found
[2026-09-02 13:52:49] [Admin Verify] Authentication token not found
[2026-09-02 13:52:49] [Admin Verify] Authentication token not found
[2026-09-02 13:52:49] [Admin Verify] Authentication token not found
[2026-09-02 13:52:50] [Admin Verify] Authentication token not found
[2026-09-02 13:52:50] [Admin Verify] Authentication token not found
[2026-09-02 13:52:50] [Admin Verify] Authentication token not found
[2026-09-02 13:52:50] [Admin Verify] Authentication token not found
[2026-09-02 13:52:50] [Admin Verify] Authentication token not found
[2026-09-02 13:52:50] [Admin Verify] Authentication token not found
[2026-09-02 13:52:50] [Admin Verify] Authentication token not found
[2026-09-02 13:52:50] [Admin Verify] Authentication token not found
[2026-09-02 13:52:50] [Admin Verify] Authentication token not found
[2026-09-02 13:52:50] [Admin Verify] Authentication token not found
[2026-09-02 13:52:50] [Admin Verify] Authentication token not found
[2026-09-02 13:52:50] [Admin Verify] Authentication token not found
[2026-09-02 13:52:50] [Admin Verify] Authentication token not found
[2026-09-02 13:52:50] [Admin Verify] Authentication token not found
[2026-09-02 13:52:50] [Admin Verify] Authentication token not found
[2026-09-02 13:52:50] [Admin Verify] Authentication token not found
[2026-09-02 13:52:50] [Admin Verify] Authentication token not found
[2026-09-02 13:52:50] [Admin Verify] Authentication token not found
[2026-09-02 13:52:50] [Admin Verify] Authentication token not found
[2026-09-02 13:52:51] [Admin Verify] Authentication token not found
[2026-09-02 13:52:51] [Admin Verify] Authentication token not found
[2026-09-02 13:52:51] [Admin Verify] Authentication token not found
[2026-09-02 13:52:51] [Admin Verify] Authentication token not found
[2026-09-02 13:52:51] [Admin Verify] Authentication token not found
[2026-09-02 13:52:51] [Admin Verify] Authentication token not found
[2026-09-02 13:52:51] [Admin Verify] Authentication token not found
[2026-09-02 13:52:51] [Admin Verify] Authentication token not found
[2026-09-02 13:52:51] [Admin Verify] Authentication token not found
[2026-09-02 13:52:51] [Admin Verify] Authentication token not found
[2026-09-02 13:52:51] [Admin Verify] Authentication token not found
[2026-09-02 13:52:51] [Admin Verify] Authentication token not found
[2026-09-02 13:52:51] [Admin Verify] Authentication token not found
[2026-09-02 13:52:51] [Admin Verify] Authentication token not found
[2026-09-02 13:52:51] [Admin Verify] Authentication token not found
[2026-09-02 13:52:51] [Admin Verify] Authentication token not found
[2026-09-02 13:52:51] [Admin Verify] Authentication token not found
[2026-09-02 13:52:51] [Admin Verify] Authentication token not found
[2026-09-02 13:52:51] [Admin Verify] Authentication token not found
[2026-09-02 13:52:51] [Admin Verify] Authentication token not found
[2026-09-02 13:52:51] [Admin Verify] Authentication token not found
[2026-09-02 13:52:51] [Admin Verify] Authentication token not found
[2026-09-02 13:52:51] [Admin Verify] Authentication token not found
[2026-09-02 13:52:51] [Admin Verify] Authentication token not found
[2026-09-02 13:52:51] [Admin Verify] Authentication token not found
[2026-09-02 13:52:51] [Admin Verify] Authentication token not found
[2026-09-02 13:52:51] [Admin Verify] Authentication token not found
[2026-09-02 13:52:51] [Admin Verify] Authentication token not found
[2026-09-02 13:52:51] [Admin Verify] Authentication token not found
[2026-09-02 13:52:51] [Admin Verify] Authentication token not found
[2026-09-02 13:52:51] [Admin Verify] Authentication token not found
[2026-09-02 13:52:51] [Admin Verify] Authentication token not found
[2026-09-02 13:52:51] [Admin Verify] Authentication token not found
[2026-09-02 13:52:51] [Admin Verify] Authentication token not found
[2026-09-02 13:52:51] [Admin Verify] Authentication token not found
[2026-09-02 13:52:51] [Admin Verify] Authentication token not found
[2026-09-02 13:52:51] [Admin Verify] Authentication token not found
[2026-09-02 13:52:51] [Admin Verify] Authentication token not found
[2026-09-02 13:52:52] [Admin Verify] Authentication token not found
[2026-09-02 13:52:52] [Admin Verify] Authentication token not found
[2026-09-02 13:52:52] [Admin Verify] Authentication token not found
[2026-09-02 13:52:52] [Admin Verify] Authentication token not found
[2026-09-02 13:52:52] [Admin Verify] Authentication token not found
[2026-09-02 13:52:52] [Admin Verify] Authentication token not found
[2026-09-02 13:52:52] [Admin Verify] Authentication token not found
[2026-09-02 13:52:52] [Admin Verify] Authentication token not found
[2026-09-02 13:52:52] [Admin Verify] Authentication token not found
[2026-09-02 13:52:52] [Admin Verify] Authentication token not found
[2026-09-02 13:52:52] [Admin Verify] Authentication token not found
[2026-09-02 13:52:52] [Admin Verify] Authentication token not found
[2026-09-02 13:52:52] [Admin Verify] Authentication token not found
[2026-09-02 13:52:52] [Admin Verify] Authentication token not found
[2026-09-02 13:52:52] [Admin Verify] Authentication token not found
[2026-09-02 13:52:52] [Admin Verify] Authentication token not found
[2026-09-02 13:52:52] [Admin Verify] Authentication token not found
[2026-09-02 13:52:52] [Admin Verify] Authentication token not found
[2026-09-02 13:52:52] [Admin Verify] Authentication token not found
[2026-09-02 13:52:52] [Admin Verify] Authentication token not found
[2026-09-02 13:52:52] [Admin Verify] Authentication token not found
[2026-09-02 13:52:52] [Admin Verify] Authentication token not found
[2026-09-02 13:52:52] [Admin Verify] Authentication token not found
[2026-09-02 13:52:52] [Admin Verify] Authentication token not found
[2026-09-02 13:52:52] [Admin Verify] Authentication token not found
[2026-09-02 13:52:52] [Admin Verify] Authentication token not found
[2026-09-02 13:52:52] [Admin Verify] Authentication token not found
[2026-09-02 13:52:52] [Admin Verify] Authentication token not found
[2026-09-02 13:52:52] [Admin Verify] Authentication token not found
[2026-09-02 13:52:52] [Admin Verify] Authentication token not found
[2026-09-02 13:52:52] [Admin Verify] Authentication token not found
[2026-09-02 13:52:52] [Admin Verify] Authentication token not found
[2026-09-02 13:52:52] [Admin Verify] Authentication token not found
[2026-09-02 13:52:52] [Admin Verify] Authentication token not found
[2026-09-02 13:52:52] [Admin Verify] Authentication token not found
[2026-09-02 13:52:52] [Admin Verify] Authentication token not found
[2026-09-02 13:52:52] [Admin Verify] Authentication token not found
[2026-09-02 13:52:52] [Admin Verify] Authentication token not found
[2026-09-02 13:52:52] [Admin Verify] Authentication token not found
[2026-09-02 13:52:52] [Admin Verify] Authentication token not found
[2026-09-02 13:52:52] [Admin Verify] Authentication token not found
[2026-09-02 13:52:52] [Admin Verify] Authentication token not found
[2026-09-02 13:52:52] [Admin Verify] Authentication token not found
[2026-09-02 13:52:52] [Admin Verify] Authentication token not found
[2026-09-02 13:52:52] [Admin Verify] Authentication token not found
[2026-09-02 13:52:52] [Admin Verify] Authentication token not found
[2026-09-02 13:52:53] [Admin Verify] Authentication token not found
[2026-09-02 13:52:53] [Admin Verify] Authentication token not found
[2026-09-02 13:52:53] [Admin Verify] Authentication token not found
[2026-09-02 13:52:53] [Admin Verify] Authentication token not found
[2026-09-02 13:52:53] [Admin Verify] Authentication token not found
[2026-09-02 13:52:53] [Admin Verify] Authentication token not found
[2026-09-02 13:52:53] [Admin Verify] Authentication token not found
[2026-09-02 13:52:53] [Admin Verify] Authentication token not found
[2026-09-02 13:52:53] [Admin Verify] Authentication token not found
[2026-09-02 13:52:53] [Admin Verify] Authentication token not found
[2026-09-02 13:52:53] [Admin Verify] Authentication token not found
[2026-09-02 13:52:53] [Admin Verify] Authentication token not found
[2026-09-02 13:52:53] [Admin Verify] Authentication token not found
[2026-09-02 13:52:53] [Admin Verify] Authentication token not found
[2026-09-02 13:52:53] [Admin Verify] Authentication token not found
[2026-09-02 13:52:53] [Admin Verify] Authentication token not found
[2026-09-02 13:52:53] [Admin Verify] Authentication token not found
[2026-09-02 13:52:53] [Admin Verify] Authentication token not found
[2026-09-02 13:52:53] [Admin Verify] Authentication token not found
[2026-09-02 13:52:53] [Admin Verify] Authentication token not found
[2026-09-02 13:52:53] [Admin Verify] Authentication token not found
[2026-09-02 13:52:53] [Admin Verify] Authentication token not found
[2026-09-02 13:52:53] [Admin Verify] Authentication token not found
[2026-09-02 13:52:53] [Admin Verify] Authentication token not found
[2026-09-02 13:52:53] [Admin Verify] Authentication token not found
[2026-09-02 13:52:53] [Admin Verify] Authentication token not found
[2026-09-02 13:52:53] [Admin Verify] Authentication token not found
[2026-09-02 13:52:53] [Admin Verify] Authentication token not found
[2026-09-02 13:52:53] [Admin Verify] Authentication token not found
[2026-09-02 13:52:53] [Admin Verify] Authentication token not found
[2026-09-02 13:52:53] [Admin Verify] Authentication token not found
[2026-09-02 13:52:53] [Admin Verify] Authentication token not found
[2026-09-02 13:52:53] [Admin Verify] Authentication token not found
[2026-09-02 13:52:53] [Admin Verify] Authentication token not found
[2026-09-02 13:52:53] [Admin Verify] Authentication token not found
[2026-09-02 13:52:53] [Admin Verify] Authentication token not found
[2026-09-02 13:52:53] [Admin Verify] Authentication token not found
[2026-09-02 13:52:53] [Admin Verify] Authentication token not found
[2026-09-02 13:52:53] [Admin Verify] Authentication token not found
[2026-09-02 13:52:53] [Admin Verify] Authentication token not found
[2026-09-02 13:52:53] [Admin Verify] Authentication token not found
[2026-09-02 13:52:53] [Admin Verify] Authentication token not found
[2026-09-02 13:52:53] [Admin Verify] Authentication token not found
[2026-09-02 13:52:53] [Admin Verify] Authentication token not found
[2026-09-02 13:52:53] [Admin Verify] Authentication token not found
[2026-09-02 13:52:53] [Admin Verify] Authentication token not found
[2026-09-02 13:52:53] [Admin Verify] Authentication token not found
[2026-09-02 13:52:53] [Admin Verify] Authentication token not found
[2026-09-02 13:52:54] [Admin Verify] Authentication token not found
[2026-09-02 13:52:54] [Admin Verify] Authentication token not found
[2026-09-02 13:52:54] [Admin Verify] Authentication token not found
[2026-09-02 13:52:54] [Admin Verify] Authentication token not found
[2026-09-02 13:52:54] [Admin Verify] Authentication token not found
[2026-09-02 13:52:54] [Admin Verify] Authentication token not found
[2026-09-02 13:52:54] [Admin Verify] Authentication token not found
[2026-09-02 13:52:54] [Admin Verify] Authentication token not found
[2026-09-02 13:52:54] [Admin Verify] Authentication token not found
[2026-09-02 13:52:54] [Admin Verify] Authentication token not found
[2026-09-02 13:52:54] [Admin Verify] Authentication token not found
[2026-09-02 13:52:54] [Admin Verify] Authentication token not found
[2026-09-02 13:52:54] [Admin Verify] Authentication token not found
[2026-09-02 13:52:54] [Admin Verify] Authentication token not found
[2026-09-02 13:52:54] [Admin Verify] Authentication token not found
[2026-09-02 13:52:54] [Admin Verify] Authentication token not found
[2026-09-02 13:52:54] [Admin Verify] Authentication token not found
[2026-09-02 13:52:54] [Admin Verify] Authentication token not found
[2026-09-02 13:52:54] [Admin Verify] Authentication token not found
[2026-09-02 13:52:54] [Admin Verify] Authentication token not found
[2026-09-02 13:52:54] [Admin Verify] Authentication token not found
[2026-09-02 13:52:54] [Admin Verify] Authentication token not found
[2026-09-02 13:52:54] [Admin Verify] Authentication token not found
[2026-09-02 13:52:54] [Admin Verify] Authentication token not found
[2026-09-02 13:52:54] [Admin Verify] Authentication token not found
[2026-09-02 13:52:54] [Admin Verify] Authentication token not found
[2026-09-02 13:52:54] [Admin Verify] Authentication token not found
[2026-09-02 13:52:54] [Admin Verify] Authentication token not found
[2026-09-02 13:52:54] [Admin Verify] Authentication token not found
[2026-09-02 13:52:54] [Admin Verify] Authentication token not found
[2026-09-02 13:52:54] [Admin Verify] Authentication token not found
[2026-09-02 13:52:54] [Admin Verify] Authentication token not found
[2026-09-02 13:52:54] [Admin Verify] Authentication token not found
[2026-09-02 13:52:54] [Admin Verify] Authentication token not found
[2026-09-02 13:52:54] [Admin Verify] Authentication token not found
[2026-09-02 13:52:54] [Admin Verify] Authentication token not found
[2026-09-02 13:52:54] [Admin Verify] Authentication token not found
[2026-09-02 13:52:54] [Admin Verify] Authentication token not found
[2026-09-02 13:52:54] [Admin Verify] Authentication token not found
[2026-09-02 13:52:54] [Admin Verify] Authentication token not found
[2026-09-02 13:52:54] [Admin Verify] Authentication token not found
[2026-09-02 13:52:54] [Admin Verify] Authentication token not found
[2026-09-02 13:52:54] [Admin Verify] Authentication token not found
[2026-09-02 13:52:54] [Admin Verify] Authentication token not found
[2026-09-02 13:52:54] [Admin Verify] Authentication token not found
[2026-09-02 13:52:54] [Admin Verify] Authentication token not found
[2026-09-02 13:52:55] [Admin Verify] Authentication token not found
[2026-09-02 13:52:55] [Admin Verify] Authentication token not found
[2026-09-02 13:52:55] [Admin Verify] Authentication token not found
[2026-09-02 13:52:55] [Admin Verify] Authentication token not found
[2026-09-02 13:52:55] [Admin Verify] Authentication token not found
[2026-09-02 13:52:55] [Admin Verify] Authentication token not found
[2026-09-02 13:52:55] [Admin Verify] Authentication token not found
[2026-09-02 13:52:55] [Admin Verify] Authentication token not found
[2026-09-02 13:52:55] [Admin Verify] Authentication token not found
[2026-09-02 13:52:55] [Admin Verify] Authentication token not found
[2026-09-02 13:52:55] [Admin Verify] Authentication token not found
[2026-09-02 13:52:55] [Admin Verify] Authentication token not found
[2026-09-02 13:52:55] [Admin Verify] Authentication token not found
[2026-09-02 13:52:55] [Admin Verify] Authentication token not found
[2026-09-02 13:52:55] [Admin Verify] Authentication token not found
[2026-09-02 13:52:55] [Admin Verify] Authentication token not found
[2026-09-02 13:52:55] [Admin Verify] Authentication token not found
[2026-09-02 13:52:55] [Admin Verify] Authentication token not found
[2026-09-02 13:52:55] [Admin Verify] Authentication token not found
[2026-09-02 13:52:55] [Admin Verify] Authentication token not found
[2026-09-02 13:52:55] [Admin Verify] Authentication token not found
[2026-09-02 13:52:55] [Admin Verify] Authentication token not found
[2026-09-02 13:52:55] [Admin Verify] Authentication token not found
[2026-09-02 13:52:55] [Admin Verify] Authentication token not found
[2026-09-02 13:52:55] [Admin Verify] Authentication token not found
[2026-09-02 13:52:55] [Admin Verify] Authentication token not found
[2026-09-02 13:52:55] [Admin Verify] Authentication token not found
[2026-09-02 13:52:55] [Admin Verify] Authentication token not found
[2026-09-02 13:52:55] [Admin Verify] Authentication token not found
[2026-09-02 13:52:55] [Admin Verify] Authentication token not found
[2026-09-02 13:52:55] [Admin Verify] Authentication token not found
[2026-09-02 13:52:55] [Admin Verify] Authentication token not found
[2026-09-02 13:52:55] [Admin Verify] Authentication token not found
[2026-09-02 13:52:55] [Admin Verify] Authentication token not found
[2026-09-02 13:52:55] [Admin Verify] Authentication token not found
[2026-09-02 13:52:55] [Admin Verify] Authentication token not found
[2026-09-02 13:52:55] [Admin Verify] Authentication token not found
[2026-09-02 13:52:55] [Admin Verify] Authentication token not found
[2026-09-02 13:52:55] [Admin Verify] Authentication token not found
[2026-09-02 13:52:55] [Admin Verify] Authentication token not found
[2026-09-02 13:52:55] [Admin Verify] Authentication token not found
[2026-09-02 13:52:55] [Admin Verify] Authentication token not found
[2026-09-02 13:52:56] [Admin Verify] Authentication token not found
[2026-09-02 13:52:56] [Admin Verify] Authentication token not found
[2026-09-02 13:52:56] [Admin Verify] Authentication token not found
[2026-09-02 13:52:56] [Admin Verify] Authentication token not found
[2026-09-02 13:52:56] [Admin Verify] Authentication token not found
[2026-09-02 13:52:56] [Admin Verify] Authentication token not found
[2026-09-02 13:52:56] [Admin Verify] Authentication token not found
[2026-09-02 13:52:56] [Admin Verify] Authentication token not found
[2026-09-02 13:52:56] [Admin Verify] Authentication token not found
[2026-09-02 13:52:56] [Admin Verify] Authentication token not found
[2026-09-02 13:52:56] [Admin Verify] Authentication token not found
[2026-09-02 13:52:56] [Admin Verify] Authentication token not found
[2026-09-02 13:52:56] [Admin Verify] Authentication token not found
[2026-09-02 13:52:56] [Admin Verify] Authentication token not found
[2026-09-02 13:52:56] [Admin Verify] Authentication token not found
[2026-09-02 13:52:56] [Admin Verify] Authentication token not found
[2026-09-02 13:52:56] [Admin Verify] Authentication token not found
[2026-09-02 13:52:56] [Admin Verify] Authentication token not found
[2026-09-02 13:52:56] [Admin Verify] Authentication token not found
[2026-09-02 13:52:56] [Admin Verify] Authentication token not found
[2026-09-02 13:52:56] [Admin Verify] Authentication token not found
[2026-09-02 13:52:56] [Admin Verify] Authentication token not found
[2026-09-02 13:52:56] [Admin Verify] Authentication token not found
[2026-09-02 13:52:56] [Admin Verify] Authentication token not found
[2026-09-02 13:52:56] [Admin Verify] Authentication token not found
[2026-09-02 13:52:56] [Admin Verify] Authentication token not found
[2026-09-02 13:52:56] [Admin Verify] Authentication token not found
[2026-09-02 13:52:56] [Admin Verify] Authentication token not found
[2026-09-02 13:52:56] [Admin Verify] Authentication token not found
[2026-09-02 13:52:56] [Admin Verify] Authentication token not found
[2026-09-02 13:52:56] [Admin Verify] Authentication token not found
[2026-09-02 13:52:56] [Admin Verify] Authentication token not found
[2026-09-02 13:52:56] [Admin Verify] Authentication token not found
[2026-09-02 13:52:56] [Admin Verify] Authentication token not found
[2026-09-02 13:52:56] [Admin Verify] Authentication token not found
[2026-09-02 13:52:56] [Admin Verify] Authentication token not found
[2026-09-02 13:52:56] [Admin Verify] Authentication token not found
[2026-09-02 13:52:56] [Admin Verify] Authentication token not found
[2026-09-02 13:52:56] [Admin Verify] Authentication token not found
[2026-09-02 13:52:57] [Admin Verify] Authentication token not found
[2026-09-02 13:52:57] [Admin Verify] Authentication token not found
[2026-09-02 13:52:57] [Admin Verify] Authentication token not found
[2026-09-02 13:52:57] [Admin Verify] Authentication token not found
[2026-09-02 13:52:57] [Admin Verify] Authentication token not found
[2026-09-02 13:52:57] [Admin Verify] Authentication token not found
[2026-09-02 13:52:57] [Admin Verify] Authentication token not found
[2026-09-02 13:52:57] [Admin Verify] Authentication token not found
[2026-09-02 13:52:57] [Admin Verify] Authentication token not found
[2026-09-02 13:52:57] [Admin Verify] Authentication token not found
[2026-09-02 13:52:57] [Admin Verify] Authentication token not found
[2026-09-02 13:52:57] [Admin Verify] Authentication token not found
[2026-09-02 13:52:57] [Admin Verify] Authentication token not found
[2026-09-02 13:52:57] [Admin Verify] Authentication token not found
[2026-09-02 13:52:57] [Admin Verify] Authentication token not found
[2026-09-02 13:52:57] [Admin Verify] Authentication token not found
[2026-09-02 13:52:57] [Admin Verify] Authentication token not found
[2026-09-02 13:52:57] [Admin Verify] Authentication token not found
[2026-09-02 13:52:57] [Admin Verify] Authentication token not found
[2026-09-02 13:52:57] [Admin Verify] Authentication token not found
[2026-09-02 13:52:57] [Admin Verify] Authentication token not found
[2026-09-02 13:52:57] [Admin Verify] Authentication token not found
[2026-09-02 13:52:57] [Admin Verify] Authentication token not found
[2026-09-02 13:52:57] [Admin Verify] Authentication token not found
[2026-09-02 13:52:57] [Admin Verify] Authentication token not found
[2026-09-02 13:52:57] [Admin Verify] Authentication token not found
[2026-09-02 13:52:57] [Admin Verify] Authentication token not found
[2026-09-02 13:52:57] [Admin Verify] Authentication token not found
[2026-09-02 13:52:57] [Admin Verify] Authentication token not found
[2026-09-02 13:52:57] [Admin Verify] Authentication token not found
[2026-09-02 13:52:57] [Admin Verify] Authentication token not found
[2026-09-02 13:52:57] [Admin Verify] Authentication token not found
[2026-09-02 13:52:57] [Admin Verify] Authentication token not found
[2026-09-02 13:52:57] [Admin Verify] Authentication token not found
[2026-09-02 13:52:57] [Admin Verify] Authentication token not found
[2026-09-02 13:52:57] [Admin Verify] Authentication token not found
[2026-09-02 13:52:57] [Admin Verify] Authentication token not found
[2026-09-02 13:52:57] [Admin Verify] Authentication token not found
[2026-09-02 13:52:58] [Admin Verify] Authentication token not found
[2026-09-02 13:52:58] [Admin Verify] Authentication token not found
[2026-09-02 13:52:58] [Admin Verify] Authentication token not found
[2026-09-02 13:52:58] [Admin Verify] Authentication token not found
[2026-09-02 13:52:58] [Admin Verify] Authentication token not found
[2026-09-02 13:52:58] [Admin Verify] Authentication token not found
[2026-09-02 13:52:58] [Admin Verify] Authentication token not found
[2026-09-02 13:52:58] [Admin Verify] Authentication token not found
[2026-09-02 13:52:58] [Admin Verify] Authentication token not found
[2026-09-02 13:52:58] [Admin Verify] Authentication token not found
[2026-09-02 13:52:58] [Admin Verify] Authentication token not found
[2026-09-02 13:52:58] [Admin Verify] Authentication token not found
[2026-09-02 13:52:58] [Admin Verify] Authentication token not found
[2026-09-02 13:52:58] [Admin Verify] Authentication token not found
[2026-09-02 13:52:58] [Admin Verify] Authentication token not found
[2026-09-02 13:52:58] [Admin Verify] Authentication token not found
[2026-09-02 13:52:58] [Admin Verify] Authentication token not found
[2026-09-02 13:52:58] [Admin Verify] Authentication token not found
[2026-09-02 13:52:58] [Admin Verify] Authentication token not found
[2026-09-02 13:52:58] [Admin Verify] Authentication token not found
[2026-09-02 13:52:58] [Admin Verify] Authentication token not found
[2026-09-02 13:52:58] [Admin Verify] Authentication token not found
[2026-09-02 13:52:58] [Admin Verify] Authentication token not found
[2026-09-02 13:52:58] [Admin Verify] Authentication token not found
[2026-09-02 13:52:58] [Admin Verify] Authentication token not found
[2026-09-02 13:52:58] [Admin Verify] Authentication token not found
[2026-09-02 13:52:58] [Admin Verify] Authentication token not found
[2026-09-02 13:52:58] [Admin Verify] Authentication token not found
[2026-09-02 13:52:58] [Admin Verify] Authentication token not found
[2026-09-02 13:52:58] [Admin Verify] Authentication token not found
[2026-09-02 13:52:58] [Admin Verify] Authentication token not found
[2026-09-02 13:52:58] [Admin Verify] Authentication token not found
[2026-09-02 13:52:58] [Admin Verify] Authentication token not found
[2026-09-02 13:52:58] [Admin Verify] Authentication token not found
[2026-09-02 13:52:58] [Admin Verify] Authentication token not found
[2026-09-02 13:52:58] [Admin Verify] Authentication token not found
[2026-09-02 13:52:58] [Admin Verify] Authentication token not found
[2026-09-02 13:52:58] [Admin Verify] Authentication token not found
[2026-09-02 13:52:58] [Admin Verify] Authentication token not found
[2026-09-02 13:52:58] [Admin Verify] Authentication token not found
[2026-09-02 13:52:58] [Admin Verify] Authentication token not found
[2026-09-02 13:52:58] [Admin Verify] Authentication token not found
[2026-09-02 13:52:58] [Admin Verify] Authentication token not found
[2026-09-02 13:52:58] [Admin Verify] Authentication token not found
[2026-09-02 13:52:58] [Admin Verify] Authentication token not found
[2026-09-02 13:52:58] [Admin Verify] Authentication token not found
[2026-09-02 13:52:59] [Admin Verify] Authentication token not found
[2026-09-02 13:52:59] [Admin Verify] Authentication token not found
[2026-09-02 13:52:59] [Admin Verify] Authentication token not found
[2026-09-02 13:52:59] [Admin Verify] Authentication token not found
[2026-09-02 13:52:59] [Admin Verify] Authentication token not found
[2026-09-02 13:52:59] [Admin Verify] Authentication token not found
[2026-09-02 13:52:59] [Admin Verify] Authentication token not found
[2026-09-02 13:52:59] [Admin Verify] Authentication token not found
[2026-09-02 13:52:59] [Admin Verify] Authentication token not found
[2026-09-02 13:52:59] [Admin Verify] Authentication token not found
[2026-09-02 13:52:59] [Admin Verify] Authentication token not found
[2026-09-02 13:52:59] [Admin Verify] Authentication token not found
[2026-09-02 13:52:59] [Admin Verify] Authentication token not found
[2026-09-02 13:52:59] [Admin Verify] Authentication token not found
[2026-09-02 13:52:59] [Admin Verify] Authentication token not found
[2026-09-02 13:52:59] [Admin Verify] Authentication token not found
[2026-09-02 13:52:59] [Admin Verify] Authentication token not found
[2026-09-02 13:52:59] [Admin Verify] Authentication token not found
[2026-09-02 13:52:59] [Admin Verify] Authentication token not found
[2026-09-02 13:52:59] [Admin Verify] Authentication token not found
[2026-09-02 13:52:59] [Admin Verify] Authentication token not found
[2026-09-02 13:52:59] [Admin Verify] Authentication token not found
[2026-09-02 13:52:59] [Admin Verify] Authentication token not found
[2026-09-02 13:52:59] [Admin Verify] Authentication token not found
[2026-09-02 13:52:59] [Admin Verify] Authentication token not found
[2026-09-02 13:52:59] [Admin Verify] Authentication token not found
[2026-09-02 13:52:59] [Admin Verify] Authentication token not found
[2026-09-02 13:52:59] [Admin Verify] Authentication token not found
[2026-09-02 13:52:59] [Admin Verify] Authentication token not found
[2026-09-02 13:52:59] [Admin Verify] Authentication token not found
[2026-09-02 13:52:59] [Admin Verify] Authentication token not found
[2026-09-02 13:52:59] [Admin Verify] Authentication token not found
[2026-09-02 13:52:59] [Admin Verify] Authentication token not found
[2026-09-02 13:52:59] [Admin Verify] Authentication token not found
[2026-09-02 13:52:59] [Admin Verify] Authentication token not found
[2026-09-02 13:52:59] [Admin Verify] Authentication token not found
[2026-09-02 13:52:59] [Admin Verify] Authentication token not found
[2026-09-02 13:52:59] [Admin Verify] Authentication token not found
[2026-09-02 13:53:00] [Admin Verify] Authentication token not found
[2026-09-02 13:53:00] [Admin Verify] Authentication token not found
[2026-09-02 13:53:00] [Admin Verify] Authentication token not found
[2026-09-02 13:53:00] [Admin Verify] Authentication token not found
[2026-09-02 13:53:00] [Admin Verify] Authentication token not found
[2026-09-02 13:53:00] [Admin Verify] Authentication token not found
[2026-09-02 13:53:00] [Admin Verify] Authentication token not found
[2026-09-02 13:53:00] [Admin Verify] Authentication token not found
[2026-09-02 13:53:00] [Admin Verify] Authentication token not found
[2026-09-02 13:53:00] [Admin Verify] Authentication token not found
[2026-09-02 13:53:00] [Admin Verify] Authentication token not found
[2026-09-02 13:53:00] [Admin Verify] Authentication token not found
[2026-09-02 13:53:00] [Admin Verify] Authentication token not found
[2026-09-02 13:53:00] [Admin Verify] Authentication token not found
[2026-09-02 13:53:00] [Admin Verify] Authentication token not found
[2026-09-02 13:53:00] [Admin Verify] Authentication token not found
[2026-09-02 13:53:00] [Admin Verify] Authentication token not found
[2026-09-02 13:53:00] [Admin Verify] Authentication token not found
[2026-09-02 13:53:00] [Admin Verify] Authentication token not found
[2026-09-02 13:53:00] [Admin Verify] Authentication token not found
[2026-09-02 13:53:00] [Admin Verify] Authentication token not found
[2026-09-02 13:53:00] [Admin Verify] Authentication token not found
[2026-09-02 13:53:00] [Admin Verify] Authentication token not found
[2026-09-02 13:53:00] [Admin Verify] Authentication token not found
[2026-09-02 13:53:00] [Admin Verify] Authentication token not found
[2026-09-02 13:53:00] [Admin Verify] Authentication token not found
[2026-09-02 13:53:00] [Admin Verify] Authentication token not found
[2026-09-02 13:53:00] [Admin Verify] Authentication token not found
[2026-09-02 13:53:00] [Admin Verify] Authentication token not found
[2026-09-02 13:53:00] [Admin Verify] Authentication token not found
[2026-09-02 13:53:00] [Admin Verify] Authentication token not found
[2026-09-02 13:53:00] [Admin Verify] Authentication token not found
[2026-09-02 13:53:00] [Admin Verify] Authentication token not found
[2026-09-02 13:53:00] [Admin Verify] Authentication token not found
[2026-09-02 13:53:00] [Admin Verify] Authentication token not found
[2026-09-02 13:53:00] [Admin Verify] Authentication token not found
[2026-09-02 13:53:00] [Admin Verify] Authentication token not found
[2026-09-02 13:53:00] [Admin Verify] Authentication token not found
[2026-09-02 13:53:00] [Admin Verify] Authentication token not found
[2026-09-02 13:53:00] [Admin Verify] Authentication token not found
[2026-09-02 13:53:01] [Admin Verify] Authentication token not found
[2026-09-02 13:53:01] [Admin Verify] Authentication token not found
[2026-09-02 13:53:01] [Admin Verify] Authentication token not found
[2026-09-02 13:53:01] [Admin Verify] Authentication token not found
[2026-09-02 13:53:01] [Admin Verify] Authentication token not found
[2026-09-02 13:53:01] [Admin Verify] Authentication token not found
[2026-09-02 13:53:01] [Admin Verify] Authentication token not found
[2026-09-02 13:53:01] [Admin Verify] Authentication token not found
[2026-09-02 13:53:01] [Admin Verify] Authentication token not found
[2026-09-02 13:53:01] [Admin Verify] Authentication token not found
[2026-09-02 13:53:01] [Admin Verify] Authentication token not found
[2026-09-02 13:53:01] [Admin Verify] Authentication token not found
[2026-09-02 13:53:01] [Admin Verify] Authentication token not found
[2026-09-02 13:53:01] [Admin Verify] Authentication token not found
[2026-09-02 13:53:01] [Admin Verify] Authentication token not found
[2026-09-02 13:53:01] [Admin Verify] Authentication token not found
[2026-09-02 13:53:01] [Admin Verify] Authentication token not found
[2026-09-02 13:53:01] [Admin Verify] Authentication token not found
[2026-09-02 13:53:01] [Admin Verify] Authentication token not found
[2026-09-02 13:53:01] [Admin Verify] Authentication token not found
[2026-09-02 13:53:01] [Admin Verify] Authentication token not found
[2026-09-02 13:53:01] [Admin Verify] Authentication token not found
[2026-09-02 13:53:01] [Admin Verify] Authentication token not found
[2026-09-02 13:53:01] [Admin Verify] Authentication token not found
[2026-09-02 13:53:01] [Admin Verify] Authentication token not found
[2026-09-02 13:53:01] [Admin Verify] Authentication token not found
[2026-09-02 13:53:01] [Admin Verify] Authentication token not found
[2026-09-02 13:53:01] [Admin Verify] Authentication token not found
[2026-09-02 13:53:01] [Admin Verify] Authentication token not found
[2026-09-02 13:53:01] [Admin Verify] Authentication token not found
[2026-09-02 13:53:01] [Admin Verify] Authentication token not found
[2026-09-02 13:53:01] [Admin Verify] Authentication token not found
[2026-09-02 13:53:01] [Admin Verify] Authentication token not found
[2026-09-02 13:53:01] [Admin Verify] Authentication token not found
[2026-09-02 13:53:01] [Admin Verify] Authentication token not found
[2026-09-02 13:53:01] [Admin Verify] Authentication token not found
[2026-09-02 13:53:01] [Admin Verify] Authentication token not found
[2026-09-02 13:53:01] [Admin Verify] Authentication token not found
[2026-09-02 13:53:01] [Admin Verify] Authentication token not found
[2026-09-02 13:53:01] [Admin Verify] Authentication token not found
[2026-09-02 13:53:01] [Admin Verify] Authentication token not found
[2026-09-02 13:53:01] [Admin Verify] Authentication token not found
[2026-09-02 13:53:01] [Admin Verify] Authentication token not found
[2026-09-02 13:53:01] [Admin Verify] Authentication token not found
[2026-09-02 13:53:01] [Admin Verify] Authentication token not found
[2026-09-02 13:53:01] [Admin Verify] Authentication token not found
[2026-09-02 13:53:01] [Admin Verify] Authentication token not found
[2026-09-02 13:53:02] [Admin Verify] Authentication token not found
[2026-09-02 13:53:02] [Admin Verify] Authentication token not found
[2026-09-02 13:53:02] [Admin Verify] Authentication token not found
[2026-09-02 13:53:02] [Admin Verify] Authentication token not found
[2026-09-02 13:53:02] [Admin Verify] Authentication token not found
[2026-09-02 13:53:02] [Admin Verify] Authentication token not found
[2026-09-02 13:53:02] [Admin Verify] Authentication token not found
[2026-09-02 13:53:02] [Admin Verify] Authentication token not found
[2026-09-02 13:53:02] [Admin Verify] Authentication token not found
[2026-09-02 13:53:02] [Admin Verify] Authentication token not found
[2026-09-02 13:53:02] [Admin Verify] Authentication token not found
[2026-09-02 13:53:02] [Admin Verify] Authentication token not found
[2026-09-02 13:53:02] [Admin Verify] Authentication token not found
[2026-09-02 13:53:02] [Admin Verify] Authentication token not found
[2026-09-02 13:53:02] [Admin Verify] Authentication token not found
[2026-09-02 13:53:02] [Admin Verify] Authentication token not found
[2026-09-02 13:53:02] [Admin Verify] Authentication token not found
[2026-09-02 13:53:02] [Admin Verify] Authentication token not found
[2026-09-02 13:53:02] [Admin Verify] Authentication token not found
[2026-09-02 13:53:02] [Admin Verify] Authentication token not found
[2026-09-02 13:53:02] [Admin Verify] Authentication token not found
[2026-09-02 13:53:02] [Admin Verify] Authentication token not found
[2026-09-02 13:53:02] [Admin Verify] Authentication token not found
[2026-09-02 13:53:02] [Admin Verify] Authentication token not found
[2026-09-02 13:53:02] [Admin Verify] Authentication token not found
[2026-09-02 13:53:02] [Admin Verify] Authentication token not found
[2026-09-02 13:53:02] [Admin Verify] Authentication token not found
[2026-09-02 13:53:02] [Admin Verify] Authentication token not found
[2026-09-02 13:53:02] [Admin Verify] Authentication token not found
[2026-09-02 13:53:02] [Admin Verify] Authentication token not found
[2026-09-02 13:53:02] [Admin Verify] Authentication token not found
[2026-09-02 13:53:02] [Admin Verify] Authentication token not found
[2026-09-02 13:53:02] [Admin Verify] Authentication token not found
[2026-09-02 13:53:02] [Admin Verify] Authentication token not found
[2026-09-02 13:53:02] [Admin Verify] Authentication token not found
[2026-09-02 13:53:02] [Admin Verify] Authentication token not found
[2026-09-02 13:53:02] [Admin Verify] Authentication token not found
[2026-09-02 13:53:02] [Admin Verify] Authentication token not found
[2026-09-02 13:53:02] [Admin Verify] Authentication token not found
[2026-09-02 13:53:02] [Admin Verify] Authentication token not found
[2026-09-02 13:53:02] [Admin Verify] Authentication token not found
[2026-09-02 13:53:02] [Admin Verify] Authentication token not found
[2026-09-02 13:53:02] [Admin Verify] Authentication token not found
[2026-09-02 13:53:02] [Admin Verify] Authentication token not found
[2026-09-02 13:53:02] [Admin Verify] Authentication token not found
[2026-09-02 13:53:02] [Admin Verify] Authentication token not found
[2026-09-02 13:53:02] [Admin Verify] Authentication token not found
[2026-09-02 13:53:02] [Admin Verify] Authentication token not found
[2026-09-02 13:53:03] [Admin Verify] Authentication token not found
[2026-09-02 13:53:03] [Admin Verify] Authentication token not found
[2026-09-02 13:53:03] [Admin Verify] Authentication token not found
[2026-09-02 13:53:03] [Admin Verify] Authentication token not found
[2026-09-02 13:53:03] [Admin Verify] Authentication token not found
[2026-09-02 13:53:03] [Admin Verify] Authentication token not found
[2026-09-02 13:53:03] [Admin Verify] Authentication token not found
[2026-09-02 13:53:03] [Admin Verify] Authentication token not found
[2026-09-02 13:53:03] [Admin Verify] Authentication token not found
[2026-09-02 13:53:03] [Admin Verify] Authentication token not found
[2026-09-02 13:53:03] [Admin Verify] Authentication token not found
[2026-09-02 13:53:03] [Admin Verify] Authentication token not found
[2026-09-02 13:53:03] [Admin Verify] Authentication token not found
[2026-09-02 13:53:03] [Admin Verify] Authentication token not found
[2026-09-02 13:53:03] [Admin Verify] Authentication token not found
[2026-09-02 13:53:03] [Admin Verify] Authentication token not found
[2026-09-02 13:53:03] [Admin Verify] Authentication token not found
[2026-09-02 13:53:03] [Admin Verify] Authentication token not found
[2026-09-02 13:53:03] [Admin Verify] Authentication token not found
[2026-09-02 13:53:03] [Admin Verify] Authentication token not found
[2026-09-02 13:53:03] [Admin Verify] Authentication token not found
[2026-09-02 13:53:03] [Admin Verify] Authentication token not found
[2026-09-02 13:53:03] [Admin Verify] Authentication token not found
[2026-09-02 13:53:03] [Admin Verify] Authentication token not found
[2026-09-02 13:53:03] [Admin Verify] Authentication token not found
[2026-09-02 13:53:03] [Admin Verify] Authentication token not found
[2026-09-02 13:53:03] [Admin Verify] Authentication token not found
[2026-09-02 13:53:03] [Admin Verify] Authentication token not found
[2026-09-02 13:53:03] [Admin Verify] Authentication token not found
[2026-09-02 13:53:03] [Admin Verify] Authentication token not found
[2026-09-02 13:53:03] [Admin Verify] Authentication token not found
[2026-09-02 13:53:03] [Admin Verify] Authentication token not found
[2026-09-02 13:53:03] [Admin Verify] Authentication token not found
[2026-09-02 13:53:03] [Admin Verify] Authentication token not found
[2026-09-02 13:53:03] [Admin Verify] Authentication token not found
[2026-09-02 13:53:03] [Admin Verify] Authentication token not found
[2026-09-02 13:53:03] [Admin Verify] Authentication token not found
[2026-09-02 13:53:03] [Admin Verify] Authentication token not found
[2026-09-02 13:53:03] [Admin Verify] Authentication token not found
[2026-09-02 13:53:03] [Admin Verify] Authentication token not found
[2026-09-02 13:53:03] [Admin Verify] Authentication token not found
[2026-09-02 13:53:03] [Admin Verify] Authentication token not found
[2026-09-02 13:53:03] [Admin Verify] Authentication token not found
[2026-09-02 13:53:03] [Admin Verify] Authentication token not found
[2026-09-02 13:53:03] [Admin Verify] Authentication token not found
[2026-09-02 13:53:03] [Admin Verify] Authentication token not found
[2026-09-02 13:53:03] [Admin Verify] Authentication token not found
[2026-09-02 13:53:03] [Admin Verify] Authentication token not found
[2026-09-02 13:53:03] [Admin Verify] Authentication token not found
[2026-09-02 13:53:03] [Admin Verify] Authentication token not found
[2026-09-02 13:53:04] [Admin Verify] Authentication token not found
[2026-09-02 13:53:04] [Admin Verify] Authentication token not found
[2026-09-02 13:53:04] [Admin Verify] Authentication token not found
[2026-09-02 13:53:04] [Admin Verify] Authentication token not found
[2026-09-02 13:53:04] [Admin Verify] Authentication token not found
[2026-09-02 13:53:04] [Admin Verify] Authentication token not found
[2026-09-02 13:53:04] [Admin Verify] Authentication token not found
[2026-09-02 13:53:04] [Admin Verify] Authentication token not found
[2026-09-02 13:53:04] [Admin Verify] Authentication token not found
[2026-09-02 13:53:04] [Admin Verify] Authentication token not found
[2026-09-02 13:53:04] [Admin Verify] Authentication token not found
[2026-09-02 13:53:04] [Admin Verify] Authentication token not found
[2026-09-02 13:53:04] [Admin Verify] Authentication token not found
[2026-09-02 13:53:04] [Admin Verify] Authentication token not found
[2026-09-02 13:53:04] [Admin Verify] Authentication token not found
[2026-09-02 13:53:04] [Admin Verify] Authentication token not found
[2026-09-02 13:53:04] [Admin Verify] Authentication token not found
[2026-09-02 13:53:04] [Admin Verify] Authentication token not found
[2026-09-02 13:53:04] [Admin Verify] Authentication token not found
[2026-09-02 13:53:04] [Admin Verify] Authentication token not found
[2026-09-02 13:53:04] [Admin Verify] Authentication token not found
[2026-09-02 13:53:04] [Admin Verify] Authentication token not found
[2026-09-02 13:53:04] [Admin Verify] Authentication token not found
[2026-09-02 13:53:04] [Admin Verify] Authentication token not found
[2026-09-02 13:53:04] [Admin Verify] Authentication token not found
[2026-09-02 13:53:04] [Admin Verify] Authentication token not found
[2026-09-02 13:53:04] [Admin Verify] Authentication token not found
[2026-09-02 13:53:04] [Admin Verify] Authentication token not found
[2026-09-02 13:53:04] [Admin Verify] Authentication token not found
[2026-09-02 13:53:04] [Admin Verify] Authentication token not found
[2026-09-02 13:53:04] [Admin Verify] Authentication token not found
[2026-09-02 13:53:04] [Admin Verify] Authentication token not found
[2026-09-02 13:53:04] [Admin Verify] Authentication token not found
[2026-09-02 13:53:04] [Admin Verify] Authentication token not found
[2026-09-02 13:53:04] [Admin Verify] Authentication token not found
[2026-09-02 13:53:04] [Admin Verify] Authentication token not found
[2026-09-02 13:53:04] [Admin Verify] Authentication token not found
[2026-09-02 13:53:04] [Admin Verify] Authentication token not found
[2026-09-02 13:53:04] [Admin Verify] Authentication token not found
[2026-09-02 13:53:04] [Admin Verify] Authentication token not found
[2026-09-02 13:53:04] [Admin Verify] Authentication token not found
[2026-09-02 13:53:04] [Admin Verify] Authentication token not found
[2026-09-02 13:53:04] [Admin Verify] Authentication token not found
[2026-09-02 13:53:04] [Admin Verify] Authentication token not found
[2026-09-02 13:53:04] [Admin Verify] Authentication token not found
[2026-09-02 13:53:04] [Admin Verify] Authentication token not found
[2026-09-02 13:53:04] [Admin Verify] Authentication token not found
[2026-09-02 13:53:04] [Admin Verify] Authentication token not found
[2026-09-02 13:53:05] [Admin Verify] Authentication token not found
[2026-09-02 13:53:05] [Admin Verify] Authentication token not found
[2026-09-02 13:53:05] [Admin Verify] Authentication token not found
[2026-09-02 13:53:05] [Admin Verify] Authentication token not found
[2026-09-02 13:53:05] [Admin Verify] Authentication token not found
[2026-09-02 13:53:05] [Admin Verify] Authentication token not found
[2026-09-02 13:53:05] [Admin Verify] Authentication token not found
[2026-09-02 13:53:05] [Admin Verify] Authentication token not found
[2026-09-02 13:53:05] [Admin Verify] Authentication token not found
[2026-09-02 13:53:05] [Admin Verify] Authentication token not found
[2026-09-02 13:53:05] [Admin Verify] Authentication token not found
[2026-09-02 13:53:05] [Admin Verify] Authentication token not found
[2026-09-02 13:53:05] [Admin Verify] Authentication token not found
[2026-09-02 13:53:05] [Admin Verify] Authentication token not found
[2026-09-02 13:53:05] [Admin Verify] Authentication token not found
[2026-09-02 13:53:05] [Admin Verify] Authentication token not found
[2026-09-02 13:53:05] [Admin Verify] Authentication token not found
[2026-09-02 13:53:05] [Admin Verify] Authentication token not found
[2026-09-02 13:53:05] [Admin Verify] Authentication token not found
[2026-09-02 13:53:05] [Admin Verify] Authentication token not found
[2026-09-02 13:53:05] [Admin Verify] Authentication token not found
[2026-09-02 13:53:05] [Admin Verify] Authentication token not found
[2026-09-02 13:53:05] [Admin Verify] Authentication token not found
[2026-09-02 13:53:05] [Admin Verify] Authentication token not found
[2026-09-02 13:53:05] [Admin Verify] Authentication token not found
[2026-09-02 13:53:05] [Admin Verify] Authentication token not found
[2026-09-02 13:53:05] [Admin Verify] Authentication token not found
[2026-09-02 13:53:05] [Admin Verify] Authentication token not found
[2026-09-02 13:53:05] [Admin Verify] Authentication token not found
[2026-09-02 13:53:05] [Admin Verify] Authentication token not found
[2026-09-02 13:53:05] [Admin Verify] Authentication token not found
[2026-09-02 13:53:05] [Admin Verify] Authentication token not found
[2026-09-02 13:53:05] [Admin Verify] Authentication token not found
[2026-09-02 13:53:05] [Admin Verify] Authentication token not found
[2026-09-02 13:53:05] [Admin Verify] Authentication token not found
[2026-09-02 13:53:05] [Admin Verify] Authentication token not found
[2026-09-02 13:53:05] [Admin Verify] Authentication token not found
[2026-09-02 13:53:05] [Admin Verify] Authentication token not found
[2026-09-02 13:53:05] [Admin Verify] Authentication token not found
[2026-09-02 13:53:05] [Admin Verify] Authentication token not found
[2026-09-02 13:53:05] [Admin Verify] Authentication token not found
[2026-09-02 13:53:05] [Admin Verify] Authentication token not found
[2026-09-02 13:53:05] [Admin Verify] Authentication token not found
[2026-09-02 13:53:05] [Admin Verify] Authentication token not found
[2026-09-02 13:53:06] [Admin Verify] Authentication token not found
[2026-09-02 13:53:06] [Admin Verify] Authentication token not found
[2026-09-02 13:53:06] [Admin Verify] Authentication token not found
[2026-09-02 13:53:06] [Admin Verify] Authentication token not found
[2026-09-02 13:53:06] [Admin Verify] Authentication token not found
[2026-09-02 13:53:06] [Admin Verify] Authentication token not found
[2026-09-02 13:53:06] [Admin Verify] Authentication token not found
[2026-09-02 13:53:06] [Admin Verify] Authentication token not found
[2026-09-02 13:53:06] [Admin Verify] Authentication token not found
[2026-09-02 13:53:06] [Admin Verify] Authentication token not found
[2026-09-02 13:53:06] [Admin Verify] Authentication token not found
[2026-09-02 13:53:06] [Admin Verify] Authentication token not found
[2026-09-02 13:53:06] [Admin Verify] Authentication token not found
[2026-09-02 13:53:06] [Admin Verify] Authentication token not found
[2026-09-02 13:53:06] [Admin Verify] Authentication token not found
[2026-09-02 13:53:06] [Admin Verify] Authentication token not found
[2026-09-02 13:53:06] [Admin Verify] Authentication token not found
[2026-09-02 13:53:06] [Admin Verify] Authentication token not found
[2026-09-02 13:53:06] [Admin Verify] Authentication token not found
[2026-09-02 13:53:06] [Admin Verify] Authentication token not found
[2026-09-02 13:53:06] [Admin Verify] Authentication token not found
[2026-09-02 13:53:06] [Admin Verify] Authentication token not found
[2026-09-02 13:53:06] [Admin Verify] Authentication token not found
[2026-09-02 13:53:06] [Admin Verify] Authentication token not found
[2026-09-02 13:53:06] [Admin Verify] Authentication token not found
[2026-09-02 13:53:06] [Admin Verify] Authentication token not found
[2026-09-02 13:53:06] [Admin Verify] Authentication token not found
[2026-09-02 13:53:06] [Admin Verify] Authentication token not found
[2026-09-02 13:53:06] [Admin Verify] Authentication token not found
[2026-09-02 13:53:06] [Admin Verify] Authentication token not found
[2026-09-02 13:53:06] [Admin Verify] Authentication token not found
[2026-09-02 13:53:06] [Admin Verify] Authentication token not found
[2026-09-02 13:53:07] [Admin Verify] Authentication token not found
[2026-09-02 13:53:07] [Admin Verify] Authentication token not found
[2026-09-02 13:53:07] [Admin Verify] Authentication token not found
[2026-09-02 13:53:07] [Admin Verify] Authentication token not found
[2026-09-02 13:53:07] [Admin Verify] Authentication token not found
[2026-09-02 13:53:07] [Admin Verify] Authentication token not found
[2026-09-02 13:53:07] [Admin Verify] Authentication token not found
[2026-09-02 13:53:07] [Admin Verify] Authentication token not found
[2026-09-02 13:53:07] [Admin Verify] Authentication token not found
[2026-09-02 13:53:07] [Admin Verify] Authentication token not found
[2026-09-02 13:53:07] [Admin Verify] Authentication token not found
[2026-09-02 13:53:07] [Admin Verify] Authentication token not found
[2026-09-02 13:53:07] [Admin Verify] Authentication token not found
[2026-09-02 13:53:07] [Admin Verify] Authentication token not found
[2026-09-02 13:53:07] [Admin Verify] Authentication token not found
[2026-09-02 13:53:07] [Admin Verify] Authentication token not found
[2026-09-02 13:53:07] [Admin Verify] Authentication token not found
[2026-09-02 13:53:07] [Admin Verify] Authentication token not found
[2026-09-02 13:53:07] [Admin Verify] Authentication token not found
[2026-09-02 13:53:07] [Admin Verify] Authentication token not found
[2026-09-02 13:53:07] [Admin Verify] Authentication token not found
[2026-09-02 13:53:07] [Admin Verify] Authentication token not found
[2026-09-02 13:53:07] [Admin Verify] Authentication token not found
[2026-09-02 13:53:07] [Admin Verify] Authentication token not found
[2026-09-02 13:53:07] [Admin Verify] Authentication token not found
[2026-09-02 13:53:07] [Admin Verify] Authentication token not found
[2026-09-02 13:53:07] [Admin Verify] Authentication token not found
[2026-09-02 13:53:07] [Admin Verify] Authentication token not found
[2026-09-02 13:53:07] [Admin Verify] Authentication token not found
[2026-09-02 13:53:07] [Admin Verify] Authentication token not found
[2026-09-02 13:53:07] [Admin Verify] Authentication token not found
[2026-09-02 13:53:07] [Admin Verify] Authentication token not found
[2026-09-02 13:53:07] [Admin Verify] Authentication token not found
[2026-09-02 13:53:07] [Admin Verify] Authentication token not found
[2026-09-02 13:53:07] [Admin Verify] Authentication token not found
[2026-09-02 13:53:07] [Admin Verify] Authentication token not found
[2026-09-02 13:53:07] [Admin Verify] Authentication token not found
[2026-09-02 13:53:07] [Admin Verify] Authentication token not found
[2026-09-02 13:53:07] [Admin Verify] Authentication token not found
[2026-09-02 13:53:07] [Admin Verify] Authentication token not found
[2026-09-02 13:53:07] [Admin Verify] Authentication token not found
[2026-09-02 13:53:07] [Admin Verify] Authentication token not found
[2026-09-02 13:53:07] [Admin Verify] Authentication token not found
[2026-09-02 13:53:07] [Admin Verify] Authentication token not found
[2026-09-02 13:53:07] [Admin Verify] Authentication token not found
[2026-09-02 13:53:07] [Admin Verify] Authentication token not found
[2026-09-02 13:53:07] [Admin Verify] Authentication token not found
[2026-09-02 13:53:07] [Admin Verify] Authentication token not found
[2026-09-02 13:53:07] [Admin Verify] Authentication token not found
[2026-09-02 13:53:07] [Admin Verify] Authentication token not found
[2026-09-02 13:53:07] [Admin Verify] Authentication token not found
[2026-09-02 13:53:08] [Admin Verify] Authentication token not found
[2026-09-02 13:53:08] [Admin Verify] Authentication token not found
[2026-09-02 13:53:08] [Admin Verify] Authentication token not found
[2026-09-02 13:53:08] [Admin Verify] Authentication token not found
[2026-09-02 13:53:08] [Admin Verify] Authentication token not found
[2026-09-02 13:53:08] [Admin Verify] Authentication token not found
[2026-09-02 13:53:08] [Admin Verify] Authentication token not found
[2026-09-02 13:53:08] [Admin Verify] Authentication token not found
[2026-09-02 13:53:08] [Admin Verify] Authentication token not found
[2026-09-02 13:53:08] [Admin Verify] Authentication token not found
[2026-09-02 13:53:08] [Admin Verify] Authentication token not found
[2026-09-02 13:53:08] [Admin Verify] Authentication token not found
[2026-09-02 13:53:08] [Admin Verify] Authentication token not found
[2026-09-02 13:53:08] [Admin Verify] Authentication token not found
[2026-09-02 13:53:08] [Admin Verify] Authentication token not found
[2026-09-02 13:53:08] [Admin Verify] Authentication token not found
[2026-09-02 13:53:08] [Admin Verify] Authentication token not found
[2026-09-02 13:53:08] [Admin Verify] Authentication token not found
[2026-09-02 13:53:08] [Admin Verify] Authentication token not found
[2026-09-02 13:53:08] [Admin Verify] Authentication token not found
[2026-09-02 13:53:08] [Admin Verify] Authentication token not found
[2026-09-02 13:53:08] [Admin Verify] Authentication token not found
[2026-09-02 13:53:08] [Admin Verify] Authentication token not found
[2026-09-02 13:53:08] [Admin Verify] Authentication token not found
[2026-09-02 13:53:08] [Admin Verify] Authentication token not found
[2026-09-02 13:53:08] [Admin Verify] Authentication token not found
[2026-09-02 13:53:08] [Admin Verify] Authentication token not found
[2026-09-02 13:53:08] [Admin Verify] Authentication token not found
[2026-09-02 13:53:08] [Admin Verify] Authentication token not found
[2026-09-02 13:53:08] [Admin Verify] Authentication token not found
[2026-09-02 13:53:08] [Admin Verify] Authentication token not found
[2026-09-02 13:53:08] [Admin Verify] Authentication token not found
[2026-09-02 13:53:08] [Admin Verify] Authentication token not found
[2026-09-02 13:53:08] [Admin Verify] Authentication token not found
[2026-09-02 13:53:08] [Admin Verify] Authentication token not found
[2026-09-02 13:53:08] [Admin Verify] Authentication token not found
[2026-09-02 13:53:08] [Admin Verify] Authentication token not found
[2026-09-02 13:53:08] [Admin Verify] Authentication token not found
[2026-09-02 13:53:08] [Admin Verify] Authentication token not found
[2026-09-02 13:53:08] [Admin Verify] Authentication token not found
[2026-09-02 13:53:08] [Admin Verify] Authentication token not found
[2026-09-02 13:53:08] [Admin Verify] Authentication token not found
[2026-09-02 13:53:08] [Admin Verify] Authentication token not found
[2026-09-02 13:53:08] [Admin Verify] Authentication token not found
[2026-09-02 13:53:09] [Admin Verify] Authentication token not found
[2026-09-02 13:53:09] [Admin Verify] Authentication token not found
[2026-09-02 13:53:09] [Admin Verify] Authentication token not found
[2026-09-02 13:53:09] [Admin Verify] Authentication token not found
[2026-09-02 13:53:09] [Admin Verify] Authentication token not found
[2026-09-02 13:53:09] [Admin Verify] Authentication token not found
[2026-09-02 13:53:09] [Admin Verify] Authentication token not found
[2026-09-02 13:53:09] [Admin Verify] Authentication token not found
[2026-09-02 13:53:09] [Admin Verify] Authentication token not found
[2026-09-02 13:53:09] [Admin Verify] Authentication token not found
[2026-09-02 13:53:09] [Admin Verify] Authentication token not found
[2026-09-02 13:53:09] [Admin Verify] Authentication token not found
[2026-09-02 13:53:09] [Admin Verify] Authentication token not found
[2026-09-02 13:53:09] [Admin Verify] Authentication token not found
[2026-09-02 13:53:09] [Admin Verify] Authentication token not found
[2026-09-02 13:53:09] [Admin Verify] Authentication token not found
[2026-09-02 13:53:09] [Admin Verify] Authentication token not found
[2026-09-02 13:53:09] [Admin Verify] Authentication token not found
[2026-09-02 13:53:09] [Admin Verify] Authentication token not found
[2026-09-02 13:53:09] [Admin Verify] Authentication token not found
[2026-09-02 13:53:09] [Admin Verify] Authentication token not found
[2026-09-02 13:53:09] [Admin Verify] Authentication token not found
[2026-09-02 13:53:09] [Admin Verify] Authentication token not found
[2026-09-02 13:53:09] [Admin Verify] Authentication token not found
[2026-09-02 13:53:09] [Admin Verify] Authentication token not found
[2026-09-02 13:53:09] [Admin Verify] Authentication token not found
[2026-09-02 13:53:09] [Admin Verify] Authentication token not found
[2026-09-02 13:53:09] [Admin Verify] Authentication token not found
[2026-09-02 13:53:09] [Admin Verify] Authentication token not found
[2026-09-02 13:53:09] [Admin Verify] Authentication token not found
[2026-09-02 13:53:09] [Admin Verify] Authentication token not found
[2026-09-02 13:53:09] [Admin Verify] Authentication token not found
[2026-09-02 13:53:09] [Admin Verify] Authentication token not found
[2026-09-02 13:53:09] [Admin Verify] Authentication token not found
[2026-09-02 13:53:09] [Admin Verify] Authentication token not found
[2026-09-02 13:53:09] [Admin Verify] Authentication token not found
[2026-09-02 13:53:09] [Admin Verify] Authentication token not found
[2026-09-02 13:53:09] [Admin Verify] Authentication token not found
[2026-09-02 13:53:09] [Admin Verify] Authentication token not found
[2026-09-02 13:53:09] [Admin Verify] Authentication token not found
[2026-09-02 13:53:09] [Admin Verify] Authentication token not found
[2026-09-02 13:53:09] [Admin Verify] Authentication token not found
[2026-09-02 13:53:09] [Admin Verify] Authentication token not found
[2026-09-02 13:53:09] [Admin Verify] Authentication token not found
[2026-09-02 13:53:10] [Admin Verify] Authentication token not found
[2026-09-02 13:53:10] [Admin Verify] Authentication token not found
[2026-09-02 13:53:10] [Admin Verify] Authentication token not found
[2026-09-02 13:53:10] [Admin Verify] Authentication token not found
[2026-09-02 13:53:10] [Admin Verify] Authentication token not found
[2026-09-02 13:53:10] [Admin Verify] Authentication token not found
[2026-09-02 13:53:10] [Admin Verify] Authentication token not found
[2026-09-02 13:53:10] [Admin Verify] Authentication token not found
[2026-09-02 13:53:10] [Admin Verify] Authentication token not found
[2026-09-02 13:53:10] [Admin Verify] Authentication token not found
[2026-09-02 13:53:10] [Admin Verify] Authentication token not found
[2026-09-02 13:53:10] [Admin Verify] Authentication token not found
[2026-09-02 13:53:10] [Admin Verify] Authentication token not found
[2026-09-02 13:53:10] [Admin Verify] Authentication token not found
[2026-09-02 13:53:10] [Admin Verify] Authentication token not found
[2026-09-02 13:53:10] [Admin Verify] Authentication token not found
[2026-09-02 13:53:10] [Admin Verify] Authentication token not found
[2026-09-02 13:53:10] [Admin Verify] Authentication token not found
[2026-09-02 13:53:10] [Admin Verify] Authentication token not found
[2026-09-02 13:53:10] [Admin Verify] Authentication token not found
[2026-09-02 13:53:10] [Admin Verify] Authentication token not found
[2026-09-02 13:53:10] [Admin Verify] Authentication token not found
[2026-09-02 13:53:10] [Admin Verify] Authentication token not found
[2026-09-02 13:53:10] [Admin Verify] Authentication token not found
[2026-09-02 13:53:10] [Admin Verify] Authentication token not found
[2026-09-02 13:53:10] [Admin Verify] Authentication token not found
[2026-09-02 13:53:10] [Admin Verify] Authentication token not found
[2026-09-02 13:53:10] [Admin Verify] Authentication token not found
[2026-09-02 13:53:10] [Admin Verify] Authentication token not found
[2026-09-02 13:53:10] [Admin Verify] Authentication token not found
[2026-09-02 13:53:10] [Admin Verify] Authentication token not found
[2026-09-02 13:53:10] [Admin Verify] Authentication token not found
[2026-09-02 13:53:10] [Admin Verify] Authentication token not found
[2026-09-02 13:53:10] [Admin Verify] Authentication token not found
[2026-09-02 13:53:11] [Admin Verify] Authentication token not found
[2026-09-02 13:53:11] [Admin Verify] Authentication token not found
[2026-09-02 13:53:11] [Admin Verify] Authentication token not found
[2026-09-02 13:53:11] [Admin Verify] Authentication token not found
[2026-09-02 13:53:11] [Admin Verify] Authentication token not found
[2026-09-02 13:53:11] [Admin Verify] Authentication token not found
[2026-09-02 13:53:11] [Admin Verify] Authentication token not found
[2026-09-02 13:53:11] [Admin Verify] Authentication token not found
[2026-09-02 13:53:11] [Admin Verify] Authentication token not found
[2026-09-02 13:53:11] [Admin Verify] Authentication token not found
[2026-09-02 13:53:11] [Admin Verify] Authentication token not found
[2026-09-02 13:53:11] [Admin Verify] Authentication token not found
[2026-09-02 13:53:11] [Admin Verify] Authentication token not found
[2026-09-02 13:53:11] [Admin Verify] Authentication token not found
[2026-09-02 13:53:11] [Admin Verify] Authentication token not found
[2026-09-02 13:53:11] [Admin Verify] Authentication token not found
[2026-09-02 13:53:11] [Admin Verify] Authentication token not found
[2026-09-02 13:53:11] [Admin Verify] Authentication token not found
[2026-09-02 13:53:11] [Admin Verify] Authentication token not found
[2026-09-02 13:53:11] [Admin Verify] Authentication token not found
[2026-09-02 13:53:11] [Admin Verify] Authentication token not found
[2026-09-02 13:53:11] [Admin Verify] Authentication token not found
[2026-09-02 13:53:11] [Admin Verify] Authentication token not found
[2026-09-02 13:53:11] [Admin Verify] Authentication token not found
[2026-09-02 13:53:11] [Admin Verify] Authentication token not found
[2026-09-02 13:53:11] [Admin Verify] Authentication token not found
[2026-09-02 13:53:11] [Admin Verify] Authentication token not found
[2026-09-02 13:53:11] [Admin Verify] Authentication token not found
[2026-09-02 13:53:11] [Admin Verify] Authentication token not found
[2026-09-02 13:53:11] [Admin Verify] Authentication token not found
[2026-09-02 13:53:11] [Admin Verify] Authentication token not found
[2026-09-02 13:53:11] [Admin Verify] Authentication token not found
[2026-09-02 13:53:11] [Admin Verify] Authentication token not found
[2026-09-02 13:53:11] [Admin Verify] Authentication token not found
[2026-09-02 13:53:11] [Admin Verify] Authentication token not found
[2026-09-02 13:53:11] [Admin Verify] Authentication token not found
[2026-09-02 13:53:11] [Admin Verify] Authentication token not found
[2026-09-02 13:53:11] [Admin Verify] Authentication token not found
[2026-09-02 13:53:11] [Admin Verify] Authentication token not found
[2026-09-02 13:53:11] [Admin Verify] Authentication token not found
[2026-09-02 13:53:11] [Admin Verify] Authentication token not found
[2026-09-02 13:53:11] [Admin Verify] Authentication token not found
[2026-09-02 13:53:11] [Admin Verify] Authentication token not found
[2026-09-02 13:53:12] [Admin Verify] Authentication token not found
[2026-09-02 13:53:12] [Admin Verify] Authentication token not found
[2026-09-02 13:53:12] [Admin Verify] Authentication token not found
[2026-09-02 13:53:12] [Admin Verify] Authentication token not found
[2026-09-02 13:53:12] [Admin Verify] Authentication token not found
[2026-09-02 13:53:12] [Admin Verify] Authentication token not found
[2026-09-02 13:53:12] [Admin Verify] Authentication token not found
[2026-09-02 13:53:12] [Admin Verify] Authentication token not found
[2026-09-02 13:53:12] [Admin Verify] Authentication token not found
[2026-09-02 13:53:12] [Admin Verify] Authentication token not found
[2026-09-02 13:53:12] [Admin Verify] Authentication token not found
[2026-09-02 13:53:12] [Admin Verify] Authentication token not found
[2026-09-02 13:53:12] [Admin Verify] Authentication token not found
[2026-09-02 13:53:12] [Admin Verify] Authentication token not found
[2026-09-02 13:53:12] [Admin Verify] Authentication token not found
[2026-09-02 13:53:12] [Admin Verify] Authentication token not found
[2026-09-02 13:53:12] [Admin Verify] Authentication token not found
[2026-09-02 13:53:12] [Admin Verify] Authentication token not found
[2026-09-02 13:53:12] [Admin Verify] Authentication token not found
[2026-09-02 13:53:12] [Admin Verify] Authentication token not found
[2026-09-02 13:53:12] [Admin Verify] Authentication token not found
[2026-09-02 13:53:12] [Admin Verify] Authentication token not found
[2026-09-02 13:53:12] [Admin Verify] Authentication token not found
[2026-09-02 13:53:12] [Admin Verify] Authentication token not found
[2026-09-02 13:53:12] [Admin Verify] Authentication token not found
[2026-09-02 13:53:12] [Admin Verify] Authentication token not found
[2026-09-02 13:53:12] [Admin Verify] Authentication token not found
[2026-09-02 13:53:12] [Admin Verify] Authentication token not found
[2026-09-02 13:53:12] [Admin Verify] Authentication token not found
[2026-09-02 13:53:12] [Admin Verify] Authentication token not found
[2026-09-02 13:53:12] [Admin Verify] Authentication token not found
[2026-09-02 13:53:12] [Admin Verify] Authentication token not found
[2026-09-02 13:53:12] [Admin Verify] Authentication token not found
[2026-09-02 13:53:12] [Admin Verify] Authentication token not found
[2026-09-02 13:53:12] [Admin Verify] Authentication token not found
[2026-09-02 13:53:12] [Admin Verify] Authentication token not found
[2026-09-02 13:53:12] [Admin Verify] Authentication token not found
[2026-09-02 13:53:12] [Admin Verify] Authentication token not found
[2026-09-02 13:53:12] [Admin Verify] Authentication token not found
[2026-09-02 13:53:12] [Admin Verify] Authentication token not found
[2026-09-02 13:53:12] [Admin Verify] Authentication token not found
[2026-09-02 13:53:12] [Admin Verify] Authentication token not found
[2026-09-02 13:53:12] [Admin Verify] Authentication token not found
[2026-09-02 13:53:12] [Admin Verify] Authentication token not found
[2026-09-02 13:53:12] [Admin Verify] Authentication token not found
[2026-09-02 13:53:12] [Admin Verify] Authentication token not found
[2026-09-02 13:53:12] [Admin Verify] Authentication token not found
[2026-09-02 13:53:13] [Admin Verify] Authentication token not found
[2026-09-02 13:53:13] [Admin Verify] Authentication token not found
[2026-09-02 13:53:13] [Admin Verify] Authentication token not found
[2026-09-02 13:53:13] [Admin Verify] Authentication token not found
[2026-09-02 13:53:13] [Admin Verify] Authentication token not found
[2026-09-02 13:53:13] [Admin Verify] Authentication token not found
[2026-09-02 13:53:13] [Admin Verify] Authentication token not found
[2026-09-02 13:53:13] [Admin Verify] Authentication token not found
[2026-09-02 13:53:13] [Admin Verify] Authentication token not found
[2026-09-02 13:53:13] [Admin Verify] Authentication token not found
[2026-09-02 13:53:13] [Admin Verify] Authentication token not found
[2026-09-02 13:53:13] [Admin Verify] Authentication token not found
[2026-09-02 13:53:13] [Admin Verify] Authentication token not found
[2026-09-02 13:53:13] [Admin Verify] Authentication token not found
[2026-09-02 13:53:13] [Admin Verify] Authentication token not found
[2026-09-02 13:53:13] [Admin Verify] Authentication token not found
[2026-09-02 13:53:13] [Admin Verify] Authentication token not found
[2026-09-02 13:53:13] [Admin Verify] Authentication token not found
[2026-09-02 13:53:13] [Admin Verify] Authentication token not found
[2026-09-02 13:53:13] [Admin Verify] Authentication token not found
[2026-09-02 13:53:13] [Admin Verify] Authentication token not found
[2026-09-02 13:53:13] [Admin Verify] Authentication token not found
[2026-09-02 13:53:13] [Admin Verify] Authentication token not found
[2026-09-02 13:53:13] [Admin Verify] Authentication token not found
[2026-09-02 13:53:13] [Admin Verify] Authentication token not found
[2026-09-02 13:53:13] [Admin Verify] Authentication token not found
[2026-09-02 13:53:13] [Admin Verify] Authentication token not found
[2026-09-02 13:53:13] [Admin Verify] Authentication token not found
[2026-09-02 13:53:13] [Admin Verify] Authentication token not found
[2026-09-02 13:53:13] [Admin Verify] Authentication token not found
[2026-09-02 13:53:13] [Admin Verify] Authentication token not found
[2026-09-02 13:53:13] [Admin Verify] Authentication token not found
[2026-09-02 13:53:13] [Admin Verify] Authentication token not found
[2026-09-02 13:53:13] [Admin Verify] Authentication token not found
[2026-09-02 13:53:13] [Admin Verify] Authentication token not found
[2026-09-02 13:53:13] [Admin Verify] Authentication token not found
[2026-09-02 13:53:14] [Admin Verify] Authentication token not found
[2026-09-02 13:53:14] [Admin Verify] Authentication token not found
[2026-09-02 13:53:14] [Admin Verify] Authentication token not found
[2026-09-02 13:53:14] [Admin Verify] Authentication token not found
[2026-09-02 13:53:14] [Admin Verify] Authentication token not found
[2026-09-02 13:53:14] [Admin Verify] Authentication token not found
[2026-09-02 13:53:14] [Admin Verify] Authentication token not found
[2026-09-02 13:53:14] [Admin Verify] Authentication token not found
[2026-09-02 13:53:14] [Admin Verify] Authentication token not found
[2026-09-02 13:53:14] [Admin Verify] Authentication token not found
[2026-09-02 13:53:14] [Admin Verify] Authentication token not found
[2026-09-02 13:53:14] [Admin Verify] Authentication token not found
[2026-09-02 13:53:14] [Admin Verify] Authentication token not found
[2026-09-02 13:53:14] [Admin Verify] Authentication token not found
[2026-09-02 13:53:14] [Admin Verify] Authentication token not found
[2026-09-02 13:53:14] [Admin Verify] Authentication token not found
[2026-09-02 13:53:14] [Admin Verify] Authentication token not found
[2026-09-02 13:53:14] [Admin Verify] Authentication token not found
[2026-09-02 13:53:14] [Admin Verify] Authentication token not found
[2026-09-02 13:53:14] [Admin Verify] Authentication token not found
[2026-09-02 13:53:14] [Admin Verify] Authentication token not found
[2026-09-02 13:53:14] [Admin Verify] Authentication token not found
[2026-09-02 13:53:14] [Admin Verify] Authentication token not found
[2026-09-02 13:53:14] [Admin Verify] Authentication token not found
[2026-09-02 13:53:14] [Admin Verify] Authentication token not found
[2026-09-02 13:53:14] [Admin Verify] Authentication token not found
[2026-09-02 13:53:14] [Admin Verify] Authentication token not found
[2026-09-02 13:53:14] [Admin Verify] Authentication token not found
[2026-09-02 13:53:14] [Admin Verify] Authentication token not found
[2026-09-02 13:53:14] [Admin Verify] Authentication token not found
[2026-09-02 13:53:14] [Admin Verify] Authentication token not found
[2026-09-02 13:53:14] [Admin Verify] Authentication token not found
[2026-09-02 13:53:14] [Admin Verify] Authentication token not found
[2026-09-02 13:53:14] [Admin Verify] Authentication token not found
[2026-09-02 13:53:14] [Admin Verify] Authentication token not found
[2026-09-02 13:53:14] [Admin Verify] Authentication token not found
[2026-09-02 13:53:14] [Admin Verify] Authentication token not found
[2026-09-02 13:53:14] [Admin Verify] Authentication token not found
[2026-09-02 13:53:14] [Admin Verify] Authentication token not found
[2026-09-02 13:53:14] [Admin Verify] Authentication token not found
[2026-09-02 13:53:14] [Admin Verify] Authentication token not found
[2026-09-02 13:53:14] [Admin Verify] Authentication token not found
[2026-09-02 13:53:14] [Admin Verify] Authentication token not found
[2026-09-02 13:53:14] [Admin Verify] Authentication token not found
[2026-09-02 13:53:14] [Admin Verify] Authentication token not found
[2026-09-02 13:53:14] [Admin Verify] Authentication token not found
[2026-09-02 13:53:15] [Admin Verify] Authentication token not found
[2026-09-02 13:53:15] [Admin Verify] Authentication token not found
[2026-09-02 13:53:15] [Admin Verify] Authentication token not found
[2026-09-02 13:53:15] [Admin Verify] Authentication token not found
[2026-09-02 13:53:15] [Admin Verify] Authentication token not found
[2026-09-02 13:53:15] [Admin Verify] Authentication token not found
[2026-09-02 13:53:15] [Admin Verify] Authentication token not found
[2026-09-02 13:53:15] [Admin Verify] Authentication token not found
[2026-09-02 13:53:15] [Admin Verify] Authentication token not found
[2026-09-02 13:53:15] [Admin Verify] Authentication token not found
[2026-09-02 13:53:15] [Admin Verify] Authentication token not found
[2026-09-02 13:53:15] [Admin Verify] Authentication token not found
[2026-09-02 13:53:15] [Admin Verify] Authentication token not found
[2026-09-02 13:53:15] [Admin Verify] Authentication token not found
[2026-09-02 13:53:15] [Admin Verify] Authentication token not found
[2026-09-02 13:53:15] [Admin Verify] Authentication token not found
[2026-09-02 13:53:15] [Admin Verify] Authentication token not found
[2026-09-02 13:53:15] [Admin Verify] Authentication token not found
[2026-09-02 13:53:15] [Admin Verify] Authentication token not found
[2026-09-02 13:53:15] [Admin Verify] Authentication token not found
[2026-09-02 13:53:15] [Admin Verify] Authentication token not found
[2026-09-02 13:53:15] [Admin Verify] Authentication token not found
[2026-09-02 13:53:15] [Admin Verify] Authentication token not found
[2026-09-02 13:53:15] [Admin Verify] Authentication token not found
[2026-09-02 13:53:15] [Admin Verify] Authentication token not found
[2026-09-02 13:53:15] [Admin Verify] Authentication token not found
[2026-09-02 13:53:15] [Admin Verify] Authentication token not found
[2026-09-02 13:53:15] [Admin Verify] Authentication token not found
[2026-09-02 13:53:16] [Admin Verify] Authentication token not found
[2026-09-02 13:53:16] [Admin Verify] Authentication token not found
[2026-09-02 13:53:16] [Admin Verify] Authentication token not found
[2026-09-02 13:53:16] [Admin Verify] Authentication token not found
[2026-09-02 13:53:16] [Admin Verify] Authentication token not found
[2026-09-02 13:53:16] [Admin Verify] Authentication token not found
[2026-09-02 13:53:16] [Admin Verify] Authentication token not found
[2026-09-02 13:53:16] [Admin Verify] Authentication token not found
[2026-09-02 13:53:16] [Admin Verify] Authentication token not found
[2026-09-02 13:53:16] [Admin Verify] Authentication token not found
[2026-09-02 13:53:16] [Admin Verify] Authentication token not found
[2026-09-02 13:53:16] [Admin Verify] Authentication token not found
[2026-09-02 13:53:16] [Admin Verify] Authentication token not found
[2026-09-02 13:53:16] [Admin Verify] Authentication token not found
[2026-09-02 13:53:16] [Admin Verify] Authentication token not found
[2026-09-02 13:53:16] [Admin Verify] Authentication token not found
[2026-09-02 13:53:16] [Admin Verify] Authentication token not found
[2026-09-02 13:53:16] [Admin Verify] Authentication token not found
[2026-09-02 13:53:16] [Admin Verify] Authentication token not found
[2026-09-02 13:53:16] [Admin Verify] Authentication token not found
[2026-09-02 13:53:16] [Admin Verify] Authentication token not found
[2026-09-02 13:53:16] [Admin Verify] Authentication token not found
[2026-09-02 13:53:16] [Admin Verify] Authentication token not found
[2026-09-02 13:53:16] [Admin Verify] Authentication token not found
[2026-09-02 13:53:16] [Admin Verify] Authentication token not found
[2026-09-02 13:53:16] [Admin Verify] Authentication token not found
[2026-09-02 13:53:16] [Admin Verify] Authentication token not found
[2026-09-02 13:53:16] [Admin Verify] Authentication token not found
[2026-09-02 13:53:16] [Admin Verify] Authentication token not found
[2026-09-02 13:53:16] [Admin Verify] Authentication token not found
[2026-09-02 13:53:16] [Admin Verify] Authentication token not found
[2026-09-02 13:53:16] [Admin Verify] Authentication token not found
[2026-09-02 13:53:16] [Admin Verify] Authentication token not found
[2026-09-02 13:53:16] [Admin Verify] Authentication token not found
[2026-09-02 13:53:16] [Admin Verify] Authentication token not found
[2026-09-02 13:53:16] [Admin Verify] Authentication token not found
[2026-09-02 13:53:16] [Admin Verify] Authentication token not found
[2026-09-02 13:53:16] [Admin Verify] Authentication token not found
[2026-09-02 13:53:16] [Admin Verify] Authentication token not found
[2026-09-02 13:53:16] [Admin Verify] Authentication token not found
[2026-09-02 13:53:17] [Admin Verify] Authentication token not found
[2026-09-02 13:53:17] [Admin Verify] Authentication token not found
[2026-09-02 13:53:17] [Admin Verify] Authentication token not found
[2026-09-02 13:53:17] [Admin Verify] Authentication token not found
[2026-09-02 13:53:17] [Admin Verify] Authentication token not found
[2026-09-02 13:53:17] [Admin Verify] Authentication token not found
[2026-09-02 13:53:17] [Admin Verify] Authentication token not found
[2026-09-02 13:53:17] [Admin Verify] Authentication token not found
[2026-09-02 13:53:17] [Admin Verify] Authentication token not found
[2026-09-02 13:53:17] [Admin Verify] Authentication token not found
[2026-09-02 13:53:17] [Admin Verify] Authentication token not found
[2026-09-02 13:53:17] [Admin Verify] Authentication token not found
[2026-09-02 13:53:17] [Admin Verify] Authentication token not found
[2026-09-02 13:53:17] [Admin Verify] Authentication token not found
[2026-09-02 13:53:17] [Admin Verify] Authentication token not found
[2026-09-02 13:53:17] [Admin Verify] Authentication token not found
[2026-09-02 13:53:17] [Admin Verify] Authentication token not found
[2026-09-02 13:53:17] [Admin Verify] Authentication token not found
[2026-09-02 13:53:17] [Admin Verify] Authentication token not found
[2026-09-02 13:53:17] [Admin Verify] Authentication token not found
[2026-09-02 13:53:17] [Admin Verify] Authentication token not found
[2026-09-02 13:53:17] [Admin Verify] Authentication token not found
[2026-09-02 13:53:17] [Admin Verify] Authentication token not found
[2026-09-02 13:53:17] [Admin Verify] Authentication token not found
[2026-09-02 13:53:17] [Admin Verify] Authentication token not found
[2026-09-02 13:53:17] [Admin Verify] Authentication token not found
[2026-09-02 13:53:17] [Admin Verify] Authentication token not found
[2026-09-02 13:53:17] [Admin Verify] Authentication token not found
[2026-09-02 13:53:17] [Admin Verify] Authentication token not found
[2026-09-02 13:53:17] [Admin Verify] Authentication token not found
[2026-09-02 13:53:17] [Admin Verify] Authentication token not found
[2026-09-02 13:53:18] [Admin Verify] Authentication token not found
[2026-09-02 13:53:18] [Admin Verify] Authentication token not found
[2026-09-02 13:53:18] [Admin Verify] Authentication token not found
[2026-09-02 13:53:18] [Admin Verify] Authentication token not found
[2026-09-02 13:53:18] [Admin Verify] Authentication token not found
[2026-09-02 13:53:18] [Admin Verify] Authentication token not found
[2026-09-02 13:53:18] [Admin Verify] Authentication token not found
[2026-09-02 13:53:18] [Admin Verify] Authentication token not found
[2026-09-02 13:53:18] [Admin Verify] Authentication token not found
[2026-09-02 13:53:18] [Admin Verify] Authentication token not found
[2026-09-02 13:53:18] [Admin Verify] Authentication token not found
[2026-09-02 13:53:18] [Admin Verify] Authentication token not found
[2026-09-02 13:53:18] [Admin Verify] Authentication token not found
[2026-09-02 13:53:18] [Admin Verify] Authentication token not found
[2026-09-02 13:53:18] [Admin Verify] Authentication token not found
[2026-09-02 13:53:18] [Admin Verify] Authentication token not found
[2026-09-02 13:53:18] [Admin Verify] Authentication token not found
[2026-09-02 13:53:18] [Admin Verify] Authentication token not found
[2026-09-02 13:53:18] [Admin Verify] Authentication token not found
[2026-09-02 13:53:18] [Admin Verify] Authentication token not found
[2026-09-02 13:53:18] [Admin Verify] Authentication token not found
[2026-09-02 13:53:18] [Admin Verify] Authentication token not found
[2026-09-02 13:53:18] [Admin Verify] Authentication token not found
[2026-09-02 13:53:18] [Admin Verify] Authentication token not found
[2026-09-02 13:53:18] [Admin Verify] Authentication token not found
[2026-09-02 13:53:18] [Admin Verify] Authentication token not found
[2026-09-02 13:53:18] [Admin Verify] Authentication token not found
[2026-09-02 13:53:18] [Admin Verify] Authentication token not found
[2026-09-02 13:53:18] [Admin Verify] Authentication token not found
[2026-09-02 13:53:18] [Admin Verify] Authentication token not found
[2026-09-02 13:53:18] [Admin Verify] Authentication token not found
[2026-09-02 13:53:18] [Admin Verify] Authentication token not found
[2026-09-02 13:53:18] [Admin Verify] Authentication token not found
[2026-09-02 13:53:18] [Admin Verify] Authentication token not found
[2026-09-02 13:53:18] [Admin Verify] Authentication token not found
[2026-09-02 13:53:18] [Admin Verify] Authentication token not found
[2026-09-02 13:53:18] [Admin Verify] Authentication token not found
[2026-09-02 13:53:18] [Admin Verify] Authentication token not found
[2026-09-02 13:53:18] [Admin Verify] Authentication token not found
[2026-09-02 13:53:18] [Admin Verify] Authentication token not found
[2026-09-02 13:53:18] [Admin Verify] Authentication token not found
[2026-09-02 13:53:18] [Admin Verify] Authentication token not found
[2026-09-02 13:53:18] [Admin Verify] Authentication token not found
[2026-09-02 13:53:18] [Admin Verify] Authentication token not found
[2026-09-02 13:53:18] [Admin Verify] Authentication token not found
[2026-09-02 13:53:18] [Admin Verify] Authentication token not found
[2026-09-02 13:53:18] [Admin Verify] Authentication token not found
[2026-09-02 13:53:19] [Admin Verify] Authentication token not found
[2026-09-02 13:53:19] [Admin Verify] Authentication token not found
[2026-09-02 13:53:19] [Admin Verify] Authentication token not found
[2026-09-02 13:53:19] [Admin Verify] Authentication token not found
[2026-09-02 13:53:19] [Admin Verify] Authentication token not found
[2026-09-02 13:53:19] [Admin Verify] Authentication token not found
[2026-09-02 13:53:19] [Admin Verify] Authentication token not found
[2026-09-02 13:53:19] [Admin Verify] Authentication token not found
[2026-09-02 13:53:19] [Admin Verify] Authentication token not found
[2026-09-02 13:53:19] [Admin Verify] Authentication token not found
[2026-09-02 13:53:19] [Admin Verify] Authentication token not found
[2026-09-02 13:53:19] [Admin Verify] Authentication token not found
[2026-09-02 13:53:19] [Admin Verify] Authentication token not found
[2026-09-02 13:53:19] [Admin Verify] Authentication token not found
[2026-09-02 13:53:19] [Admin Verify] Authentication token not found
[2026-09-02 13:53:19] [Admin Verify] Authentication token not found
[2026-09-02 13:53:19] [Admin Verify] Authentication token not found
[2026-09-02 13:53:19] [Admin Verify] Authentication token not found
[2026-09-02 13:53:19] [Admin Verify] Authentication token not found
[2026-09-02 13:53:19] [Admin Verify] Authentication token not found
[2026-09-02 13:53:19] [Admin Verify] Authentication token not found
[2026-09-02 13:53:19] [Admin Verify] Authentication token not found
[2026-09-02 13:53:19] [Admin Verify] Authentication token not found
[2026-09-02 13:53:19] [Admin Verify] Authentication token not found
[2026-09-02 13:53:19] [Admin Verify] Authentication token not found
[2026-09-02 13:53:19] [Admin Verify] Authentication token not found
[2026-09-02 13:53:19] [Admin Verify] Authentication token not found
[2026-09-02 13:53:19] [Admin Verify] Authentication token not found
[2026-09-02 13:53:19] [Admin Verify] Authentication token not found
[2026-09-02 13:53:19] [Admin Verify] Authentication token not found
[2026-09-02 13:53:19] [Admin Verify] Authentication token not found
[2026-09-02 13:53:19] [Admin Verify] Authentication token not found
[2026-09-02 13:53:19] [Admin Verify] Authentication token not found
[2026-09-02 13:53:19] [Admin Verify] Authentication token not found
[2026-09-02 13:53:19] [Admin Verify] Authentication token not found
[2026-09-02 13:53:19] [Admin Verify] Authentication token not found
[2026-09-02 13:53:19] [Admin Verify] Authentication token not found
[2026-09-02 13:53:19] [Admin Verify] Authentication token not found
[2026-09-02 13:53:20] [Admin Verify] Authentication token not found
[2026-09-02 13:53:20] [Admin Verify] Authentication token not found
[2026-09-02 13:53:20] [Admin Verify] Authentication token not found
[2026-09-02 13:53:20] [Admin Verify] Authentication token not found
[2026-09-02 13:53:20] [Admin Verify] Authentication token not found
[2026-09-02 13:53:20] [Admin Verify] Authentication token not found
[2026-09-02 13:53:20] [Admin Verify] Authentication token not found
[2026-09-02 13:53:20] [Admin Verify] Authentication token not found
[2026-09-02 13:53:20] [Admin Verify] Authentication token not found
[2026-09-02 13:53:20] [Admin Verify] Authentication token not found
[2026-09-02 13:53:20] [Admin Verify] Authentication token not found
[2026-09-02 13:53:20] [Admin Verify] Authentication token not found
[2026-09-02 13:53:20] [Admin Verify] Authentication token not found
[2026-09-02 13:53:20] [Admin Verify] Authentication token not found
[2026-09-02 13:53:20] [Admin Verify] Authentication token not found
[2026-09-02 13:53:20] [Admin Verify] Authentication token not found
[2026-09-02 13:53:20] [Admin Verify] Authentication token not found
[2026-09-02 13:53:20] [Admin Verify] Authentication token not found
[2026-09-02 13:53:20] [Admin Verify] Authentication token not found
[2026-09-02 13:53:20] [Admin Verify] Authentication token not found
[2026-09-02 13:53:20] [Admin Verify] Authentication token not found
[2026-09-02 13:53:20] [Admin Verify] Authentication token not found
[2026-09-02 13:53:20] [Admin Verify] Authentication token not found
[2026-09-02 13:53:20] [Admin Verify] Authentication token not found
[2026-09-02 13:53:20] [Admin Verify] Authentication token not found
[2026-09-02 13:53:20] [Admin Verify] Authentication token not found
[2026-09-02 13:53:20] [Admin Verify] Authentication token not found
[2026-09-02 13:53:20] [Admin Verify] Authentication token not found
[2026-09-02 13:53:20] [Admin Verify] Authentication token not found
[2026-09-02 13:53:20] [Admin Verify] Authentication token not found
[2026-09-02 13:53:20] [Admin Verify] Authentication token not found
[2026-09-02 13:53:20] [Admin Verify] Authentication token not found
[2026-09-02 13:53:20] [Admin Verify] Authentication token not found
[2026-09-02 13:53:20] [Admin Verify] Authentication token not found
[2026-09-02 13:53:20] [Admin Verify] Authentication token not found
[2026-09-02 13:53:20] [Admin Verify] Authentication token not found
[2026-09-02 13:53:20] [Admin Verify] Authentication token not found
[2026-09-02 13:53:20] [Admin Verify] Authentication token not found
[2026-09-02 13:53:20] [Admin Verify] Authentication token not found
[2026-09-02 13:53:20] [Admin Verify] Authentication token not found
[2026-09-02 13:53:20] [Admin Verify] Authentication token not found
[2026-09-02 13:53:20] [Admin Verify] Authentication token not found
[2026-09-02 13:53:21] [Admin Verify] Authentication token not found
[2026-09-02 13:53:21] [Admin Verify] Authentication token not found
[2026-09-02 13:53:21] [Admin Verify] Authentication token not found
[2026-09-02 13:53:21] [Admin Verify] Authentication token not found
[2026-09-02 13:53:21] [Admin Verify] Authentication token not found
[2026-09-02 13:53:21] [Admin Verify] Authentication token not found
[2026-09-02 13:53:21] [Admin Verify] Authentication token not found
[2026-09-02 13:53:21] [Admin Verify] Authentication token not found
[2026-09-02 13:53:21] [Admin Verify] Authentication token not found
[2026-09-02 13:53:21] [Admin Verify] Authentication token not found
[2026-09-02 13:53:21] [Admin Verify] Authentication token not found
[2026-09-02 13:53:21] [Admin Verify] Authentication token not found
[2026-09-02 13:53:21] [Admin Verify] Authentication token not found
[2026-09-02 13:53:21] [Admin Verify] Authentication token not found
[2026-09-02 13:53:21] [Admin Verify] Authentication token not found
[2026-09-02 13:53:21] [Admin Verify] Authentication token not found
[2026-09-02 13:53:21] [Admin Verify] Authentication token not found
[2026-09-02 13:53:21] [Admin Verify] Authentication token not found
[2026-09-02 13:53:21] [Admin Verify] Authentication token not found
[2026-09-02 13:53:21] [Admin Verify] Authentication token not found
[2026-09-02 13:53:21] [Admin Verify] Authentication token not found
[2026-09-02 13:53:21] [Admin Verify] Authentication token not found
[2026-09-02 13:53:21] [Admin Verify] Authentication token not found
[2026-09-02 13:53:21] [Admin Verify] Authentication token not found
[2026-09-02 13:53:21] [Admin Verify] Authentication token not found
[2026-09-02 13:53:21] [Admin Verify] Authentication token not found
[2026-09-02 13:53:21] [Admin Verify] Authentication token not found
[2026-09-02 13:53:21] [Admin Verify] Authentication token not found
[2026-09-02 13:53:21] [Admin Verify] Authentication token not found
[2026-09-02 13:53:21] [Admin Verify] Authentication token not found
[2026-09-02 13:53:21] [Admin Verify] Authentication token not found
[2026-09-02 13:53:21] [Admin Verify] Authentication token not found
[2026-09-02 13:53:21] [Admin Verify] Authentication token not found
[2026-09-02 13:53:21] [Admin Verify] Authentication token not found
[2026-09-02 13:53:21] [Admin Verify] Authentication token not found
[2026-09-02 13:53:21] [Admin Verify] Authentication token not found
[2026-09-02 13:53:21] [Admin Verify] Authentication token not found
[2026-09-02 13:53:21] [Admin Verify] Authentication token not found
[2026-09-02 13:53:21] [Admin Verify] Authentication token not found
[2026-09-02 13:53:21] [Admin Verify] Authentication token not found
[2026-09-02 13:53:21] [Admin Verify] Authentication token not found
[2026-09-02 13:53:21] [Admin Verify] Authentication token not found
[2026-09-02 13:53:21] [Admin Verify] Authentication token not found
[2026-09-02 13:53:21] [Admin Verify] Authentication token not found
[2026-09-02 13:53:22] [Admin Verify] Authentication token not found
[2026-09-02 13:53:22] [Admin Verify] Authentication token not found
[2026-09-02 13:53:22] [Admin Verify] Authentication token not found
[2026-09-02 13:53:22] [Admin Verify] Authentication token not found
[2026-09-02 13:53:22] [Admin Verify] Authentication token not found
[2026-09-02 13:53:22] [Admin Verify] Authentication token not found
[2026-09-02 13:53:22] [Admin Verify] Authentication token not found
[2026-09-02 13:53:22] [Admin Verify] Authentication token not found
[2026-09-02 13:53:22] [Admin Verify] Authentication token not found
[2026-09-02 13:53:22] [Admin Verify] Authentication token not found
[2026-09-02 13:53:22] [Admin Verify] Authentication token not found
[2026-09-02 13:53:22] [Admin Verify] Authentication token not found
[2026-09-02 13:53:22] [Admin Verify] Authentication token not found
[2026-09-02 13:53:22] [Admin Verify] Authentication token not found
[2026-09-02 13:53:22] [Admin Verify] Authentication token not found
[2026-09-02 13:53:22] [Admin Verify] Authentication token not found
[2026-09-02 13:53:22] [Admin Verify] Authentication token not found
[2026-09-02 13:53:22] [Admin Verify] Authentication token not found
[2026-09-02 13:53:22] [Admin Verify] Authentication token not found
[2026-09-02 13:53:22] [Admin Verify] Authentication token not found
[2026-09-02 13:53:22] [Admin Verify] Authentication token not found
[2026-09-02 13:53:22] [Admin Verify] Authentication token not found
[2026-09-02 13:53:22] [Admin Verify] Authentication token not found
[2026-09-02 13:53:22] [Admin Verify] Authentication token not found
[2026-09-02 13:53:22] [Admin Verify] Authentication token not found
[2026-09-02 13:53:22] [Admin Verify] Authentication token not found
[2026-09-02 13:53:22] [Admin Verify] Authentication token not found
[2026-09-02 13:53:22] [Admin Verify] Authentication token not found
[2026-09-02 13:53:22] [Admin Verify] Authentication token not found
[2026-09-02 13:53:22] [Admin Verify] Authentication token not found
[2026-09-02 13:53:22] [Admin Verify] Authentication token not found
[2026-09-02 13:53:22] [Admin Verify] Authentication token not found
[2026-09-02 13:53:22] [Admin Verify] Authentication token not found
[2026-09-02 13:53:22] [Admin Verify] Authentication token not found
[2026-09-02 13:53:22] [Admin Verify] Authentication token not found
[2026-09-02 13:53:22] [Admin Verify] Authentication token not found
[2026-09-02 13:53:22] [Admin Verify] Authentication token not found
[2026-09-02 13:53:22] [Admin Verify] Authentication token not found
[2026-09-02 13:53:22] [Admin Verify] Authentication token not found
[2026-09-02 13:53:22] [Admin Verify] Authentication token not found
[2026-09-02 13:53:22] [Admin Verify] Authentication token not found
[2026-09-02 13:53:22] [Admin Verify] Authentication token not found
[2026-09-02 13:53:22] [Admin Verify] Authentication token not found
[2026-09-02 13:53:22] [Admin Verify] Authentication token not found
[2026-09-02 13:53:22] [Admin Verify] Authentication token not found
[2026-09-02 13:53:22] [Admin Verify] Authentication token not found
[2026-09-02 13:53:22] [Admin Verify] Authentication token not found
[2026-09-02 13:53:23] [Admin Verify] Authentication token not found
[2026-09-02 13:53:23] [Admin Verify] Authentication token not found
[2026-09-02 13:53:23] [Admin Verify] Authentication token not found
[2026-09-02 13:53:23] [Admin Verify] Authentication token not found
[2026-09-02 13:53:23] [Admin Verify] Authentication token not found
[2026-09-02 13:53:23] [Admin Verify] Authentication token not found
[2026-09-02 13:53:23] [Admin Verify] Authentication token not found
[2026-09-02 13:53:23] [Admin Verify] Authentication token not found
[2026-09-02 13:53:23] [Admin Verify] Authentication token not found
[2026-09-02 13:53:23] [Admin Verify] Authentication token not found
[2026-09-02 13:53:23] [Admin Verify] Authentication token not found
[2026-09-02 13:53:23] [Admin Verify] Authentication token not found
[2026-09-02 13:53:23] [Admin Verify] Authentication token not found
[2026-09-02 13:53:23] [Admin Verify] Authentication token not found
[2026-09-02 13:53:23] [Admin Verify] Authentication token not found
[2026-09-02 13:53:23] [Admin Verify] Authentication token not found
[2026-09-02 13:53:23] [Admin Verify] Authentication token not found
[2026-09-02 13:53:23] [Admin Verify] Authentication token not found
[2026-09-02 13:53:23] [Admin Verify] Authentication token not found
[2026-09-02 13:53:23] [Admin Verify] Authentication token not found
[2026-09-02 13:53:23] [Admin Verify] Authentication token not found
[2026-09-02 13:53:23] [Admin Verify] Authentication token not found
[2026-09-02 13:53:23] [Admin Verify] Authentication token not found
[2026-09-02 13:53:23] [Admin Verify] Authentication token not found
[2026-09-02 13:53:23] [Admin Verify] Authentication token not found
[2026-09-02 13:53:23] [Admin Verify] Authentication token not found
[2026-09-02 13:53:23] [Admin Verify] Authentication token not found
[2026-09-02 13:53:23] [Admin Verify] Authentication token not found
[2026-09-02 13:53:23] [Admin Verify] Authentication token not found
[2026-09-02 13:53:23] [Admin Verify] Authentication token not found
[2026-09-02 13:53:23] [Admin Verify] Authentication token not found
[2026-09-02 13:53:23] [Admin Verify] Authentication token not found
[2026-09-02 13:53:23] [Admin Verify] Authentication token not found
[2026-09-02 13:53:23] [Admin Verify] Authentication token not found
[2026-09-02 13:53:23] [Admin Verify] Authentication token not found
[2026-09-02 13:53:23] [Admin Verify] Authentication token not found
[2026-09-02 13:53:23] [Admin Verify] Authentication token not found
[2026-09-02 13:53:23] [Admin Verify] Authentication token not found
[2026-09-02 13:53:23] [Admin Verify] Authentication token not found
[2026-09-02 13:53:23] [Admin Verify] Authentication token not found
[2026-09-02 13:53:24] [Admin Verify] Authentication token not found
[2026-09-02 13:53:24] [Admin Verify] Authentication token not found
[2026-09-02 13:53:24] [Admin Verify] Authentication token not found
[2026-09-02 13:53:24] [Admin Verify] Authentication token not found
[2026-09-02 13:53:24] [Admin Verify] Authentication token not found
[2026-09-02 13:53:24] [Admin Verify] Authentication token not found
[2026-09-02 13:53:24] [Admin Verify] Authentication token not found
[2026-09-02 13:53:24] [Admin Verify] Authentication token not found
[2026-09-02 13:53:24] [Admin Verify] Authentication token not found
[2026-09-02 13:53:24] [Admin Verify] Authentication token not found
[2026-09-02 13:53:24] [Admin Verify] Authentication token not found
[2026-09-02 13:53:24] [Admin Verify] Authentication token not found
[2026-09-02 13:53:24] [Admin Verify] Authentication token not found
[2026-09-02 13:53:24] [Admin Verify] Authentication token not found
[2026-09-02 13:53:24] [Admin Verify] Authentication token not found
[2026-09-02 13:53:24] [Admin Verify] Authentication token not found
[2026-09-02 13:53:24] [Admin Verify] Authentication token not found
[2026-09-02 13:53:24] [Admin Verify] Authentication token not found
[2026-09-02 13:53:24] [Admin Verify] Authentication token not found
[2026-09-02 13:53:24] [Admin Verify] Authentication token not found
[2026-09-02 13:53:24] [Admin Verify] Authentication token not found
[2026-09-02 13:53:24] [Admin Verify] Authentication token not found
[2026-09-02 13:53:24] [Admin Verify] Authentication token not found
[2026-09-02 13:53:24] [Admin Verify] Authentication token not found
[2026-09-02 13:53:24] [Admin Verify] Authentication token not found
[2026-09-02 13:53:24] [Admin Verify] Authentication token not found
[2026-09-02 13:53:24] [Admin Verify] Authentication token not found
[2026-09-02 13:53:24] [Admin Verify] Authentication token not found
[2026-09-02 13:53:24] [Admin Verify] Authentication token not found
[2026-09-02 13:53:24] [Admin Verify] Authentication token not found
[2026-09-02 13:53:24] [Admin Verify] Authentication token not found
[2026-09-02 13:53:24] [Admin Verify] Authentication token not found
[2026-09-02 13:53:24] [Admin Verify] Authentication token not found
[2026-09-02 13:53:24] [Admin Verify] Authentication token not found
[2026-09-02 13:53:25] [Admin Verify] Authentication token not found
[2026-09-02 13:53:25] [Admin Verify] Authentication token not found
[2026-09-02 13:53:25] [Admin Verify] Authentication token not found
[2026-09-02 13:53:25] [Admin Verify] Authentication token not found
[2026-09-02 13:53:25] [Admin Verify] Authentication token not found
[2026-09-02 13:53:25] [Admin Verify] Authentication token not found
[2026-09-02 13:53:25] [Admin Verify] Authentication token not found
[2026-09-02 13:53:25] [Admin Verify] Authentication token not found
[2026-09-02 13:53:25] [Admin Verify] Authentication token not found
[2026-09-02 13:53:25] [Admin Verify] Authentication token not found
[2026-09-02 13:53:25] [Admin Verify] Authentication token not found
[2026-09-02 13:53:25] [Admin Verify] Authentication token not found
[2026-09-02 13:53:25] [Admin Verify] Authentication token not found
[2026-09-02 13:53:25] [Admin Verify] Authentication token not found
[2026-09-02 13:53:25] [Admin Verify] Authentication token not found
[2026-09-02 13:53:25] [Admin Verify] Authentication token not found
[2026-09-02 13:53:25] [Admin Verify] Authentication token not found
[2026-09-02 13:53:25] [Admin Verify] Authentication token not found
[2026-09-02 13:53:25] [Admin Verify] Authentication token not found
[2026-09-02 13:53:25] [Admin Verify] Authentication token not found
[2026-09-02 13:53:25] [Admin Verify] Authentication token not found
[2026-09-02 13:53:25] [Admin Verify] Authentication token not found
[2026-09-02 13:53:25] [Admin Verify] Authentication token not found
[2026-09-02 13:53:25] [Admin Verify] Authentication token not found
[2026-09-02 13:53:25] [Admin Verify] Authentication token not found
[2026-09-02 13:53:25] [Admin Verify] Authentication token not found
[2026-09-02 13:53:25] [Admin Verify] Authentication token not found
[2026-09-02 13:53:25] [Admin Verify] Authentication token not found
[2026-09-02 13:53:25] [Admin Verify] Authentication token not found
[2026-09-02 13:53:25] [Admin Verify] Authentication token not found
[2026-09-02 13:53:25] [Admin Verify] Authentication token not found
[2026-09-02 13:53:25] [Admin Verify] Authentication token not found
[2026-09-02 13:53:25] [Admin Verify] Authentication token not found
[2026-09-02 13:53:25] [Admin Verify] Authentication token not found
[2026-09-02 13:53:26] [Admin Verify] Authentication token not found
[2026-09-02 13:53:26] [Admin Verify] Authentication token not found
[2026-09-02 13:53:26] [Admin Verify] Authentication token not found
[2026-09-02 13:53:26] [Admin Verify] Authentication token not found
[2026-09-02 13:53:26] [Admin Verify] Authentication token not found
[2026-09-02 13:53:26] [Admin Verify] Authentication token not found
[2026-09-02 13:53:26] [Admin Verify] Authentication token not found
[2026-09-02 13:53:26] [Admin Verify] Authentication token not found
[2026-09-02 13:53:26] [Admin Verify] Authentication token not found
[2026-09-02 13:53:26] [Admin Verify] Authentication token not found
[2026-09-02 13:53:26] [Admin Verify] Authentication token not found
[2026-09-02 13:53:26] [Admin Verify] Authentication token not found
[2026-09-02 13:53:26] [Admin Verify] Authentication token not found
[2026-09-02 13:53:26] [Admin Verify] Authentication token not found
[2026-09-02 13:53:26] [Admin Verify] Authentication token not found
[2026-09-02 13:53:26] [Admin Verify] Authentication token not found
[2026-09-02 13:53:26] [Admin Verify] Authentication token not found
[2026-09-02 13:53:26] [Admin Verify] Authentication token not found
[2026-09-02 13:53:26] [Admin Verify] Authentication token not found
[2026-09-02 13:53:26] [Admin Verify] Authentication token not found
[2026-09-02 13:53:26] [Admin Verify] Authentication token not found
[2026-09-02 13:53:26] [Admin Verify] Authentication token not found
[2026-09-02 13:53:26] [Admin Verify] Authentication token not found
[2026-09-02 13:53:26] [Admin Verify] Authentication token not found
[2026-09-02 13:53:26] [Admin Verify] Authentication token not found
[2026-09-02 13:53:26] [Admin Verify] Authentication token not found
[2026-09-02 13:53:26] [Admin Verify] Authentication token not found
[2026-09-02 13:53:26] [Admin Verify] Authentication token not found
[2026-09-02 13:53:26] [Admin Verify] Authentication token not found
[2026-09-02 13:53:26] [Admin Verify] Authentication token not found
[2026-09-02 13:53:26] [Admin Verify] Authentication token not found
[2026-09-02 13:53:26] [Admin Verify] Authentication token not found
[2026-09-02 13:53:26] [Admin Verify] Authentication token not found
[2026-09-02 13:53:26] [Admin Verify] Authentication token not found
[2026-09-02 13:53:26] [Admin Verify] Authentication token not found
[2026-09-02 13:53:26] [Admin Verify] Authentication token not found
[2026-09-02 13:53:26] [Admin Verify] Authentication token not found
[2026-09-02 13:53:26] [Admin Verify] Authentication token not found
[2026-09-02 13:53:26] [Admin Verify] Authentication token not found
[2026-09-02 13:53:26] [Admin Verify] Authentication token not found
[2026-09-02 13:53:26] [Admin Verify] Authentication token not found
[2026-09-02 13:53:26] [Admin Verify] Authentication token not found
[2026-09-02 13:53:26] [Admin Verify] Authentication token not found
[2026-09-02 13:53:26] [Admin Verify] Authentication token not found
[2026-09-02 13:53:26] [Admin Verify] Authentication token not found
[2026-09-02 13:53:27] [Admin Verify] Authentication token not found
[2026-09-02 13:53:27] [Admin Verify] Authentication token not found
[2026-09-02 13:53:27] [Admin Verify] Authentication token not found
[2026-09-02 13:53:27] [Admin Verify] Authentication token not found
[2026-09-02 13:53:27] [Admin Verify] Authentication token not found
[2026-09-02 13:53:27] [Admin Verify] Authentication token not found
[2026-09-02 13:53:27] [Admin Verify] Authentication token not found
[2026-09-02 13:53:27] [Admin Verify] Authentication token not found
[2026-09-02 13:53:27] [Admin Verify] Authentication token not found
[2026-09-02 13:53:27] [Admin Verify] Authentication token not found
[2026-09-02 13:53:27] [Admin Verify] Authentication token not found
[2026-09-02 13:53:27] [Admin Verify] Authentication token not found
[2026-09-02 13:53:27] [Admin Verify] Authentication token not found
[2026-09-02 13:53:27] [Admin Verify] Authentication token not found
[2026-09-02 13:53:27] [Admin Verify] Authentication token not found
[2026-09-02 13:53:27] [Admin Verify] Authentication token not found
[2026-09-02 13:53:27] [Admin Verify] Authentication token not found
[2026-09-02 13:53:27] [Admin Verify] Authentication token not found
[2026-09-02 13:53:27] [Admin Verify] Authentication token not found
[2026-09-02 13:53:27] [Admin Verify] Authentication token not found
[2026-09-02 13:53:27] [Admin Verify] Authentication token not found
[2026-09-02 13:53:27] [Admin Verify] Authentication token not found
[2026-09-02 13:53:27] [Admin Verify] Authentication token not found
[2026-09-02 13:53:27] [Admin Verify] Authentication token not found
[2026-09-02 13:53:27] [Admin Verify] Authentication token not found
[2026-09-02 13:53:27] [Admin Verify] Authentication token not found
[2026-09-02 13:53:27] [Admin Verify] Authentication token not found
[2026-09-02 13:53:27] [Admin Verify] Authentication token not found
[2026-09-02 13:53:27] [Admin Verify] Authentication token not found
[2026-09-02 13:53:27] [Admin Verify] Authentication token not found
[2026-09-02 13:53:27] [Admin Verify] Authentication token not found
[2026-09-02 13:53:27] [Admin Verify] Authentication token not found
[2026-09-02 13:53:27] [Admin Verify] Authentication token not found
[2026-09-02 13:53:27] [Admin Verify] Authentication token not found
[2026-09-02 13:53:27] [Admin Verify] Authentication token not found
[2026-09-02 13:53:27] [Admin Verify] Authentication token not found
[2026-09-02 13:53:27] [Admin Verify] Authentication token not found
[2026-09-02 13:53:27] [Admin Verify] Authentication token not found
[2026-09-02 13:53:27] [Admin Verify] Authentication token not found
[2026-09-02 13:53:27] [Admin Verify] Authentication token not found
[2026-09-02 13:53:27] [Admin Verify] Authentication token not found
[2026-09-02 13:53:27] [Admin Verify] Authentication token not found
[2026-09-02 13:53:27] [Admin Verify] Authentication token not found
[2026-09-02 13:53:27] [Admin Verify] Authentication token not found
[2026-09-02 13:53:27] [Admin Verify] Authentication token not found
[2026-09-02 13:53:27] [Admin Verify] Authentication token not found
[2026-09-02 13:53:27] [Admin Verify] Authentication token not found
[2026-09-02 13:53:27] [Admin Verify] Authentication token not found
[2026-09-02 13:53:27] [Admin Verify] Authentication token not found
[2026-09-02 13:53:28] [Admin Verify] Authentication token not found
[2026-09-02 13:53:28] [Admin Verify] Authentication token not found
[2026-09-02 13:53:28] [Admin Verify] Authentication token not found
[2026-09-02 13:53:28] [Admin Verify] Authentication token not found
[2026-09-02 13:53:28] [Admin Verify] Authentication token not found
[2026-09-02 13:53:28] [Admin Verify] Authentication token not found
[2026-09-02 13:53:28] [Admin Verify] Authentication token not found
[2026-09-02 13:53:28] [Admin Verify] Authentication token not found
[2026-09-02 13:53:28] [Admin Verify] Authentication token not found
[2026-09-02 13:53:28] [Admin Verify] Authentication token not found
[2026-09-02 13:53:28] [Admin Verify] Authentication token not found
[2026-09-02 13:53:28] [Admin Verify] Authentication token not found
[2026-09-02 13:53:28] [Admin Verify] Authentication token not found
[2026-09-02 13:53:28] [Admin Verify] Authentication token not found
[2026-09-02 13:53:28] [Admin Verify] Authentication token not found
[2026-09-02 13:53:28] [Admin Verify] Authentication token not found
[2026-09-02 13:53:28] [Admin Verify] Authentication token not found
[2026-09-02 13:53:28] [Admin Verify] Authentication token not found
[2026-09-02 13:53:28] [Admin Verify] Authentication token not found
[2026-09-02 13:53:28] [Admin Verify] Authentication token not found
[2026-09-02 13:53:28] [Admin Verify] Authentication token not found
[2026-09-02 13:53:28] [Admin Verify] Authentication token not found
[2026-09-02 13:53:28] [Admin Verify] Authentication token not found
[2026-09-02 13:53:28] [Admin Verify] Authentication token not found
[2026-09-02 13:53:28] [Admin Verify] Authentication token not found
[2026-09-02 13:53:28] [Admin Verify] Authentication token not found
[2026-09-02 13:53:28] [Admin Verify] Authentication token not found
[2026-09-02 13:53:28] [Admin Verify] Authentication token not found
[2026-09-02 13:53:28] [Admin Verify] Authentication token not found
[2026-09-02 13:53:28] [Admin Verify] Authentication token not found
[2026-09-02 13:53:28] [Admin Verify] Authentication token not found
[2026-09-02 13:53:28] [Admin Verify] Authentication token not found
[2026-09-02 13:53:28] [Admin Verify] Authentication token not found
[2026-09-02 13:53:28] [Admin Verify] Authentication token not found
[2026-09-02 13:53:28] [Admin Verify] Authentication token not found
[2026-09-02 13:53:28] [Admin Verify] Authentication token not found
[2026-09-02 13:53:28] [Admin Verify] Authentication token not found
[2026-09-02 13:53:28] [Admin Verify] Authentication token not found
[2026-09-02 13:53:29] [Admin Verify] Authentication token not found
[2026-09-02 13:53:29] [Admin Verify] Authentication token not found
[2026-09-02 13:53:29] [Admin Verify] Authentication token not found
[2026-09-02 13:53:29] [Admin Verify] Authentication token not found
[2026-09-02 13:53:29] [Admin Verify] Authentication token not found
[2026-09-02 13:53:29] [Admin Verify] Authentication token not found
[2026-09-02 13:53:29] [Admin Verify] Authentication token not found
[2026-09-02 13:53:29] [Admin Verify] Authentication token not found
[2026-09-02 13:53:29] [Admin Verify] Authentication token not found
[2026-09-02 13:53:29] [Admin Verify] Authentication token not found
[2026-09-02 13:53:29] [Admin Verify] Authentication token not found
[2026-09-02 13:53:29] [Admin Verify] Authentication token not found
[2026-09-02 13:53:29] [Admin Verify] Authentication token not found
[2026-09-02 13:53:29] [Admin Verify] Authentication token not found
[2026-09-02 13:53:29] [Admin Verify] Authentication token not found
[2026-09-02 13:53:29] [Admin Verify] Authentication token not found
[2026-09-02 13:53:29] [Admin Verify] Authentication token not found
[2026-09-02 13:53:29] [Admin Verify] Authentication token not found
[2026-09-02 13:53:29] [Admin Verify] Authentication token not found
[2026-09-02 13:53:29] [Admin Verify] Authentication token not found
[2026-09-02 13:53:29] [Admin Verify] Authentication token not found
[2026-09-02 13:53:29] [Admin Verify] Authentication token not found
[2026-09-02 13:53:29] [Admin Verify] Authentication token not found
[2026-09-02 13:53:29] [Admin Verify] Authentication token not found
[2026-09-02 13:53:29] [Admin Verify] Authentication token not found
[2026-09-02 13:53:29] [Admin Verify] Authentication token not found
[2026-09-02 13:53:29] [Admin Verify] Authentication token not found
[2026-09-02 13:53:29] [Admin Verify] Authentication token not found
[2026-09-02 13:53:29] [Admin Verify] Authentication token not found
[2026-09-02 13:53:29] [Admin Verify] Authentication token not found
[2026-09-02 13:53:29] [Admin Verify] Authentication token not found
[2026-09-02 13:53:29] [Admin Verify] Authentication token not found
[2026-09-02 13:53:29] [Admin Verify] Authentication token not found
[2026-09-02 13:53:29] [Admin Verify] Authentication token not found
[2026-09-02 13:53:29] [Admin Verify] Authentication token not found
[2026-09-02 13:53:29] [Admin Verify] Authentication token not found
[2026-09-02 13:53:29] [Admin Verify] Authentication token not found
[2026-09-02 13:53:29] [Admin Verify] Authentication token not found
[2026-09-02 13:53:29] [Admin Verify] Authentication token not found
[2026-09-02 13:53:30] [Admin Verify] Authentication token not found
[2026-09-02 13:53:30] [Admin Verify] Authentication token not found
[2026-09-02 13:53:30] [Admin Verify] Authentication token not found
[2026-09-02 13:53:30] [Admin Verify] Authentication token not found
[2026-09-02 13:53:30] [Admin Verify] Authentication token not found
[2026-09-02 13:53:30] [Admin Verify] Authentication token not found
[2026-09-02 13:53:30] [Admin Verify] Authentication token not found
[2026-09-02 13:53:30] [Admin Verify] Authentication token not found
[2026-09-02 13:53:30] [Admin Verify] Authentication token not found
[2026-09-02 13:53:30] [Admin Verify] Authentication token not found
[2026-09-02 13:53:30] [Admin Verify] Authentication token not found
[2026-09-02 13:53:30] [Admin Verify] Authentication token not found
[2026-09-02 13:53:30] [Admin Verify] Authentication token not found
[2026-09-02 13:53:30] [Admin Verify] Authentication token not found
[2026-09-02 13:53:30] [Admin Verify] Authentication token not found
[2026-09-02 13:53:30] [Admin Verify] Authentication token not found
[2026-09-02 13:53:30] [Admin Verify] Authentication token not found
[2026-09-02 13:53:30] [Admin Verify] Authentication token not found
[2026-09-02 13:53:30] [Admin Verify] Authentication token not found
[2026-09-02 13:53:30] [Admin Verify] Authentication token not found
[2026-09-02 13:53:30] [Admin Verify] Authentication token not found
[2026-09-02 13:53:30] [Admin Verify] Authentication token not found
[2026-09-02 13:53:30] [Admin Verify] Authentication token not found
[2026-09-02 13:53:30] [Admin Verify] Authentication token not found
[2026-09-02 13:53:30] [Admin Verify] Authentication token not found
[2026-09-02 13:53:30] [Admin Verify] Authentication token not found
[2026-09-02 13:53:30] [Admin Verify] Authentication token not found
[2026-09-02 13:53:30] [Admin Verify] Authentication token not found
[2026-09-02 13:53:30] [Admin Verify] Authentication token not found
[2026-09-02 13:53:30] [Admin Verify] Authentication token not found
[2026-09-02 13:53:30] [Admin Verify] Authentication token not found
[2026-09-02 13:53:30] [Admin Verify] Authentication token not found
[2026-09-02 13:53:30] [Admin Verify] Authentication token not found
[2026-09-02 13:53:30] [Admin Verify] Authentication token not found
[2026-09-02 13:53:30] [Admin Verify] Authentication token not found
[2026-09-02 13:53:30] [Admin Verify] Authentication token not found
[2026-09-02 13:53:30] [Admin Verify] Authentication token not found
[2026-09-02 13:53:30] [Admin Verify] Authentication token not found
[2026-09-02 13:53:30] [Admin Verify] Authentication token not found
[2026-09-02 13:53:30] [Admin Verify] Authentication token not found
[2026-09-02 13:53:31] [Admin Verify] Authentication token not found
[2026-09-02 13:53:31] [Admin Verify] Authentication token not found
[2026-09-02 13:53:31] [Admin Verify] Authentication token not found
[2026-09-02 13:53:31] [Admin Verify] Authentication token not found
[2026-09-02 13:53:31] [Admin Verify] Authentication token not found
[2026-09-02 13:53:31] [Admin Verify] Authentication token not found
[2026-09-02 13:53:31] [Admin Verify] Authentication token not found
[2026-09-02 13:53:31] [Admin Verify] Authentication token not found
[2026-09-02 13:53:31] [Admin Verify] Authentication token not found
[2026-09-02 13:53:31] [Admin Verify] Authentication token not found
[2026-09-02 13:53:31] [Admin Verify] Authentication token not found
[2026-09-02 13:53:31] [Admin Verify] Authentication token not found
[2026-09-02 13:53:31] [Admin Verify] Authentication token not found
[2026-09-02 13:53:31] [Admin Verify] Authentication token not found
[2026-09-02 13:53:31] [Admin Verify] Authentication token not found
[2026-09-02 13:53:31] [Admin Verify] Authentication token not found
[2026-09-02 13:53:31] [Admin Verify] Authentication token not found
[2026-09-02 13:53:31] [Admin Verify] Authentication token not found
[2026-09-02 13:53:31] [Admin Verify] Authentication token not found
[2026-09-02 13:53:31] [Admin Verify] Authentication token not found
[2026-09-02 13:53:31] [Admin Verify] Authentication token not found
[2026-09-02 13:53:31] [Admin Verify] Authentication token not found
[2026-09-02 13:53:31] [Admin Verify] Authentication token not found
[2026-09-02 13:53:31] [Admin Verify] Authentication token not found
[2026-09-02 13:53:31] [Admin Verify] Authentication token not found
[2026-09-02 13:53:31] [Admin Verify] Authentication token not found
[2026-09-02 13:53:31] [Admin Verify] Authentication token not found
[2026-09-02 13:53:31] [Admin Verify] Authentication token not found
[2026-09-02 13:53:31] [Admin Verify] Authentication token not found
[2026-09-02 13:53:31] [Admin Verify] Authentication token not found
[2026-09-02 13:53:31] [Admin Verify] Authentication token not found
[2026-09-02 13:53:31] [Admin Verify] Authentication token not found
[2026-09-02 13:53:31] [Admin Verify] Authentication token not found
[2026-09-02 13:53:31] [Admin Verify] Authentication token not found
[2026-09-02 13:53:31] [Admin Verify] Authentication token not found
[2026-09-02 13:53:31] [Admin Verify] Authentication token not found
[2026-09-02 13:53:31] [Admin Verify] Authentication token not found
[2026-09-02 13:53:32] [Admin Verify] Authentication token not found
[2026-09-02 13:53:32] [Admin Verify] Authentication token not found
[2026-09-02 13:53:32] [Admin Verify] Authentication token not found
[2026-09-02 13:53:32] [Admin Verify] Authentication token not found
[2026-09-02 13:53:32] [Admin Verify] Authentication token not found
[2026-09-02 13:53:32] [Admin Verify] Authentication token not found
[2026-09-02 13:53:32] [Admin Verify] Authentication token not found
[2026-09-02 13:53:32] [Admin Verify] Authentication token not found
[2026-09-02 13:53:32] [Admin Verify] Authentication token not found
[2026-09-02 13:53:32] [Admin Verify] Authentication token not found
[2026-09-02 13:53:32] [Admin Verify] Authentication token not found
[2026-09-02 13:53:32] [Admin Verify] Authentication token not found
[2026-09-02 13:53:32] [Admin Verify] Authentication token not found
[2026-09-02 13:53:32] [Admin Verify] Authentication token not found
[2026-09-02 13:53:32] [Admin Verify] Authentication token not found
[2026-09-02 13:53:32] [Admin Verify] Authentication token not found
[2026-09-02 13:53:32] [Admin Verify] Authentication token not found
[2026-09-02 13:53:32] [Admin Verify] Authentication token not found
[2026-09-02 13:53:32] [Admin Verify] Authentication token not found
[2026-09-02 13:53:32] [Admin Verify] Authentication token not found
[2026-09-02 13:53:32] [Admin Verify] Authentication token not found
[2026-09-02 13:53:32] [Admin Verify] Authentication token not found
[2026-09-02 13:53:32] [Admin Verify] Authentication token not found
[2026-09-02 13:53:32] [Admin Verify] Authentication token not found
[2026-09-02 13:53:32] [Admin Verify] Authentication token not found
[2026-09-02 13:53:32] [Admin Verify] Authentication token not found
[2026-09-02 13:53:32] [Admin Verify] Authentication token not found
[2026-09-02 13:53:32] [Admin Verify] Authentication token not found
[2026-09-02 13:53:32] [Admin Verify] Authentication token not found
[2026-09-02 13:53:32] [Admin Verify] Authentication token not found
[2026-09-02 13:53:32] [Admin Verify] Authentication token not found
[2026-09-02 13:53:32] [Admin Verify] Authentication token not found
[2026-09-02 13:53:32] [Admin Verify] Authentication token not found
[2026-09-02 13:53:32] [Admin Verify] Authentication token not found
[2026-09-02 13:53:32] [Admin Verify] Authentication token not found
[2026-09-02 13:53:32] [Admin Verify] Authentication token not found
[2026-09-02 13:53:32] [Admin Verify] Authentication token not found
[2026-09-02 13:53:32] [Admin Verify] Authentication token not found
[2026-09-02 13:53:32] [Admin Verify] Authentication token not found
[2026-09-02 13:53:32] [Admin Verify] Authentication token not found
[2026-09-02 13:53:32] [Admin Verify] Authentication token not found
[2026-09-02 13:53:32] [Admin Verify] Authentication token not found
[2026-09-02 13:53:32] [Admin Verify] Authentication token not found
[2026-09-02 13:53:32] [Admin Verify] Authentication token not found
[2026-09-02 13:53:33] [Admin Verify] Authentication token not found
[2026-09-02 13:53:33] [Admin Verify] Authentication token not found
[2026-09-02 13:53:33] [Admin Verify] Authentication token not found
[2026-09-02 13:53:33] [Admin Verify] Authentication token not found
[2026-09-02 13:53:33] [Admin Verify] Authentication token not found
[2026-09-02 13:53:33] [Admin Verify] Authentication token not found
[2026-09-02 13:53:33] [Admin Verify] Authentication token not found
[2026-09-02 13:53:33] [Admin Verify] Authentication token not found
[2026-09-02 13:53:33] [Admin Verify] Authentication token not found
[2026-09-02 13:53:33] [Admin Verify] Authentication token not found
[2026-09-02 13:53:33] [Admin Verify] Authentication token not found
[2026-09-02 13:53:33] [Admin Verify] Authentication token not found
[2026-09-02 13:53:33] [Admin Verify] Authentication token not found
[2026-09-02 13:53:33] [Admin Verify] Authentication token not found
[2026-09-02 13:53:33] [Admin Verify] Authentication token not found
[2026-09-02 13:53:33] [Admin Verify] Authentication token not found
[2026-09-02 13:53:33] [Admin Verify] Authentication token not found
[2026-09-02 13:53:33] [Admin Verify] Authentication token not found
[2026-09-02 13:53:33] [Admin Verify] Authentication token not found
[2026-09-02 13:53:33] [Admin Verify] Authentication token not found
[2026-09-02 13:53:33] [Admin Verify] Authentication token not found
[2026-09-02 13:53:33] [Admin Verify] Authentication token not found
[2026-09-02 13:53:33] [Admin Verify] Authentication token not found
[2026-09-02 13:53:33] [Admin Verify] Authentication token not found
[2026-09-02 13:53:33] [Admin Verify] Authentication token not found
[2026-09-02 13:53:33] [Admin Verify] Authentication token not found
[2026-09-02 13:53:33] [Admin Verify] Authentication token not found
[2026-09-02 13:53:33] [Admin Verify] Authentication token not found
[2026-09-02 13:53:33] [Admin Verify] Authentication token not found
[2026-09-02 13:53:33] [Admin Verify] Authentication token not found
[2026-09-02 13:53:33] [Admin Verify] Authentication token not found
[2026-09-02 13:53:33] [Admin Verify] Authentication token not found
[2026-09-02 13:53:33] [Admin Verify] Authentication token not found
[2026-09-02 13:53:33] [Admin Verify] Authentication token not found
[2026-09-02 13:53:33] [Admin Verify] Authentication token not found
[2026-09-02 13:53:33] [Admin Verify] Authentication token not found
[2026-09-02 13:53:33] [Admin Verify] Authentication token not found
[2026-09-02 13:53:33] [Admin Verify] Authentication token not found
[2026-09-02 13:53:34] [Admin Verify] Authentication token not found
[2026-09-02 13:53:34] [Admin Verify] Authentication token not found
[2026-09-02 13:53:34] [Admin Verify] Authentication token not found
[2026-09-02 13:53:34] [Admin Verify] Authentication token not found
[2026-09-02 13:53:34] [Admin Verify] Authentication token not found
[2026-09-02 13:53:34] [Admin Verify] Authentication token not found
[2026-09-02 13:53:34] [Admin Verify] Authentication token not found
[2026-09-02 13:53:34] [Admin Verify] Authentication token not found
[2026-09-02 13:53:34] [Admin Verify] Authentication token not found
[2026-09-02 13:53:34] [Admin Verify] Authentication token not found
[2026-09-02 13:53:34] [Admin Verify] Authentication token not found
[2026-09-02 13:53:34] [Admin Verify] Authentication token not found
[2026-09-02 13:53:34] [Admin Verify] Authentication token not found
[2026-09-02 13:53:34] [Admin Verify] Authentication token not found
[2026-09-02 13:53:34] [Admin Verify] Authentication token not found
[2026-09-02 13:53:34] [Admin Verify] Authentication token not found
[2026-09-02 13:53:34] [Admin Verify] Authentication token not found
[2026-09-02 13:53:34] [Admin Verify] Authentication token not found
[2026-09-02 13:53:34] [Admin Verify] Authentication token not found
[2026-09-02 13:53:34] [Admin Verify] Authentication token not found
[2026-09-02 13:53:34] [Admin Verify] Authentication token not found
[2026-09-02 13:53:34] [Admin Verify] Authentication token not found
[2026-09-02 13:53:34] [Admin Verify] Authentication token not found
[2026-09-02 13:53:34] [Admin Verify] Authentication token not found
[2026-09-02 13:53:34] [Admin Verify] Authentication token not found
[2026-09-02 13:53:34] [Admin Verify] Authentication token not found
[2026-09-02 13:53:34] [Admin Verify] Authentication token not found
[2026-09-02 13:53:34] [Admin Verify] Authentication token not found
[2026-09-02 13:53:34] [Admin Verify] Authentication token not found
[2026-09-02 13:53:34] [Admin Verify] Authentication token not found
[2026-09-02 13:53:34] [Admin Verify] Authentication token not found
[2026-09-02 13:53:34] [Admin Verify] Authentication token not found
[2026-09-02 13:53:35] [Admin Verify] Authentication token not found
[2026-09-02 13:53:35] [Admin Verify] Authentication token not found
[2026-09-02 13:53:35] [Admin Verify] Authentication token not found
[2026-09-02 13:53:35] [Admin Verify] Authentication token not found
[2026-09-02 13:53:35] [Admin Verify] Authentication token not found
[2026-09-02 13:53:35] [Admin Verify] Authentication token not found
[2026-09-02 13:53:35] [Admin Verify] Authentication token not found
[2026-09-02 13:53:35] [Admin Verify] Authentication token not found
[2026-09-02 13:53:35] [Admin Verify] Authentication token not found
[2026-09-02 13:53:35] [Admin Verify] Authentication token not found
[2026-09-02 13:53:35] [Admin Verify] Authentication token not found
[2026-09-02 13:53:35] [Admin Verify] Authentication token not found
[2026-09-02 13:53:35] [Admin Verify] Authentication token not found
[2026-09-02 13:53:35] [Admin Verify] Authentication token not found
[2026-09-02 13:53:35] [Admin Verify] Authentication token not found
[2026-09-02 13:53:35] [Admin Verify] Authentication token not found
[2026-09-02 13:53:35] [Admin Verify] Authentication token not found
[2026-09-02 13:53:35] [Admin Verify] Authentication token not found
[2026-09-02 13:53:35] [Admin Verify] Authentication token not found
[2026-09-02 13:53:35] [Admin Verify] Authentication token not found
[2026-09-02 13:53:35] [Admin Verify] Authentication token not found
[2026-09-02 13:53:35] [Admin Verify] Authentication token not found
[2026-09-02 13:53:35] [Admin Verify] Authentication token not found
[2026-09-02 13:53:35] [Admin Verify] Authentication token not found
[2026-09-02 13:53:35] [Admin Verify] Authentication token not found
[2026-09-02 13:53:35] [Admin Verify] Authentication token not found
[2026-09-02 13:53:35] [Admin Verify] Authentication token not found
[2026-09-02 13:53:35] [Admin Verify] Authentication token not found
[2026-09-02 13:53:35] [Admin Verify] Authentication token not found
[2026-09-02 13:53:35] [Admin Verify] Authentication token not found
[2026-09-02 13:53:35] [Admin Verify] Authentication token not found
[2026-09-02 13:53:35] [Admin Verify] Authentication token not found
[2026-09-02 13:53:35] [Admin Verify] Authentication token not found
[2026-09-02 13:53:35] [Admin Verify] Authentication token not found
[2026-09-02 13:53:36] [Admin Verify] Authentication token not found
[2026-09-02 13:53:36] [Admin Verify] Authentication token not found
[2026-09-02 13:53:36] [Admin Verify] Authentication token not found
[2026-09-02 13:53:36] [Admin Verify] Authentication token not found
[2026-09-02 13:53:36] [Admin Verify] Authentication token not found
[2026-09-02 13:53:36] [Admin Verify] Authentication token not found
[2026-09-02 13:53:36] [Admin Verify] Authentication token not found
[2026-09-02 13:53:36] [Admin Verify] Authentication token not found
[2026-09-02 13:53:36] [Admin Verify] Authentication token not found
[2026-09-02 13:53:36] [Admin Verify] Authentication token not found
[2026-09-02 13:53:36] [Admin Verify] Authentication token not found
[2026-09-02 13:53:36] [Admin Verify] Authentication token not found
[2026-09-02 13:53:36] [Admin Verify] Authentication token not found
[2026-09-02 13:53:36] [Admin Verify] Authentication token not found
[2026-09-02 13:53:36] [Admin Verify] Authentication token not found
[2026-09-02 13:53:36] [Admin Verify] Authentication token not found
[2026-09-02 13:53:36] [Admin Verify] Authentication token not found
[2026-09-02 13:53:36] [Admin Verify] Authentication token not found
[2026-09-02 13:53:36] [Admin Verify] Authentication token not found
[2026-09-02 13:53:36] [Admin Verify] Authentication token not found
[2026-09-02 13:53:36] [Admin Verify] Authentication token not found
[2026-09-02 13:53:36] [Admin Verify] Authentication token not found
[2026-09-02 13:53:36] [Admin Verify] Authentication token not found
[2026-09-02 13:53:36] [Admin Verify] Authentication token not found
[2026-09-02 13:53:36] [Admin Verify] Authentication token not found
[2026-09-02 13:53:36] [Admin Verify] Authentication token not found
[2026-09-02 13:53:36] [Admin Verify] Authentication token not found
[2026-09-02 13:53:36] [Admin Verify] Authentication token not found
[2026-09-02 13:53:36] [Admin Verify] Authentication token not found
[2026-09-02 13:53:36] [Admin Verify] Authentication token not found
[2026-09-02 13:53:36] [Admin Verify] Authentication token not found
[2026-09-02 13:53:36] [Admin Verify] Authentication token not found
[2026-09-02 13:53:36] [Admin Verify] Authentication token not found
[2026-09-02 13:53:36] [Admin Verify] Authentication token not found
[2026-09-02 13:53:36] [Admin Verify] Authentication token not found
[2026-09-02 13:53:36] [Admin Verify] Authentication token not found
[2026-09-02 13:53:36] [Admin Verify] Authentication token not found
[2026-09-02 13:53:36] [Admin Verify] Authentication token not found
[2026-09-02 13:53:36] [Admin Verify] Authentication token not found
[2026-09-02 13:53:37] [Admin Verify] Authentication token not found
[2026-09-02 13:53:37] [Admin Verify] Authentication token not found
[2026-09-02 13:53:37] [Admin Verify] Authentication token not found
[2026-09-02 13:53:37] [Admin Verify] Authentication token not found
[2026-09-02 13:53:37] [Admin Verify] Authentication token not found
[2026-09-02 13:53:37] [Admin Verify] Authentication token not found
[2026-09-02 13:53:37] [Admin Verify] Authentication token not found
[2026-09-02 13:53:37] [Admin Verify] Authentication token not found
[2026-09-02 13:53:37] [Admin Verify] Authentication token not found
[2026-09-02 13:53:37] [Admin Verify] Authentication token not found
[2026-09-02 13:53:37] [Admin Verify] Authentication token not found
[2026-09-02 13:53:37] [Admin Verify] Authentication token not found
[2026-09-02 13:53:37] [Admin Verify] Authentication token not found
[2026-09-02 13:53:37] [Admin Verify] Authentication token not found
[2026-09-02 13:53:37] [Admin Verify] Authentication token not found
[2026-09-02 13:53:37] [Admin Verify] Authentication token not found
[2026-09-02 13:53:37] [Admin Verify] Authentication token not found
[2026-09-02 13:53:37] [Admin Verify] Authentication token not found
[2026-09-02 13:53:37] [Admin Verify] Authentication token not found
[2026-09-02 13:53:37] [Admin Verify] Authentication token not found
[2026-09-02 13:53:37] [Admin Verify] Authentication token not found
[2026-09-02 13:53:37] [Admin Verify] Authentication token not found
[2026-09-02 13:53:37] [Admin Verify] Authentication token not found
[2026-09-02 13:53:37] [Admin Verify] Authentication token not found
[2026-09-02 13:53:37] [Admin Verify] Authentication token not found
[2026-09-02 13:53:37] [Admin Verify] Authentication token not found
[2026-09-02 13:53:37] [Admin Verify] Authentication token not found
[2026-09-02 13:53:37] [Admin Verify] Authentication token not found
[2026-09-02 13:53:37] [Admin Verify] Authentication token not found
[2026-09-02 13:53:37] [Admin Verify] Authentication token not found
[2026-09-02 13:53:37] [Admin Verify] Authentication token not found
[2026-09-02 13:53:37] [Admin Verify] Authentication token not found
[2026-09-02 13:53:37] [Admin Verify] Authentication token not found
[2026-09-02 13:53:38] [Admin Verify] Authentication token not found
[2026-09-02 13:53:38] [Admin Verify] Authentication token not found
[2026-09-02 13:53:38] [Admin Verify] Authentication token not found
[2026-09-02 13:53:38] [Admin Verify] Authentication token not found
[2026-09-02 13:53:38] [Admin Verify] Authentication token not found
[2026-09-02 13:53:38] [Admin Verify] Authentication token not found
[2026-09-02 13:53:38] [Admin Verify] Authentication token not found
[2026-09-02 13:53:38] [Admin Verify] Authentication token not found
[2026-09-02 13:53:38] [Admin Verify] Authentication token not found
[2026-09-02 13:53:38] [Admin Verify] Authentication token not found
[2026-09-02 13:53:38] [Admin Verify] Authentication token not found
[2026-09-02 13:53:38] [Admin Verify] Authentication token not found
[2026-09-02 13:53:38] [Admin Verify] Authentication token not found
[2026-09-02 13:53:38] [Admin Verify] Authentication token not found
[2026-09-02 13:53:39] [Admin Verify] Authentication token not found
[2026-09-02 13:53:39] [Admin Verify] Authentication token not found
[2026-09-02 13:53:39] [Admin Verify] Authentication token not found
[2026-09-02 13:53:39] [Admin Verify] Authentication token not found
[2026-09-02 13:53:39] [Admin Verify] Authentication token not found
[2026-09-02 13:53:39] [Admin Verify] Authentication token not found
[2026-09-02 13:53:39] [Admin Verify] Authentication token not found
[2026-09-02 13:53:39] [Admin Verify] Authentication token not found
[2026-09-02 13:53:39] [Admin Verify] Authentication token not found
[2026-09-02 13:53:39] [Admin Verify] Authentication token not found
[2026-09-02 13:53:39] [Admin Verify] Authentication token not found
[2026-09-02 13:53:39] [Admin Verify] Authentication token not found
[2026-09-02 13:53:39] [Admin Verify] Authentication token not found
[2026-09-02 13:53:39] [Admin Verify] Authentication token not found
[2026-09-02 13:53:39] [Admin Verify] Authentication token not found
[2026-09-02 13:53:39] [Admin Verify] Authentication token not found
[2026-09-02 13:53:39] [Admin Verify] Authentication token not found
[2026-09-02 13:53:39] [Admin Verify] Authentication token not found
[2026-09-02 13:53:39] [Admin Verify] Authentication token not found
[2026-09-02 13:53:39] [Admin Verify] Authentication token not found
[2026-09-02 13:53:39] [Admin Verify] Authentication token not found
[2026-09-02 13:53:39] [Admin Verify] Authentication token not found
[2026-09-02 13:53:39] [Admin Verify] Authentication token not found
[2026-09-02 13:53:39] [Admin Verify] Authentication token not found
[2026-09-02 13:53:39] [Admin Verify] Authentication token not found
[2026-09-02 13:53:39] [Admin Verify] Authentication token not found
[2026-09-02 13:53:39] [Admin Verify] Authentication token not found
[2026-09-02 13:53:39] [Admin Verify] Authentication token not found
[2026-09-02 13:53:39] [Admin Verify] Authentication token not found
[2026-09-02 13:53:39] [Admin Verify] Authentication token not found
[2026-09-02 13:53:39] [Admin Verify] Authentication token not found
[2026-09-02 13:53:39] [Admin Verify] Authentication token not found
[2026-09-02 13:53:39] [Admin Verify] Authentication token not found
[2026-09-02 13:53:39] [Admin Verify] Authentication token not found
[2026-09-02 13:53:39] [Admin Verify] Authentication token not found
[2026-09-02 13:53:39] [Admin Verify] Authentication token not found
[2026-09-02 13:53:39] [Admin Verify] Authentication token not found
[2026-09-02 13:53:39] [Admin Verify] Authentication token not found
[2026-09-02 13:53:39] [Admin Verify] Authentication token not found
[2026-09-02 13:53:39] [Admin Verify] Authentication token not found
[2026-09-02 13:53:39] [Admin Verify] Authentication token not found
[2026-09-02 13:53:39] [Admin Verify] Authentication token not found
[2026-09-02 13:53:39] [Admin Verify] Authentication token not found
[2026-09-02 13:53:39] [Admin Verify] Authentication token not found
[2026-09-02 13:53:40] [Admin Verify] Authentication token not found
[2026-09-02 13:53:40] [Admin Verify] Authentication token not found
[2026-09-02 13:53:40] [Admin Verify] Authentication token not found
[2026-09-02 13:53:40] [Admin Verify] Authentication token not found
[2026-09-02 13:53:40] [Admin Verify] Authentication token not found
[2026-09-02 13:53:40] [Admin Verify] Authentication token not found
[2026-09-02 13:53:40] [Admin Verify] Authentication token not found
[2026-09-02 13:53:40] [Admin Verify] Authentication token not found
[2026-09-02 13:53:40] [Admin Verify] Authentication token not found
[2026-09-02 13:53:40] [Admin Verify] Authentication token not found
[2026-09-02 13:53:40] [Admin Verify] Authentication token not found
[2026-09-02 13:53:40] [Admin Verify] Authentication token not found
[2026-09-02 13:53:40] [Admin Verify] Authentication token not found
[2026-09-02 13:53:40] [Admin Verify] Authentication token not found
[2026-09-02 13:53:40] [Admin Verify] Authentication token not found
[2026-09-02 13:53:40] [Admin Verify] Authentication token not found
[2026-09-02 13:53:40] [Admin Verify] Authentication token not found
[2026-09-02 13:53:40] [Admin Verify] Authentication token not found
[2026-09-02 13:53:40] [Admin Verify] Authentication token not found
[2026-09-02 13:53:40] [Admin Verify] Authentication token not found
[2026-09-02 13:53:40] [Admin Verify] Authentication token not found
[2026-09-02 13:53:40] [Admin Verify] Authentication token not found
[2026-09-02 13:53:40] [Admin Verify] Authentication token not found
[2026-09-02 13:53:40] [Admin Verify] Authentication token not found
[2026-09-02 13:53:40] [Admin Verify] Authentication token not found
[2026-09-02 13:53:40] [Admin Verify] Authentication token not found
[2026-09-02 13:53:40] [Admin Verify] Authentication token not found
[2026-09-02 13:53:40] [Admin Verify] Authentication token not found
[2026-09-02 13:53:40] [Admin Verify] Authentication token not found
[2026-09-02 13:53:40] [Admin Verify] Authentication token not found
[2026-09-02 13:53:40] [Admin Verify] Authentication token not found
[2026-09-02 13:53:40] [Admin Verify] Authentication token not found
[2026-09-02 13:53:40] [Admin Verify] Authentication token not found
[2026-09-02 13:53:40] [Admin Verify] Authentication token not found
[2026-09-02 13:53:40] [Admin Verify] Authentication token not found
[2026-09-02 13:53:40] [Admin Verify] Authentication token not found
[2026-09-02 13:53:40] [Admin Verify] Authentication token not found
[2026-09-02 13:53:40] [Admin Verify] Authentication token not found
[2026-09-02 13:53:40] [Admin Verify] Authentication token not found
[2026-09-02 13:53:40] [Admin Verify] Authentication token not found
[2026-09-02 13:53:41] [Admin Verify] Authentication token not found
[2026-09-02 13:53:41] [Admin Verify] Authentication token not found
[2026-09-02 13:53:41] [Admin Verify] Authentication token not found
[2026-09-02 13:53:41] [Admin Verify] Authentication token not found
[2026-09-02 13:53:41] [Admin Verify] Authentication token not found
[2026-09-02 13:53:41] [Admin Verify] Authentication token not found
[2026-09-02 13:53:41] [Admin Verify] Authentication token not found
[2026-09-02 13:53:41] [Admin Verify] Authentication token not found
[2026-09-02 13:53:41] [Admin Verify] Authentication token not found
[2026-09-02 13:53:41] [Admin Verify] Authentication token not found
[2026-09-02 13:53:42] [Admin Verify] Authentication token not found
[2026-09-02 13:53:42] [Admin Verify] Authentication token not found
[2026-09-02 13:53:42] [Admin Verify] Authentication token not found
[2026-09-02 13:53:42] [Admin Verify] Authentication token not found
[2026-09-02 13:53:42] [Admin Verify] Authentication token not found
[2026-09-02 13:53:42] [Admin Verify] Authentication token not found
[2026-09-02 13:53:42] [Admin Verify] Authentication token not found
[2026-09-02 13:53:42] [Admin Verify] Authentication token not found
[2026-09-02 13:53:42] [Admin Verify] Authentication token not found
[2026-09-02 13:53:42] [Admin Verify] Authentication token not found
[2026-09-02 13:53:42] [Admin Verify] Authentication token not found
[2026-09-02 13:53:42] [Admin Verify] Authentication token not found
[2026-09-02 13:53:42] [Admin Verify] Authentication token not found
[2026-09-02 13:53:42] [Admin Verify] Authentication token not found
[2026-09-02 13:53:42] [Admin Verify] Authentication token not found
[2026-09-02 13:53:42] [Admin Verify] Authentication token not found
[2026-09-02 13:53:42] [Admin Verify] Authentication token not found
[2026-09-02 13:53:42] [Admin Verify] Authentication token not found
[2026-09-02 13:53:42] [Admin Verify] Authentication token not found
[2026-09-02 13:53:42] [Admin Verify] Authentication token not found
[2026-09-02 13:53:42] [Admin Verify] Authentication token not found
[2026-09-02 13:53:42] [Admin Verify] Authentication token not found
[2026-09-02 13:53:42] [Admin Verify] Authentication token not found
[2026-09-02 13:53:42] [Admin Verify] Authentication token not found
[2026-09-02 13:53:42] [Admin Verify] Authentication token not found
[2026-09-02 13:53:42] [Admin Verify] Authentication token not found
[2026-09-02 13:53:42] [Admin Verify] Authentication token not found
[2026-09-02 13:53:42] [Admin Verify] Authentication token not found
[2026-09-02 13:53:42] [Admin Verify] Authentication token not found
[2026-09-02 13:53:42] [Admin Verify] Authentication token not found
[2026-09-02 13:53:42] [Admin Verify] Authentication token not found
[2026-09-02 13:53:42] [Admin Verify] Authentication token not found
[2026-09-02 13:53:42] [Admin Verify] Authentication token not found
[2026-09-02 13:53:42] [Admin Verify] Authentication token not found
[2026-09-02 13:53:42] [Admin Verify] Authentication token not found
[2026-09-02 13:53:42] [Admin Verify] Authentication token not found
[2026-09-02 13:53:42] [Admin Verify] Authentication token not found
[2026-09-02 13:53:42] [Admin Verify] Authentication token not found
[2026-09-02 13:53:42] [Admin Verify] Authentication token not found
[2026-09-02 13:53:42] [Admin Verify] Authentication token not found
[2026-09-02 13:53:42] [Admin Verify] Authentication token not found
[2026-09-02 13:53:42] [Admin Verify] Authentication token not found
[2026-09-02 13:53:42] [Admin Verify] Authentication token not found
[2026-09-02 13:53:42] [Admin Verify] Authentication token not found
[2026-09-02 13:53:42] [Admin Verify] Authentication token not found
[2026-09-02 13:53:42] [Admin Verify] Authentication token not found
[2026-09-02 13:53:42] [Admin Verify] Authentication token not found
[2026-09-02 13:53:42] [Admin Verify] Authentication token not found
[2026-09-02 13:53:42] [Admin Verify] Authentication token not found
[2026-09-02 13:53:42] [Admin Verify] Authentication token not found
[2026-09-02 13:53:42] [Admin Verify] Authentication token not found
[2026-09-02 13:53:42] [Admin Verify] Authentication token not found
[2026-09-02 13:53:42] [Admin Verify] Authentication token not found
[2026-09-02 13:53:42] [Admin Verify] Authentication token not found
[2026-09-02 13:53:42] [Admin Verify] Authentication token not found
[2026-09-02 13:53:42] [Admin Verify] Authentication token not found
[2026-09-02 13:53:42] [Admin Verify] Authentication token not found
[2026-09-02 13:53:42] [Admin Verify] Authentication token not found
[2026-09-02 13:53:42] [Admin Verify] Authentication token not found
[2026-09-02 13:53:42] [Admin Verify] Authentication token not found
[2026-09-02 13:53:42] [Admin Verify] Authentication token not found
[2026-09-02 13:53:42] [Admin Verify] Authentication token not found
[2026-09-02 13:53:42] [Admin Verify] Authentication token not found
[2026-09-02 13:53:42] [Admin Verify] Authentication token not found
[2026-09-02 13:53:42] [Admin Verify] Authentication token not found
[2026-09-02 13:53:42] [Admin Verify] Authentication token not found
[2026-09-02 13:53:42] [Admin Verify] Authentication token not found
[2026-09-02 13:53:42] [Admin Verify] Authentication token not found
[2026-09-02 13:53:42] [Admin Verify] Authentication token not found
[2026-09-02 13:53:42] [Admin Verify] Authentication token not found
[2026-09-02 13:53:42] [Admin Verify] Authentication token not found
[2026-09-02 13:53:42] [Admin Verify] Authentication token not found
[2026-09-02 13:53:42] [Admin Verify] Authentication token not found
[2026-09-02 13:53:42] [Admin Verify] Authentication token not found
[2026-09-02 13:53:42] [Admin Verify] Authentication token not found
[2026-09-02 13:53:42] [Admin Verify] Authentication token not found
[2026-09-02 13:53:42] [Admin Verify] Authentication token not found
[2026-09-02 13:53:42] [Admin Verify] Authentication token not found
[2026-09-02 13:53:42] [Admin Verify] Authentication token not found
[2026-09-02 13:53:42] [Admin Verify] Authentication token not found
[2026-09-02 13:53:42] [Admin Verify] Authentication token not found
[2026-09-02 13:53:42] [Admin Verify] Authentication token not found
[2026-09-02 13:53:42] [Admin Verify] Authentication token not found
[2026-09-02 13:53:42] [Admin Verify] Authentication token not found
[2026-09-02 13:53:42] [Admin Verify] Authentication token not found
[2026-09-02 13:53:42] [Admin Verify] Authentication token not found
[2026-09-02 13:53:43] [Admin Verify] Authentication token not found
[2026-09-02 13:53:43] [Admin Verify] Authentication token not found
[2026-09-02 13:53:43] [Admin Verify] Authentication token not found
[2026-09-02 13:53:43] [Admin Verify] Authentication token not found
[2026-09-02 13:53:43] [Admin Verify] Authentication token not found
[2026-09-02 13:53:43] [Admin Verify] Authentication token not found
[2026-09-02 13:53:43] [Admin Verify] Authentication token not found
[2026-09-02 13:53:43] [Admin Verify] Authentication token not found
[2026-09-02 13:53:43] [Admin Verify] Authentication token not found
[2026-09-02 13:53:43] [Admin Verify] Authentication token not found
[2026-09-02 13:53:43] [Admin Verify] Authentication token not found
[2026-09-02 13:53:43] [Admin Verify] Authentication token not found
[2026-09-02 13:53:43] [Admin Verify] Authentication token not found
[2026-09-02 13:53:43] [Admin Verify] Authentication token not found
[2026-09-02 13:53:43] [Admin Verify] Authentication token not found
[2026-09-02 13:53:43] [Admin Verify] Authentication token not found
[2026-09-02 13:53:43] [Admin Verify] Authentication token not found
[2026-09-02 13:53:43] [Admin Verify] Authentication token not found
[2026-09-02 13:53:43] [Admin Verify] Authentication token not found
[2026-09-02 13:53:43] [Admin Verify] Authentication token not found
[2026-09-02 13:53:43] [Admin Verify] Authentication token not found
[2026-09-02 13:53:43] [Admin Verify] Authentication token not found
[2026-09-02 13:53:43] [Admin Verify] Authentication token not found
[2026-09-02 13:53:43] [Admin Verify] Authentication token not found
[2026-09-02 13:53:43] [Admin Verify] Authentication token not found
[2026-09-02 13:53:43] [Admin Verify] Authentication token not found
[2026-09-02 13:53:43] [Admin Verify] Authentication token not found
[2026-09-02 13:53:43] [Admin Verify] Authentication token not found
[2026-09-02 13:53:43] [Admin Verify] Authentication token not found
[2026-09-02 13:53:43] [Admin Verify] Authentication token not found
[2026-09-02 13:53:43] [Admin Verify] Authentication token not found
[2026-09-02 13:53:43] [Admin Verify] Authentication token not found
[2026-09-02 13:53:43] [Admin Verify] Authentication token not found
[2026-09-02 13:53:43] [Admin Verify] Authentication token not found
[2026-09-02 13:53:43] [Admin Verify] Authentication token not found
[2026-09-02 13:53:43] [Admin Verify] Authentication token not found
[2026-09-02 13:53:43] [Admin Verify] Authentication token not found
[2026-09-02 13:53:43] [Admin Verify] Authentication token not found
[2026-09-02 13:53:43] [Admin Verify] Authentication token not found
[2026-09-02 13:53:43] [Admin Verify] Authentication token not found
[2026-09-02 13:53:43] [Admin Verify] Authentication token not found
[2026-09-02 13:53:43] [Admin Verify] Authentication token not found
[2026-09-02 13:53:43] [Admin Verify] Authentication token not found
[2026-09-02 13:53:43] [Admin Verify] Authentication token not found
[2026-09-02 13:53:43] [Admin Verify] Authentication token not found
[2026-09-02 13:53:43] [Admin Verify] Authentication token not found
[2026-09-02 13:53:43] [Admin Verify] Authentication token not found
[2026-09-02 13:53:43] [Admin Verify] Authentication token not found
[2026-09-02 13:53:43] [Admin Verify] Authentication token not found
[2026-09-02 13:53:43] [Admin Verify] Authentication token not found
[2026-09-02 13:53:43] [Admin Verify] Authentication token not found
[2026-09-02 13:53:43] [Admin Verify] Authentication token not found
[2026-09-02 13:53:43] [Admin Verify] Authentication token not found
[2026-09-02 13:53:43] [Admin Verify] Authentication token not found
[2026-09-02 13:53:43] [Admin Verify] Authentication token not found
[2026-09-02 13:53:43] [Admin Verify] Authentication token not found
[2026-09-02 13:53:43] [Admin Verify] Authentication token not found
[2026-09-02 13:53:44] [Admin Verify] Authentication token not found
[2026-09-02 13:53:44] [Admin Verify] Authentication token not found
[2026-09-02 13:53:44] [Admin Verify] Authentication token not found
[2026-09-02 13:53:44] [Admin Verify] Authentication token not found
[2026-09-02 13:53:44] [Admin Verify] Authentication token not found
[2026-09-02 13:53:44] [Admin Verify] Authentication token not found
[2026-09-02 13:53:44] [Admin Verify] Authentication token not found
[2026-09-02 13:53:44] [Admin Verify] Authentication token not found
[2026-09-02 13:53:44] [Admin Verify] Authentication token not found
[2026-09-02 13:53:44] [Admin Verify] Authentication token not found
[2026-09-02 13:53:44] [Admin Verify] Authentication token not found
[2026-09-02 13:53:44] [Admin Verify] Authentication token not found
[2026-09-02 13:53:44] [Admin Verify] Authentication token not found
[2026-09-02 13:53:44] [Admin Verify] Authentication token not found
[2026-09-02 13:53:44] [Admin Verify] Authentication token not found
[2026-09-02 13:53:44] [Admin Verify] Authentication token not found
[2026-09-02 13:53:44] [Admin Verify] Authentication token not found
[2026-09-02 13:53:44] [Admin Verify] Authentication token not found
[2026-09-02 13:53:44] [Admin Verify] Authentication token not found
[2026-09-02 13:53:44] [Admin Verify] Authentication token not found
[2026-09-02 13:53:44] [Admin Verify] Authentication token not found
[2026-09-02 13:53:44] [Admin Verify] Authentication token not found
[2026-09-02 13:53:44] [Admin Verify] Authentication token not found
[2026-09-02 13:53:44] [Admin Verify] Authentication token not found
[2026-09-02 13:53:44] [Admin Verify] Authentication token not found
[2026-09-02 13:53:44] [Admin Verify] Authentication token not found
[2026-09-02 13:53:44] [Admin Verify] Authentication token not found
[2026-09-02 13:53:44] [Admin Verify] Authentication token not found
[2026-09-02 13:53:44] [Admin Verify] Authentication token not found
[2026-09-02 13:53:44] [Admin Verify] Authentication token not found
[2026-09-02 13:53:44] [Admin Verify] Authentication token not found
[2026-09-02 13:53:44] [Admin Verify] Authentication token not found
[2026-09-02 13:53:44] [Admin Verify] Authentication token not found
[2026-09-02 13:53:44] [Admin Verify] Authentication token not found
[2026-09-02 13:53:44] [Admin Verify] Authentication token not found
[2026-09-02 13:53:44] [Admin Verify] Authentication token not found
[2026-09-02 13:53:44] [Admin Verify] Authentication token not found
[2026-09-02 13:53:44] [Admin Verify] Authentication token not found
[2026-09-02 13:53:44] [Admin Verify] Authentication token not found
[2026-09-02 13:53:45] [Admin Verify] Authentication token not found
[2026-09-02 13:53:45] [Admin Verify] Authentication token not found
[2026-09-02 13:53:45] [Admin Verify] Authentication token not found
[2026-09-02 13:53:45] [Admin Verify] Authentication token not found
[2026-09-02 13:53:45] [Admin Verify] Authentication token not found
[2026-09-02 13:53:45] [Admin Verify] Authentication token not found
[2026-09-02 13:53:45] [Admin Verify] Authentication token not found
[2026-09-02 13:53:45] [Admin Verify] Authentication token not found
[2026-09-02 13:53:45] [Admin Verify] Authentication token not found
[2026-09-02 13:53:45] [Admin Verify] Authentication token not found
[2026-09-02 13:53:45] [Admin Verify] Authentication token not found
[2026-09-02 13:53:45] [Admin Verify] Authentication token not found
[2026-09-02 13:53:45] [Admin Verify] Authentication token not found
[2026-09-02 13:53:45] [Admin Verify] Authentication token not found
[2026-09-02 13:53:45] [Admin Verify] Authentication token not found
[2026-09-02 13:53:45] [Admin Verify] Authentication token not found
[2026-09-02 13:53:45] [Admin Verify] Authentication token not found
[2026-09-02 13:53:45] [Admin Verify] Authentication token not found
[2026-09-02 13:53:45] [Admin Verify] Authentication token not found
[2026-09-02 13:53:45] [Admin Verify] Authentication token not found
[2026-09-02 13:53:45] [Admin Verify] Authentication token not found
[2026-09-02 13:53:45] [Admin Verify] Authentication token not found
[2026-09-02 13:53:45] [Admin Verify] Authentication token not found
[2026-09-02 13:53:45] [Admin Verify] Authentication token not found
[2026-09-02 13:53:45] [Admin Verify] Authentication token not found
[2026-09-02 13:53:45] [Admin Verify] Authentication token not found
[2026-09-02 13:53:45] [Admin Verify] Authentication token not found
[2026-09-02 13:53:45] [Admin Verify] Authentication token not found
[2026-09-02 13:53:45] [Admin Verify] Authentication token not found
[2026-09-02 13:53:45] [Admin Verify] Authentication token not found
[2026-09-02 13:53:45] [Admin Verify] Authentication token not found
[2026-09-02 13:53:45] [Admin Verify] Authentication token not found
[2026-09-02 13:53:45] [Admin Verify] Authentication token not found
[2026-09-02 13:53:45] [Admin Verify] Authentication token not found
[2026-09-02 13:53:45] [Admin Verify] Authentication token not found
[2026-09-02 13:53:45] [Admin Verify] Authentication token not found
[2026-09-02 13:53:45] [Admin Verify] Authentication token not found
[2026-09-02 13:53:45] [Admin Verify] Authentication token not found
[2026-09-02 13:53:45] [Admin Verify] Authentication token not found
[2026-09-02 13:53:45] [Admin Verify] Authentication token not found
[2026-09-02 13:53:45] [Admin Verify] Authentication token not found
[2026-09-02 13:53:45] [Admin Verify] Authentication token not found
[2026-09-02 13:53:45] [Admin Verify] Authentication token not found
[2026-09-02 13:53:45] [Admin Verify] Authentication token not found
[2026-09-02 13:53:45] [Admin Verify] Authentication token not found
[2026-09-02 13:53:45] [Admin Verify] Authentication token not found
[2026-09-02 13:53:45] [Admin Verify] Authentication token not found
[2026-09-02 13:53:46] [Admin Verify] Authentication token not found
[2026-09-02 13:53:46] [Admin Verify] Authentication token not found
[2026-09-02 13:53:46] [Admin Verify] Authentication token not found
[2026-09-02 13:53:46] [Admin Verify] Authentication token not found
[2026-09-02 13:53:46] [Admin Verify] Authentication token not found
[2026-09-02 13:53:46] [Admin Verify] Authentication token not found
[2026-09-02 13:53:46] [Admin Verify] Authentication token not found
[2026-09-02 13:53:46] [Admin Verify] Authentication token not found
[2026-09-02 13:53:46] [Admin Verify] Authentication token not found
[2026-09-02 13:53:46] [Admin Verify] Authentication token not found
[2026-09-02 13:53:46] [Admin Verify] Authentication token not found
[2026-09-02 13:53:46] [Admin Verify] Authentication token not found
[2026-09-02 13:53:46] [Admin Verify] Authentication token not found
[2026-09-02 13:53:46] [Admin Verify] Authentication token not found
[2026-09-02 13:53:46] [Admin Verify] Authentication token not found
[2026-09-02 13:53:46] [Admin Verify] Authentication token not found
[2026-09-02 13:53:46] [Admin Verify] Authentication token not found
[2026-09-02 13:53:46] [Admin Verify] Authentication token not found
[2026-09-02 13:53:46] [Admin Verify] Authentication token not found
[2026-09-02 13:53:46] [Admin Verify] Authentication token not found
[2026-09-02 13:53:46] [Admin Verify] Authentication token not found
[2026-09-02 13:53:46] [Admin Verify] Authentication token not found
[2026-09-02 13:53:46] [Admin Verify] Authentication token not found
[2026-09-02 13:53:46] [Admin Verify] Authentication token not found
[2026-09-02 13:53:46] [Admin Verify] Authentication token not found
[2026-09-02 13:53:46] [Admin Verify] Authentication token not found
[2026-09-02 13:53:46] [Admin Verify] Authentication token not found
[2026-09-02 13:53:46] [Admin Verify] Authentication token not found
[2026-09-02 13:53:46] [Admin Verify] Authentication token not found
[2026-09-02 13:53:46] [Admin Verify] Authentication token not found
[2026-09-02 13:53:46] [Admin Verify] Authentication token not found
[2026-09-02 13:53:46] [Admin Verify] Authentication token not found
[2026-09-02 13:53:46] [Admin Verify] Authentication token not found
[2026-09-02 13:53:46] [Admin Verify] Authentication token not found
[2026-09-02 13:53:46] [Admin Verify] Authentication token not found
[2026-09-02 13:53:46] [Admin Verify] Authentication token not found
[2026-09-02 13:53:46] [Admin Verify] Authentication token not found
[2026-09-02 13:53:46] [Admin Verify] Authentication token not found
[2026-09-02 13:53:46] [Admin Verify] Authentication token not found
[2026-09-02 13:53:46] [Admin Verify] Authentication token not found
[2026-09-02 13:53:47] [Admin Verify] Authentication token not found
[2026-09-02 13:53:47] [Admin Verify] Authentication token not found
[2026-09-02 13:53:47] [Admin Verify] Authentication token not found
[2026-09-02 13:53:47] [Admin Verify] Authentication token not found
[2026-09-02 13:53:47] [Admin Verify] Authentication token not found
[2026-09-02 13:53:47] [Admin Verify] Authentication token not found
[2026-09-02 13:53:47] [Admin Verify] Authentication token not found
[2026-09-02 13:53:47] [Admin Verify] Authentication token not found
[2026-09-02 13:53:47] [Admin Verify] Authentication token not found
[2026-09-02 13:53:47] [Admin Verify] Authentication token not found
[2026-09-02 13:53:47] [Admin Verify] Authentication token not found
[2026-09-02 13:53:47] [Admin Verify] Authentication token not found
[2026-09-02 13:53:47] [Admin Verify] Authentication token not found
[2026-09-02 13:53:47] [Admin Verify] Authentication token not found
[2026-09-02 13:53:47] [Admin Verify] Authentication token not found
[2026-09-02 13:53:47] [Admin Verify] Authentication token not found
[2026-09-02 13:53:47] [Admin Verify] Authentication token not found
[2026-09-02 13:53:47] [Admin Verify] Authentication token not found
[2026-09-02 13:53:47] [Admin Verify] Authentication token not found
[2026-09-02 13:53:47] [Admin Verify] Authentication token not found
[2026-09-02 13:53:47] [Admin Verify] Authentication token not found
[2026-09-02 13:53:47] [Admin Verify] Authentication token not found
[2026-09-02 13:53:47] [Admin Verify] Authentication token not found
[2026-09-02 13:53:47] [Admin Verify] Authentication token not found
[2026-09-02 13:53:47] [Admin Verify] Authentication token not found
[2026-09-02 13:53:47] [Admin Verify] Authentication token not found
[2026-09-02 13:53:47] [Admin Verify] Authentication token not found
[2026-09-02 13:53:47] [Admin Verify] Authentication token not found
[2026-09-02 13:53:47] [Admin Verify] Authentication token not found
[2026-09-02 13:53:47] [Admin Verify] Authentication token not found
[2026-09-02 13:53:47] [Admin Verify] Authentication token not found
[2026-09-02 13:53:47] [Admin Verify] Authentication token not found
[2026-09-02 13:53:47] [Admin Verify] Authentication token not found
[2026-09-02 13:53:47] [Admin Verify] Authentication token not found
[2026-09-02 13:53:47] [Admin Verify] Authentication token not found
[2026-09-02 13:53:47] [Admin Verify] Authentication token not found
[2026-09-02 13:53:47] [Admin Verify] Authentication token not found
[2026-09-02 13:53:47] [Admin Verify] Authentication token not found
[2026-09-02 13:53:48] [Admin Verify] Authentication token not found
[2026-09-02 13:53:48] [Admin Verify] Authentication token not found
[2026-09-02 13:53:48] [Admin Verify] Authentication token not found
[2026-09-02 13:53:48] [Admin Verify] Authentication token not found
[2026-09-02 13:53:48] [Admin Verify] Authentication token not found
[2026-09-02 13:53:48] [Admin Verify] Authentication token not found
[2026-09-02 13:53:48] [Admin Verify] Authentication token not found
[2026-09-02 13:53:48] [Admin Verify] Authentication token not found
[2026-09-02 13:53:48] [Admin Verify] Authentication token not found
[2026-09-02 13:53:48] [Admin Verify] Authentication token not found
[2026-09-02 13:53:48] [Admin Verify] Authentication token not found
[2026-09-02 13:53:48] [Admin Verify] Authentication token not found
[2026-09-02 13:53:48] [Admin Verify] Authentication token not found
[2026-09-02 13:53:48] [Admin Verify] Authentication token not found
[2026-09-02 13:53:48] [Admin Verify] Authentication token not found
[2026-09-02 13:53:48] [Admin Verify] Authentication token not found
[2026-09-02 13:53:48] [Admin Verify] Authentication token not found
[2026-09-02 13:53:48] [Admin Verify] Authentication token not found
[2026-09-02 13:53:48] [Admin Verify] Authentication token not found
[2026-09-02 13:53:48] [Admin Verify] Authentication token not found
[2026-09-02 13:53:48] [Admin Verify] Authentication token not found
[2026-09-02 13:53:48] [Admin Verify] Authentication token not found
[2026-09-02 13:53:48] [Admin Verify] Authentication token not found
[2026-09-02 13:53:48] [Admin Verify] Authentication token not found
[2026-09-02 13:53:48] [Admin Verify] Authentication token not found
[2026-09-02 13:53:48] [Admin Verify] Authentication token not found
[2026-09-02 13:53:48] [Admin Verify] Authentication token not found
[2026-09-02 13:53:48] [Admin Verify] Authentication token not found
[2026-09-02 13:53:48] [Admin Verify] Authentication token not found
[2026-09-02 13:53:48] [Admin Verify] Authentication token not found
[2026-09-02 13:53:48] [Admin Verify] Authentication token not found
[2026-09-02 13:53:48] [Admin Verify] Authentication token not found
[2026-09-02 13:53:48] [Admin Verify] Authentication token not found
[2026-09-02 13:53:48] [Admin Verify] Authentication token not found
[2026-09-02 13:53:48] [Admin Verify] Authentication token not found
[2026-09-02 13:53:48] [Admin Verify] Authentication token not found
[2026-09-02 13:53:48] [Admin Verify] Authentication token not found
[2026-09-02 13:53:48] [Admin Verify] Authentication token not found
[2026-09-02 13:53:48] [Admin Verify] Authentication token not found
[2026-09-02 13:53:48] [Admin Verify] Authentication token not found
[2026-09-02 13:53:48] [Admin Verify] Authentication token not found
[2026-09-02 13:53:48] [Admin Verify] Authentication token not found
[2026-09-02 13:53:49] [Admin Verify] Authentication token not found
[2026-09-02 13:53:49] [Admin Verify] Authentication token not found
[2026-09-02 13:53:49] [Admin Verify] Authentication token not found
[2026-09-02 13:53:49] [Admin Verify] Authentication token not found
[2026-09-02 13:53:49] [Admin Verify] Authentication token not found
[2026-09-02 13:53:49] [Admin Verify] Authentication token not found
[2026-09-02 13:53:49] [Admin Verify] Authentication token not found
[2026-09-02 13:53:49] [Admin Verify] Authentication token not found
[2026-09-02 13:53:49] [Admin Verify] Authentication token not found
[2026-09-02 13:53:49] [Admin Verify] Authentication token not found
[2026-09-02 13:53:49] [Admin Verify] Authentication token not found
[2026-09-02 13:53:49] [Admin Verify] Authentication token not found
[2026-09-02 13:53:49] [Admin Verify] Authentication token not found
[2026-09-02 13:53:49] [Admin Verify] Authentication token not found
[2026-09-02 13:53:49] [Admin Verify] Authentication token not found
[2026-09-02 13:53:49] [Admin Verify] Authentication token not found
[2026-09-02 13:53:49] [Admin Verify] Authentication token not found
[2026-09-02 13:53:49] [Admin Verify] Authentication token not found
[2026-09-02 13:53:49] [Admin Verify] Authentication token not found
[2026-09-02 13:53:49] [Admin Verify] Authentication token not found
[2026-09-02 13:53:49] [Admin Verify] Authentication token not found
[2026-09-02 13:53:49] [Admin Verify] Authentication token not found
[2026-09-02 13:53:49] [Admin Verify] Authentication token not found
[2026-09-02 13:53:49] [Admin Verify] Authentication token not found
[2026-09-02 13:53:49] [Admin Verify] Authentication token not found
[2026-09-02 13:53:49] [Admin Verify] Authentication token not found
[2026-09-02 13:53:49] [Admin Verify] Authentication token not found
[2026-09-02 13:53:49] [Admin Verify] Authentication token not found
[2026-09-02 13:53:49] [Admin Verify] Authentication token not found
[2026-09-02 13:53:49] [Admin Verify] Authentication token not found
[2026-09-02 13:53:49] [Admin Verify] Authentication token not found
[2026-09-02 13:53:49] [Admin Verify] Authentication token not found
[2026-09-02 13:53:49] [Admin Verify] Authentication token not found
[2026-09-02 13:53:49] [Admin Verify] Authentication token not found
[2026-09-02 13:53:49] [Admin Verify] Authentication token not found
[2026-09-02 13:53:49] [Admin Verify] Authentication token not found
[2026-09-02 13:53:49] [Admin Verify] Authentication token not found
[2026-09-02 13:53:49] [Admin Verify] Authentication token not found
[2026-09-02 13:53:49] [Admin Verify] Authentication token not found
[2026-09-02 13:53:49] [Admin Verify] Authentication token not found
[2026-09-02 13:53:49] [Admin Verify] Authentication token not found
[2026-09-02 13:53:50] [Admin Verify] Authentication token not found
[2026-09-02 13:53:50] [Admin Verify] Authentication token not found
[2026-09-02 13:53:50] [Admin Verify] Authentication token not found
[2026-09-02 13:53:50] [Admin Verify] Authentication token not found
[2026-09-02 13:53:50] [Admin Verify] Authentication token not found
[2026-09-02 13:53:50] [Admin Verify] Authentication token not found
[2026-09-02 13:53:50] [Admin Verify] Authentication token not found
[2026-09-02 13:53:50] [Admin Verify] Authentication token not found
[2026-09-02 13:53:50] [Admin Verify] Authentication token not found
[2026-09-02 13:53:50] [Admin Verify] Authentication token not found
[2026-09-02 13:53:50] [Admin Verify] Authentication token not found
[2026-09-02 13:53:50] [Admin Verify] Authentication token not found
[2026-09-02 13:53:50] [Admin Verify] Authentication token not found
[2026-09-02 13:53:50] [Admin Verify] Authentication token not found
[2026-09-02 13:53:50] [Admin Verify] Authentication token not found
[2026-09-02 13:53:50] [Admin Verify] Authentication token not found
[2026-09-02 13:53:50] [Admin Verify] Authentication token not found
[2026-09-02 13:53:50] [Admin Verify] Authentication token not found
[2026-09-02 13:53:50] [Admin Verify] Authentication token not found
[2026-09-02 13:53:50] [Admin Verify] Authentication token not found
[2026-09-02 13:53:50] [Admin Verify] Authentication token not found
[2026-09-02 13:53:50] [Admin Verify] Authentication token not found
[2026-09-02 13:53:50] [Admin Verify] Authentication token not found
[2026-09-02 13:53:50] [Admin Verify] Authentication token not found
[2026-09-02 13:53:50] [Admin Verify] Authentication token not found
[2026-09-02 13:53:50] [Admin Verify] Authentication token not found
[2026-09-02 13:53:50] [Admin Verify] Authentication token not found
[2026-09-02 13:53:50] [Admin Verify] Authentication token not found
[2026-09-02 13:53:50] [Admin Verify] Authentication token not found
[2026-09-02 13:53:50] [Admin Verify] Authentication token not found
[2026-09-02 13:53:50] [Admin Verify] Authentication token not found
[2026-09-02 13:53:50] [Admin Verify] Authentication token not found
[2026-09-02 13:53:50] [Admin Verify] Authentication token not found
[2026-09-02 13:53:50] [Admin Verify] Authentication token not found
[2026-09-02 13:53:50] [Admin Verify] Authentication token not found
[2026-09-02 13:53:50] [Admin Verify] Authentication token not found
[2026-09-02 13:53:50] [Admin Verify] Authentication token not found
[2026-09-02 13:53:50] [Admin Verify] Authentication token not found
[2026-09-02 13:53:51] [Admin Verify] Authentication token not found
[2026-09-02 13:53:51] [Admin Verify] Authentication token not found
[2026-09-02 13:53:51] [Admin Verify] Authentication token not found
[2026-09-02 13:53:51] [Admin Verify] Authentication token not found
[2026-09-02 13:53:51] [Admin Verify] Authentication token not found
[2026-09-02 13:53:51] [Admin Verify] Authentication token not found
[2026-09-02 13:53:51] [Admin Verify] Authentication token not found
[2026-09-02 13:53:51] [Admin Verify] Authentication token not found
[2026-09-02 13:53:51] [Admin Verify] Authentication token not found
[2026-09-02 13:53:51] [Admin Verify] Authentication token not found
[2026-09-02 13:53:51] [Admin Verify] Authentication token not found
[2026-09-02 13:53:51] [Admin Verify] Authentication token not found
[2026-09-02 13:53:51] [Admin Verify] Authentication token not found
[2026-09-02 13:53:51] [Admin Verify] Authentication token not found
[2026-09-02 13:53:51] [Admin Verify] Authentication token not found
[2026-09-02 13:53:51] [Admin Verify] Authentication token not found
[2026-09-02 13:53:51] [Admin Verify] Authentication token not found
[2026-09-02 13:53:51] [Admin Verify] Authentication token not found
[2026-09-02 13:53:51] [Admin Verify] Authentication token not found
[2026-09-02 13:53:51] [Admin Verify] Authentication token not found
[2026-09-02 13:53:51] [Admin Verify] Authentication token not found
[2026-09-02 13:53:51] [Admin Verify] Authentication token not found
[2026-09-02 13:53:51] [Admin Verify] Authentication token not found
[2026-09-02 13:53:51] [Admin Verify] Authentication token not found
[2026-09-02 13:53:51] [Admin Verify] Authentication token not found
[2026-09-02 13:53:51] [Admin Verify] Authentication token not found
[2026-09-02 13:53:51] [Admin Verify] Authentication token not found
[2026-09-02 13:53:51] [Admin Verify] Authentication token not found
[2026-09-02 13:53:51] [Admin Verify] Authentication token not found
[2026-09-02 13:53:51] [Admin Verify] Authentication token not found
[2026-09-02 13:53:51] [Admin Verify] Authentication token not found
[2026-09-02 13:53:51] [Admin Verify] Authentication token not found
[2026-09-02 13:53:51] [Admin Verify] Authentication token not found
[2026-09-02 13:53:51] [Admin Verify] Authentication token not found
[2026-09-02 13:53:51] [Admin Verify] Authentication token not found
[2026-09-02 13:53:51] [Admin Verify] Authentication token not found
[2026-09-02 13:53:51] [Admin Verify] Authentication token not found
[2026-09-02 13:53:51] [Admin Verify] Authentication token not found
[2026-09-02 13:53:51] [Admin Verify] Authentication token not found
[2026-09-02 13:53:51] [Admin Verify] Authentication token not found
[2026-09-02 13:53:51] [Admin Verify] Authentication token not found
[2026-09-02 13:53:51] [Admin Verify] Authentication token not found
[2026-09-02 13:53:51] [Admin Verify] Authentication token not found
[2026-09-02 13:53:51] [Admin Verify] Authentication token not found
[2026-09-02 13:53:51] [Admin Verify] Authentication token not found
[2026-09-02 13:53:51] [Admin Verify] Authentication token not found
[2026-09-02 13:53:52] [Admin Verify] Authentication token not found
[2026-09-02 13:53:52] [Admin Verify] Authentication token not found
[2026-09-02 13:53:52] [Admin Verify] Authentication token not found
[2026-09-02 13:53:52] [Admin Verify] Authentication token not found
[2026-09-02 13:53:52] [Admin Verify] Authentication token not found
[2026-09-02 13:53:52] [Admin Verify] Authentication token not found
[2026-09-02 13:53:52] [Admin Verify] Authentication token not found
[2026-09-02 13:53:52] [Admin Verify] Authentication token not found
[2026-09-02 13:53:52] [Admin Verify] Authentication token not found
[2026-09-02 13:53:52] [Admin Verify] Authentication token not found
[2026-09-02 13:53:52] [Admin Verify] Authentication token not found
[2026-09-02 13:53:52] [Admin Verify] Authentication token not found
[2026-09-02 13:53:52] [Admin Verify] Authentication token not found
[2026-09-02 13:53:52] [Admin Verify] Authentication token not found
[2026-09-02 13:53:52] [Admin Verify] Authentication token not found
[2026-09-02 13:53:52] [Admin Verify] Authentication token not found
[2026-09-02 13:53:52] [Admin Verify] Authentication token not found
[2026-09-02 13:53:52] [Admin Verify] Authentication token not found
[2026-09-02 13:53:52] [Admin Verify] Authentication token not found
[2026-09-02 13:53:52] [Admin Verify] Authentication token not found
[2026-09-02 13:53:52] [Admin Verify] Authentication token not found
[2026-09-02 13:53:52] [Admin Verify] Authentication token not found
[2026-09-02 13:53:52] [Admin Verify] Authentication token not found
[2026-09-02 13:53:52] [Admin Verify] Authentication token not found
[2026-09-02 13:53:52] [Admin Verify] Authentication token not found
[2026-09-02 13:53:52] [Admin Verify] Authentication token not found
[2026-09-02 13:53:52] [Admin Verify] Authentication token not found
[2026-09-02 13:53:52] [Admin Verify] Authentication token not found
[2026-09-02 13:53:52] [Admin Verify] Authentication token not found
[2026-09-02 13:53:53] [Admin Verify] Authentication token not found
[2026-09-02 13:53:53] [Admin Verify] Authentication token not found
[2026-09-02 13:53:53] [Admin Verify] Authentication token not found
[2026-09-02 13:53:53] [Admin Verify] Authentication token not found
[2026-09-02 13:53:53] [Admin Verify] Authentication token not found
[2026-09-02 13:53:53] [Admin Verify] Authentication token not found
[2026-09-02 13:53:53] [Admin Verify] Authentication token not found
[2026-09-02 13:53:53] [Admin Verify] Authentication token not found
[2026-09-02 13:53:53] [Admin Verify] Authentication token not found
[2026-09-02 13:53:53] [Admin Verify] Authentication token not found
[2026-09-02 13:53:53] [Admin Verify] Authentication token not found
[2026-09-02 13:53:53] [Admin Verify] Authentication token not found
[2026-09-02 13:53:53] [Admin Verify] Authentication token not found
[2026-09-02 13:53:53] [Admin Verify] Authentication token not found
[2026-09-02 13:53:53] [Admin Verify] Authentication token not found
[2026-09-02 13:53:53] [Admin Verify] Authentication token not found
[2026-09-02 13:53:53] [Admin Verify] Authentication token not found
[2026-09-02 13:53:53] [Admin Verify] Authentication token not found
[2026-09-02 13:53:53] [Admin Verify] Authentication token not found
[2026-09-02 13:53:53] [Admin Verify] Authentication token not found
[2026-09-02 13:53:53] [Admin Verify] Authentication token not found
[2026-09-02 13:53:53] [Admin Verify] Authentication token not found
[2026-09-02 13:53:53] [Admin Verify] Authentication token not found
[2026-09-02 13:53:53] [Admin Verify] Authentication token not found
[2026-09-02 13:53:53] [Admin Verify] Authentication token not found
[2026-09-02 13:53:53] [Admin Verify] Authentication token not found
[2026-09-02 13:53:53] [Admin Verify] Authentication token not found
[2026-09-02 13:53:53] [Admin Verify] Authentication token not found
[2026-09-02 13:53:53] [Admin Verify] Authentication token not found
[2026-09-02 13:53:53] [Admin Verify] Authentication token not found
[2026-09-02 13:53:53] [Admin Verify] Authentication token not found
[2026-09-02 13:53:53] [Admin Verify] Authentication token not found
[2026-09-02 13:53:53] [Admin Verify] Authentication token not found
[2026-09-02 13:53:53] [Admin Verify] Authentication token not found
[2026-09-02 13:53:53] [Admin Verify] Authentication token not found
[2026-09-02 13:53:53] [Admin Verify] Authentication token not found
[2026-09-02 13:53:53] [Admin Verify] Authentication token not found
[2026-09-02 13:53:53] [Admin Verify] Authentication token not found
[2026-09-02 13:53:53] [Admin Verify] Authentication token not found
[2026-09-02 13:53:53] [Admin Verify] Authentication token not found
[2026-09-02 13:53:53] [Admin Verify] Authentication token not found
[2026-09-02 13:53:53] [Admin Verify] Authentication token not found
[2026-09-02 13:53:53] [Admin Verify] Authentication token not found
[2026-09-02 13:53:54] [Admin Verify] Authentication token not found
[2026-09-02 13:53:54] [Admin Verify] Authentication token not found
[2026-09-02 13:53:54] [Admin Verify] Authentication token not found
[2026-09-02 13:53:54] [Admin Verify] Authentication token not found
[2026-09-02 13:53:54] [Admin Verify] Authentication token not found
[2026-09-02 13:53:54] [Admin Verify] Authentication token not found
[2026-09-02 13:53:54] [Admin Verify] Authentication token not found
[2026-09-02 13:53:54] [Admin Verify] Authentication token not found
[2026-09-02 13:53:54] [Admin Verify] Authentication token not found
[2026-09-02 13:53:54] [Admin Verify] Authentication token not found
[2026-09-02 13:53:54] [Admin Verify] Authentication token not found
[2026-09-02 13:53:54] [Admin Verify] Authentication token not found
[2026-09-02 13:53:54] [Admin Verify] Authentication token not found
[2026-09-02 13:53:54] [Admin Verify] Authentication token not found
[2026-09-02 13:53:54] [Admin Verify] Authentication token not found
[2026-09-02 13:53:54] [Admin Verify] Authentication token not found
[2026-09-02 13:53:54] [Admin Verify] Authentication token not found
[2026-09-02 13:53:54] [Admin Verify] Authentication token not found
[2026-09-02 13:53:54] [Admin Verify] Authentication token not found
[2026-09-02 13:53:54] [Admin Verify] Authentication token not found
[2026-09-02 13:53:54] [Admin Verify] Authentication token not found
[2026-09-02 13:53:54] [Admin Verify] Authentication token not found
[2026-09-02 13:53:54] [Admin Verify] Authentication token not found
[2026-09-02 13:53:54] [Admin Verify] Authentication token not found
[2026-09-02 13:53:54] [Admin Verify] Authentication token not found
[2026-09-02 13:53:54] [Admin Verify] Authentication token not found
[2026-09-02 13:53:54] [Admin Verify] Authentication token not found
[2026-09-02 13:53:54] [Admin Verify] Authentication token not found
[2026-09-02 13:53:54] [Admin Verify] Authentication token not found
[2026-09-02 13:53:54] [Admin Verify] Authentication token not found
[2026-09-02 13:53:54] [Admin Verify] Authentication token not found
[2026-09-02 13:53:54] [Admin Verify] Authentication token not found
[2026-09-02 13:53:54] [Admin Verify] Authentication token not found
[2026-09-02 13:53:54] [Admin Verify] Authentication token not found
[2026-09-02 13:53:54] [Admin Verify] Authentication token not found
[2026-09-02 13:53:54] [Admin Verify] Authentication token not found
[2026-09-02 13:53:54] [Admin Verify] Authentication token not found
[2026-09-02 13:53:54] [Admin Verify] Authentication token not found
[2026-09-02 13:53:54] [Admin Verify] Authentication token not found
[2026-09-02 13:53:54] [Admin Verify] Authentication token not found
[2026-09-02 13:53:54] [Admin Verify] Authentication token not found
[2026-09-02 13:53:55] [Admin Verify] Authentication token not found
[2026-09-02 13:53:55] [Admin Verify] Authentication token not found
[2026-09-02 13:53:55] [Admin Verify] Authentication token not found
[2026-09-02 13:53:55] [Admin Verify] Authentication token not found
[2026-09-02 13:53:55] [Admin Verify] Authentication token not found
[2026-09-02 13:53:55] [Admin Verify] Authentication token not found
[2026-09-02 13:53:55] [Admin Verify] Authentication token not found
[2026-09-02 13:53:55] [Admin Verify] Authentication token not found
[2026-09-02 13:53:55] [Admin Verify] Authentication token not found
[2026-09-02 13:53:55] [Admin Verify] Authentication token not found
[2026-09-02 13:53:55] [Admin Verify] Authentication token not found
[2026-09-02 13:53:55] [Admin Verify] Authentication token not found
[2026-09-02 13:53:55] [Admin Verify] Authentication token not found
[2026-09-02 13:53:55] [Admin Verify] Authentication token not found
[2026-09-02 13:53:55] [Admin Verify] Authentication token not found
[2026-09-02 13:53:55] [Admin Verify] Authentication token not found
[2026-09-02 13:53:55] [Admin Verify] Authentication token not found
[2026-09-02 13:53:55] [Admin Verify] Authentication token not found
[2026-09-02 13:53:55] [Admin Verify] Authentication token not found
[2026-09-02 13:53:55] [Admin Verify] Authentication token not found
[2026-09-02 13:53:55] [Admin Verify] Authentication token not found
[2026-09-02 13:53:55] [Admin Verify] Authentication token not found
[2026-09-02 13:53:55] [Admin Verify] Authentication token not found
[2026-09-02 13:53:55] [Admin Verify] Authentication token not found
[2026-09-02 13:53:55] [Admin Verify] Authentication token not found
[2026-09-02 13:53:55] [Admin Verify] Authentication token not found
[2026-09-02 13:53:55] [Admin Verify] Authentication token not found
[2026-09-02 13:53:55] [Admin Verify] Authentication token not found
[2026-09-02 13:53:55] [Admin Verify] Authentication token not found
[2026-09-02 13:53:55] [Admin Verify] Authentication token not found
[2026-09-02 13:53:55] [Admin Verify] Authentication token not found
[2026-09-02 13:53:55] [Admin Verify] Authentication token not found
[2026-09-02 13:53:55] [Admin Verify] Authentication token not found
[2026-09-02 13:53:55] [Admin Verify] Authentication token not found
[2026-09-02 13:53:55] [Admin Verify] Authentication token not found
[2026-09-02 13:53:55] [Admin Verify] Authentication token not found
[2026-09-02 13:53:55] [Admin Verify] Authentication token not found
[2026-09-02 13:53:56] [Admin Verify] Authentication token not found
[2026-09-02 13:53:56] [Admin Verify] Authentication token not found
[2026-09-02 13:53:56] [Admin Verify] Authentication token not found
[2026-09-02 13:53:56] [Admin Verify] Authentication token not found
[2026-09-02 13:53:56] [Admin Verify] Authentication token not found
[2026-09-02 13:53:56] [Admin Verify] Authentication token not found
[2026-09-02 13:53:56] [Admin Verify] Authentication token not found
[2026-09-02 13:53:56] [Admin Verify] Authentication token not found
[2026-09-02 13:53:56] [Admin Verify] Authentication token not found
[2026-09-02 13:53:56] [Admin Verify] Authentication token not found
[2026-09-02 13:53:56] [Admin Verify] Authentication token not found
[2026-09-02 13:53:56] [Admin Verify] Authentication token not found
[2026-09-02 13:53:56] [Admin Verify] Authentication token not found
[2026-09-02 13:53:56] [Admin Verify] Authentication token not found
[2026-09-02 13:53:56] [Admin Verify] Authentication token not found
[2026-09-02 13:53:56] [Admin Verify] Authentication token not found
[2026-09-02 13:53:56] [Admin Verify] Authentication token not found
[2026-09-02 13:53:56] [Admin Verify] Authentication token not found
[2026-09-02 13:53:56] [Admin Verify] Authentication token not found
[2026-09-02 13:53:56] [Admin Verify] Authentication token not found
[2026-09-02 13:53:56] [Admin Verify] Authentication token not found
[2026-09-02 13:53:56] [Admin Verify] Authentication token not found
[2026-09-02 13:53:56] [Admin Verify] Authentication token not found
[2026-09-02 13:53:56] [Admin Verify] Authentication token not found
[2026-09-02 13:53:56] [Admin Verify] Authentication token not found
[2026-09-02 13:53:56] [Admin Verify] Authentication token not found
[2026-09-02 13:53:56] [Admin Verify] Authentication token not found
[2026-09-02 13:53:56] [Admin Verify] Authentication token not found
[2026-09-02 13:53:56] [Admin Verify] Authentication token not found
[2026-09-02 13:53:56] [Admin Verify] Authentication token not found
[2026-09-02 13:53:56] [Admin Verify] Authentication token not found
[2026-09-02 13:53:56] [Admin Verify] Authentication token not found
[2026-09-02 13:53:56] [Admin Verify] Authentication token not found
[2026-09-02 13:53:56] [Admin Verify] Authentication token not found
[2026-09-02 13:53:56] [Admin Verify] Authentication token not found
[2026-09-02 13:53:56] [Admin Verify] Authentication token not found
[2026-09-02 13:53:56] [Admin Verify] Authentication token not found
[2026-09-02 13:53:56] [Admin Verify] Authentication token not found
[2026-09-02 13:53:56] [Admin Verify] Authentication token not found
[2026-09-02 13:53:56] [Admin Verify] Authentication token not found
[2026-09-02 13:53:56] [Admin Verify] Authentication token not found
[2026-09-02 13:53:56] [Admin Verify] Authentication token not found
[2026-09-02 13:53:56] [Admin Verify] Authentication token not found
[2026-09-02 13:53:56] [Admin Verify] Authentication token not found
[2026-09-02 13:53:57] [Admin Verify] Authentication token not found
[2026-09-02 13:53:57] [Admin Verify] Authentication token not found
[2026-09-02 13:53:57] [Admin Verify] Authentication token not found
[2026-09-02 13:53:57] [Admin Verify] Authentication token not found
[2026-09-02 13:53:57] [Admin Verify] Authentication token not found
[2026-09-02 13:53:57] [Admin Verify] Authentication token not found
[2026-09-02 13:53:57] [Admin Verify] Authentication token not found
[2026-09-02 13:53:57] [Admin Verify] Authentication token not found
[2026-09-02 13:53:57] [Admin Verify] Authentication token not found
[2026-09-02 13:53:57] [Admin Verify] Authentication token not found
[2026-09-02 13:53:57] [Admin Verify] Authentication token not found
[2026-09-02 13:53:57] [Admin Verify] Authentication token not found
[2026-09-02 13:53:57] [Admin Verify] Authentication token not found
[2026-09-02 13:53:57] [Admin Verify] Authentication token not found
[2026-09-02 13:53:57] [Admin Verify] Authentication token not found
[2026-09-02 13:53:57] [Admin Verify] Authentication token not found
[2026-09-02 13:53:57] [Admin Verify] Authentication token not found
[2026-09-02 13:53:57] [Admin Verify] Authentication token not found
[2026-09-02 13:53:57] [Admin Verify] Authentication token not found
[2026-09-02 13:53:57] [Admin Verify] Authentication token not found
[2026-09-02 13:53:57] [Admin Verify] Authentication token not found
[2026-09-02 13:53:57] [Admin Verify] Authentication token not found
[2026-09-02 13:53:57] [Admin Verify] Authentication token not found
[2026-09-02 13:53:57] [Admin Verify] Authentication token not found
[2026-09-02 13:53:57] [Admin Verify] Authentication token not found
[2026-09-02 13:53:57] [Admin Verify] Authentication token not found
[2026-09-02 13:53:57] [Admin Verify] Authentication token not found
[2026-09-02 13:53:57] [Admin Verify] Authentication token not found
[2026-09-02 13:53:57] [Admin Verify] Authentication token not found
[2026-09-02 13:53:57] [Admin Verify] Authentication token not found
[2026-09-02 13:53:57] [Admin Verify] Authentication token not found
[2026-09-02 13:53:57] [Admin Verify] Authentication token not found
[2026-09-02 13:53:57] [Admin Verify] Authentication token not found
[2026-09-02 13:53:57] [Admin Verify] Authentication token not found
[2026-09-02 13:53:57] [Admin Verify] Authentication token not found
[2026-09-02 13:53:57] [Admin Verify] Authentication token not found
[2026-09-02 13:53:57] [Admin Verify] Authentication token not found
[2026-09-02 13:53:57] [Admin Verify] Authentication token not found
[2026-09-02 13:53:57] [Admin Verify] Authentication token not found
[2026-09-02 13:53:57] [Admin Verify] Authentication token not found
[2026-09-02 13:53:57] [Admin Verify] Authentication token not found
[2026-09-02 13:53:57] [Admin Verify] Authentication token not found
[2026-09-02 13:53:57] [Admin Verify] Authentication token not found
[2026-09-02 13:53:57] [Admin Verify] Authentication token not found
[2026-09-02 13:53:57] [Admin Verify] Authentication token not found
[2026-09-02 13:53:57] [Admin Verify] Authentication token not found
[2026-09-02 13:53:57] [Admin Verify] Authentication token not found
[2026-09-02 13:53:58] [Admin Verify] Authentication token not found
[2026-09-02 13:53:58] [Admin Verify] Authentication token not found
[2026-09-02 13:53:58] [Admin Verify] Authentication token not found
[2026-09-02 13:53:58] [Admin Verify] Authentication token not found
[2026-09-02 13:53:58] [Admin Verify] Authentication token not found
[2026-09-02 13:53:58] [Admin Verify] Authentication token not found
[2026-09-02 13:53:58] [Admin Verify] Authentication token not found
[2026-09-02 13:53:58] [Admin Verify] Authentication token not found
[2026-09-02 13:53:58] [Admin Verify] Authentication token not found
[2026-09-02 13:53:58] [Admin Verify] Authentication token not found
[2026-09-02 13:53:58] [Admin Verify] Authentication token not found
[2026-09-02 13:53:58] [Admin Verify] Authentication token not found
[2026-09-02 13:53:58] [Admin Verify] Authentication token not found
[2026-09-02 13:53:58] [Admin Verify] Authentication token not found
[2026-09-02 13:53:58] [Admin Verify] Authentication token not found
[2026-09-02 13:53:58] [Admin Verify] Authentication token not found
[2026-09-02 13:53:58] [Admin Verify] Authentication token not found
[2026-09-02 13:53:58] [Admin Verify] Authentication token not found
[2026-09-02 13:53:58] [Admin Verify] Authentication token not found
[2026-09-02 13:53:58] [Admin Verify] Authentication token not found
[2026-09-02 13:53:58] [Admin Verify] Authentication token not found
[2026-09-02 13:53:58] [Admin Verify] Authentication token not found
[2026-09-02 13:53:58] [Admin Verify] Authentication token not found
[2026-09-02 13:53:58] [Admin Verify] Authentication token not found
[2026-09-02 13:53:58] [Admin Verify] Authentication token not found
[2026-09-02 13:53:58] [Admin Verify] Authentication token not found
[2026-09-02 13:53:58] [Admin Verify] Authentication token not found
[2026-09-02 13:53:58] [Admin Verify] Authentication token not found
[2026-09-02 13:53:58] [Admin Verify] Authentication token not found
[2026-09-02 13:53:58] [Admin Verify] Authentication token not found
[2026-09-02 13:53:58] [Admin Verify] Authentication token not found
[2026-09-02 13:53:58] [Admin Verify] Authentication token not found
[2026-09-02 13:53:58] [Admin Verify] Authentication token not found
[2026-09-02 13:53:58] [Admin Verify] Authentication token not found
[2026-09-02 13:53:58] [Admin Verify] Authentication token not found
[2026-09-02 13:53:58] [Admin Verify] Authentication token not found
[2026-09-02 13:53:58] [Admin Verify] Authentication token not found
[2026-09-02 13:53:58] [Admin Verify] Authentication token not found
[2026-09-02 13:53:58] [Admin Verify] Authentication token not found
[2026-09-02 13:53:58] [Admin Verify] Authentication token not found
[2026-09-02 13:53:58] [Admin Verify] Authentication token not found
[2026-09-02 13:53:58] [Admin Verify] Authentication token not found
[2026-09-02 13:53:58] [Admin Verify] Authentication token not found
[2026-09-02 13:53:58] [Admin Verify] Authentication token not found
[2026-09-02 13:53:59] [Admin Verify] Authentication token not found
[2026-09-02 13:53:59] [Admin Verify] Authentication token not found
[2026-09-02 13:53:59] [Admin Verify] Authentication token not found
[2026-09-02 13:53:59] [Admin Verify] Authentication token not found
[2026-09-02 13:53:59] [Admin Verify] Authentication token not found
[2026-09-02 13:53:59] [Admin Verify] Authentication token not found
[2026-09-02 13:53:59] [Admin Verify] Authentication token not found
[2026-09-02 13:53:59] [Admin Verify] Authentication token not found
[2026-09-02 13:53:59] [Admin Verify] Authentication token not found
[2026-09-02 13:53:59] [Admin Verify] Authentication token not found
[2026-09-02 13:53:59] [Admin Verify] Authentication token not found
[2026-09-02 13:53:59] [Admin Verify] Authentication token not found
[2026-09-02 13:53:59] [Admin Verify] Authentication token not found
[2026-09-02 13:53:59] [Admin Verify] Authentication token not found
[2026-09-02 13:53:59] [Admin Verify] Authentication token not found
[2026-09-02 13:53:59] [Admin Verify] Authentication token not found
[2026-09-02 13:53:59] [Admin Verify] Authentication token not found
[2026-09-02 13:53:59] [Admin Verify] Authentication token not found
[2026-09-02 13:53:59] [Admin Verify] Authentication token not found
[2026-09-02 13:53:59] [Admin Verify] Authentication token not found
[2026-09-02 13:53:59] [Admin Verify] Authentication token not found
[2026-09-02 13:53:59] [Admin Verify] Authentication token not found
[2026-09-02 13:53:59] [Admin Verify] Authentication token not found
[2026-09-02 13:53:59] [Admin Verify] Authentication token not found
[2026-09-02 13:53:59] [Admin Verify] Authentication token not found
[2026-09-02 13:53:59] [Admin Verify] Authentication token not found
[2026-09-02 13:53:59] [Admin Verify] Authentication token not found
[2026-09-02 13:53:59] [Admin Verify] Authentication token not found
[2026-09-02 13:53:59] [Admin Verify] Authentication token not found
[2026-09-02 13:53:59] [Admin Verify] Authentication token not found
[2026-09-02 13:53:59] [Admin Verify] Authentication token not found
[2026-09-02 13:53:59] [Admin Verify] Authentication token not found
[2026-09-02 13:53:59] [Admin Verify] Authentication token not found
[2026-09-02 13:53:59] [Admin Verify] Authentication token not found
[2026-09-02 13:53:59] [Admin Verify] Authentication token not found
[2026-09-02 13:53:59] [Admin Verify] Authentication token not found
[2026-09-02 13:53:59] [Admin Verify] Authentication token not found
[2026-09-02 13:54:00] [Admin Verify] Authentication token not found
[2026-09-02 13:54:00] [Admin Verify] Authentication token not found
[2026-09-02 13:54:00] [Admin Verify] Authentication token not found
[2026-09-02 13:54:00] [Admin Verify] Authentication token not found
[2026-09-02 13:54:00] [Admin Verify] Authentication token not found
[2026-09-02 13:54:00] [Admin Verify] Authentication token not found
[2026-09-02 13:54:00] [Admin Verify] Authentication token not found
[2026-09-02 13:54:00] [Admin Verify] Authentication token not found
[2026-09-02 13:54:00] [Admin Verify] Authentication token not found
[2026-09-02 13:54:00] [Admin Verify] Authentication token not found
[2026-09-02 13:54:00] [Admin Verify] Authentication token not found
[2026-09-02 13:54:00] [Admin Verify] Authentication token not found
[2026-09-02 13:54:00] [Admin Verify] Authentication token not found
[2026-09-02 13:54:00] [Admin Verify] Authentication token not found
[2026-09-02 13:54:00] [Admin Verify] Authentication token not found
[2026-09-02 13:54:00] [Admin Verify] Authentication token not found
[2026-09-02 13:54:00] [Admin Verify] Authentication token not found
[2026-09-02 13:54:00] [Admin Verify] Authentication token not found
[2026-09-02 13:54:00] [Admin Verify] Authentication token not found
[2026-09-02 13:54:00] [Admin Verify] Authentication token not found
[2026-09-02 13:54:00] [Admin Verify] Authentication token not found
[2026-09-02 13:54:00] [Admin Verify] Authentication token not found
[2026-09-02 13:54:00] [Admin Verify] Authentication token not found
[2026-09-02 13:54:00] [Admin Verify] Authentication token not found
[2026-09-02 13:54:00] [Admin Verify] Authentication token not found
[2026-09-02 13:54:00] [Admin Verify] Authentication token not found
[2026-09-02 13:54:00] [Admin Verify] Authentication token not found
[2026-09-02 13:54:00] [Admin Verify] Authentication token not found
[2026-09-02 13:54:00] [Admin Verify] Authentication token not found
[2026-09-02 13:54:00] [Admin Verify] Authentication token not found
[2026-09-02 13:54:00] [Admin Verify] Authentication token not found
[2026-09-02 13:54:00] [Admin Verify] Authentication token not found
[2026-09-02 13:54:00] [Admin Verify] Authentication token not found
[2026-09-02 13:54:00] [Admin Verify] Authentication token not found
[2026-09-02 13:54:00] [Admin Verify] Authentication token not found
[2026-09-02 13:54:00] [Admin Verify] Authentication token not found
[2026-09-02 13:54:00] [Admin Verify] Authentication token not found
[2026-09-02 13:54:01] [Admin Verify] Authentication token not found
[2026-09-02 13:54:01] [Admin Verify] Authentication token not found
[2026-09-02 13:54:01] [Admin Verify] Authentication token not found
[2026-09-02 13:54:01] [Admin Verify] Authentication token not found
[2026-09-02 13:54:01] [Admin Verify] Authentication token not found
[2026-09-02 13:54:01] [Admin Verify] Authentication token not found
[2026-09-02 13:54:01] [Admin Verify] Authentication token not found
[2026-09-02 13:54:01] [Admin Verify] Authentication token not found
[2026-09-02 13:54:01] [Admin Verify] Authentication token not found
[2026-09-02 13:54:01] [Admin Verify] Authentication token not found
[2026-09-02 13:54:01] [Admin Verify] Authentication token not found
[2026-09-02 13:54:01] [Admin Verify] Authentication token not found
[2026-09-02 13:54:01] [Admin Verify] Authentication token not found
[2026-09-02 13:54:01] [Admin Verify] Authentication token not found
[2026-09-02 13:54:01] [Admin Verify] Authentication token not found
[2026-09-02 13:54:01] [Admin Verify] Authentication token not found
[2026-09-02 13:54:01] [Admin Verify] Authentication token not found
[2026-09-02 13:54:01] [Admin Verify] Authentication token not found
[2026-09-02 13:54:01] [Admin Verify] Authentication token not found
[2026-09-02 13:54:01] [Admin Verify] Authentication token not found
[2026-09-02 13:54:01] [Admin Verify] Authentication token not found
[2026-09-02 13:54:01] [Admin Verify] Authentication token not found
[2026-09-02 13:54:01] [Admin Verify] Authentication token not found
[2026-09-02 13:54:01] [Admin Verify] Authentication token not found
[2026-09-02 13:54:01] [Admin Verify] Authentication token not found
[2026-09-02 13:54:01] [Admin Verify] Authentication token not found
[2026-09-02 13:54:01] [Admin Verify] Authentication token not found
[2026-09-02 13:54:01] [Admin Verify] Authentication token not found
[2026-09-02 13:54:01] [Admin Verify] Authentication token not found
[2026-09-02 13:54:01] [Admin Verify] Authentication token not found
[2026-09-02 13:54:01] [Admin Verify] Authentication token not found
[2026-09-02 13:54:01] [Admin Verify] Authentication token not found
[2026-09-02 13:54:01] [Admin Verify] Authentication token not found
[2026-09-02 13:54:01] [Admin Verify] Authentication token not found
[2026-09-02 13:54:01] [Admin Verify] Authentication token not found
[2026-09-02 13:54:01] [Admin Verify] Authentication token not found
[2026-09-02 13:54:01] [Admin Verify] Authentication token not found
[2026-09-02 13:54:01] [Admin Verify] Authentication token not found
[2026-09-02 13:54:01] [Admin Verify] Authentication token not found
[2026-09-02 13:54:01] [Admin Verify] Authentication token not found
[2026-09-02 13:54:01] [Admin Verify] Authentication token not found
[2026-09-02 13:54:01] [Admin Verify] Authentication token not found
[2026-09-02 13:54:01] [Admin Verify] Authentication token not found
[2026-09-02 13:54:02] [Admin Verify] Authentication token not found
[2026-09-02 13:54:02] [Admin Verify] Authentication token not found
[2026-09-02 13:54:02] [Admin Verify] Authentication token not found
[2026-09-02 13:54:02] [Admin Verify] Authentication token not found
[2026-09-02 13:54:02] [Admin Verify] Authentication token not found
[2026-09-02 13:54:02] [Admin Verify] Authentication token not found
[2026-09-02 13:54:02] [Admin Verify] Authentication token not found
[2026-09-02 13:54:02] [Admin Verify] Authentication token not found
[2026-09-02 13:54:02] [Admin Verify] Authentication token not found
[2026-09-02 13:54:02] [Admin Verify] Authentication token not found
[2026-09-02 13:54:02] [Admin Verify] Authentication token not found
[2026-09-02 13:54:02] [Admin Verify] Authentication token not found
[2026-09-02 13:54:02] [Admin Verify] Authentication token not found
[2026-09-02 13:54:02] [Admin Verify] Authentication token not found
[2026-09-02 13:54:02] [Admin Verify] Authentication token not found
[2026-09-02 13:54:02] [Admin Verify] Authentication token not found
[2026-09-02 13:54:02] [Admin Verify] Authentication token not found
[2026-09-02 13:54:02] [Admin Verify] Authentication token not found
[2026-09-02 13:54:02] [Admin Verify] Authentication token not found
[2026-09-02 13:54:02] [Admin Verify] Authentication token not found
[2026-09-02 13:54:02] [Admin Verify] Authentication token not found
[2026-09-02 13:54:02] [Admin Verify] Authentication token not found
[2026-09-02 13:54:02] [Admin Verify] Authentication token not found
[2026-09-02 13:54:02] [Admin Verify] Authentication token not found
[2026-09-02 13:54:02] [Admin Verify] Authentication token not found
[2026-09-02 13:54:02] [Admin Verify] Authentication token not found
[2026-09-02 13:54:02] [Admin Verify] Authentication token not found
[2026-09-02 13:54:02] [Admin Verify] Authentication token not found
[2026-09-02 13:54:02] [Admin Verify] Authentication token not found
[2026-09-02 13:54:02] [Admin Verify] Authentication token not found
[2026-09-02 13:54:02] [Admin Verify] Authentication token not found
[2026-09-02 13:54:02] [Admin Verify] Authentication token not found
[2026-09-02 13:54:02] [Admin Verify] Authentication token not found
[2026-09-02 13:54:02] [Admin Verify] Authentication token not found
[2026-09-02 13:54:02] [Admin Verify] Authentication token not found
[2026-09-02 13:54:02] [Admin Verify] Authentication token not found
[2026-09-02 13:54:02] [Admin Verify] Authentication token not found
[2026-09-02 13:54:02] [Admin Verify] Authentication token not found
[2026-09-02 13:54:02] [Admin Verify] Authentication token not found
[2026-09-02 13:54:02] [Admin Verify] Authentication token not found
[2026-09-02 13:54:02] [Admin Verify] Authentication token not found
[2026-09-02 13:54:02] [Admin Verify] Authentication token not found
[2026-09-02 13:54:02] [Admin Verify] Authentication token not found
[2026-09-02 13:54:02] [Admin Verify] Authentication token not found
[2026-09-02 13:54:02] [Admin Verify] Authentication token not found
[2026-09-02 13:54:03] [Admin Verify] Authentication token not found
[2026-09-02 13:54:03] [Admin Verify] Authentication token not found
[2026-09-02 13:54:03] [Admin Verify] Authentication token not found
[2026-09-02 13:54:03] [Admin Verify] Authentication token not found
[2026-09-02 13:54:03] [Admin Verify] Authentication token not found
[2026-09-02 13:54:03] [Admin Verify] Authentication token not found
[2026-09-02 13:54:03] [Admin Verify] Authentication token not found
[2026-09-02 13:54:03] [Admin Verify] Authentication token not found
[2026-09-02 13:54:03] [Admin Verify] Authentication token not found
[2026-09-02 13:54:03] [Admin Verify] Authentication token not found
[2026-09-02 13:54:03] [Admin Verify] Authentication token not found
[2026-09-02 13:54:03] [Admin Verify] Authentication token not found
[2026-09-02 13:54:03] [Admin Verify] Authentication token not found
[2026-09-02 13:54:03] [Admin Verify] Authentication token not found
[2026-09-02 13:54:03] [Admin Verify] Authentication token not found
[2026-09-02 13:54:03] [Admin Verify] Authentication token not found
[2026-09-02 13:54:03] [Admin Verify] Authentication token not found
[2026-09-02 13:54:03] [Admin Verify] Authentication token not found
[2026-09-02 13:54:03] [Admin Verify] Authentication token not found
[2026-09-02 13:54:03] [Admin Verify] Authentication token not found
[2026-09-02 13:54:03] [Admin Verify] Authentication token not found
[2026-09-02 13:54:03] [Admin Verify] Authentication token not found
[2026-09-02 13:54:03] [Admin Verify] Authentication token not found
[2026-09-02 13:54:03] [Admin Verify] Authentication token not found
[2026-09-02 13:54:03] [Admin Verify] Authentication token not found
[2026-09-02 13:54:03] [Admin Verify] Authentication token not found
[2026-09-02 13:54:03] [Admin Verify] Authentication token not found
[2026-09-02 13:54:03] [Admin Verify] Authentication token not found
[2026-09-02 13:54:03] [Admin Verify] Authentication token not found
[2026-09-02 13:54:03] [Admin Verify] Authentication token not found
[2026-09-02 13:54:03] [Admin Verify] Authentication token not found
[2026-09-02 13:54:03] [Admin Verify] Authentication token not found
[2026-09-02 13:54:03] [Admin Verify] Authentication token not found
[2026-09-02 13:54:03] [Admin Verify] Authentication token not found
[2026-09-02 13:54:03] [Admin Verify] Authentication token not found
[2026-09-02 13:54:03] [Admin Verify] Authentication token not found
[2026-09-02 13:54:03] [Admin Verify] Authentication token not found
[2026-09-02 13:54:03] [Admin Verify] Authentication token not found
[2026-09-02 13:54:04] [Admin Verify] Authentication token not found
[2026-09-02 13:54:04] [Admin Verify] Authentication token not found
[2026-09-02 13:54:04] [Admin Verify] Authentication token not found
[2026-09-02 13:54:04] [Admin Verify] Authentication token not found
[2026-09-02 13:54:04] [Admin Verify] Authentication token not found
[2026-09-02 13:54:04] [Admin Verify] Authentication token not found
[2026-09-02 13:54:04] [Admin Verify] Authentication token not found
[2026-09-02 13:54:04] [Admin Verify] Authentication token not found
[2026-09-02 13:54:04] [Admin Verify] Authentication token not found
[2026-09-02 13:54:04] [Admin Verify] Authentication token not found
[2026-09-02 13:54:04] [Admin Verify] Authentication token not found
[2026-09-02 13:54:04] [Admin Verify] Authentication token not found
[2026-09-02 13:54:04] [Admin Verify] Authentication token not found
[2026-09-02 13:54:04] [Admin Verify] Authentication token not found
[2026-09-02 13:54:04] [Admin Verify] Authentication token not found
[2026-09-02 13:54:04] [Admin Verify] Authentication token not found
[2026-09-02 13:54:04] [Admin Verify] Authentication token not found
[2026-09-02 13:54:04] [Admin Verify] Authentication token not found
[2026-09-02 13:54:04] [Admin Verify] Authentication token not found
[2026-09-02 13:54:04] [Admin Verify] Authentication token not found
[2026-09-02 13:54:04] [Admin Verify] Authentication token not found
[2026-09-02 13:54:04] [Admin Verify] Authentication token not found
[2026-09-02 13:54:04] [Admin Verify] Authentication token not found
[2026-09-02 13:54:04] [Admin Verify] Authentication token not found
[2026-09-02 13:54:04] [Admin Verify] Authentication token not found
[2026-09-02 13:54:04] [Admin Verify] Authentication token not found
[2026-09-02 13:54:04] [Admin Verify] Authentication token not found
[2026-09-02 13:54:04] [Admin Verify] Authentication token not found
[2026-09-02 13:54:04] [Admin Verify] Authentication token not found
[2026-09-02 13:54:04] [Admin Verify] Authentication token not found
[2026-09-02 13:54:04] [Admin Verify] Authentication token not found
[2026-09-02 13:54:04] [Admin Verify] Authentication token not found
[2026-09-02 13:54:04] [Admin Verify] Authentication token not found
[2026-09-02 13:54:04] [Admin Verify] Authentication token not found
[2026-09-02 13:54:04] [Admin Verify] Authentication token not found
[2026-09-02 13:54:04] [Admin Verify] Authentication token not found
[2026-09-02 13:54:04] [Admin Verify] Authentication token not found
[2026-09-02 13:54:04] [Admin Verify] Authentication token not found
[2026-09-02 13:54:04] [Admin Verify] Authentication token not found
[2026-09-02 13:54:04] [Admin Verify] Authentication token not found
[2026-09-02 13:54:04] [Admin Verify] Authentication token not found
[2026-09-02 13:54:04] [Admin Verify] Authentication token not found
[2026-09-02 13:54:04] [Admin Verify] Authentication token not found
[2026-09-02 13:54:04] [Admin Verify] Authentication token not found
[2026-09-02 13:54:04] [Admin Verify] Authentication token not found
[2026-09-02 13:54:04] [Admin Verify] Authentication token not found
[2026-09-02 13:54:05] [Admin Verify] Authentication token not found
[2026-09-02 13:54:05] [Admin Verify] Authentication token not found
[2026-09-02 13:54:05] [Admin Verify] Authentication token not found
[2026-09-02 13:54:05] [Admin Verify] Authentication token not found
[2026-09-02 13:54:05] [Admin Verify] Authentication token not found
[2026-09-02 13:54:05] [Admin Verify] Authentication token not found
[2026-09-02 13:54:05] [Admin Verify] Authentication token not found
[2026-09-02 13:54:05] [Admin Verify] Authentication token not found
[2026-09-02 13:54:05] [Admin Verify] Authentication token not found
[2026-09-02 13:54:05] [Admin Verify] Authentication token not found
[2026-09-02 13:54:05] [Admin Verify] Authentication token not found
[2026-09-02 13:54:05] [Admin Verify] Authentication token not found
[2026-09-02 13:54:05] [Admin Verify] Authentication token not found
[2026-09-02 13:54:05] [Admin Verify] Authentication token not found
[2026-09-02 13:54:05] [Admin Verify] Authentication token not found
[2026-09-02 13:54:05] [Admin Verify] Authentication token not found
[2026-09-02 13:54:05] [Admin Verify] Authentication token not found
[2026-09-02 13:54:05] [Admin Verify] Authentication token not found
[2026-09-02 13:54:05] [Admin Verify] Authentication token not found
[2026-09-02 13:54:05] [Admin Verify] Authentication token not found
[2026-09-02 13:54:05] [Admin Verify] Authentication token not found
[2026-09-02 13:54:05] [Admin Verify] Authentication token not found
[2026-09-02 13:54:05] [Admin Verify] Authentication token not found
[2026-09-02 13:54:05] [Admin Verify] Authentication token not found
[2026-09-02 13:54:05] [Admin Verify] Authentication token not found
[2026-09-02 13:54:05] [Admin Verify] Authentication token not found
[2026-09-02 13:54:05] [Admin Verify] Authentication token not found
[2026-09-02 13:54:05] [Admin Verify] Authentication token not found
[2026-09-02 13:54:05] [Admin Verify] Authentication token not found
[2026-09-02 13:54:05] [Admin Verify] Authentication token not found
[2026-09-02 13:54:05] [Admin Verify] Authentication token not found
[2026-09-02 13:54:05] [Admin Verify] Authentication token not found
[2026-09-02 13:54:06] [Admin Verify] Authentication token not found
[2026-09-02 13:54:06] [Admin Verify] Authentication token not found
[2026-09-02 13:54:06] [Admin Verify] Authentication token not found
[2026-09-02 13:54:06] [Admin Verify] Authentication token not found
[2026-09-02 13:54:06] [Admin Verify] Authentication token not found
[2026-09-02 13:54:06] [Admin Verify] Authentication token not found
[2026-09-02 13:54:06] [Admin Verify] Authentication token not found
[2026-09-02 13:54:06] [Admin Verify] Authentication token not found
[2026-09-02 13:54:06] [Admin Verify] Authentication token not found
[2026-09-02 13:54:06] [Admin Verify] Authentication token not found
[2026-09-02 13:54:06] [Admin Verify] Authentication token not found
[2026-09-02 13:54:06] [Admin Verify] Authentication token not found
[2026-09-02 13:54:06] [Admin Verify] Authentication token not found
[2026-09-02 13:54:06] [Admin Verify] Authentication token not found
[2026-09-02 13:54:06] [Admin Verify] Authentication token not found
[2026-09-02 13:54:06] [Admin Verify] Authentication token not found
[2026-09-02 13:54:06] [Admin Verify] Authentication token not found
[2026-09-02 13:54:06] [Admin Verify] Authentication token not found
[2026-09-02 13:54:06] [Admin Verify] Authentication token not found
[2026-09-02 13:54:06] [Admin Verify] Authentication token not found
[2026-09-02 13:54:06] [Admin Verify] Authentication token not found
[2026-09-02 13:54:06] [Admin Verify] Authentication token not found
[2026-09-02 13:54:06] [Admin Verify] Authentication token not found
[2026-09-02 13:54:06] [Admin Verify] Authentication token not found
[2026-09-02 13:54:06] [Admin Verify] Authentication token not found
[2026-09-02 13:54:06] [Admin Verify] Authentication token not found
[2026-09-02 13:54:06] [Admin Verify] Authentication token not found
[2026-09-02 13:54:06] [Admin Verify] Authentication token not found
[2026-09-02 13:54:07] [Admin Verify] Authentication token not found
[2026-09-02 13:54:07] [Admin Verify] Authentication token not found
[2026-09-02 13:54:07] [Admin Verify] Authentication token not found
[2026-09-02 13:54:07] [Admin Verify] Authentication token not found
[2026-09-02 13:54:07] [Admin Verify] Authentication token not found
[2026-09-02 13:54:07] [Admin Verify] Authentication token not found
[2026-09-02 13:54:07] [Admin Verify] Authentication token not found
[2026-09-02 13:54:07] [Admin Verify] Authentication token not found
[2026-09-02 13:54:07] [Admin Verify] Authentication token not found
[2026-09-02 13:54:07] [Admin Verify] Authentication token not found
[2026-09-02 13:54:07] [Admin Verify] Authentication token not found
[2026-09-02 13:54:07] [Admin Verify] Authentication token not found
[2026-09-02 13:54:07] [Admin Verify] Authentication token not found
[2026-09-02 13:54:07] [Admin Verify] Authentication token not found
[2026-09-02 13:54:07] [Admin Verify] Authentication token not found
[2026-09-02 13:54:07] [Admin Verify] Authentication token not found
[2026-09-02 13:54:07] [Admin Verify] Authentication token not found
[2026-09-02 13:54:07] [Admin Verify] Authentication token not found
[2026-09-02 13:54:07] [Admin Verify] Authentication token not found
[2026-09-02 13:54:07] [Admin Verify] Authentication token not found
[2026-09-02 13:54:07] [Admin Verify] Authentication token not found
[2026-09-02 13:54:07] [Admin Verify] Authentication token not found
[2026-09-02 13:54:07] [Admin Verify] Authentication token not found
[2026-09-02 13:54:07] [Admin Verify] Authentication token not found
[2026-09-02 13:54:07] [Admin Verify] Authentication token not found
[2026-09-02 13:54:07] [Admin Verify] Authentication token not found
[2026-09-02 13:54:07] [Admin Verify] Authentication token not found
[2026-09-02 13:54:07] [Admin Verify] Authentication token not found
[2026-09-02 13:54:07] [Admin Verify] Authentication token not found
[2026-09-02 13:54:07] [Admin Verify] Authentication token not found
[2026-09-02 13:54:07] [Admin Verify] Authentication token not found
[2026-09-02 13:54:07] [Admin Verify] Authentication token not found
[2026-09-02 13:54:07] [Admin Verify] Authentication token not found
[2026-09-02 13:54:07] [Admin Verify] Authentication token not found
[2026-09-02 13:54:07] [Admin Verify] Authentication token not found
[2026-09-02 13:54:07] [Admin Verify] Authentication token not found
[2026-09-02 13:54:07] [Admin Verify] Authentication token not found
[2026-09-02 13:54:07] [Admin Verify] Authentication token not found
[2026-09-02 13:54:07] [Admin Verify] Authentication token not found
[2026-09-02 13:54:07] [Admin Verify] Authentication token not found
[2026-09-02 13:54:07] [Admin Verify] Authentication token not found
[2026-09-02 13:54:07] [Admin Verify] Authentication token not found
[2026-09-02 13:54:07] [Admin Verify] Authentication token not found
[2026-09-02 13:54:07] [Admin Verify] Authentication token not found
[2026-09-02 13:54:07] [Admin Verify] Authentication token not found
[2026-09-02 13:54:07] [Admin Verify] Authentication token not found
[2026-09-02 13:54:07] [Admin Verify] Authentication token not found
[2026-09-02 13:54:07] [Admin Verify] Authentication token not found
[2026-09-02 13:54:07] [Admin Verify] Authentication token not found
[2026-09-02 13:54:07] [Admin Verify] Authentication token not found
[2026-09-02 13:54:07] [Admin Verify] Authentication token not found
[2026-09-02 13:54:08] [Admin Verify] Authentication token not found
[2026-09-02 13:54:08] [Admin Verify] Authentication token not found
[2026-09-02 13:54:08] [Admin Verify] Authentication token not found
[2026-09-02 13:54:08] [Admin Verify] Authentication token not found
[2026-09-02 13:54:08] [Admin Verify] Authentication token not found
[2026-09-02 13:54:08] [Admin Verify] Authentication token not found
[2026-09-02 13:54:08] [Admin Verify] Authentication token not found
[2026-09-02 13:54:08] [Admin Verify] Authentication token not found
[2026-09-02 13:54:08] [Admin Verify] Authentication token not found
[2026-09-02 13:54:08] [Admin Verify] Authentication token not found
[2026-09-02 13:54:08] [Admin Verify] Authentication token not found
[2026-09-02 13:54:08] [Admin Verify] Authentication token not found
[2026-09-02 13:54:08] [Admin Verify] Authentication token not found
[2026-09-02 13:54:08] [Admin Verify] Authentication token not found
[2026-09-02 13:54:08] [Admin Verify] Authentication token not found
[2026-09-02 13:54:08] [Admin Verify] Authentication token not found
[2026-09-02 13:54:08] [Admin Verify] Authentication token not found
[2026-09-02 13:54:08] [Admin Verify] Authentication token not found
[2026-09-02 13:54:08] [Admin Verify] Authentication token not found
[2026-09-02 13:54:08] [Admin Verify] Authentication token not found
[2026-09-02 13:54:08] [Admin Verify] Authentication token not found
[2026-09-02 13:54:08] [Admin Verify] Authentication token not found
[2026-09-02 13:54:08] [Admin Verify] Authentication token not found
[2026-09-02 13:54:08] [Admin Verify] Authentication token not found
[2026-09-02 13:54:08] [Admin Verify] Authentication token not found
[2026-09-02 13:54:08] [Admin Verify] Authentication token not found
[2026-09-02 13:54:08] [Admin Verify] Authentication token not found
[2026-09-02 13:54:08] [Admin Verify] Authentication token not found
[2026-09-02 13:54:08] [Admin Verify] Authentication token not found
[2026-09-02 13:54:08] [Admin Verify] Authentication token not found
[2026-09-02 13:54:08] [Admin Verify] Authentication token not found
[2026-09-02 13:54:08] [Admin Verify] Authentication token not found
[2026-09-02 13:54:08] [Admin Verify] Authentication token not found
[2026-09-02 13:54:08] [Admin Verify] Authentication token not found
[2026-09-02 13:54:08] [Admin Verify] Authentication token not found
[2026-09-02 13:54:08] [Admin Verify] Authentication token not found
[2026-09-02 13:54:08] [Admin Verify] Authentication token not found
[2026-09-02 13:54:08] [Admin Verify] Authentication token not found
[2026-09-02 13:54:08] [Admin Verify] Authentication token not found
[2026-09-02 13:54:08] [Admin Verify] Authentication token not found
[2026-09-02 13:54:08] [Admin Verify] Authentication token not found
[2026-09-02 13:54:08] [Admin Verify] Authentication token not found
[2026-09-02 13:54:08] [Admin Verify] Authentication token not found
[2026-09-02 13:54:08] [Admin Verify] Authentication token not found
[2026-09-02 13:54:08] [Admin Verify] Authentication token not found
[2026-09-02 13:54:08] [Admin Verify] Authentication token not found
[2026-09-02 13:54:09] [Admin Verify] Authentication token not found
[2026-09-02 13:54:09] [Admin Verify] Authentication token not found
[2026-09-02 13:54:09] [Admin Verify] Authentication token not found
[2026-09-02 13:54:09] [Admin Verify] Authentication token not found
[2026-09-02 13:54:09] [Admin Verify] Authentication token not found
[2026-09-02 13:54:09] [Admin Verify] Authentication token not found
[2026-09-02 13:54:09] [Admin Verify] Authentication token not found
[2026-09-02 13:54:09] [Admin Verify] Authentication token not found
[2026-09-02 13:54:09] [Admin Verify] Authentication token not found
[2026-09-02 13:54:09] [Admin Verify] Authentication token not found
[2026-09-02 13:54:09] [Admin Verify] Authentication token not found
[2026-09-02 13:54:09] [Admin Verify] Authentication token not found
[2026-09-02 13:54:09] [Admin Verify] Authentication token not found
[2026-09-02 13:54:09] [Admin Verify] Authentication token not found
[2026-09-02 13:54:09] [Admin Verify] Authentication token not found
[2026-09-02 13:54:09] [Admin Verify] Authentication token not found
[2026-09-02 13:54:09] [Admin Verify] Authentication token not found
[2026-09-02 13:54:09] [Admin Verify] Authentication token not found
[2026-09-02 13:54:09] [Admin Verify] Authentication token not found
[2026-09-02 13:54:09] [Admin Verify] Authentication token not found
[2026-09-02 13:54:09] [Admin Verify] Authentication token not found
[2026-09-02 13:54:09] [Admin Verify] Authentication token not found
[2026-09-02 13:54:09] [Admin Verify] Authentication token not found
[2026-09-02 13:54:09] [Admin Verify] Authentication token not found
[2026-09-02 13:54:09] [Admin Verify] Authentication token not found
[2026-09-02 13:54:09] [Admin Verify] Authentication token not found
[2026-09-02 13:54:09] [Admin Verify] Authentication token not found
[2026-09-02 13:54:09] [Admin Verify] Authentication token not found
[2026-09-02 13:54:09] [Admin Verify] Authentication token not found
[2026-09-02 13:54:09] [Admin Verify] Authentication token not found
[2026-09-02 13:54:09] [Admin Verify] Authentication token not found
[2026-09-02 13:54:09] [Admin Verify] Authentication token not found
[2026-09-02 13:54:09] [Admin Verify] Authentication token not found
[2026-09-02 13:54:09] [Admin Verify] Authentication token not found
[2026-09-02 13:54:09] [Admin Verify] Authentication token not found
[2026-09-02 13:54:09] [Admin Verify] Authentication token not found
[2026-09-02 13:54:09] [Admin Verify] Authentication token not found
[2026-09-02 13:54:09] [Admin Verify] Authentication token not found
[2026-09-02 13:54:09] [Admin Verify] Authentication token not found
[2026-09-02 13:54:09] [Admin Verify] Authentication token not found
[2026-09-02 13:54:10] [Admin Verify] Authentication token not found
[2026-09-02 13:54:10] [Admin Verify] Authentication token not found
[2026-09-02 13:54:10] [Admin Verify] Authentication token not found
[2026-09-02 13:54:10] [Admin Verify] Authentication token not found
[2026-09-02 13:54:10] [Admin Verify] Authentication token not found
[2026-09-02 13:54:10] [Admin Verify] Authentication token not found
[2026-09-02 13:54:10] [Admin Verify] Authentication token not found
[2026-09-02 13:54:10] [Admin Verify] Authentication token not found
[2026-09-02 13:54:10] [Admin Verify] Authentication token not found
[2026-09-02 13:54:10] [Admin Verify] Authentication token not found
[2026-09-02 13:54:10] [Admin Verify] Authentication token not found
[2026-09-02 13:54:10] [Admin Verify] Authentication token not found
[2026-09-02 13:54:10] [Admin Verify] Authentication token not found
[2026-09-02 13:54:10] [Admin Verify] Authentication token not found
[2026-09-02 13:54:10] [Admin Verify] Authentication token not found
[2026-09-02 13:54:10] [Admin Verify] Authentication token not found
[2026-09-02 13:54:10] [Admin Verify] Authentication token not found
[2026-09-02 13:54:10] [Admin Verify] Authentication token not found
[2026-09-02 13:54:10] [Admin Verify] Authentication token not found
[2026-09-02 13:54:10] [Admin Verify] Authentication token not found
[2026-09-02 13:54:10] [Admin Verify] Authentication token not found
[2026-09-02 13:54:10] [Admin Verify] Authentication token not found
[2026-09-02 13:54:10] [Admin Verify] Authentication token not found
[2026-09-02 13:54:10] [Admin Verify] Authentication token not found
[2026-09-02 13:54:10] [Admin Verify] Authentication token not found
[2026-09-02 13:54:10] [Admin Verify] Authentication token not found
[2026-09-02 13:54:10] [Admin Verify] Authentication token not found
[2026-09-02 13:54:10] [Admin Verify] Authentication token not found
[2026-09-02 13:54:10] [Admin Verify] Authentication token not found
[2026-09-02 13:54:10] [Admin Verify] Authentication token not found
[2026-09-02 13:54:10] [Admin Verify] Authentication token not found
[2026-09-02 13:54:10] [Admin Verify] Authentication token not found
[2026-09-02 13:54:10] [Admin Verify] Authentication token not found
[2026-09-02 13:54:10] [Admin Verify] Authentication token not found
[2026-09-02 13:54:10] [Admin Verify] Authentication token not found
[2026-09-02 13:54:10] [Admin Verify] Authentication token not found
[2026-09-02 13:54:10] [Admin Verify] Authentication token not found
[2026-09-02 13:54:10] [Admin Verify] Authentication token not found
[2026-09-02 13:54:10] [Admin Verify] Authentication token not found
[2026-09-02 13:54:10] [Admin Verify] Authentication token not found
[2026-09-02 13:54:10] [Admin Verify] Authentication token not found
[2026-09-02 13:54:10] [Admin Verify] Authentication token not found
[2026-09-02 13:54:10] [Admin Verify] Authentication token not found
[2026-09-02 13:54:10] [Admin Verify] Authentication token not found
[2026-09-02 13:54:11] [Admin Verify] Authentication token not found
[2026-09-02 13:54:11] [Admin Verify] Authentication token not found
[2026-09-02 13:54:11] [Admin Verify] Authentication token not found
[2026-09-02 13:54:11] [Admin Verify] Authentication token not found
[2026-09-02 13:54:11] [Admin Verify] Authentication token not found
[2026-09-02 13:54:11] [Admin Verify] Authentication token not found
[2026-09-02 13:54:11] [Admin Verify] Authentication token not found
[2026-09-02 13:54:11] [Admin Verify] Authentication token not found
[2026-09-02 13:54:11] [Admin Verify] Authentication token not found
[2026-09-02 13:54:11] [Admin Verify] Authentication token not found
[2026-09-02 13:54:11] [Admin Verify] Authentication token not found
[2026-09-02 13:54:11] [Admin Verify] Authentication token not found
[2026-09-02 13:54:11] [Admin Verify] Authentication token not found
[2026-09-02 13:54:11] [Admin Verify] Authentication token not found
[2026-09-02 13:54:11] [Admin Verify] Authentication token not found
[2026-09-02 13:54:11] [Admin Verify] Authentication token not found
[2026-09-02 13:54:11] [Admin Verify] Authentication token not found
[2026-09-02 13:54:11] [Admin Verify] Authentication token not found
[2026-09-02 13:54:11] [Admin Verify] Authentication token not found
[2026-09-02 13:54:11] [Admin Verify] Authentication token not found
[2026-09-02 13:54:11] [Admin Verify] Authentication token not found
[2026-09-02 13:54:11] [Admin Verify] Authentication token not found
[2026-09-02 13:54:11] [Admin Verify] Authentication token not found
[2026-09-02 13:54:11] [Admin Verify] Authentication token not found
[2026-09-02 13:54:11] [Admin Verify] Authentication token not found
[2026-09-02 13:54:11] [Admin Verify] Authentication token not found
[2026-09-02 13:54:11] [Admin Verify] Authentication token not found
[2026-09-02 13:54:11] [Admin Verify] Authentication token not found
[2026-09-02 13:54:11] [Admin Verify] Authentication token not found
[2026-09-02 13:54:11] [Admin Verify] Authentication token not found
[2026-09-02 13:54:11] [Admin Verify] Authentication token not found
[2026-09-02 13:54:11] [Admin Verify] Authentication token not found
[2026-09-02 13:54:11] [Admin Verify] Authentication token not found
[2026-09-02 13:54:11] [Admin Verify] Authentication token not found
[2026-09-02 13:54:11] [Admin Verify] Authentication token not found
[2026-09-02 13:54:11] [Admin Verify] Authentication token not found
[2026-09-02 13:54:11] [Admin Verify] Authentication token not found
[2026-09-02 13:54:11] [Admin Verify] Authentication token not found
[2026-09-02 13:54:12] [Admin Verify] Authentication token not found
[2026-09-02 13:54:12] [Admin Verify] Authentication token not found
[2026-09-02 13:54:12] [Admin Verify] Authentication token not found
[2026-09-02 13:54:12] [Admin Verify] Authentication token not found
[2026-09-02 13:54:12] [Admin Verify] Authentication token not found
[2026-09-02 13:54:12] [Admin Verify] Authentication token not found
[2026-09-02 13:54:12] [Admin Verify] Authentication token not found
[2026-09-02 13:54:12] [Admin Verify] Authentication token not found
[2026-09-02 13:54:12] [Admin Verify] Authentication token not found
[2026-09-02 13:54:12] [Admin Verify] Authentication token not found
[2026-09-02 13:54:12] [Admin Verify] Authentication token not found
[2026-09-02 13:54:12] [Admin Verify] Authentication token not found
[2026-09-02 13:54:12] [Admin Verify] Authentication token not found
[2026-09-02 13:54:12] [Admin Verify] Authentication token not found
[2026-09-02 13:54:12] [Admin Verify] Authentication token not found
[2026-09-02 13:54:12] [Admin Verify] Authentication token not found
[2026-09-02 13:54:12] [Admin Verify] Authentication token not found
[2026-09-02 13:54:12] [Admin Verify] Authentication token not found
[2026-09-02 13:54:12] [Admin Verify] Authentication token not found
[2026-09-02 13:54:12] [Admin Verify] Authentication token not found
[2026-09-02 13:54:12] [Admin Verify] Authentication token not found
[2026-09-02 13:54:12] [Admin Verify] Authentication token not found
[2026-09-02 13:54:12] [Admin Verify] Authentication token not found
[2026-09-02 13:54:12] [Admin Verify] Authentication token not found
[2026-09-02 13:54:12] [Admin Verify] Authentication token not found
[2026-09-02 13:54:12] [Admin Verify] Authentication token not found
[2026-09-02 13:54:12] [Admin Verify] Authentication token not found
[2026-09-02 13:54:12] [Admin Verify] Authentication token not found
[2026-09-02 13:54:12] [Admin Verify] Authentication token not found
[2026-09-02 13:54:12] [Admin Verify] Authentication token not found
[2026-09-02 13:54:12] [Admin Verify] Authentication token not found
[2026-09-02 13:54:12] [Admin Verify] Authentication token not found
[2026-09-02 13:54:12] [Admin Verify] Authentication token not found
[2026-09-02 13:54:12] [Admin Verify] Authentication token not found
[2026-09-02 13:54:12] [Admin Verify] Authentication token not found
[2026-09-02 13:54:12] [Admin Verify] Authentication token not found
[2026-09-02 13:54:12] [Admin Verify] Authentication token not found
[2026-09-02 13:54:12] [Admin Verify] Authentication token not found
[2026-09-02 13:54:12] [Admin Verify] Authentication token not found
[2026-09-02 13:54:12] [Admin Verify] Authentication token not found
[2026-09-02 13:54:12] [Admin Verify] Authentication token not found
[2026-09-02 13:54:12] [Admin Verify] Authentication token not found
[2026-09-02 13:54:12] [Admin Verify] Authentication token not found
[2026-09-02 13:54:12] [Admin Verify] Authentication token not found
[2026-09-02 13:54:12] [Admin Verify] Authentication token not found
[2026-09-02 13:54:13] [Admin Verify] Authentication token not found
[2026-09-02 13:54:13] [Admin Verify] Authentication token not found
[2026-09-02 13:54:13] [Admin Verify] Authentication token not found
[2026-09-02 13:54:13] [Admin Verify] Authentication token not found
[2026-09-02 13:54:13] [Admin Verify] Authentication token not found
[2026-09-02 13:54:13] [Admin Verify] Authentication token not found
[2026-09-02 13:54:13] [Admin Verify] Authentication token not found
[2026-09-02 13:54:13] [Admin Verify] Authentication token not found
[2026-09-02 13:54:13] [Admin Verify] Authentication token not found
[2026-09-02 13:54:13] [Admin Verify] Authentication token not found
[2026-09-02 13:54:13] [Admin Verify] Authentication token not found
[2026-09-02 13:54:13] [Admin Verify] Authentication token not found
[2026-09-02 13:54:13] [Admin Verify] Authentication token not found
[2026-09-02 13:54:13] [Admin Verify] Authentication token not found
[2026-09-02 13:54:13] [Admin Verify] Authentication token not found
[2026-09-02 13:54:13] [Admin Verify] Authentication token not found
[2026-09-02 13:54:13] [Admin Verify] Authentication token not found
[2026-09-02 13:54:13] [Admin Verify] Authentication token not found
[2026-09-02 13:54:13] [Admin Verify] Authentication token not found
[2026-09-02 13:54:13] [Admin Verify] Authentication token not found
[2026-09-02 13:54:13] [Admin Verify] Authentication token not found
[2026-09-02 13:54:13] [Admin Verify] Authentication token not found
[2026-09-02 13:54:13] [Admin Verify] Authentication token not found
[2026-09-02 13:54:13] [Admin Verify] Authentication token not found
[2026-09-02 13:54:13] [Admin Verify] Authentication token not found
[2026-09-02 13:54:13] [Admin Verify] Authentication token not found
[2026-09-02 13:54:13] [Admin Verify] Authentication token not found
[2026-09-02 13:54:13] [Admin Verify] Authentication token not found
[2026-09-02 13:54:13] [Admin Verify] Authentication token not found
[2026-09-02 13:54:13] [Admin Verify] Authentication token not found
[2026-09-02 13:54:13] [Admin Verify] Authentication token not found
[2026-09-02 13:54:13] [Admin Verify] Authentication token not found
[2026-09-02 13:54:13] [Admin Verify] Authentication token not found
[2026-09-02 13:54:13] [Admin Verify] Authentication token not found
[2026-09-02 13:54:13] [Admin Verify] Authentication token not found
[2026-09-02 13:54:13] [Admin Verify] Authentication token not found
[2026-09-02 13:54:13] [Admin Verify] Authentication token not found
[2026-09-02 13:54:13] [Admin Verify] Authentication token not found
[2026-09-02 13:54:13] [Admin Verify] Authentication token not found
[2026-09-02 13:54:13] [Admin Verify] Authentication token not found
[2026-09-02 13:54:13] [Admin Verify] Authentication token not found
[2026-09-02 13:54:13] [Admin Verify] Authentication token not found
[2026-09-02 13:54:13] [Admin Verify] Authentication token not found
[2026-09-02 13:54:13] [Admin Verify] Authentication token not found
[2026-09-02 13:54:13] [Admin Verify] Authentication token not found
[2026-09-02 13:54:14] [Admin Verify] Authentication token not found
[2026-09-02 13:54:14] [Admin Verify] Authentication token not found
[2026-09-02 13:54:14] [Admin Verify] Authentication token not found
[2026-09-02 13:54:14] [Admin Verify] Authentication token not found
[2026-09-02 13:54:14] [Admin Verify] Authentication token not found
[2026-09-02 13:54:14] [Admin Verify] Authentication token not found
[2026-09-02 13:54:14] [Admin Verify] Authentication token not found
[2026-09-02 13:54:14] [Admin Verify] Authentication token not found
[2026-09-02 13:54:14] [Admin Verify] Authentication token not found
[2026-09-02 13:54:14] [Admin Verify] Authentication token not found
[2026-09-02 13:54:14] [Admin Verify] Authentication token not found
[2026-09-02 13:54:14] [Admin Verify] Authentication token not found
[2026-09-02 13:54:14] [Admin Verify] Authentication token not found
[2026-09-02 13:54:14] [Admin Verify] Authentication token not found
[2026-09-02 13:54:14] [Admin Verify] Authentication token not found
[2026-09-02 13:54:14] [Admin Verify] Authentication token not found
[2026-09-02 13:54:14] [Admin Verify] Authentication token not found
[2026-09-02 13:54:14] [Admin Verify] Authentication token not found
[2026-09-02 13:54:14] [Admin Verify] Authentication token not found
[2026-09-02 13:54:14] [Admin Verify] Authentication token not found
[2026-09-02 13:54:14] [Admin Verify] Authentication token not found
[2026-09-02 13:54:14] [Admin Verify] Authentication token not found
[2026-09-02 13:54:14] [Admin Verify] Authentication token not found
[2026-09-02 13:54:14] [Admin Verify] Authentication token not found
[2026-09-02 13:54:14] [Admin Verify] Authentication token not found
[2026-09-02 13:54:14] [Admin Verify] Authentication token not found
[2026-09-02 13:54:14] [Admin Verify] Authentication token not found
[2026-09-02 13:54:14] [Admin Verify] Authentication token not found
[2026-09-02 13:54:14] [Admin Verify] Authentication token not found
[2026-09-02 13:54:14] [Admin Verify] Authentication token not found
[2026-09-02 13:54:14] [Admin Verify] Authentication token not found
[2026-09-02 13:54:14] [Admin Verify] Authentication token not found
[2026-09-02 13:54:14] [Admin Verify] Authentication token not found
[2026-09-02 13:54:14] [Admin Verify] Authentication token not found
[2026-09-02 13:54:14] [Admin Verify] Authentication token not found
[2026-09-02 13:54:14] [Admin Verify] Authentication token not found
[2026-09-02 13:54:14] [Admin Verify] Authentication token not found
[2026-09-02 13:54:14] [Admin Verify] Authentication token not found
[2026-09-02 13:54:15] [Admin Verify] Authentication token not found
[2026-09-02 13:54:15] [Admin Verify] Authentication token not found
[2026-09-02 13:54:15] [Admin Verify] Authentication token not found
[2026-09-02 13:54:15] [Admin Verify] Authentication token not found
[2026-09-02 13:54:15] [Admin Verify] Authentication token not found
[2026-09-02 13:54:15] [Admin Verify] Authentication token not found
[2026-09-02 13:54:15] [Admin Verify] Authentication token not found
[2026-09-02 13:54:15] [Admin Verify] Authentication token not found
[2026-09-02 13:54:15] [Admin Verify] Authentication token not found
[2026-09-02 13:54:15] [Admin Verify] Authentication token not found
[2026-09-02 13:54:15] [Admin Verify] Authentication token not found
[2026-09-02 13:54:15] [Admin Verify] Authentication token not found
[2026-09-02 13:54:15] [Admin Verify] Authentication token not found
[2026-09-02 13:54:15] [Admin Verify] Authentication token not found
[2026-09-02 13:54:15] [Admin Verify] Authentication token not found
[2026-09-02 13:54:15] [Admin Verify] Authentication token not found
[2026-09-02 13:54:15] [Admin Verify] Authentication token not found
[2026-09-02 13:54:15] [Admin Verify] Authentication token not found
[2026-09-02 13:54:15] [Admin Verify] Authentication token not found
[2026-09-02 13:54:15] [Admin Verify] Authentication token not found
[2026-09-02 13:54:15] [Admin Verify] Authentication token not found
[2026-09-02 13:54:15] [Admin Verify] Authentication token not found
[2026-09-02 13:54:15] [Admin Verify] Authentication token not found
[2026-09-02 13:54:15] [Admin Verify] Authentication token not found
[2026-09-02 13:54:15] [Admin Verify] Authentication token not found
[2026-09-02 13:54:15] [Admin Verify] Authentication token not found
[2026-09-02 13:54:15] [Admin Verify] Authentication token not found
[2026-09-02 13:54:15] [Admin Verify] Authentication token not found
[2026-09-02 13:54:15] [Admin Verify] Authentication token not found
[2026-09-02 13:54:15] [Admin Verify] Authentication token not found
[2026-09-02 13:54:15] [Admin Verify] Authentication token not found
[2026-09-02 13:54:15] [Admin Verify] Authentication token not found
[2026-09-02 13:54:15] [Admin Verify] Authentication token not found
[2026-09-02 13:54:15] [Admin Verify] Authentication token not found
[2026-09-02 13:54:15] [Admin Verify] Authentication token not found
[2026-09-02 13:54:15] [Admin Verify] Authentication token not found
[2026-09-02 13:54:15] [Admin Verify] Authentication token not found
[2026-09-02 13:54:15] [Admin Verify] Authentication token not found
[2026-09-02 13:54:15] [Admin Verify] Authentication token not found
[2026-09-02 13:54:15] [Admin Verify] Authentication token not found
[2026-09-02 13:54:15] [Admin Verify] Authentication token not found
[2026-09-02 13:54:15] [Admin Verify] Authentication token not found
[2026-09-02 13:54:15] [Admin Verify] Authentication token not found
[2026-09-02 13:54:15] [Admin Verify] Authentication token not found
[2026-09-02 13:54:15] [Admin Verify] Authentication token not found
[2026-09-02 13:54:15] [Admin Verify] Authentication token not found
[2026-09-02 13:54:16] [Admin Verify] Authentication token not found
[2026-09-02 13:54:16] [Admin Verify] Authentication token not found
[2026-09-02 13:54:16] [Admin Verify] Authentication token not found
[2026-09-02 13:54:16] [Admin Verify] Authentication token not found
[2026-09-02 13:54:16] [Admin Verify] Authentication token not found
[2026-09-02 13:54:16] [Admin Verify] Authentication token not found
[2026-09-02 13:54:16] [Admin Verify] Authentication token not found
[2026-09-02 13:54:16] [Admin Verify] Authentication token not found
[2026-09-02 13:54:16] [Admin Verify] Authentication token not found
[2026-09-02 13:54:16] [Admin Verify] Authentication token not found
[2026-09-02 13:54:16] [Admin Verify] Authentication token not found
[2026-09-02 13:54:16] [Admin Verify] Authentication token not found
[2026-09-02 13:54:16] [Admin Verify] Authentication token not found
[2026-09-02 13:54:16] [Admin Verify] Authentication token not found
[2026-09-02 13:54:16] [Admin Verify] Authentication token not found
[2026-09-02 13:54:16] [Admin Verify] Authentication token not found
[2026-09-02 13:54:16] [Admin Verify] Authentication token not found
[2026-09-02 13:54:16] [Admin Verify] Authentication token not found
[2026-09-02 13:54:16] [Admin Verify] Authentication token not found
[2026-09-02 13:54:16] [Admin Verify] Authentication token not found
[2026-09-02 13:54:16] [Admin Verify] Authentication token not found
[2026-09-02 13:54:16] [Admin Verify] Authentication token not found
[2026-09-02 13:54:16] [Admin Verify] Authentication token not found
[2026-09-02 13:54:16] [Admin Verify] Authentication token not found
[2026-09-02 13:54:16] [Admin Verify] Authentication token not found
[2026-09-02 13:54:16] [Admin Verify] Authentication token not found
[2026-09-02 13:54:16] [Admin Verify] Authentication token not found
[2026-09-02 13:54:16] [Admin Verify] Authentication token not found
[2026-09-02 13:54:16] [Admin Verify] Authentication token not found
[2026-09-02 13:54:16] [Admin Verify] Authentication token not found
[2026-09-02 13:54:16] [Admin Verify] Authentication token not found
[2026-09-02 13:54:16] [Admin Verify] Authentication token not found
[2026-09-02 13:54:16] [Admin Verify] Authentication token not found
[2026-09-02 13:54:16] [Admin Verify] Authentication token not found
[2026-09-02 13:54:16] [Admin Verify] Authentication token not found
[2026-09-02 13:54:16] [Admin Verify] Authentication token not found
[2026-09-02 13:54:16] [Admin Verify] Authentication token not found
[2026-09-02 13:54:16] [Admin Verify] Authentication token not found
[2026-09-02 13:54:16] [Admin Verify] Authentication token not found
[2026-09-02 13:54:16] [Admin Verify] Authentication token not found
[2026-09-02 13:54:16] [Admin Verify] Authentication token not found
[2026-09-02 13:54:17] [Admin Verify] Authentication token not found
[2026-09-02 13:54:17] [Admin Verify] Authentication token not found
[2026-09-02 13:54:17] [Admin Verify] Authentication token not found
[2026-09-02 13:54:17] [Admin Verify] Authentication token not found
[2026-09-02 13:54:17] [Admin Verify] Authentication token not found
[2026-09-02 13:54:17] [Admin Verify] Authentication token not found
[2026-09-02 13:54:17] [Admin Verify] Authentication token not found
[2026-09-02 13:54:17] [Admin Verify] Authentication token not found
[2026-09-02 13:54:17] [Admin Verify] Authentication token not found
[2026-09-02 13:54:17] [Admin Verify] Authentication token not found
[2026-09-02 13:54:17] [Admin Verify] Authentication token not found
[2026-09-02 13:54:17] [Admin Verify] Authentication token not found
[2026-09-02 13:54:17] [Admin Verify] Authentication token not found
[2026-09-02 13:54:17] [Admin Verify] Authentication token not found
[2026-09-02 13:54:17] [Admin Verify] Authentication token not found
[2026-09-02 13:54:17] [Admin Verify] Authentication token not found
[2026-09-02 13:54:17] [Admin Verify] Authentication token not found
[2026-09-02 13:54:17] [Admin Verify] Authentication token not found
[2026-09-02 13:54:17] [Admin Verify] Authentication token not found
[2026-09-02 13:54:17] [Admin Verify] Authentication token not found
[2026-09-02 13:54:17] [Admin Verify] Authentication token not found
[2026-09-02 13:54:17] [Admin Verify] Authentication token not found
[2026-09-02 13:54:17] [Admin Verify] Authentication token not found
[2026-09-02 13:54:17] [Admin Verify] Authentication token not found
[2026-09-02 13:54:17] [Admin Verify] Authentication token not found
[2026-09-02 13:54:17] [Admin Verify] Authentication token not found
[2026-09-02 13:54:17] [Admin Verify] Authentication token not found
[2026-09-02 13:54:17] [Admin Verify] Authentication token not found
[2026-09-02 13:54:17] [Admin Verify] Authentication token not found
[2026-09-02 13:54:17] [Admin Verify] Authentication token not found
[2026-09-02 13:54:17] [Admin Verify] Authentication token not found
[2026-09-02 13:54:17] [Admin Verify] Authentication token not found
[2026-09-02 13:54:17] [Admin Verify] Authentication token not found
[2026-09-02 13:54:17] [Admin Verify] Authentication token not found
[2026-09-02 13:54:17] [Admin Verify] Authentication token not found
[2026-09-02 13:54:17] [Admin Verify] Authentication token not found
[2026-09-02 13:54:17] [Admin Verify] Authentication token not found
[2026-09-02 13:54:17] [Admin Verify] Authentication token not found
[2026-09-02 13:54:17] [Admin Verify] Authentication token not found
[2026-09-02 13:54:17] [Admin Verify] Authentication token not found
[2026-09-02 13:54:17] [Admin Verify] Authentication token not found
[2026-09-02 13:54:17] [Admin Verify] Authentication token not found
[2026-09-02 13:54:17] [Admin Verify] Authentication token not found
[2026-09-02 13:54:17] [Admin Verify] Authentication token not found
[2026-09-02 13:54:17] [Admin Verify] Authentication token not found
[2026-09-02 13:54:17] [Admin Verify] Authentication token not found
[2026-09-02 13:54:18] [Admin Verify] Authentication token not found
[2026-09-02 13:54:18] [Admin Verify] Authentication token not found
[2026-09-02 13:54:18] [Admin Verify] Authentication token not found
[2026-09-02 13:54:18] [Admin Verify] Authentication token not found
[2026-09-02 13:54:18] [Admin Verify] Authentication token not found
[2026-09-02 13:54:18] [Admin Verify] Authentication token not found
[2026-09-02 13:54:18] [Admin Verify] Authentication token not found
[2026-09-02 13:54:18] [Admin Verify] Authentication token not found
[2026-09-02 13:54:18] [Admin Verify] Authentication token not found
[2026-09-02 13:54:18] [Admin Verify] Authentication token not found
[2026-09-02 13:54:18] [Admin Verify] Authentication token not found
[2026-09-02 13:54:18] [Admin Verify] Authentication token not found
[2026-09-02 13:54:18] [Admin Verify] Authentication token not found
[2026-09-02 13:54:18] [Admin Verify] Authentication token not found
[2026-09-02 13:54:18] [Admin Verify] Authentication token not found
[2026-09-02 13:54:18] [Admin Verify] Authentication token not found
[2026-09-02 13:54:18] [Admin Verify] Authentication token not found
[2026-09-02 13:54:18] [Admin Verify] Authentication token not found
[2026-09-02 13:54:18] [Admin Verify] Authentication token not found
[2026-09-02 13:54:18] [Admin Verify] Authentication token not found
[2026-09-02 13:54:18] [Admin Verify] Authentication token not found
[2026-09-02 13:54:18] [Admin Verify] Authentication token not found
[2026-09-02 13:54:18] [Admin Verify] Authentication token not found
[2026-09-02 13:54:18] [Admin Verify] Authentication token not found
[2026-09-02 13:54:18] [Admin Verify] Authentication token not found
[2026-09-02 13:54:18] [Admin Verify] Authentication token not found
[2026-09-02 13:54:18] [Admin Verify] Authentication token not found
[2026-09-02 13:54:18] [Admin Verify] Authentication token not found
[2026-09-02 13:54:18] [Admin Verify] Authentication token not found
[2026-09-02 13:54:18] [Admin Verify] Authentication token not found
[2026-09-02 13:54:18] [Admin Verify] Authentication token not found
[2026-09-02 13:54:18] [Admin Verify] Authentication token not found
[2026-09-02 13:54:18] [Admin Verify] Authentication token not found
[2026-09-02 13:54:18] [Admin Verify] Authentication token not found
[2026-09-02 13:54:18] [Admin Verify] Authentication token not found
[2026-09-02 13:54:18] [Admin Verify] Authentication token not found
[2026-09-02 13:54:18] [Admin Verify] Authentication token not found
[2026-09-02 13:54:18] [Admin Verify] Authentication token not found
[2026-09-02 13:54:18] [Admin Verify] Authentication token not found
[2026-09-02 13:54:18] [Admin Verify] Authentication token not found
[2026-09-02 13:54:19] [Admin Verify] Authentication token not found
[2026-09-02 13:54:19] [Admin Verify] Authentication token not found
[2026-09-02 13:54:19] [Admin Verify] Authentication token not found
[2026-09-02 13:54:19] [Admin Verify] Authentication token not found
[2026-09-02 13:54:19] [Admin Verify] Authentication token not found
[2026-09-02 13:54:19] [Admin Verify] Authentication token not found
[2026-09-02 13:54:19] [Admin Verify] Authentication token not found
[2026-09-02 13:54:19] [Admin Verify] Authentication token not found
[2026-09-02 13:54:19] [Admin Verify] Authentication token not found
[2026-09-02 13:54:19] [Admin Verify] Authentication token not found
[2026-09-02 13:54:19] [Admin Verify] Authentication token not found
[2026-09-02 13:54:19] [Admin Verify] Authentication token not found
[2026-09-02 13:54:19] [Admin Verify] Authentication token not found
[2026-09-02 13:54:19] [Admin Verify] Authentication token not found
[2026-09-02 13:54:19] [Admin Verify] Authentication token not found
[2026-09-02 13:54:19] [Admin Verify] Authentication token not found
[2026-09-02 13:54:19] [Admin Verify] Authentication token not found
[2026-09-02 13:54:19] [Admin Verify] Authentication token not found
[2026-09-02 13:54:19] [Admin Verify] Authentication token not found
[2026-09-02 13:54:19] [Admin Verify] Authentication token not found
[2026-09-02 13:54:19] [Admin Verify] Authentication token not found
[2026-09-02 13:54:19] [Admin Verify] Authentication token not found
[2026-09-02 13:54:19] [Admin Verify] Authentication token not found
[2026-09-02 13:54:19] [Admin Verify] Authentication token not found
[2026-09-02 13:54:19] [Admin Verify] Authentication token not found
[2026-09-02 13:54:19] [Admin Verify] Authentication token not found
[2026-09-02 13:54:19] [Admin Verify] Authentication token not found
[2026-09-02 13:54:19] [Admin Verify] Authentication token not found
[2026-09-02 13:54:19] [Admin Verify] Authentication token not found
[2026-09-02 13:54:19] [Admin Verify] Authentication token not found
[2026-09-02 13:54:19] [Admin Verify] Authentication token not found
[2026-09-02 13:54:19] [Admin Verify] Authentication token not found
[2026-09-02 13:54:19] [Admin Verify] Authentication token not found
[2026-09-02 13:54:19] [Admin Verify] Authentication token not found
[2026-09-02 13:54:19] [Admin Verify] Authentication token not found
[2026-09-02 13:54:19] [Admin Verify] Authentication token not found
[2026-09-02 13:54:19] [Admin Verify] Authentication token not found
[2026-09-02 13:54:20] [Admin Verify] Authentication token not found
[2026-09-02 13:54:20] [Admin Verify] Authentication token not found
[2026-09-02 13:54:20] [Admin Verify] Authentication token not found
[2026-09-02 13:54:20] [Admin Verify] Authentication token not found
[2026-09-02 13:54:20] [Admin Verify] Authentication token not found
[2026-09-02 13:54:20] [Admin Verify] Authentication token not found
[2026-09-02 13:54:20] [Admin Verify] Authentication token not found
[2026-09-02 13:54:20] [Admin Verify] Authentication token not found
[2026-09-02 13:54:20] [Admin Verify] Authentication token not found
[2026-09-02 13:54:20] [Admin Verify] Authentication token not found
[2026-09-02 13:54:20] [Admin Verify] Authentication token not found
[2026-09-02 13:54:20] [Admin Verify] Authentication token not found
[2026-09-02 13:54:20] [Admin Verify] Authentication token not found
[2026-09-02 13:54:20] [Admin Verify] Authentication token not found
[2026-09-02 13:54:20] [Admin Verify] Authentication token not found
[2026-09-02 13:54:20] [Admin Verify] Authentication token not found
[2026-09-02 13:54:20] [Admin Verify] Authentication token not found
[2026-09-02 13:54:20] [Admin Verify] Authentication token not found
[2026-09-02 13:54:20] [Admin Verify] Authentication token not found
[2026-09-02 13:54:20] [Admin Verify] Authentication token not found
[2026-09-02 13:54:20] [Admin Verify] Authentication token not found
[2026-09-02 13:54:20] [Admin Verify] Authentication token not found
[2026-09-02 13:54:20] [Admin Verify] Authentication token not found
[2026-09-02 13:54:20] [Admin Verify] Authentication token not found
[2026-09-02 13:54:20] [Admin Verify] Authentication token not found
[2026-09-02 13:54:20] [Admin Verify] Authentication token not found
[2026-09-02 13:54:20] [Admin Verify] Authentication token not found
[2026-09-02 13:54:20] [Admin Verify] Authentication token not found
[2026-09-02 13:54:20] [Admin Verify] Authentication token not found
[2026-09-02 13:54:20] [Admin Verify] Authentication token not found
[2026-09-02 13:54:21] [Admin Verify] Authentication token not found
[2026-09-02 13:54:21] [Admin Verify] Authentication token not found
[2026-09-02 13:54:21] [Admin Verify] Authentication token not found
[2026-09-02 13:54:21] [Admin Verify] Authentication token not found
[2026-09-02 13:54:21] [Admin Verify] Authentication token not found
[2026-09-02 13:54:21] [Admin Verify] Authentication token not found
[2026-09-02 13:54:21] [Admin Verify] Authentication token not found
[2026-09-02 13:54:21] [Admin Verify] Authentication token not found
[2026-09-02 13:54:21] [Admin Verify] Authentication token not found
[2026-09-02 13:54:21] [Admin Verify] Authentication token not found
[2026-09-02 13:54:21] [Admin Verify] Authentication token not found
[2026-09-02 13:54:21] [Admin Verify] Authentication token not found
[2026-09-02 13:54:21] [Admin Verify] Authentication token not found
[2026-09-02 13:54:21] [Admin Verify] Authentication token not found
[2026-09-02 13:54:21] [Admin Verify] Authentication token not found
[2026-09-02 13:54:21] [Admin Verify] Authentication token not found
[2026-09-02 13:54:21] [Admin Verify] Authentication token not found
[2026-09-02 13:54:21] [Admin Verify] Authentication token not found
[2026-09-02 13:54:21] [Admin Verify] Authentication token not found
[2026-09-02 13:54:21] [Admin Verify] Authentication token not found
[2026-09-02 13:54:21] [Admin Verify] Authentication token not found
[2026-09-02 13:54:21] [Admin Verify] Authentication token not found
[2026-09-02 13:54:21] [Admin Verify] Authentication token not found
[2026-09-02 13:54:21] [Admin Verify] Authentication token not found
[2026-09-02 13:54:21] [Admin Verify] Authentication token not found
[2026-09-02 13:54:21] [Admin Verify] Authentication token not found
[2026-09-02 13:54:21] [Admin Verify] Authentication token not found
[2026-09-02 13:54:21] [Admin Verify] Authentication token not found
[2026-09-02 13:54:21] [Admin Verify] Authentication token not found
[2026-09-02 13:54:21] [Admin Verify] Authentication token not found
[2026-09-02 13:54:21] [Admin Verify] Authentication token not found
[2026-09-02 13:54:21] [Admin Verify] Authentication token not found
[2026-09-02 13:54:21] [Admin Verify] Authentication token not found
[2026-09-02 13:54:21] [Admin Verify] Authentication token not found
[2026-09-02 13:54:21] [Admin Verify] Authentication token not found
[2026-09-02 13:54:21] [Admin Verify] Authentication token not found
[2026-09-02 13:54:21] [Admin Verify] Authentication token not found
[2026-09-02 13:54:22] [Admin Verify] Authentication token not found
[2026-09-02 13:54:22] [Admin Verify] Authentication token not found
[2026-09-02 13:54:22] [Admin Verify] Authentication token not found
[2026-09-02 13:54:22] [Admin Verify] Authentication token not found
[2026-09-02 13:54:22] [Admin Verify] Authentication token not found
[2026-09-02 13:54:22] [Admin Verify] Authentication token not found
[2026-09-02 13:54:22] [Admin Verify] Authentication token not found
[2026-09-02 13:54:22] [Admin Verify] Authentication token not found
[2026-09-02 13:54:22] [Admin Verify] Authentication token not found
[2026-09-02 13:54:22] [Admin Verify] Authentication token not found
[2026-09-02 13:54:22] [Admin Verify] Authentication token not found
[2026-09-02 13:54:22] [Admin Verify] Authentication token not found
[2026-09-02 13:54:22] [Admin Verify] Authentication token not found
[2026-09-02 13:54:22] [Admin Verify] Authentication token not found
[2026-09-02 13:54:22] [Admin Verify] Authentication token not found
[2026-09-02 13:54:22] [Admin Verify] Authentication token not found
[2026-09-02 13:54:22] [Admin Verify] Authentication token not found
[2026-09-02 13:54:22] [Admin Verify] Authentication token not found
[2026-09-02 13:54:22] [Admin Verify] Authentication token not found
[2026-09-02 13:54:22] [Admin Verify] Authentication token not found
[2026-09-02 13:54:22] [Admin Verify] Authentication token not found
[2026-09-02 13:54:22] [Admin Verify] Authentication token not found
[2026-09-02 13:54:22] [Admin Verify] Authentication token not found
[2026-09-02 13:54:22] [Admin Verify] Authentication token not found
[2026-09-02 13:54:22] [Admin Verify] Authentication token not found
[2026-09-02 13:54:22] [Admin Verify] Authentication token not found
[2026-09-02 13:54:22] [Admin Verify] Authentication token not found
[2026-09-02 13:54:22] [Admin Verify] Authentication token not found
[2026-09-02 13:54:22] [Admin Verify] Authentication token not found
[2026-09-02 13:54:22] [Admin Verify] Authentication token not found
[2026-09-02 13:54:22] [Admin Verify] Authentication token not found
[2026-09-02 13:54:22] [Admin Verify] Authentication token not found
[2026-09-02 13:54:22] [Admin Verify] Authentication token not found
[2026-09-02 13:54:22] [Admin Verify] Authentication token not found
[2026-09-02 13:54:22] [Admin Verify] Authentication token not found
[2026-09-02 13:54:22] [Admin Verify] Authentication token not found
[2026-09-02 13:54:22] [Admin Verify] Authentication token not found
[2026-09-02 13:54:22] [Admin Verify] Authentication token not found
[2026-09-02 13:54:22] [Admin Verify] Authentication token not found
[2026-09-02 13:54:22] [Admin Verify] Authentication token not found
[2026-09-02 13:54:22] [Admin Verify] Authentication token not found
[2026-09-02 13:54:22] [Admin Verify] Authentication token not found
[2026-09-02 13:54:22] [Admin Verify] Authentication token not found
[2026-09-02 13:54:22] [Admin Verify] Authentication token not found
[2026-09-02 13:54:22] [Admin Verify] Authentication token not found
[2026-09-02 13:54:22] [Admin Verify] Authentication token not found
[2026-09-02 13:54:23] [Admin Verify] Authentication token not found
[2026-09-02 13:54:23] [Admin Verify] Authentication token not found
[2026-09-02 13:54:23] [Admin Verify] Authentication token not found
[2026-09-02 13:54:23] [Admin Verify] Authentication token not found
[2026-09-02 13:54:23] [Admin Verify] Authentication token not found
[2026-09-02 13:54:23] [Admin Verify] Authentication token not found
[2026-09-02 13:54:23] [Admin Verify] Authentication token not found
[2026-09-02 13:54:23] [Admin Verify] Authentication token not found
[2026-09-02 13:54:23] [Admin Verify] Authentication token not found
[2026-09-02 13:54:23] [Admin Verify] Authentication token not found
[2026-09-02 13:54:23] [Admin Verify] Authentication token not found
[2026-09-02 13:54:23] [Admin Verify] Authentication token not found
[2026-09-02 13:54:23] [Admin Verify] Authentication token not found
[2026-09-02 13:54:23] [Admin Verify] Authentication token not found
[2026-09-02 13:54:23] [Admin Verify] Authentication token not found
[2026-09-02 13:54:23] [Admin Verify] Authentication token not found
[2026-09-02 13:54:23] [Admin Verify] Authentication token not found
[2026-09-02 13:54:23] [Admin Verify] Authentication token not found
[2026-09-02 13:54:23] [Admin Verify] Authentication token not found
[2026-09-02 13:54:23] [Admin Verify] Authentication token not found
[2026-09-02 13:54:23] [Admin Verify] Authentication token not found
[2026-09-02 13:54:23] [Admin Verify] Authentication token not found
[2026-09-02 13:54:23] [Admin Verify] Authentication token not found
[2026-09-02 13:54:23] [Admin Verify] Authentication token not found
[2026-09-02 13:54:23] [Admin Verify] Authentication token not found
[2026-09-02 13:54:23] [Admin Verify] Authentication token not found
[2026-09-02 13:54:23] [Admin Verify] Authentication token not found
[2026-09-02 13:54:23] [Admin Verify] Authentication token not found
[2026-09-02 13:54:23] [Admin Verify] Authentication token not found
[2026-09-02 13:54:23] [Admin Verify] Authentication token not found
[2026-09-02 13:54:23] [Admin Verify] Authentication token not found
[2026-09-02 13:54:23] [Admin Verify] Authentication token not found
[2026-09-02 13:54:23] [Admin Verify] Authentication token not found
[2026-09-02 13:54:23] [Admin Verify] Authentication token not found
[2026-09-02 13:54:23] [Admin Verify] Authentication token not found
[2026-09-02 13:54:23] [Admin Verify] Authentication token not found
[2026-09-02 13:54:23] [Admin Verify] Authentication token not found
[2026-09-02 13:54:23] [Admin Verify] Authentication token not found
[2026-09-02 13:54:23] [Admin Verify] Authentication token not found
[2026-09-02 13:54:23] [Admin Verify] Authentication token not found
[2026-09-02 13:54:24] [Admin Verify] Authentication token not found
[2026-09-02 13:54:24] [Admin Verify] Authentication token not found
[2026-09-02 13:54:24] [Admin Verify] Authentication token not found
[2026-09-02 13:54:24] [Admin Verify] Authentication token not found
[2026-09-02 13:54:24] [Admin Verify] Authentication token not found
[2026-09-02 13:54:24] [Admin Verify] Authentication token not found
[2026-09-02 13:54:24] [Admin Verify] Authentication token not found
[2026-09-02 13:54:24] [Admin Verify] Authentication token not found
[2026-09-02 13:54:24] [Admin Verify] Authentication token not found
[2026-09-02 13:54:24] [Admin Verify] Authentication token not found
[2026-09-02 13:54:24] [Admin Verify] Authentication token not found
[2026-09-02 13:54:24] [Admin Verify] Authentication token not found
[2026-09-02 13:54:24] [Admin Verify] Authentication token not found
[2026-09-02 13:54:24] [Admin Verify] Authentication token not found
[2026-09-02 13:54:24] [Admin Verify] Authentication token not found
[2026-09-02 13:54:24] [Admin Verify] Authentication token not found
[2026-09-02 13:54:24] [Admin Verify] Authentication token not found
[2026-09-02 13:54:24] [Admin Verify] Authentication token not found
[2026-09-02 13:54:24] [Admin Verify] Authentication token not found
[2026-09-02 13:54:24] [Admin Verify] Authentication token not found
[2026-09-02 13:54:24] [Admin Verify] Authentication token not found
[2026-09-02 13:54:24] [Admin Verify] Authentication token not found
[2026-09-02 13:54:24] [Admin Verify] Authentication token not found
[2026-09-02 13:54:24] [Admin Verify] Authentication token not found
[2026-09-02 13:54:24] [Admin Verify] Authentication token not found
[2026-09-02 13:54:24] [Admin Verify] Authentication token not found
[2026-09-02 13:54:24] [Admin Verify] Authentication token not found
[2026-09-02 13:54:24] [Admin Verify] Authentication token not found
[2026-09-02 13:54:24] [Admin Verify] Authentication token not found
[2026-09-02 13:54:24] [Admin Verify] Authentication token not found
[2026-09-02 13:54:24] [Admin Verify] Authentication token not found
[2026-09-02 13:54:24] [Admin Verify] Authentication token not found
[2026-09-02 13:54:24] [Admin Verify] Authentication token not found
[2026-09-02 13:54:24] [Admin Verify] Authentication token not found
[2026-09-02 13:54:24] [Admin Verify] Authentication token not found
[2026-09-02 13:54:24] [Admin Verify] Authentication token not found
[2026-09-02 13:54:24] [Admin Verify] Authentication token not found
[2026-09-02 13:54:24] [Admin Verify] Authentication token not found
[2026-09-02 13:54:24] [Admin Verify] Authentication token not found
[2026-09-02 13:54:24] [Admin Verify] Authentication token not found
[2026-09-02 13:54:24] [Admin Verify] Authentication token not found
[2026-09-02 13:54:24] [Admin Verify] Authentication token not found
[2026-09-02 13:54:24] [Admin Verify] Authentication token not found
[2026-09-02 13:54:24] [Admin Verify] Authentication token not found
[2026-09-02 13:54:25] [Admin Verify] Authentication token not found
[2026-09-02 13:54:25] [Admin Verify] Authentication token not found
[2026-09-02 13:54:25] [Admin Verify] Authentication token not found
[2026-09-02 13:54:25] [Admin Verify] Authentication token not found
[2026-09-02 13:54:25] [Admin Verify] Authentication token not found
[2026-09-02 13:54:25] [Admin Verify] Authentication token not found
[2026-09-02 13:54:25] [Admin Verify] Authentication token not found
[2026-09-02 13:54:25] [Admin Verify] Authentication token not found
[2026-09-02 13:54:25] [Admin Verify] Authentication token not found
[2026-09-02 13:54:25] [Admin Verify] Authentication token not found
[2026-09-02 13:54:25] [Admin Verify] Authentication token not found
[2026-09-02 13:54:25] [Admin Verify] Authentication token not found
[2026-09-02 13:54:25] [Admin Verify] Authentication token not found
[2026-09-02 13:54:25] [Admin Verify] Authentication token not found
[2026-09-02 13:54:25] [Admin Verify] Authentication token not found
[2026-09-02 13:54:25] [Admin Verify] Authentication token not found
[2026-09-02 13:54:25] [Admin Verify] Authentication token not found
[2026-09-02 13:54:25] [Admin Verify] Authentication token not found
[2026-09-02 13:54:25] [Admin Verify] Authentication token not found
[2026-09-02 13:54:25] [Admin Verify] Authentication token not found
[2026-09-02 13:54:25] [Admin Verify] Authentication token not found
[2026-09-02 13:54:25] [Admin Verify] Authentication token not found
[2026-09-02 13:54:25] [Admin Verify] Authentication token not found
[2026-09-02 13:54:25] [Admin Verify] Authentication token not found
[2026-09-02 13:54:25] [Admin Verify] Authentication token not found
[2026-09-02 13:54:25] [Admin Verify] Authentication token not found
[2026-09-02 13:54:25] [Admin Verify] Authentication token not found
[2026-09-02 13:54:25] [Admin Verify] Authentication token not found
[2026-09-02 13:54:25] [Admin Verify] Authentication token not found
[2026-09-02 13:54:25] [Admin Verify] Authentication token not found
[2026-09-02 13:54:25] [Admin Verify] Authentication token not found
[2026-09-02 13:54:25] [Admin Verify] Authentication token not found
[2026-09-02 13:54:25] [Admin Verify] Authentication token not found
[2026-09-02 13:54:25] [Admin Verify] Authentication token not found
[2026-09-02 13:54:25] [Admin Verify] Authentication token not found
[2026-09-02 13:54:25] [Admin Verify] Authentication token not found
[2026-09-02 13:54:25] [Admin Verify] Authentication token not found
[2026-09-02 13:54:25] [Admin Verify] Authentication token not found
[2026-09-02 13:54:25] [Admin Verify] Authentication token not found
[2026-09-02 13:54:25] [Admin Verify] Authentication token not found
[2026-09-02 13:54:25] [Admin Verify] Authentication token not found
[2026-09-02 13:54:26] [Admin Verify] Authentication token not found
[2026-09-02 13:54:26] [Admin Verify] Authentication token not found
[2026-09-02 13:54:26] [Admin Verify] Authentication token not found
[2026-09-02 13:54:26] [Admin Verify] Authentication token not found
[2026-09-02 13:54:26] [Admin Verify] Authentication token not found
[2026-09-02 13:54:26] [Admin Verify] Authentication token not found
[2026-09-02 13:54:26] [Admin Verify] Authentication token not found
[2026-09-02 13:54:26] [Admin Verify] Authentication token not found
[2026-09-02 13:54:26] [Admin Verify] Authentication token not found
[2026-09-02 13:54:26] [Admin Verify] Authentication token not found
[2026-09-02 13:54:26] [Admin Verify] Authentication token not found
[2026-09-02 13:54:26] [Admin Verify] Authentication token not found
[2026-09-02 13:54:26] [Admin Verify] Authentication token not found
[2026-09-02 13:54:26] [Admin Verify] Authentication token not found
[2026-09-02 13:54:26] [Admin Verify] Authentication token not found
[2026-09-02 13:54:26] [Admin Verify] Authentication token not found
[2026-09-02 13:54:26] [Admin Verify] Authentication token not found
[2026-09-02 13:54:26] [Admin Verify] Authentication token not found
[2026-09-02 13:54:26] [Admin Verify] Authentication token not found
[2026-09-02 13:54:26] [Admin Verify] Authentication token not found
[2026-09-02 13:54:26] [Admin Verify] Authentication token not found
[2026-09-02 13:54:26] [Admin Verify] Authentication token not found
[2026-09-02 13:54:26] [Admin Verify] Authentication token not found
[2026-09-02 13:54:26] [Admin Verify] Authentication token not found
[2026-09-02 13:54:26] [Admin Verify] Authentication token not found
[2026-09-02 13:54:26] [Admin Verify] Authentication token not found
[2026-09-02 13:54:26] [Admin Verify] Authentication token not found
[2026-09-02 13:54:26] [Admin Verify] Authentication token not found
[2026-09-02 13:54:26] [Admin Verify] Authentication token not found
[2026-09-02 13:54:26] [Admin Verify] Authentication token not found
[2026-09-02 13:54:26] [Admin Verify] Authentication token not found
[2026-09-02 13:54:26] [Admin Verify] Authentication token not found
[2026-09-02 13:54:26] [Admin Verify] Authentication token not found
[2026-09-02 13:54:26] [Admin Verify] Authentication token not found
[2026-09-02 13:54:26] [Admin Verify] Authentication token not found
[2026-09-02 13:54:26] [Admin Verify] Authentication token not found
[2026-09-02 13:54:26] [Admin Verify] Authentication token not found
[2026-09-02 13:54:26] [Admin Verify] Authentication token not found
[2026-09-02 13:54:26] [Admin Verify] Authentication token not found
[2026-09-02 13:54:27] [Admin Verify] Authentication token not found
[2026-09-02 13:54:27] [Admin Verify] Authentication token not found
[2026-09-02 13:54:27] [Admin Verify] Authentication token not found
[2026-09-02 13:54:27] [Admin Verify] Authentication token not found
[2026-09-02 13:54:27] [Admin Verify] Authentication token not found
[2026-09-02 13:54:27] [Admin Verify] Authentication token not found
[2026-09-02 13:54:27] [Admin Verify] Authentication token not found
[2026-09-02 13:54:27] [Admin Verify] Authentication token not found
[2026-09-02 13:54:27] [Admin Verify] Authentication token not found
[2026-09-02 13:54:27] [Admin Verify] Authentication token not found
[2026-09-02 13:54:27] [Admin Verify] Authentication token not found
[2026-09-02 13:54:27] [Admin Verify] Authentication token not found
[2026-09-02 13:54:27] [Admin Verify] Authentication token not found
[2026-09-02 13:54:27] [Admin Verify] Authentication token not found
[2026-09-02 13:54:27] [Admin Verify] Authentication token not found
[2026-09-02 13:54:27] [Admin Verify] Authentication token not found
[2026-09-02 13:54:27] [Admin Verify] Authentication token not found
[2026-09-02 13:54:27] [Admin Verify] Authentication token not found
[2026-09-02 13:54:27] [Admin Verify] Authentication token not found
[2026-09-02 13:54:27] [Admin Verify] Authentication token not found
[2026-09-02 13:54:27] [Admin Verify] Authentication token not found
[2026-09-02 13:54:27] [Admin Verify] Authentication token not found
[2026-09-02 13:54:27] [Admin Verify] Authentication token not found
[2026-09-02 13:54:27] [Admin Verify] Authentication token not found
[2026-09-02 13:54:27] [Admin Verify] Authentication token not found
[2026-09-02 13:54:27] [Admin Verify] Authentication token not found
[2026-09-02 13:54:27] [Admin Verify] Authentication token not found
[2026-09-02 13:54:27] [Admin Verify] Authentication token not found
[2026-09-02 13:54:27] [Admin Verify] Authentication token not found
[2026-09-02 13:54:27] [Admin Verify] Authentication token not found
[2026-09-02 13:54:27] [Admin Verify] Authentication token not found
[2026-09-02 13:54:27] [Admin Verify] Authentication token not found
[2026-09-02 13:54:27] [Admin Verify] Authentication token not found
[2026-09-02 13:54:27] [Admin Verify] Authentication token not found
[2026-09-02 13:54:27] [Admin Verify] Authentication token not found
[2026-09-02 13:54:27] [Admin Verify] Authentication token not found
[2026-09-02 13:54:27] [Admin Verify] Authentication token not found
[2026-09-02 13:54:27] [Admin Verify] Authentication token not found
[2026-09-02 13:54:27] [Admin Verify] Authentication token not found
[2026-09-02 13:54:27] [Admin Verify] Authentication token not found
[2026-09-02 13:54:27] [Admin Verify] Authentication token not found
[2026-09-02 13:54:27] [Admin Verify] Authentication token not found
[2026-09-02 13:54:27] [Admin Verify] Authentication token not found
[2026-09-02 13:54:27] [Admin Verify] Authentication token not found
[2026-09-02 13:54:27] [Admin Verify] Authentication token not found
[2026-09-02 13:54:27] [Admin Verify] Authentication token not found
[2026-09-02 13:54:28] [Admin Verify] Authentication token not found
[2026-09-02 13:54:28] [Admin Verify] Authentication token not found
[2026-09-02 13:54:28] [Admin Verify] Authentication token not found
[2026-09-02 13:54:28] [Admin Verify] Authentication token not found
[2026-09-02 13:54:28] [Admin Verify] Authentication token not found
[2026-09-02 13:54:28] [Admin Verify] Authentication token not found
[2026-09-02 13:54:28] [Admin Verify] Authentication token not found
[2026-09-02 13:54:28] [Admin Verify] Authentication token not found
[2026-09-02 13:54:28] [Admin Verify] Authentication token not found
[2026-09-02 13:54:28] [Admin Verify] Authentication token not found
[2026-09-02 13:54:28] [Admin Verify] Authentication token not found
[2026-09-02 13:54:28] [Admin Verify] Authentication token not found
[2026-09-02 13:54:28] [Admin Verify] Authentication token not found
[2026-09-02 13:54:28] [Admin Verify] Authentication token not found
[2026-09-02 13:54:28] [Admin Verify] Authentication token not found
[2026-09-02 13:54:28] [Admin Verify] Authentication token not found
[2026-09-02 13:54:28] [Admin Verify] Authentication token not found
[2026-09-02 13:54:28] [Admin Verify] Authentication token not found
[2026-09-02 13:54:28] [Admin Verify] Authentication token not found
[2026-09-02 13:54:28] [Admin Verify] Authentication token not found
[2026-09-02 13:54:28] [Admin Verify] Authentication token not found
[2026-09-02 13:54:28] [Admin Verify] Authentication token not found
[2026-09-02 13:54:28] [Admin Verify] Authentication token not found
[2026-09-02 13:54:28] [Admin Verify] Authentication token not found
[2026-09-02 13:54:28] [Admin Verify] Authentication token not found
[2026-09-02 13:54:28] [Admin Verify] Authentication token not found
[2026-09-02 13:54:28] [Admin Verify] Authentication token not found
[2026-09-02 13:54:28] [Admin Verify] Authentication token not found
[2026-09-02 13:54:28] [Admin Verify] Authentication token not found
[2026-09-02 13:54:28] [Admin Verify] Authentication token not found
[2026-09-02 13:54:28] [Admin Verify] Authentication token not found
[2026-09-02 13:54:28] [Admin Verify] Authentication token not found
[2026-09-02 13:54:28] [Admin Verify] Authentication token not found
[2026-09-02 13:54:28] [Admin Verify] Authentication token not found
[2026-09-02 13:54:28] [Admin Verify] Authentication token not found
[2026-09-02 13:54:28] [Admin Verify] Authentication token not found
[2026-09-02 13:54:28] [Admin Verify] Authentication token not found
[2026-09-02 13:54:28] [Admin Verify] Authentication token not found
[2026-09-02 13:54:28] [Admin Verify] Authentication token not found
[2026-09-02 13:54:28] [Admin Verify] Authentication token not found
[2026-09-02 13:54:28] [Admin Verify] Authentication token not found
[2026-09-02 13:54:28] [Admin Verify] Authentication token not found
[2026-09-02 13:54:29] [Admin Verify] Authentication token not found
[2026-09-02 13:54:29] [Admin Verify] Authentication token not found
[2026-09-02 13:54:29] [Admin Verify] Authentication token not found
[2026-09-02 13:54:29] [Admin Verify] Authentication token not found
[2026-09-02 13:54:29] [Admin Verify] Authentication token not found
[2026-09-02 13:54:29] [Admin Verify] Authentication token not found
[2026-09-02 13:54:29] [Admin Verify] Authentication token not found
[2026-09-02 13:54:29] [Admin Verify] Authentication token not found
[2026-09-02 13:54:29] [Admin Verify] Authentication token not found
[2026-09-02 13:54:29] [Admin Verify] Authentication token not found
[2026-09-02 13:54:29] [Admin Verify] Authentication token not found
[2026-09-02 13:54:29] [Admin Verify] Authentication token not found
[2026-09-02 13:54:29] [Admin Verify] Authentication token not found
[2026-09-02 13:54:29] [Admin Verify] Authentication token not found
[2026-09-02 13:54:29] [Admin Verify] Authentication token not found
[2026-09-02 13:54:29] [Admin Verify] Authentication token not found
[2026-09-02 13:54:29] [Admin Verify] Authentication token not found
[2026-09-02 13:54:29] [Admin Verify] Authentication token not found
[2026-09-02 13:54:29] [Admin Verify] Authentication token not found
[2026-09-02 13:54:29] [Admin Verify] Authentication token not found
[2026-09-02 13:54:29] [Admin Verify] Authentication token not found
[2026-09-02 13:54:29] [Admin Verify] Authentication token not found
[2026-09-02 13:54:29] [Admin Verify] Authentication token not found
[2026-09-02 13:54:29] [Admin Verify] Authentication token not found
[2026-09-02 13:54:29] [Admin Verify] Authentication token not found
[2026-09-02 13:54:29] [Admin Verify] Authentication token not found
[2026-09-02 13:54:29] [Admin Verify] Authentication token not found
[2026-09-02 13:54:29] [Admin Verify] Authentication token not found
[2026-09-02 13:54:29] [Admin Verify] Authentication token not found
[2026-09-02 13:54:29] [Admin Verify] Authentication token not found
[2026-09-02 13:54:29] [Admin Verify] Authentication token not found
[2026-09-02 13:54:29] [Admin Verify] Authentication token not found
[2026-09-02 13:54:29] [Admin Verify] Authentication token not found
[2026-09-02 13:54:29] [Admin Verify] Authentication token not found
[2026-09-02 13:54:29] [Admin Verify] Authentication token not found
[2026-09-02 13:54:29] [Admin Verify] Authentication token not found
[2026-09-02 13:54:29] [Admin Verify] Authentication token not found
[2026-09-02 13:54:29] [Admin Verify] Authentication token not found
[2026-09-02 13:54:29] [Admin Verify] Authentication token not found
[2026-09-02 13:54:29] [Admin Verify] Authentication token not found
[2026-09-02 13:54:29] [Admin Verify] Authentication token not found
[2026-09-02 13:54:29] [Admin Verify] Authentication token not found
[2026-09-02 13:54:29] [Admin Verify] Authentication token not found
[2026-09-02 13:54:29] [Admin Verify] Authentication token not found
[2026-09-02 13:54:29] [Admin Verify] Authentication token not found
[2026-09-02 13:54:30] [Admin Verify] Authentication token not found
[2026-09-02 13:54:30] [Admin Verify] Authentication token not found
[2026-09-02 13:54:30] [Admin Verify] Authentication token not found
[2026-09-02 13:54:30] [Admin Verify] Authentication token not found
[2026-09-02 13:54:30] [Admin Verify] Authentication token not found
[2026-09-02 13:54:30] [Admin Verify] Authentication token not found
[2026-09-02 13:54:30] [Admin Verify] Authentication token not found
[2026-09-02 13:54:30] [Admin Verify] Authentication token not found
[2026-09-02 13:54:30] [Admin Verify] Authentication token not found
[2026-09-02 13:54:30] [Admin Verify] Authentication token not found
[2026-09-02 13:54:30] [Admin Verify] Authentication token not found
[2026-09-02 13:54:30] [Admin Verify] Authentication token not found
[2026-09-02 13:54:30] [Admin Verify] Authentication token not found
[2026-09-02 13:54:30] [Admin Verify] Authentication token not found
[2026-09-02 13:54:30] [Admin Verify] Authentication token not found
[2026-09-02 13:54:30] [Admin Verify] Authentication token not found
[2026-09-02 13:54:30] [Admin Verify] Authentication token not found
[2026-09-02 13:54:30] [Admin Verify] Authentication token not found
[2026-09-02 13:54:30] [Admin Verify] Authentication token not found
[2026-09-02 13:54:30] [Admin Verify] Authentication token not found
[2026-09-02 13:54:30] [Admin Verify] Authentication token not found
[2026-09-02 13:54:30] [Admin Verify] Authentication token not found
[2026-09-02 13:54:30] [Admin Verify] Authentication token not found
[2026-09-02 13:54:30] [Admin Verify] Authentication token not found
[2026-09-02 13:54:30] [Admin Verify] Authentication token not found
[2026-09-02 13:54:30] [Admin Verify] Authentication token not found
[2026-09-02 13:54:30] [Admin Verify] Authentication token not found
[2026-09-02 13:54:30] [Admin Verify] Authentication token not found
[2026-09-02 13:54:30] [Admin Verify] Authentication token not found
[2026-09-02 13:54:30] [Admin Verify] Authentication token not found
[2026-09-02 13:54:30] [Admin Verify] Authentication token not found
[2026-09-02 13:54:30] [Admin Verify] Authentication token not found
[2026-09-02 13:54:30] [Admin Verify] Authentication token not found
[2026-09-02 13:54:30] [Admin Verify] Authentication token not found
[2026-09-02 13:54:30] [Admin Verify] Authentication token not found
[2026-09-02 13:54:30] [Admin Verify] Authentication token not found
[2026-09-02 13:54:30] [Admin Verify] Authentication token not found
[2026-09-02 13:54:30] [Admin Verify] Authentication token not found
[2026-09-02 13:54:30] [Admin Verify] Authentication token not found
[2026-09-02 13:54:30] [Admin Verify] Authentication token not found
[2026-09-02 13:54:30] [Admin Verify] Authentication token not found
[2026-09-02 13:54:31] [Admin Verify] Authentication token not found
[2026-09-02 13:54:31] [Admin Verify] Authentication token not found
[2026-09-02 13:54:31] [Admin Verify] Authentication token not found
[2026-09-02 13:54:31] [Admin Verify] Authentication token not found
[2026-09-02 13:54:31] [Admin Verify] Authentication token not found
[2026-09-02 13:54:31] [Admin Verify] Authentication token not found
[2026-09-02 13:54:31] [Admin Verify] Authentication token not found
[2026-09-02 13:54:31] [Admin Verify] Authentication token not found
[2026-09-02 13:54:31] [Admin Verify] Authentication token not found
[2026-09-02 13:54:31] [Admin Verify] Authentication token not found
[2026-09-02 13:54:31] [Admin Verify] Authentication token not found
[2026-09-02 13:54:31] [Admin Verify] Authentication token not found
[2026-09-02 13:54:31] [Admin Verify] Authentication token not found
[2026-09-02 13:54:31] [Admin Verify] Authentication token not found
[2026-09-02 13:54:31] [Admin Verify] Authentication token not found
[2026-09-02 13:54:31] [Admin Verify] Authentication token not found
[2026-09-02 13:54:31] [Admin Verify] Authentication token not found
[2026-09-02 13:54:31] [Admin Verify] Authentication token not found
[2026-09-02 13:54:31] [Admin Verify] Authentication token not found
[2026-09-02 13:54:31] [Admin Verify] Authentication token not found
[2026-09-02 13:54:31] [Admin Verify] Authentication token not found
[2026-09-02 13:54:31] [Admin Verify] Authentication token not found
[2026-09-02 13:54:31] [Admin Verify] Authentication token not found
[2026-09-02 13:54:31] [Admin Verify] Authentication token not found
[2026-09-02 13:54:31] [Admin Verify] Authentication token not found
[2026-09-02 13:54:31] [Admin Verify] Authentication token not found
[2026-09-02 13:54:31] [Admin Verify] Authentication token not found
[2026-09-02 13:54:31] [Admin Verify] Authentication token not found
[2026-09-02 13:54:31] [Admin Verify] Authentication token not found
[2026-09-02 13:54:31] [Admin Verify] Authentication token not found
[2026-09-02 13:54:31] [Admin Verify] Authentication token not found
[2026-09-02 13:54:31] [Admin Verify] Authentication token not found
[2026-09-02 13:54:31] [Admin Verify] Authentication token not found
[2026-09-02 13:54:31] [Admin Verify] Authentication token not found
[2026-09-02 13:54:31] [Admin Verify] Authentication token not found
[2026-09-02 13:54:31] [Admin Verify] Authentication token not found
[2026-09-02 13:54:31] [Admin Verify] Authentication token not found
[2026-09-02 13:54:31] [Admin Verify] Authentication token not found
[2026-09-02 13:54:31] [Admin Verify] Authentication token not found
[2026-09-02 13:54:31] [Admin Verify] Authentication token not found
[2026-09-02 13:54:32] [Admin Verify] Authentication token not found
[2026-09-02 13:54:32] [Admin Verify] Authentication token not found
[2026-09-02 13:54:32] [Admin Verify] Authentication token not found
[2026-09-02 13:54:32] [Admin Verify] Authentication token not found
[2026-09-02 13:54:32] [Admin Verify] Authentication token not found
[2026-09-02 13:54:32] [Admin Verify] Authentication token not found
[2026-09-02 13:54:32] [Admin Verify] Authentication token not found
[2026-09-02 13:54:32] [Admin Verify] Authentication token not found
[2026-09-02 13:54:32] [Admin Verify] Authentication token not found
[2026-09-02 13:54:32] [Admin Verify] Authentication token not found
[2026-09-02 13:54:32] [Admin Verify] Authentication token not found
[2026-09-02 13:54:32] [Admin Verify] Authentication token not found
[2026-09-02 13:54:32] [Admin Verify] Authentication token not found
[2026-09-02 13:54:32] [Admin Verify] Authentication token not found
[2026-09-02 13:54:32] [Admin Verify] Authentication token not found
[2026-09-02 13:54:32] [Admin Verify] Authentication token not found
[2026-09-02 13:54:32] [Admin Verify] Authentication token not found
[2026-09-02 13:54:32] [Admin Verify] Authentication token not found
[2026-09-02 13:54:32] [Admin Verify] Authentication token not found
[2026-09-02 13:54:32] [Admin Verify] Authentication token not found
[2026-09-02 13:54:32] [Admin Verify] Authentication token not found
[2026-09-02 13:54:32] [Admin Verify] Authentication token not found
[2026-09-02 13:54:32] [Admin Verify] Authentication token not found
[2026-09-02 13:54:32] [Admin Verify] Authentication token not found
[2026-09-02 13:54:32] [Admin Verify] Authentication token not found
[2026-09-02 13:54:32] [Admin Verify] Authentication token not found
[2026-09-02 13:54:32] [Admin Verify] Authentication token not found
[2026-09-02 13:54:32] [Admin Verify] Authentication token not found
[2026-09-02 13:54:32] [Admin Verify] Authentication token not found
[2026-09-02 13:54:32] [Admin Verify] Authentication token not found
[2026-09-02 13:54:32] [Admin Verify] Authentication token not found
[2026-09-02 13:54:32] [Admin Verify] Authentication token not found
[2026-09-02 13:54:32] [Admin Verify] Authentication token not found
[2026-09-02 13:54:32] [Admin Verify] Authentication token not found
[2026-09-02 13:54:32] [Admin Verify] Authentication token not found
[2026-09-02 13:54:32] [Admin Verify] Authentication token not found
[2026-09-02 13:54:32] [Admin Verify] Authentication token not found
[2026-09-02 13:54:32] [Admin Verify] Authentication token not found
[2026-09-02 13:54:32] [Admin Verify] Authentication token not found
[2026-09-02 13:54:32] [Admin Verify] Authentication token not found
[2026-09-02 13:54:32] [Admin Verify] Authentication token not found
[2026-09-02 13:54:32] [Admin Verify] Authentication token not found
[2026-09-02 13:54:32] [Admin Verify] Authentication token not found
[2026-09-02 13:54:32] [Admin Verify] Authentication token not found
[2026-09-02 13:54:32] [Admin Verify] Authentication token not found
[2026-09-02 13:54:32] [Admin Verify] Authentication token not found
[2026-09-02 13:54:32] [Admin Verify] Authentication token not found
[2026-09-02 13:54:33] [Admin Verify] Authentication token not found
[2026-09-02 13:54:33] [Admin Verify] Authentication token not found
[2026-09-02 13:54:33] [Admin Verify] Authentication token not found
[2026-09-02 13:54:33] [Admin Verify] Authentication token not found
[2026-09-02 13:54:33] [Admin Verify] Authentication token not found
[2026-09-02 13:54:33] [Admin Verify] Authentication token not found
[2026-09-02 13:54:33] [Admin Verify] Authentication token not found
[2026-09-02 13:54:33] [Admin Verify] Authentication token not found
[2026-09-02 13:54:33] [Admin Verify] Authentication token not found
[2026-09-02 13:54:33] [Admin Verify] Authentication token not found
[2026-09-02 13:54:33] [Admin Verify] Authentication token not found
[2026-09-02 13:54:33] [Admin Verify] Authentication token not found
[2026-09-02 13:54:33] [Admin Verify] Authentication token not found
[2026-09-02 13:54:33] [Admin Verify] Authentication token not found
[2026-09-02 13:54:33] [Admin Verify] Authentication token not found
[2026-09-02 13:54:33] [Admin Verify] Authentication token not found
[2026-09-02 13:54:33] [Admin Verify] Authentication token not found
[2026-09-02 13:54:33] [Admin Verify] Authentication token not found
[2026-09-02 13:54:33] [Admin Verify] Authentication token not found
[2026-09-02 13:54:33] [Admin Verify] Authentication token not found
[2026-09-02 13:54:33] [Admin Verify] Authentication token not found
[2026-09-02 13:54:33] [Admin Verify] Authentication token not found
[2026-09-02 13:54:33] [Admin Verify] Authentication token not found
[2026-09-02 13:54:33] [Admin Verify] Authentication token not found
[2026-09-02 13:54:33] [Admin Verify] Authentication token not found
[2026-09-02 13:54:33] [Admin Verify] Authentication token not found
[2026-09-02 13:54:33] [Admin Verify] Authentication token not found
[2026-09-02 13:54:33] [Admin Verify] Authentication token not found
[2026-09-02 13:54:33] [Admin Verify] Authentication token not found
[2026-09-02 13:54:33] [Admin Verify] Authentication token not found
[2026-09-02 13:54:33] [Admin Verify] Authentication token not found
[2026-09-02 13:54:33] [Admin Verify] Authentication token not found
[2026-09-02 13:54:33] [Admin Verify] Authentication token not found
[2026-09-02 13:54:33] [Admin Verify] Authentication token not found
[2026-09-02 13:54:33] [Admin Verify] Authentication token not found
[2026-09-02 13:54:33] [Admin Verify] Authentication token not found
[2026-09-02 13:54:33] [Admin Verify] Authentication token not found
[2026-09-02 13:54:33] [Admin Verify] Authentication token not found
[2026-09-02 13:54:33] [Admin Verify] Authentication token not found
[2026-09-02 13:54:33] [Admin Verify] Authentication token not found
[2026-09-02 13:54:33] [Admin Verify] Authentication token not found
[2026-09-02 13:54:33] [Admin Verify] Authentication token not found
[2026-09-02 13:54:33] [Admin Verify] Authentication token not found
[2026-09-02 13:54:33] [Admin Verify] Authentication token not found
[2026-09-02 13:54:34] [Admin Verify] Authentication token not found
[2026-09-02 13:54:34] [Admin Verify] Authentication token not found
[2026-09-02 13:54:34] [Admin Verify] Authentication token not found
[2026-09-02 13:54:34] [Admin Verify] Authentication token not found
[2026-09-02 13:54:34] [Admin Verify] Authentication token not found
[2026-09-02 13:54:34] [Admin Verify] Authentication token not found
[2026-09-02 13:54:34] [Admin Verify] Authentication token not found
[2026-09-02 13:54:34] [Admin Verify] Authentication token not found
[2026-09-02 13:54:34] [Admin Verify] Authentication token not found
[2026-09-02 13:54:34] [Admin Verify] Authentication token not found
[2026-09-02 13:54:34] [Admin Verify] Authentication token not found
[2026-09-02 13:54:34] [Admin Verify] Authentication token not found
[2026-09-02 13:54:34] [Admin Verify] Authentication token not found
[2026-09-02 13:54:34] [Admin Verify] Authentication token not found
[2026-09-02 13:54:34] [Admin Verify] Authentication token not found
[2026-09-02 13:54:34] [Admin Verify] Authentication token not found
[2026-09-02 13:54:34] [Admin Verify] Authentication token not found
[2026-09-02 13:54:34] [Admin Verify] Authentication token not found
[2026-09-02 13:54:34] [Admin Verify] Authentication token not found
[2026-09-02 13:54:34] [Admin Verify] Authentication token not found
[2026-09-02 13:54:34] [Admin Verify] Authentication token not found
[2026-09-02 13:54:34] [Admin Verify] Authentication token not found
[2026-09-02 13:54:34] [Admin Verify] Authentication token not found
[2026-09-02 13:54:34] [Admin Verify] Authentication token not found
[2026-09-02 13:54:34] [Admin Verify] Authentication token not found
[2026-09-02 13:54:34] [Admin Verify] Authentication token not found
[2026-09-02 13:54:34] [Admin Verify] Authentication token not found
[2026-09-02 13:54:34] [Admin Verify] Authentication token not found
[2026-09-02 13:54:34] [Admin Verify] Authentication token not found
[2026-09-02 13:54:34] [Admin Verify] Authentication token not found
[2026-09-02 13:54:34] [Admin Verify] Authentication token not found
[2026-09-02 13:54:34] [Admin Verify] Authentication token not found
[2026-09-02 13:54:35] [Admin Verify] Authentication token not found
[2026-09-02 13:54:35] [Admin Verify] Authentication token not found
[2026-09-02 13:54:35] [Admin Verify] Authentication token not found
[2026-09-02 13:54:35] [Admin Verify] Authentication token not found
[2026-09-02 13:54:35] [Admin Verify] Authentication token not found
[2026-09-02 13:54:35] [Admin Verify] Authentication token not found
[2026-09-02 13:54:35] [Admin Verify] Authentication token not found
[2026-09-02 13:54:35] [Admin Verify] Authentication token not found
[2026-09-02 13:54:35] [Admin Verify] Authentication token not found
[2026-09-02 13:54:35] [Admin Verify] Authentication token not found
[2026-09-02 13:54:35] [Admin Verify] Authentication token not found
[2026-09-02 13:54:35] [Admin Verify] Authentication token not found
[2026-09-02 13:54:35] [Admin Verify] Authentication token not found
[2026-09-02 13:54:35] [Admin Verify] Authentication token not found
[2026-09-02 13:54:35] [Admin Verify] Authentication token not found
[2026-09-02 13:54:35] [Admin Verify] Authentication token not found
[2026-09-02 13:54:35] [Admin Verify] Authentication token not found
[2026-09-02 13:54:35] [Admin Verify] Authentication token not found
[2026-09-02 13:54:35] [Admin Verify] Authentication token not found
[2026-09-02 13:54:35] [Admin Verify] Authentication token not found
[2026-09-02 13:54:35] [Admin Verify] Authentication token not found
[2026-09-02 13:54:35] [Admin Verify] Authentication token not found
[2026-09-02 13:54:35] [Admin Verify] Authentication token not found
[2026-09-02 13:54:35] [Admin Verify] Authentication token not found
[2026-09-02 13:54:35] [Admin Verify] Authentication token not found
[2026-09-02 13:54:35] [Admin Verify] Authentication token not found
[2026-09-02 13:54:35] [Admin Verify] Authentication token not found
[2026-09-02 13:54:35] [Admin Verify] Authentication token not found
[2026-09-02 13:54:35] [Admin Verify] Authentication token not found
[2026-09-02 13:54:35] [Admin Verify] Authentication token not found
[2026-09-02 13:54:35] [Admin Verify] Authentication token not found
[2026-09-02 13:54:35] [Admin Verify] Authentication token not found
[2026-09-02 13:54:35] [Admin Verify] Authentication token not found
[2026-09-02 13:54:35] [Admin Verify] Authentication token not found
[2026-09-02 13:54:35] [Admin Verify] Authentication token not found
[2026-09-02 13:54:35] [Admin Verify] Authentication token not found
[2026-09-02 13:54:35] [Admin Verify] Authentication token not found
[2026-09-02 13:54:35] [Admin Verify] Authentication token not found
[2026-09-02 13:54:35] [Admin Verify] Authentication token not found
[2026-09-02 13:54:35] [Admin Verify] Authentication token not found
[2026-09-02 13:54:35] [Admin Verify] Authentication token not found
[2026-09-02 13:54:35] [Admin Verify] Authentication token not found
[2026-09-02 13:54:35] [Admin Verify] Authentication token not found
[2026-09-02 13:54:36] [Admin Verify] Authentication token not found
[2026-09-02 13:54:36] [Admin Verify] Authentication token not found
[2026-09-02 13:54:36] [Admin Verify] Authentication token not found
[2026-09-02 13:54:36] [Admin Verify] Authentication token not found
[2026-09-02 13:54:36] [Admin Verify] Authentication token not found
[2026-09-02 13:54:36] [Admin Verify] Authentication token not found
[2026-09-02 13:54:36] [Admin Verify] Authentication token not found
[2026-09-02 13:54:36] [Admin Verify] Authentication token not found
[2026-09-02 13:54:36] [Admin Verify] Authentication token not found
[2026-09-02 13:54:36] [Admin Verify] Authentication token not found
[2026-09-02 13:54:36] [Admin Verify] Authentication token not found
[2026-09-02 13:54:36] [Admin Verify] Authentication token not found
[2026-09-02 13:54:36] [Admin Verify] Authentication token not found
[2026-09-02 13:54:36] [Admin Verify] Authentication token not found
[2026-09-02 13:54:36] [Admin Verify] Authentication token not found
[2026-09-02 13:54:36] [Admin Verify] Authentication token not found
[2026-09-02 13:54:36] [Admin Verify] Authentication token not found
[2026-09-02 13:54:36] [Admin Verify] Authentication token not found
[2026-09-02 13:54:36] [Admin Verify] Authentication token not found
[2026-09-02 13:54:36] [Admin Verify] Authentication token not found
[2026-09-02 13:54:36] [Admin Verify] Authentication token not found
[2026-09-02 13:54:36] [Admin Verify] Authentication token not found
[2026-09-02 13:54:36] [Admin Verify] Authentication token not found
[2026-09-02 13:54:36] [Admin Verify] Authentication token not found
[2026-09-02 13:54:36] [Admin Verify] Authentication token not found
[2026-09-02 13:54:36] [Admin Verify] Authentication token not found
[2026-09-02 13:54:36] [Admin Verify] Authentication token not found
[2026-09-02 13:54:36] [Admin Verify] Authentication token not found
[2026-09-02 13:54:36] [Admin Verify] Authentication token not found
[2026-09-02 13:54:36] [Admin Verify] Authentication token not found
[2026-09-02 13:54:36] [Admin Verify] Authentication token not found
[2026-09-02 13:54:36] [Admin Verify] Authentication token not found
[2026-09-02 13:54:36] [Admin Verify] Authentication token not found
[2026-09-02 13:54:36] [Admin Verify] Authentication token not found
[2026-09-02 13:54:36] [Admin Verify] Authentication token not found
[2026-09-02 13:54:36] [Admin Verify] Authentication token not found
[2026-09-02 13:54:36] [Admin Verify] Authentication token not found
[2026-09-02 13:54:36] [Admin Verify] Authentication token not found
[2026-09-02 13:54:36] [Admin Verify] Authentication token not found
[2026-09-02 13:54:36] [Admin Verify] Authentication token not found
[2026-09-02 13:54:36] [Admin Verify] Authentication token not found
[2026-09-02 13:54:36] [Admin Verify] Authentication token not found
[2026-09-02 13:54:37] [Admin Verify] Authentication token not found
[2026-09-02 13:54:37] [Admin Verify] Authentication token not found
[2026-09-02 13:54:37] [Admin Verify] Authentication token not found
[2026-09-02 13:54:37] [Admin Verify] Authentication token not found
[2026-09-02 13:54:37] [Admin Verify] Authentication token not found
[2026-09-02 13:54:37] [Admin Verify] Authentication token not found
[2026-09-02 13:54:37] [Admin Verify] Authentication token not found
[2026-09-02 13:54:37] [Admin Verify] Authentication token not found
[2026-09-02 13:54:37] [Admin Verify] Authentication token not found
[2026-09-02 13:54:37] [Admin Verify] Authentication token not found
[2026-09-02 13:54:37] [Admin Verify] Authentication token not found
[2026-09-02 13:54:37] [Admin Verify] Authentication token not found
[2026-09-02 13:54:37] [Admin Verify] Authentication token not found
[2026-09-02 13:54:37] [Admin Verify] Authentication token not found
[2026-09-02 13:54:37] [Admin Verify] Authentication token not found
[2026-09-02 13:54:37] [Admin Verify] Authentication token not found
[2026-09-02 13:54:37] [Admin Verify] Authentication token not found
[2026-09-02 13:54:37] [Admin Verify] Authentication token not found
[2026-09-02 13:54:37] [Admin Verify] Authentication token not found
[2026-09-02 13:54:37] [Admin Verify] Authentication token not found
[2026-09-02 13:54:37] [Admin Verify] Authentication token not found
[2026-09-02 13:54:37] [Admin Verify] Authentication token not found
[2026-09-02 13:54:37] [Admin Verify] Authentication token not found
[2026-09-02 13:54:37] [Admin Verify] Authentication token not found
[2026-09-02 13:54:37] [Admin Verify] Authentication token not found
[2026-09-02 13:54:37] [Admin Verify] Authentication token not found
[2026-09-02 13:54:37] [Admin Verify] Authentication token not found
[2026-09-02 13:54:37] [Admin Verify] Authentication token not found
[2026-09-02 13:54:37] [Admin Verify] Authentication token not found
[2026-09-02 13:54:37] [Admin Verify] Authentication token not found
[2026-09-02 13:54:37] [Admin Verify] Authentication token not found
[2026-09-02 13:54:37] [Admin Verify] Authentication token not found
[2026-09-02 13:54:37] [Admin Verify] Authentication token not found
[2026-09-02 13:54:37] [Admin Verify] Authentication token not found
[2026-09-02 13:54:37] [Admin Verify] Authentication token not found
[2026-09-02 13:54:37] [Admin Verify] Authentication token not found
[2026-09-02 13:54:37] [Admin Verify] Authentication token not found
[2026-09-02 13:54:37] [Admin Verify] Authentication token not found
[2026-09-02 13:54:37] [Admin Verify] Authentication token not found
[2026-09-02 13:54:37] [Admin Verify] Authentication token not found
[2026-09-02 13:54:37] [Admin Verify] Authentication token not found
[2026-09-02 13:54:37] [Admin Verify] Authentication token not found
[2026-09-02 13:54:37] [Admin Verify] Authentication token not found
[2026-09-02 13:54:37] [Admin Verify] Authentication token not found
[2026-09-02 13:54:37] [Admin Verify] Authentication token not found
[2026-09-02 13:54:37] [Admin Verify] Authentication token not found
[2026-09-02 13:54:37] [Admin Verify] Authentication token not found
[2026-09-02 13:54:37] [Admin Verify] Authentication token not found
[2026-09-02 13:54:37] [Admin Verify] Authentication token not found
[2026-09-02 13:54:38] [Admin Verify] Authentication token not found
[2026-09-02 13:54:38] [Admin Verify] Authentication token not found
[2026-09-02 13:54:38] [Admin Verify] Authentication token not found
[2026-09-02 13:54:38] [Admin Verify] Authentication token not found
[2026-09-02 13:54:38] [Admin Verify] Authentication token not found
[2026-09-02 13:54:38] [Admin Verify] Authentication token not found
[2026-09-02 13:54:38] [Admin Verify] Authentication token not found
[2026-09-02 13:54:38] [Admin Verify] Authentication token not found
[2026-09-02 13:54:38] [Admin Verify] Authentication token not found
[2026-09-02 13:54:38] [Admin Verify] Authentication token not found
[2026-09-02 13:54:38] [Admin Verify] Authentication token not found
[2026-09-02 13:54:38] [Admin Verify] Authentication token not found
[2026-09-02 13:54:38] [Admin Verify] Authentication token not found
[2026-09-02 13:54:38] [Admin Verify] Authentication token not found
[2026-09-02 13:54:38] [Admin Verify] Authentication token not found
[2026-09-02 13:54:38] [Admin Verify] Authentication token not found
[2026-09-02 13:54:38] [Admin Verify] Authentication token not found
[2026-09-02 13:54:38] [Admin Verify] Authentication token not found
[2026-09-02 13:54:38] [Admin Verify] Authentication token not found
[2026-09-02 13:54:38] [Admin Verify] Authentication token not found
[2026-09-02 13:54:38] [Admin Verify] Authentication token not found
[2026-09-02 13:54:38] [Admin Verify] Authentication token not found
[2026-09-02 13:54:38] [Admin Verify] Authentication token not found
[2026-09-02 13:54:38] [Admin Verify] Authentication token not found
[2026-09-02 13:54:38] [Admin Verify] Authentication token not found
[2026-09-02 13:54:38] [Admin Verify] Authentication token not found
[2026-09-02 13:54:38] [Admin Verify] Authentication token not found
[2026-09-02 13:54:38] [Admin Verify] Authentication token not found
[2026-09-02 13:54:38] [Admin Verify] Authentication token not found
[2026-09-02 13:54:38] [Admin Verify] Authentication token not found
[2026-09-02 13:54:38] [Admin Verify] Authentication token not found
[2026-09-02 13:54:39] [Admin Verify] Authentication token not found
[2026-09-02 13:54:39] [Admin Verify] Authentication token not found
[2026-09-02 13:54:39] [Admin Verify] Authentication token not found
[2026-09-02 13:54:39] [Admin Verify] Authentication token not found
[2026-09-02 13:54:39] [Admin Verify] Authentication token not found
[2026-09-02 13:54:39] [Admin Verify] Authentication token not found
[2026-09-02 13:54:39] [Admin Verify] Authentication token not found
[2026-09-02 13:54:39] [Admin Verify] Authentication token not found
[2026-09-02 13:54:39] [Admin Verify] Authentication token not found
[2026-09-02 13:54:39] [Admin Verify] Authentication token not found
[2026-09-02 13:54:39] [Admin Verify] Authentication token not found
[2026-09-02 13:54:39] [Admin Verify] Authentication token not found
[2026-09-02 13:54:39] [Admin Verify] Authentication token not found
[2026-09-02 13:54:39] [Admin Verify] Authentication token not found
[2026-09-02 13:54:39] [Admin Verify] Authentication token not found
[2026-09-02 13:54:39] [Admin Verify] Authentication token not found
[2026-09-02 13:54:39] [Admin Verify] Authentication token not found
[2026-09-02 13:54:39] [Admin Verify] Authentication token not found
[2026-09-02 13:54:39] [Admin Verify] Authentication token not found
[2026-09-02 13:54:39] [Admin Verify] Authentication token not found
[2026-09-02 13:54:39] [Admin Verify] Authentication token not found
[2026-09-02 13:54:39] [Admin Verify] Authentication token not found
[2026-09-02 13:54:39] [Admin Verify] Authentication token not found
[2026-09-02 13:54:39] [Admin Verify] Authentication token not found
[2026-09-02 13:54:39] [Admin Verify] Authentication token not found
[2026-09-02 13:54:39] [Admin Verify] Authentication token not found
[2026-09-02 13:54:39] [Admin Verify] Authentication token not found
[2026-09-02 13:54:39] [Admin Verify] Authentication token not found
[2026-09-02 13:54:39] [Admin Verify] Authentication token not found
[2026-09-02 13:54:39] [Admin Verify] Authentication token not found
[2026-09-02 13:54:39] [Admin Verify] Authentication token not found
[2026-09-02 13:54:39] [Admin Verify] Authentication token not found
[2026-09-02 13:54:39] [Admin Verify] Authentication token not found
[2026-09-02 13:54:39] [Admin Verify] Authentication token not found
[2026-09-02 13:54:39] [Admin Verify] Authentication token not found
[2026-09-02 13:54:39] [Admin Verify] Authentication token not found
[2026-09-02 13:54:39] [Admin Verify] Authentication token not found
[2026-09-02 13:54:39] [Admin Verify] Authentication token not found
[2026-09-02 13:54:40] [Admin Verify] Authentication token not found
[2026-09-02 13:54:40] [Admin Verify] Authentication token not found
[2026-09-02 13:54:40] [Admin Verify] Authentication token not found
[2026-09-02 13:54:40] [Admin Verify] Authentication token not found
[2026-09-02 13:54:40] [Admin Verify] Authentication token not found
[2026-09-02 13:54:40] [Admin Verify] Authentication token not found
[2026-09-02 13:54:40] [Admin Verify] Authentication token not found
[2026-09-02 13:54:40] [Admin Verify] Authentication token not found
[2026-09-02 13:54:40] [Admin Verify] Authentication token not found
[2026-09-02 13:54:40] [Admin Verify] Authentication token not found
[2026-09-02 13:54:40] [Admin Verify] Authentication token not found
[2026-09-02 13:54:40] [Admin Verify] Authentication token not found
[2026-09-02 13:54:40] [Admin Verify] Authentication token not found
[2026-09-02 13:54:40] [Admin Verify] Authentication token not found
[2026-09-02 13:54:40] [Admin Verify] Authentication token not found
[2026-09-02 13:54:40] [Admin Verify] Authentication token not found
[2026-09-02 13:54:40] [Admin Verify] Authentication token not found
[2026-09-02 13:54:40] [Admin Verify] Authentication token not found
[2026-09-02 13:54:40] [Admin Verify] Authentication token not found
[2026-09-02 13:54:40] [Admin Verify] Authentication token not found
[2026-09-02 13:54:40] [Admin Verify] Authentication token not found
[2026-09-02 13:54:40] [Admin Verify] Authentication token not found
[2026-09-02 13:54:40] [Admin Verify] Authentication token not found
[2026-09-02 13:54:40] [Admin Verify] Authentication token not found
[2026-09-02 13:54:40] [Admin Verify] Authentication token not found
[2026-09-02 13:54:40] [Admin Verify] Authentication token not found
[2026-09-02 13:54:40] [Admin Verify] Authentication token not found
[2026-09-02 13:54:40] [Admin Verify] Authentication token not found
[2026-09-02 13:54:40] [Admin Verify] Authentication token not found
[2026-09-02 13:54:40] [Admin Verify] Authentication token not found
[2026-09-02 13:54:40] [Admin Verify] Authentication token not found
[2026-09-02 13:54:40] [Admin Verify] Authentication token not found
[2026-09-02 13:54:40] [Admin Verify] Authentication token not found
[2026-09-02 13:54:40] [Admin Verify] Authentication token not found
[2026-09-02 13:54:40] [Admin Verify] Authentication token not found
[2026-09-02 13:54:40] [Admin Verify] Authentication token not found
[2026-09-02 13:54:40] [Admin Verify] Authentication token not found
[2026-09-02 13:54:41] [Admin Verify] Authentication token not found
[2026-09-02 13:54:41] [Admin Verify] Authentication token not found
[2026-09-02 13:54:41] [Admin Verify] Authentication token not found
[2026-09-02 13:54:41] [Admin Verify] Authentication token not found
[2026-09-02 13:54:41] [Admin Verify] Authentication token not found
[2026-09-02 13:54:41] [Admin Verify] Authentication token not found
[2026-09-02 13:54:41] [Admin Verify] Authentication token not found
[2026-09-02 13:54:41] [Admin Verify] Authentication token not found
[2026-09-02 13:54:41] [Admin Verify] Authentication token not found
[2026-09-02 13:54:41] [Admin Verify] Authentication token not found
[2026-09-02 13:54:41] [Admin Verify] Authentication token not found
[2026-09-02 13:54:41] [Admin Verify] Authentication token not found
[2026-09-02 13:54:41] [Admin Verify] Authentication token not found
[2026-09-02 13:54:41] [Admin Verify] Authentication token not found
[2026-09-02 13:54:41] [Admin Verify] Authentication token not found
[2026-09-02 13:54:41] [Admin Verify] Authentication token not found
[2026-09-02 13:54:41] [Admin Verify] Authentication token not found
[2026-09-02 13:54:41] [Admin Verify] Authentication token not found
[2026-09-02 13:54:41] [Admin Verify] Authentication token not found
[2026-09-02 13:54:41] [Admin Verify] Authentication token not found
[2026-09-02 13:54:41] [Admin Verify] Authentication token not found
[2026-09-02 13:54:41] [Admin Verify] Authentication token not found
[2026-09-02 13:54:41] [Admin Verify] Authentication token not found
[2026-09-02 13:54:41] [Admin Verify] Authentication token not found
[2026-09-02 13:54:41] [Admin Verify] Authentication token not found
[2026-09-02 13:54:41] [Admin Verify] Authentication token not found
[2026-09-02 13:54:41] [Admin Verify] Authentication token not found
[2026-09-02 13:54:41] [Admin Verify] Authentication token not found
[2026-09-02 13:54:41] [Admin Verify] Authentication token not found
[2026-09-02 13:54:41] [Admin Verify] Authentication token not found
[2026-09-02 13:54:41] [Admin Verify] Authentication token not found
[2026-09-02 13:54:42] [Admin Verify] Authentication token not found
[2026-09-02 13:54:42] [Admin Verify] Authentication token not found
[2026-09-02 13:54:42] [Admin Verify] Authentication token not found
[2026-09-02 13:54:42] [Admin Verify] Authentication token not found
[2026-09-02 13:54:42] [Admin Verify] Authentication token not found
[2026-09-02 13:54:42] [Admin Verify] Authentication token not found
[2026-09-02 13:54:42] [Admin Verify] Authentication token not found
[2026-09-02 13:54:42] [Admin Verify] Authentication token not found
[2026-09-02 13:54:42] [Admin Verify] Authentication token not found
[2026-09-02 13:54:42] [Admin Verify] Authentication token not found
[2026-09-02 13:54:42] [Admin Verify] Authentication token not found
[2026-09-02 13:54:42] [Admin Verify] Authentication token not found
[2026-09-02 13:54:42] [Admin Verify] Authentication token not found
[2026-09-02 13:54:42] [Admin Verify] Authentication token not found
[2026-09-02 13:54:42] [Admin Verify] Authentication token not found
[2026-09-02 13:54:42] [Admin Verify] Authentication token not found
[2026-09-02 13:54:42] [Admin Verify] Authentication token not found
[2026-09-02 13:54:42] [Admin Verify] Authentication token not found
[2026-09-02 13:54:42] [Admin Verify] Authentication token not found
[2026-09-02 13:54:42] [Admin Verify] Authentication token not found
[2026-09-02 13:54:42] [Admin Verify] Authentication token not found
[2026-09-02 13:54:42] [Admin Verify] Authentication token not found
[2026-09-02 13:54:42] [Admin Verify] Authentication token not found
[2026-09-02 13:54:42] [Admin Verify] Authentication token not found
[2026-09-02 13:54:42] [Admin Verify] Authentication token not found
[2026-09-02 13:54:42] [Admin Verify] Authentication token not found
[2026-09-02 13:54:42] [Admin Verify] Authentication token not found
[2026-09-02 13:54:42] [Admin Verify] Authentication token not found
[2026-09-02 13:54:42] [Admin Verify] Authentication token not found
[2026-09-02 13:54:42] [Admin Verify] Authentication token not found
[2026-09-02 13:54:42] [Admin Verify] Authentication token not found
[2026-09-02 13:54:42] [Admin Verify] Authentication token not found
[2026-09-02 13:54:42] [Admin Verify] Authentication token not found
[2026-09-02 13:54:42] [Admin Verify] Authentication token not found
[2026-09-02 13:54:42] [Admin Verify] Authentication token not found
[2026-09-02 13:54:42] [Admin Verify] Authentication token not found
[2026-09-02 13:54:42] [Admin Verify] Authentication token not found
[2026-09-02 13:54:42] [Admin Verify] Authentication token not found
[2026-09-02 13:54:42] [Admin Verify] Authentication token not found
[2026-09-02 13:54:42] [Admin Verify] Authentication token not found
[2026-09-02 13:54:42] [Admin Verify] Authentication token not found
[2026-09-02 13:54:42] [Admin Verify] Authentication token not found
[2026-09-02 13:54:42] [Admin Verify] Authentication token not found
[2026-09-02 13:54:42] [Admin Verify] Authentication token not found
[2026-09-02 13:54:42] [Admin Verify] Authentication token not found
[2026-09-02 13:54:43] [Admin Verify] Authentication token not found
[2026-09-02 13:54:43] [Admin Verify] Authentication token not found
[2026-09-02 13:54:43] [Admin Verify] Authentication token not found
[2026-09-02 13:54:43] [Admin Verify] Authentication token not found
[2026-09-02 13:54:43] [Admin Verify] Authentication token not found
[2026-09-02 13:54:43] [Admin Verify] Authentication token not found
[2026-09-02 13:54:43] [Admin Verify] Authentication token not found
[2026-09-02 13:54:43] [Admin Verify] Authentication token not found
[2026-09-02 13:54:43] [Admin Verify] Authentication token not found
[2026-09-02 13:54:43] [Admin Verify] Authentication token not found
[2026-09-02 13:54:43] [Admin Verify] Authentication token not found
[2026-09-02 13:54:43] [Admin Verify] Authentication token not found
[2026-09-02 13:54:43] [Admin Verify] Authentication token not found
[2026-09-02 13:54:43] [Admin Verify] Authentication token not found
[2026-09-02 13:54:43] [Admin Verify] Authentication token not found
[2026-09-02 13:54:43] [Admin Verify] Authentication token not found
[2026-09-02 13:54:43] [Admin Verify] Authentication token not found
[2026-09-02 13:54:43] [Admin Verify] Authentication token not found
[2026-09-02 13:54:43] [Admin Verify] Authentication token not found
[2026-09-02 13:54:43] [Admin Verify] Authentication token not found
[2026-09-02 13:54:43] [Admin Verify] Authentication token not found
[2026-09-02 13:54:43] [Admin Verify] Authentication token not found
[2026-09-02 13:54:43] [Admin Verify] Authentication token not found
[2026-09-02 13:54:44] [Admin Verify] Authentication token not found
[2026-09-02 13:54:44] [Admin Verify] Authentication token not found
[2026-09-02 13:54:44] [Admin Verify] Authentication token not found
[2026-09-02 13:54:44] [Admin Verify] Authentication token not found
[2026-09-02 13:54:44] [Admin Verify] Authentication token not found
[2026-09-02 13:54:44] [Admin Verify] Authentication token not found
[2026-09-02 13:54:44] [Admin Verify] Authentication token not found
[2026-09-02 13:54:45] [Admin Verify] Authentication token not found
[2026-09-02 13:54:45] [Admin Verify] Authentication token not found
[2026-09-02 13:54:45] [Admin Verify] Authentication token not found
[2026-09-02 13:54:45] [Admin Verify] Authentication token not found
[2026-09-02 13:54:45] [Admin Verify] Authentication token not found
[2026-09-02 13:54:45] [Admin Verify] Authentication token not found
[2026-09-02 13:54:45] [Admin Verify] Authentication token not found
[2026-09-02 13:54:45] [Admin Verify] Authentication token not found
[2026-09-02 13:54:45] [Admin Verify] Authentication token not found
[2026-09-02 13:54:45] [Admin Verify] Authentication token not found
[2026-09-02 13:54:45] [Admin Verify] Authentication token not found
[2026-09-02 13:54:45] [Admin Verify] Authentication token not found
[2026-09-02 13:54:45] [Admin Verify] Authentication token not found
[2026-09-02 13:54:45] [Admin Verify] Authentication token not found
[2026-09-02 13:54:45] [Admin Verify] Authentication token not found
[2026-09-02 13:54:45] [Admin Verify] Authentication token not found
[2026-09-02 13:54:45] [Admin Verify] Authentication token not found
[2026-09-02 13:54:45] [Admin Verify] Authentication token not found
[2026-09-02 13:54:45] [Admin Verify] Authentication token not found
[2026-09-02 13:54:45] [Admin Verify] Authentication token not found
[2026-09-02 13:54:45] [Admin Verify] Authentication token not found
