[2026-09-11 09:47:56] [INFO] [OVERSTAY] Overstay cron initialized successfully
[2026-09-11 09:47:56] [INFO] [OVERSTAY] Cron schedule: Every minute
[2026-09-11 09:47:56] [INFO] [OVERSTAY] Cron timezone: Asia/Kolkata
[2026-09-11 09:47:57] [INFO] ==================================================
[2026-09-11 09:47:57] [INFO] OVERSTAY CRON STARTED
[2026-09-11 09:47:57] [INFO] ==================================================
[2026-09-11 09:47:57] [INFO] [OVERSTAY] Current India Date/Time: 11/09/2026 09:47:57
[2026-09-11 09:47:57] [INFO] [OVERSTAY] Timezone: Asia/Kolkata
[2026-09-11 09:47:58] [INFO] [Logger] Running log cleanup check. Retention limit: 30 days.
[2026-09-11 09:47:59] [INFO] [Logger] Cleanup completed. No expired log files found.
[2026-09-11 09:47:59] [INFO] [Logger] Automated log cleanup scheduler started (runs every 24 hours).
[2026-09-11 09:47:59] [INFO] [Server] Server started and listening on port 5000
[2026-09-11 09:47:59] [INFO] [Database] MongoDB Connected successfully: 76.13.244.61
[2026-09-11 09:48:00] [INFO] Admin user already exists
[2026-09-11 09:48:00] [INFO] [OVERSTAY] Cron triggered
[2026-09-11 09:48:00] [INFO] ==================================================
[2026-09-11 09:48:00] [INFO] OVERSTAY CRON STARTED
[2026-09-11 09:48:00] [INFO] ==================================================
[2026-09-11 09:48:00] [INFO] [OVERSTAY] Current India Date/Time: 11/09/2026 09:48:00
[2026-09-11 09:48:00] [INFO] [OVERSTAY] Timezone: Asia/Kolkata
[2026-09-11 09:48:00] [INFO] [OVERSTAY] Staying customers found: 0
[2026-09-11 09:48:00] [INFO] ==================================================
[2026-09-11 09:48:00] [INFO] OVERSTAY CRON COMPLETED
[2026-09-11 09:48:00] [INFO] ==================================================
[2026-09-11 09:48:00] [INFO] [OVERSTAY] Staying customers found: 0
[2026-09-11 09:48:00] [INFO] ==================================================
[2026-09-11 09:48:00] [INFO] OVERSTAY CRON COMPLETED
[2026-09-11 09:48:00] [INFO] ==================================================
[2026-09-11 09:49:00] [INFO] [OVERSTAY] Cron triggered
[2026-09-11 09:49:00] [INFO] ==================================================
[2026-09-11 09:49:00] [INFO] OVERSTAY CRON STARTED
[2026-09-11 09:49:00] [INFO] ==================================================
[2026-09-11 09:49:00] [INFO] [OVERSTAY] Current India Date/Time: 11/09/2026 09:49:00
[2026-09-11 09:49:00] [INFO] [OVERSTAY] Timezone: Asia/Kolkata
[2026-09-11 09:49:00] [INFO] [OVERSTAY] Staying customers found: 0
[2026-09-11 09:49:00] [INFO] ==================================================
[2026-09-11 09:49:00] [INFO] OVERSTAY CRON COMPLETED
[2026-09-11 09:49:00] [INFO] ==================================================
[2026-09-11 09:50:00] [INFO] [OVERSTAY] Cron triggered
[2026-09-11 09:50:00] [INFO] ==================================================
[2026-09-11 09:50:00] [INFO] OVERSTAY CRON STARTED
[2026-09-11 09:50:00] [INFO] ==================================================
[2026-09-11 09:50:00] [INFO] [OVERSTAY] Current India Date/Time: 11/09/2026 09:50:00
[2026-09-11 09:50:00] [INFO] [OVERSTAY] Timezone: Asia/Kolkata
[2026-09-11 09:50:00] [INFO] [OVERSTAY] Staying customers found: 0
[2026-09-11 09:50:00] [INFO] ==================================================
[2026-09-11 09:50:00] [INFO] OVERSTAY CRON COMPLETED
[2026-09-11 09:50:00] [INFO] ==================================================
[2026-09-11 09:51:00] [INFO] [OVERSTAY] Cron triggered
[2026-09-11 09:51:00] [INFO] ==================================================
[2026-09-11 09:51:00] [INFO] OVERSTAY CRON STARTED
[2026-09-11 09:51:00] [INFO] ==================================================
[2026-09-11 09:51:00] [INFO] [OVERSTAY] Current India Date/Time: 11/09/2026 09:51:00
[2026-09-11 09:51:00] [INFO] [OVERSTAY] Timezone: Asia/Kolkata
[2026-09-11 09:51:00] [INFO] [OVERSTAY] Staying customers found: 0
[2026-09-11 09:51:00] [INFO] ==================================================
[2026-09-11 09:51:00] [INFO] OVERSTAY CRON COMPLETED
[2026-09-11 09:51:00] [INFO] ==================================================
[2026-09-11 09:51:12] [INFO] INFO
[2026-09-11 09:51:13] [INFO] INFO
[2026-09-11 09:52:00] [INFO] [OVERSTAY] Cron triggered
[2026-09-11 09:52:00] [INFO] ==================================================
[2026-09-11 09:52:00] [INFO] OVERSTAY CRON STARTED
[2026-09-11 09:52:00] [INFO] ==================================================
[2026-09-11 09:52:00] [INFO] [OVERSTAY] Current India Date/Time: 11/09/2026 09:52:00
[2026-09-11 09:52:00] [INFO] [OVERSTAY] Timezone: Asia/Kolkata
[2026-09-11 09:52:00] [INFO] [OVERSTAY] Staying customers found: 0
[2026-09-11 09:52:00] [INFO] ==================================================
[2026-09-11 09:52:00] [INFO] OVERSTAY CRON COMPLETED
[2026-09-11 09:52:00] [INFO] ==================================================
[2026-09-11 09:53:00] [INFO] [OVERSTAY] Cron triggered
[2026-09-11 09:53:00] [INFO] ==================================================
[2026-09-11 09:53:00] [INFO] OVERSTAY CRON STARTED
[2026-09-11 09:53:00] [INFO] ==================================================
[2026-09-11 09:53:00] [INFO] [OVERSTAY] Current India Date/Time: 11/09/2026 09:53:00
[2026-09-11 09:53:00] [INFO] [OVERSTAY] Timezone: Asia/Kolkata
[2026-09-11 09:53:00] [INFO] [OVERSTAY] Staying customers found: 0
[2026-09-11 09:53:00] [INFO] ==================================================
[2026-09-11 09:53:00] [INFO] OVERSTAY CRON COMPLETED
[2026-09-11 09:53:00] [INFO] ==================================================
[2026-09-11 09:54:00] [INFO] [OVERSTAY] Cron triggered
[2026-09-11 09:54:00] [INFO] ==================================================
[2026-09-11 09:54:00] [INFO] OVERSTAY CRON STARTED
[2026-09-11 09:54:00] [INFO] ==================================================
[2026-09-11 09:54:00] [INFO] [OVERSTAY] Current India Date/Time: 11/09/2026 09:54:00
[2026-09-11 09:54:00] [INFO] [OVERSTAY] Timezone: Asia/Kolkata
[2026-09-11 09:54:00] [INFO] [OVERSTAY] Staying customers found: 0
[2026-09-11 09:54:00] [INFO] ==================================================
[2026-09-11 09:54:00] [INFO] OVERSTAY CRON COMPLETED
[2026-09-11 09:54:00] [INFO] ==================================================
[2026-09-11 09:55:00] [INFO] [OVERSTAY] Cron triggered
[2026-09-11 09:55:00] [INFO] ==================================================
[2026-09-11 09:55:00] [INFO] OVERSTAY CRON STARTED
[2026-09-11 09:55:00] [INFO] ==================================================
[2026-09-11 09:55:00] [INFO] [OVERSTAY] Current India Date/Time: 11/09/2026 09:55:00
[2026-09-11 09:55:00] [INFO] [OVERSTAY] Timezone: Asia/Kolkata
[2026-09-11 09:55:00] [INFO] [OVERSTAY] Staying customers found: 0
[2026-09-11 09:55:00] [INFO] ==================================================
[2026-09-11 09:55:00] [INFO] OVERSTAY CRON COMPLETED
[2026-09-11 09:55:00] [INFO] ==================================================
[2026-09-11 09:56:00] [INFO] [OVERSTAY] Cron triggered
[2026-09-11 09:56:00] [INFO] ==================================================
[2026-09-11 09:56:00] [INFO] OVERSTAY CRON STARTED
[2026-09-11 09:56:00] [INFO] ==================================================
[2026-09-11 09:56:00] [INFO] [OVERSTAY] Current India Date/Time: 11/09/2026 09:56:00
[2026-09-11 09:56:00] [INFO] [OVERSTAY] Timezone: Asia/Kolkata
[2026-09-11 09:56:00] [INFO] [OVERSTAY] Staying customers found: 0
[2026-09-11 09:56:00] [INFO] ==================================================
[2026-09-11 09:56:00] [INFO] OVERSTAY CRON COMPLETED
[2026-09-11 09:56:00] [INFO] ==================================================
[2026-09-11 09:57:00] [INFO] [OVERSTAY] Cron triggered
[2026-09-11 09:57:00] [INFO] ==================================================
[2026-09-11 09:57:00] [INFO] OVERSTAY CRON STARTED
[2026-09-11 09:57:00] [INFO] ==================================================
[2026-09-11 09:57:00] [INFO] [OVERSTAY] Current India Date/Time: 11/09/2026 09:57:00
[2026-09-11 09:57:00] [INFO] [OVERSTAY] Timezone: Asia/Kolkata
[2026-09-11 09:57:00] [INFO] [OVERSTAY] Staying customers found: 0
[2026-09-11 09:57:00] [INFO] ==================================================
[2026-09-11 09:57:00] [INFO] OVERSTAY CRON COMPLETED
[2026-09-11 09:57:00] [INFO] ==================================================
[2026-09-11 09:58:00] [INFO] [OVERSTAY] Cron triggered
[2026-09-11 09:58:00] [INFO] ==================================================
[2026-09-11 09:58:00] [INFO] OVERSTAY CRON STARTED
[2026-09-11 09:58:00] [INFO] ==================================================
[2026-09-11 09:58:00] [INFO] [OVERSTAY] Current India Date/Time: 11/09/2026 09:58:00
[2026-09-11 09:58:00] [INFO] [OVERSTAY] Timezone: Asia/Kolkata
[2026-09-11 09:58:00] [INFO] [OVERSTAY] Staying customers found: 0
[2026-09-11 09:58:00] [INFO] ==================================================
[2026-09-11 09:58:00] [INFO] OVERSTAY CRON COMPLETED
[2026-09-11 09:58:00] [INFO] ==================================================
[2026-09-11 09:59:00] [INFO] [OVERSTAY] Cron triggered
[2026-09-11 09:59:00] [INFO] ==================================================
[2026-09-11 09:59:00] [INFO] OVERSTAY CRON STARTED
[2026-09-11 09:59:00] [INFO] ==================================================
[2026-09-11 09:59:00] [INFO] [OVERSTAY] Current India Date/Time: 11/09/2026 09:59:00
[2026-09-11 09:59:00] [INFO] [OVERSTAY] Timezone: Asia/Kolkata
[2026-09-11 09:59:00] [INFO] [OVERSTAY] Staying customers found: 0
[2026-09-11 09:59:00] [INFO] ==================================================
[2026-09-11 09:59:00] [INFO] OVERSTAY CRON COMPLETED
[2026-09-11 09:59:00] [INFO] ==================================================
[2026-09-11 10:00:00] [INFO] [OVERSTAY] Cron triggered
[2026-09-11 10:00:00] [INFO] ==================================================
[2026-09-11 10:00:00] [INFO] OVERSTAY CRON STARTED
[2026-09-11 10:00:00] [INFO] ==================================================
[2026-09-11 10:00:00] [INFO] [OVERSTAY] Current India Date/Time: 11/09/2026 10:00:00
[2026-09-11 10:00:00] [INFO] [OVERSTAY] Timezone: Asia/Kolkata
[2026-09-11 10:00:00] [INFO] [OVERSTAY] Staying customers found: 0
[2026-09-11 10:00:00] [INFO] ==================================================
[2026-09-11 10:00:00] [INFO] OVERSTAY CRON COMPLETED
[2026-09-11 10:00:00] [INFO] ==================================================
[2026-09-11 10:01:00] [INFO] [OVERSTAY] Cron triggered
[2026-09-11 10:01:00] [INFO] ==================================================
[2026-09-11 10:01:00] [INFO] OVERSTAY CRON STARTED
[2026-09-11 10:01:00] [INFO] ==================================================
[2026-09-11 10:01:00] [INFO] [OVERSTAY] Current India Date/Time: 11/09/2026 10:01:00
[2026-09-11 10:01:00] [INFO] [OVERSTAY] Timezone: Asia/Kolkata
[2026-09-11 10:01:00] [INFO] [OVERSTAY] Staying customers found: 0
[2026-09-11 10:01:00] [INFO] ==================================================
[2026-09-11 10:01:00] [INFO] OVERSTAY CRON COMPLETED
[2026-09-11 10:01:00] [INFO] ==================================================
[2026-09-11 10:02:00] [INFO] [OVERSTAY] Cron triggered
[2026-09-11 10:02:00] [INFO] ==================================================
[2026-09-11 10:02:00] [INFO] OVERSTAY CRON STARTED
[2026-09-11 10:02:00] [INFO] ==================================================
[2026-09-11 10:02:00] [INFO] [OVERSTAY] Current India Date/Time: 11/09/2026 10:02:00
[2026-09-11 10:02:00] [INFO] [OVERSTAY] Timezone: Asia/Kolkata
[2026-09-11 10:02:00] [INFO] [OVERSTAY] Staying customers found: 0
[2026-09-11 10:02:00] [INFO] ==================================================
[2026-09-11 10:02:00] [INFO] OVERSTAY CRON COMPLETED
[2026-09-11 10:02:00] [INFO] ==================================================
[2026-09-11 10:03:00] [INFO] [OVERSTAY] Cron triggered
[2026-09-11 10:03:00] [INFO] ==================================================
[2026-09-11 10:03:00] [INFO] OVERSTAY CRON STARTED
[2026-09-11 10:03:00] [INFO] ==================================================
[2026-09-11 10:03:00] [INFO] [OVERSTAY] Current India Date/Time: 11/09/2026 10:03:00
[2026-09-11 10:03:00] [INFO] [OVERSTAY] Timezone: Asia/Kolkata
[2026-09-11 10:03:00] [INFO] [OVERSTAY] Staying customers found: 0
[2026-09-11 10:03:00] [INFO] ==================================================
[2026-09-11 10:03:00] [INFO] OVERSTAY CRON COMPLETED
[2026-09-11 10:03:00] [INFO] ==================================================
[2026-09-11 10:04:00] [INFO] [OVERSTAY] Cron triggered
[2026-09-11 10:04:00] [INFO] ==================================================
[2026-09-11 10:04:00] [INFO] OVERSTAY CRON STARTED
[2026-09-11 10:04:00] [INFO] ==================================================
[2026-09-11 10:04:00] [INFO] [OVERSTAY] Current India Date/Time: 11/09/2026 10:04:00
[2026-09-11 10:04:00] [INFO] [OVERSTAY] Timezone: Asia/Kolkata
[2026-09-11 10:04:00] [INFO] [OVERSTAY] Staying customers found: 0
[2026-09-11 10:04:00] [INFO] ==================================================
[2026-09-11 10:04:00] [INFO] OVERSTAY CRON COMPLETED
[2026-09-11 10:04:00] [INFO] ==================================================
[2026-09-11 10:05:00] [INFO] [OVERSTAY] Cron triggered
[2026-09-11 10:05:00] [INFO] ==================================================
[2026-09-11 10:05:00] [INFO] OVERSTAY CRON STARTED
[2026-09-11 10:05:00] [INFO] ==================================================
[2026-09-11 10:05:00] [INFO] [OVERSTAY] Current India Date/Time: 11/09/2026 10:05:00
[2026-09-11 10:05:00] [INFO] [OVERSTAY] Timezone: Asia/Kolkata
[2026-09-11 10:05:00] [INFO] [OVERSTAY] Staying customers found: 0
[2026-09-11 10:05:00] [INFO] ==================================================
[2026-09-11 10:05:00] [INFO] OVERSTAY CRON COMPLETED
[2026-09-11 10:05:00] [INFO] ==================================================
[2026-09-11 10:06:00] [INFO] [OVERSTAY] Cron triggered
[2026-09-11 10:06:00] [INFO] ==================================================
[2026-09-11 10:06:00] [INFO] OVERSTAY CRON STARTED
[2026-09-11 10:06:00] [INFO] ==================================================
[2026-09-11 10:06:00] [INFO] [OVERSTAY] Current India Date/Time: 11/09/2026 10:06:00
[2026-09-11 10:06:00] [INFO] [OVERSTAY] Timezone: Asia/Kolkata
[2026-09-11 10:06:00] [INFO] [OVERSTAY] Staying customers found: 0
[2026-09-11 10:06:00] [INFO] ==================================================
[2026-09-11 10:06:00] [INFO] OVERSTAY CRON COMPLETED
[2026-09-11 10:06:00] [INFO] ==================================================
[2026-09-11 10:07:00] [INFO] [OVERSTAY] Cron triggered
[2026-09-11 10:07:00] [INFO] ==================================================
[2026-09-11 10:07:00] [INFO] OVERSTAY CRON STARTED
[2026-09-11 10:07:00] [INFO] ==================================================
[2026-09-11 10:07:00] [INFO] [OVERSTAY] Current India Date/Time: 11/09/2026 10:07:00
[2026-09-11 10:07:00] [INFO] [OVERSTAY] Timezone: Asia/Kolkata
[2026-09-11 10:07:00] [INFO] [OVERSTAY] Staying customers found: 0
[2026-09-11 10:07:00] [INFO] ==================================================
[2026-09-11 10:07:00] [INFO] OVERSTAY CRON COMPLETED
[2026-09-11 10:07:00] [INFO] ==================================================
[2026-09-11 10:07:43] [INFO] INFO
[2026-09-11 10:07:43] [INFO] INFO
[2026-09-11 10:07:53] [INFO] INFO
[2026-09-11 10:07:53] [INFO] INFO
[2026-09-11 10:07:57] [INFO] INFO
[2026-09-11 10:07:57] [INFO] INFO
[2026-09-11 10:07:59] [INFO] INFO
[2026-09-11 10:07:59] [INFO] INFO
[2026-09-11 10:08:00] [INFO] [OVERSTAY] Cron triggered
[2026-09-11 10:08:00] [INFO] ==================================================
[2026-09-11 10:08:00] [INFO] OVERSTAY CRON STARTED
[2026-09-11 10:08:00] [INFO] ==================================================
[2026-09-11 10:08:00] [INFO] [OVERSTAY] Current India Date/Time: 11/09/2026 10:08:00
[2026-09-11 10:08:00] [INFO] [OVERSTAY] Timezone: Asia/Kolkata
[2026-09-11 10:08:00] [INFO] [OVERSTAY] Staying customers found: 0
[2026-09-11 10:08:00] [INFO] ==================================================
[2026-09-11 10:08:00] [INFO] OVERSTAY CRON COMPLETED
[2026-09-11 10:08:00] [INFO] ==================================================
[2026-09-11 10:08:42] [INFO] INFO
[2026-09-11 10:09:00] [INFO] [OVERSTAY] Cron triggered
[2026-09-11 10:09:00] [INFO] ==================================================
[2026-09-11 10:09:00] [INFO] OVERSTAY CRON STARTED
[2026-09-11 10:09:00] [INFO] ==================================================
[2026-09-11 10:09:00] [INFO] [OVERSTAY] Current India Date/Time: 11/09/2026 10:09:00
[2026-09-11 10:09:00] [INFO] [OVERSTAY] Timezone: Asia/Kolkata
[2026-09-11 10:09:00] [INFO] [OVERSTAY] Staying customers found: 0
[2026-09-11 10:09:00] [INFO] ==================================================
[2026-09-11 10:09:00] [INFO] OVERSTAY CRON COMPLETED
[2026-09-11 10:09:00] [INFO] ==================================================
[2026-09-11 10:09:03] [INFO] INFO
[2026-09-11 10:09:18] [INFO] INFO
[2026-09-11 10:09:18] [INFO] INFO
[2026-09-11 10:09:52] [INFO] INFO
[2026-09-11 10:09:52] [INFO] INFO
[2026-09-11 10:09:54] [INFO] INFO
[2026-09-11 10:09:54] [INFO] INFO
[2026-09-11 10:10:00] [INFO] [OVERSTAY] Cron triggered
[2026-09-11 10:10:00] [INFO] ==================================================
[2026-09-11 10:10:00] [INFO] OVERSTAY CRON STARTED
[2026-09-11 10:10:00] [INFO] ==================================================
[2026-09-11 10:10:00] [INFO] [OVERSTAY] Current India Date/Time: 11/09/2026 10:10:00
[2026-09-11 10:10:00] [INFO] [OVERSTAY] Timezone: Asia/Kolkata
[2026-09-11 10:10:00] [INFO] [OVERSTAY] Staying customers found: 0
[2026-09-11 10:10:00] [INFO] ==================================================
[2026-09-11 10:10:00] [INFO] OVERSTAY CRON COMPLETED
[2026-09-11 10:10:00] [INFO] ==================================================
[2026-09-11 10:10:12] [INFO] INFO
[2026-09-11 10:10:12] [INFO] INFO
[2026-09-11 10:10:17] [INFO] INFO
[2026-09-11 10:10:17] [INFO] INFO
[2026-09-11 10:11:00] [INFO] [OVERSTAY] Cron triggered
[2026-09-11 10:11:00] [INFO] ==================================================
[2026-09-11 10:11:00] [INFO] OVERSTAY CRON STARTED
[2026-09-11 10:11:00] [INFO] ==================================================
[2026-09-11 10:11:00] [INFO] [OVERSTAY] Current India Date/Time: 11/09/2026 10:11:00
[2026-09-11 10:11:00] [INFO] [OVERSTAY] Timezone: Asia/Kolkata
[2026-09-11 10:11:00] [INFO] [OVERSTAY] Staying customers found: 0
[2026-09-11 10:11:00] [INFO] ==================================================
[2026-09-11 10:11:00] [INFO] OVERSTAY CRON COMPLETED
[2026-09-11 10:11:00] [INFO] ==================================================
[2026-09-11 10:11:04] [INFO] INFO
[2026-09-11 10:11:04] [INFO] INFO
[2026-09-11 10:11:11] [INFO] INFO
[2026-09-11 10:12:00] [INFO] [OVERSTAY] Cron triggered
[2026-09-11 10:12:00] [INFO] ==================================================
[2026-09-11 10:12:00] [INFO] OVERSTAY CRON STARTED
[2026-09-11 10:12:00] [INFO] ==================================================
[2026-09-11 10:12:00] [INFO] [OVERSTAY] Current India Date/Time: 11/09/2026 10:12:00
[2026-09-11 10:12:00] [INFO] [OVERSTAY] Timezone: Asia/Kolkata
[2026-09-11 10:12:00] [INFO] [OVERSTAY] Staying customers found: 0
[2026-09-11 10:12:00] [INFO] ==================================================
[2026-09-11 10:12:00] [INFO] OVERSTAY CRON COMPLETED
[2026-09-11 10:12:00] [INFO] ==================================================
[2026-09-11 10:13:00] [INFO] [OVERSTAY] Cron triggered
[2026-09-11 10:13:00] [INFO] ==================================================
[2026-09-11 10:13:00] [INFO] OVERSTAY CRON STARTED
[2026-09-11 10:13:00] [INFO] ==================================================
[2026-09-11 10:13:00] [INFO] [OVERSTAY] Current India Date/Time: 11/09/2026 10:13:00
[2026-09-11 10:13:00] [INFO] [OVERSTAY] Timezone: Asia/Kolkata
[2026-09-11 10:13:00] [INFO] [OVERSTAY] Staying customers found: 0
[2026-09-11 10:13:00] [INFO] ==================================================
[2026-09-11 10:13:00] [INFO] OVERSTAY CRON COMPLETED
[2026-09-11 10:13:00] [INFO] ==================================================
[2026-09-11 10:14:00] [INFO] [OVERSTAY] Cron triggered
[2026-09-11 10:14:00] [INFO] ==================================================
[2026-09-11 10:14:00] [INFO] OVERSTAY CRON STARTED
[2026-09-11 10:14:00] [INFO] ==================================================
[2026-09-11 10:14:00] [INFO] [OVERSTAY] Current India Date/Time: 11/09/2026 10:14:00
[2026-09-11 10:14:00] [INFO] [OVERSTAY] Timezone: Asia/Kolkata
[2026-09-11 10:14:00] [INFO] [OVERSTAY] Staying customers found: 0
[2026-09-11 10:14:00] [INFO] ==================================================
[2026-09-11 10:14:00] [INFO] OVERSTAY CRON COMPLETED
[2026-09-11 10:14:00] [INFO] ==================================================
[2026-09-11 10:15:00] [INFO] [OVERSTAY] Cron triggered
[2026-09-11 10:15:00] [INFO] ==================================================
[2026-09-11 10:15:00] [INFO] OVERSTAY CRON STARTED
[2026-09-11 10:15:00] [INFO] ==================================================
[2026-09-11 10:15:00] [INFO] [OVERSTAY] Current India Date/Time: 11/09/2026 10:15:00
[2026-09-11 10:15:00] [INFO] [OVERSTAY] Timezone: Asia/Kolkata
[2026-09-11 10:15:00] [INFO] [OVERSTAY] Staying customers found: 0
[2026-09-11 10:15:00] [INFO] ==================================================
[2026-09-11 10:15:00] [INFO] OVERSTAY CRON COMPLETED
[2026-09-11 10:15:00] [INFO] ==================================================
[2026-09-11 10:15:03] [INFO] INFO
[2026-09-11 10:15:09] [INFO] INFO
[2026-09-11 10:15:09] [INFO] INFO
[2026-09-11 10:16:00] [INFO] [OVERSTAY] Cron triggered
[2026-09-11 10:16:00] [INFO] ==================================================
[2026-09-11 10:16:00] [INFO] OVERSTAY CRON STARTED
[2026-09-11 10:16:00] [INFO] ==================================================
[2026-09-11 10:16:00] [INFO] [OVERSTAY] Current India Date/Time: 11/09/2026 10:16:00
[2026-09-11 10:16:00] [INFO] [OVERSTAY] Timezone: Asia/Kolkata
[2026-09-11 10:16:00] [INFO] [OVERSTAY] Staying customers found: 0
[2026-09-11 10:16:00] [INFO] ==================================================
[2026-09-11 10:16:00] [INFO] OVERSTAY CRON COMPLETED
[2026-09-11 10:16:00] [INFO] ==================================================
[2026-09-11 10:16:53] [INFO] INFO
[2026-09-11 10:16:53] [INFO] INFO
[2026-09-11 10:16:57] [INFO] INFO
[2026-09-11 10:16:57] [INFO] INFO
[2026-09-11 10:16:58] [INFO] INFO
[2026-09-11 10:16:58] [INFO] INFO
[2026-09-11 10:17:00] [INFO] [OVERSTAY] Cron triggered
[2026-09-11 10:17:00] [INFO] ==================================================
[2026-09-11 10:17:00] [INFO] OVERSTAY CRON STARTED
[2026-09-11 10:17:00] [INFO] ==================================================
[2026-09-11 10:17:00] [INFO] [OVERSTAY] Current India Date/Time: 11/09/2026 10:17:00
[2026-09-11 10:17:00] [INFO] [OVERSTAY] Timezone: Asia/Kolkata
[2026-09-11 10:17:00] [INFO] [OVERSTAY] Staying customers found: 0
[2026-09-11 10:17:00] [INFO] ==================================================
[2026-09-11 10:17:00] [INFO] OVERSTAY CRON COMPLETED
[2026-09-11 10:17:00] [INFO] ==================================================
[2026-09-11 10:17:00] [INFO] INFO
[2026-09-11 10:17:00] [INFO] INFO
[2026-09-11 10:17:44] [INFO] INFO
[2026-09-11 10:17:44] [INFO] INFO
[2026-09-11 10:17:45] [INFO] INFO
[2026-09-11 10:17:45] [INFO] INFO
[2026-09-11 10:17:46] [INFO] INFO
[2026-09-11 10:17:46] [INFO] INFO
[2026-09-11 10:17:52] [INFO] INFO
[2026-09-11 10:17:52] [INFO] INFO
[2026-09-11 10:17:52] [INFO] INFO
[2026-09-11 10:17:52] [INFO] INFO
[2026-09-11 10:17:54] [INFO] INFO
[2026-09-11 10:17:54] [INFO] INFO
[2026-09-11 10:18:00] [INFO] [OVERSTAY] Cron triggered
[2026-09-11 10:18:00] [INFO] ==================================================
[2026-09-11 10:18:00] [INFO] OVERSTAY CRON STARTED
[2026-09-11 10:18:00] [INFO] ==================================================
[2026-09-11 10:18:00] [INFO] [OVERSTAY] Current India Date/Time: 11/09/2026 10:18:00
[2026-09-11 10:18:00] [INFO] [OVERSTAY] Timezone: Asia/Kolkata
[2026-09-11 10:18:00] [INFO] [OVERSTAY] Staying customers found: 0
[2026-09-11 10:18:00] [INFO] ==================================================
[2026-09-11 10:18:00] [INFO] OVERSTAY CRON COMPLETED
[2026-09-11 10:18:00] [INFO] ==================================================
[2026-09-11 10:19:00] [INFO] [OVERSTAY] Cron triggered
[2026-09-11 10:19:00] [INFO] ==================================================
[2026-09-11 10:19:00] [INFO] OVERSTAY CRON STARTED
[2026-09-11 10:19:00] [INFO] ==================================================
[2026-09-11 10:19:00] [INFO] [OVERSTAY] Current India Date/Time: 11/09/2026 10:19:00
[2026-09-11 10:19:00] [INFO] [OVERSTAY] Timezone: Asia/Kolkata
[2026-09-11 10:19:00] [INFO] [OVERSTAY] Staying customers found: 0
[2026-09-11 10:19:00] [INFO] ==================================================
[2026-09-11 10:19:00] [INFO] OVERSTAY CRON COMPLETED
[2026-09-11 10:19:00] [INFO] ==================================================
[2026-09-11 10:20:00] [INFO] [OVERSTAY] Cron triggered
[2026-09-11 10:20:00] [INFO] ==================================================
[2026-09-11 10:20:00] [INFO] OVERSTAY CRON STARTED
[2026-09-11 10:20:00] [INFO] ==================================================
[2026-09-11 10:20:00] [INFO] [OVERSTAY] Current India Date/Time: 11/09/2026 10:20:00
[2026-09-11 10:20:00] [INFO] [OVERSTAY] Timezone: Asia/Kolkata
[2026-09-11 10:20:00] [INFO] [OVERSTAY] Staying customers found: 0
[2026-09-11 10:20:00] [INFO] ==================================================
[2026-09-11 10:20:00] [INFO] OVERSTAY CRON COMPLETED
[2026-09-11 10:20:00] [INFO] ==================================================
[2026-09-11 10:21:00] [INFO] [OVERSTAY] Cron triggered
[2026-09-11 10:21:00] [INFO] ==================================================
[2026-09-11 10:21:00] [INFO] OVERSTAY CRON STARTED
[2026-09-11 10:21:00] [INFO] ==================================================
[2026-09-11 10:21:00] [INFO] [OVERSTAY] Current India Date/Time: 11/09/2026 10:21:00
[2026-09-11 10:21:00] [INFO] [OVERSTAY] Timezone: Asia/Kolkata
[2026-09-11 10:21:00] [INFO] [OVERSTAY] Staying customers found: 0
[2026-09-11 10:21:00] [INFO] ==================================================
[2026-09-11 10:21:00] [INFO] OVERSTAY CRON COMPLETED
[2026-09-11 10:21:00] [INFO] ==================================================
[2026-09-11 10:22:00] [INFO] [OVERSTAY] Cron triggered
[2026-09-11 10:22:00] [INFO] ==================================================
[2026-09-11 10:22:00] [INFO] OVERSTAY CRON STARTED
[2026-09-11 10:22:00] [INFO] ==================================================
[2026-09-11 10:22:00] [INFO] [OVERSTAY] Current India Date/Time: 11/09/2026 10:22:00
[2026-09-11 10:22:00] [INFO] [OVERSTAY] Timezone: Asia/Kolkata
[2026-09-11 10:22:00] [INFO] [OVERSTAY] Staying customers found: 0
[2026-09-11 10:22:00] [INFO] ==================================================
[2026-09-11 10:22:00] [INFO] OVERSTAY CRON COMPLETED
[2026-09-11 10:22:00] [INFO] ==================================================
[2026-09-11 10:23:00] [INFO] [OVERSTAY] Cron triggered
[2026-09-11 10:23:00] [INFO] ==================================================
[2026-09-11 10:23:00] [INFO] OVERSTAY CRON STARTED
[2026-09-11 10:23:00] [INFO] ==================================================
[2026-09-11 10:23:00] [INFO] [OVERSTAY] Current India Date/Time: 11/09/2026 10:23:00
[2026-09-11 10:23:00] [INFO] [OVERSTAY] Timezone: Asia/Kolkata
[2026-09-11 10:23:00] [INFO] [OVERSTAY] Staying customers found: 0
[2026-09-11 10:23:00] [INFO] ==================================================
[2026-09-11 10:23:00] [INFO] OVERSTAY CRON COMPLETED
[2026-09-11 10:23:00] [INFO] ==================================================
[2026-09-11 10:24:00] [INFO] [OVERSTAY] Cron triggered
[2026-09-11 10:24:00] [INFO] ==================================================
[2026-09-11 10:24:00] [INFO] OVERSTAY CRON STARTED
[2026-09-11 10:24:00] [INFO] ==================================================
[2026-09-11 10:24:00] [INFO] [OVERSTAY] Current India Date/Time: 11/09/2026 10:24:00
[2026-09-11 10:24:00] [INFO] [OVERSTAY] Timezone: Asia/Kolkata
[2026-09-11 10:24:00] [INFO] [OVERSTAY] Staying customers found: 0
[2026-09-11 10:24:00] [INFO] ==================================================
[2026-09-11 10:24:00] [INFO] OVERSTAY CRON COMPLETED
[2026-09-11 10:24:00] [INFO] ==================================================
[2026-09-11 10:25:00] [INFO] [OVERSTAY] Cron triggered
[2026-09-11 10:25:00] [INFO] ==================================================
[2026-09-11 10:25:00] [INFO] OVERSTAY CRON STARTED
[2026-09-11 10:25:00] [INFO] ==================================================
[2026-09-11 10:25:00] [INFO] [OVERSTAY] Current India Date/Time: 11/09/2026 10:25:00
[2026-09-11 10:25:00] [INFO] [OVERSTAY] Timezone: Asia/Kolkata
[2026-09-11 10:25:00] [INFO] [OVERSTAY] Staying customers found: 0
[2026-09-11 10:25:00] [INFO] ==================================================
[2026-09-11 10:25:00] [INFO] OVERSTAY CRON COMPLETED
[2026-09-11 10:25:00] [INFO] ==================================================
[2026-09-11 10:26:00] [INFO] [OVERSTAY] Cron triggered
[2026-09-11 10:26:00] [INFO] ==================================================
[2026-09-11 10:26:00] [INFO] OVERSTAY CRON STARTED
[2026-09-11 10:26:00] [INFO] ==================================================
[2026-09-11 10:26:00] [INFO] [OVERSTAY] Current India Date/Time: 11/09/2026 10:26:00
[2026-09-11 10:26:00] [INFO] [OVERSTAY] Timezone: Asia/Kolkata
[2026-09-11 10:26:00] [INFO] [OVERSTAY] Staying customers found: 0
[2026-09-11 10:26:00] [INFO] ==================================================
[2026-09-11 10:26:00] [INFO] OVERSTAY CRON COMPLETED
[2026-09-11 10:26:00] [INFO] ==================================================
[2026-09-11 10:27:00] [INFO] [OVERSTAY] Cron triggered
[2026-09-11 10:27:00] [INFO] ==================================================
[2026-09-11 10:27:00] [INFO] OVERSTAY CRON STARTED
[2026-09-11 10:27:00] [INFO] ==================================================
[2026-09-11 10:27:00] [INFO] [OVERSTAY] Current India Date/Time: 11/09/2026 10:27:00
[2026-09-11 10:27:00] [INFO] [OVERSTAY] Timezone: Asia/Kolkata
[2026-09-11 10:27:00] [INFO] [OVERSTAY] Staying customers found: 0
[2026-09-11 10:27:00] [INFO] ==================================================
[2026-09-11 10:27:00] [INFO] OVERSTAY CRON COMPLETED
[2026-09-11 10:27:00] [INFO] ==================================================
[2026-09-11 10:28:00] [INFO] [OVERSTAY] Cron triggered
[2026-09-11 10:28:00] [INFO] ==================================================
[2026-09-11 10:28:00] [INFO] OVERSTAY CRON STARTED
[2026-09-11 10:28:00] [INFO] ==================================================
[2026-09-11 10:28:00] [INFO] [OVERSTAY] Current India Date/Time: 11/09/2026 10:28:00
[2026-09-11 10:28:00] [INFO] [OVERSTAY] Timezone: Asia/Kolkata
[2026-09-11 10:28:00] [INFO] [OVERSTAY] Staying customers found: 0
[2026-09-11 10:28:00] [INFO] ==================================================
[2026-09-11 10:28:00] [INFO] OVERSTAY CRON COMPLETED
[2026-09-11 10:28:00] [INFO] ==================================================
[2026-09-11 10:29:00] [INFO] [OVERSTAY] Cron triggered
[2026-09-11 10:29:00] [INFO] ==================================================
[2026-09-11 10:29:00] [INFO] OVERSTAY CRON STARTED
[2026-09-11 10:29:00] [INFO] ==================================================
[2026-09-11 10:29:00] [INFO] [OVERSTAY] Current India Date/Time: 11/09/2026 10:29:00
[2026-09-11 10:29:00] [INFO] [OVERSTAY] Timezone: Asia/Kolkata
[2026-09-11 10:29:00] [INFO] [OVERSTAY] Staying customers found: 0
[2026-09-11 10:29:00] [INFO] ==================================================
[2026-09-11 10:29:00] [INFO] OVERSTAY CRON COMPLETED
[2026-09-11 10:29:00] [INFO] ==================================================
[2026-09-11 10:30:00] [INFO] [OVERSTAY] Cron triggered
[2026-09-11 10:30:00] [INFO] ==================================================
[2026-09-11 10:30:00] [INFO] OVERSTAY CRON STARTED
[2026-09-11 10:30:00] [INFO] ==================================================
[2026-09-11 10:30:00] [INFO] [OVERSTAY] Current India Date/Time: 11/09/2026 10:30:00
[2026-09-11 10:30:00] [INFO] [OVERSTAY] Timezone: Asia/Kolkata
[2026-09-11 10:30:00] [INFO] [OVERSTAY] Staying customers found: 0
[2026-09-11 10:30:00] [INFO] ==================================================
[2026-09-11 10:30:00] [INFO] OVERSTAY CRON COMPLETED
[2026-09-11 10:30:00] [INFO] ==================================================
[2026-09-11 10:31:00] [INFO] [OVERSTAY] Cron triggered
[2026-09-11 10:31:00] [INFO] ==================================================
[2026-09-11 10:31:00] [INFO] OVERSTAY CRON STARTED
[2026-09-11 10:31:00] [INFO] ==================================================
[2026-09-11 10:31:00] [INFO] [OVERSTAY] Current India Date/Time: 11/09/2026 10:31:00
[2026-09-11 10:31:00] [INFO] [OVERSTAY] Timezone: Asia/Kolkata
[2026-09-11 10:31:00] [INFO] [OVERSTAY] Staying customers found: 0
[2026-09-11 10:31:00] [INFO] ==================================================
[2026-09-11 10:31:00] [INFO] OVERSTAY CRON COMPLETED
[2026-09-11 10:31:00] [INFO] ==================================================
[2026-09-11 10:32:00] [INFO] [OVERSTAY] Cron triggered
[2026-09-11 10:32:00] [INFO] ==================================================
[2026-09-11 10:32:00] [INFO] OVERSTAY CRON STARTED
[2026-09-11 10:32:00] [INFO] ==================================================
[2026-09-11 10:32:00] [INFO] [OVERSTAY] Current India Date/Time: 11/09/2026 10:32:00
[2026-09-11 10:32:00] [INFO] [OVERSTAY] Timezone: Asia/Kolkata
[2026-09-11 10:32:00] [INFO] [OVERSTAY] Staying customers found: 0
[2026-09-11 10:32:00] [INFO] ==================================================
[2026-09-11 10:32:00] [INFO] OVERSTAY CRON COMPLETED
[2026-09-11 10:32:00] [INFO] ==================================================
[2026-09-11 10:32:53] [INFO] INFO
[2026-09-11 10:32:53] [INFO] INFO
[2026-09-11 10:33:00] [INFO] [OVERSTAY] Cron triggered
[2026-09-11 10:33:00] [INFO] ==================================================
[2026-09-11 10:33:00] [INFO] OVERSTAY CRON STARTED
[2026-09-11 10:33:00] [INFO] ==================================================
[2026-09-11 10:33:00] [INFO] [OVERSTAY] Current India Date/Time: 11/09/2026 10:33:00
[2026-09-11 10:33:00] [INFO] [OVERSTAY] Timezone: Asia/Kolkata
[2026-09-11 10:33:00] [INFO] [OVERSTAY] Staying customers found: 0
[2026-09-11 10:33:00] [INFO] ==================================================
[2026-09-11 10:33:00] [INFO] OVERSTAY CRON COMPLETED
[2026-09-11 10:33:00] [INFO] ==================================================
[2026-09-11 10:34:00] [INFO] [OVERSTAY] Cron triggered
[2026-09-11 10:34:00] [INFO] ==================================================
[2026-09-11 10:34:00] [INFO] OVERSTAY CRON STARTED
[2026-09-11 10:34:00] [INFO] ==================================================
[2026-09-11 10:34:00] [INFO] [OVERSTAY] Current India Date/Time: 11/09/2026 10:34:00
[2026-09-11 10:34:00] [INFO] [OVERSTAY] Timezone: Asia/Kolkata
[2026-09-11 10:34:00] [INFO] [OVERSTAY] Staying customers found: 0
[2026-09-11 10:34:00] [INFO] ==================================================
[2026-09-11 10:34:00] [INFO] OVERSTAY CRON COMPLETED
[2026-09-11 10:34:00] [INFO] ==================================================
[2026-09-11 10:35:00] [INFO] [OVERSTAY] Cron triggered
[2026-09-11 10:35:00] [INFO] ==================================================
[2026-09-11 10:35:00] [INFO] OVERSTAY CRON STARTED
[2026-09-11 10:35:00] [INFO] ==================================================
[2026-09-11 10:35:00] [INFO] [OVERSTAY] Current India Date/Time: 11/09/2026 10:35:00
[2026-09-11 10:35:00] [INFO] [OVERSTAY] Timezone: Asia/Kolkata
[2026-09-11 10:35:00] [INFO] [OVERSTAY] Staying customers found: 0
[2026-09-11 10:35:00] [INFO] ==================================================
[2026-09-11 10:35:00] [INFO] OVERSTAY CRON COMPLETED
[2026-09-11 10:35:00] [INFO] ==================================================
[2026-09-11 10:36:00] [INFO] [OVERSTAY] Cron triggered
[2026-09-11 10:36:00] [INFO] ==================================================
[2026-09-11 10:36:00] [INFO] OVERSTAY CRON STARTED
[2026-09-11 10:36:00] [INFO] ==================================================
[2026-09-11 10:36:00] [INFO] [OVERSTAY] Current India Date/Time: 11/09/2026 10:36:00
[2026-09-11 10:36:00] [INFO] [OVERSTAY] Timezone: Asia/Kolkata
[2026-09-11 10:36:00] [INFO] [OVERSTAY] Staying customers found: 0
[2026-09-11 10:36:00] [INFO] ==================================================
[2026-09-11 10:36:00] [INFO] OVERSTAY CRON COMPLETED
[2026-09-11 10:36:00] [INFO] ==================================================
[2026-09-11 10:37:00] [INFO] [OVERSTAY] Cron triggered
[2026-09-11 10:37:00] [INFO] ==================================================
[2026-09-11 10:37:00] [INFO] OVERSTAY CRON STARTED
[2026-09-11 10:37:00] [INFO] ==================================================
[2026-09-11 10:37:00] [INFO] [OVERSTAY] Current India Date/Time: 11/09/2026 10:37:00
[2026-09-11 10:37:00] [INFO] [OVERSTAY] Timezone: Asia/Kolkata
[2026-09-11 10:37:00] [INFO] [OVERSTAY] Staying customers found: 0
[2026-09-11 10:37:00] [INFO] ==================================================
[2026-09-11 10:37:00] [INFO] OVERSTAY CRON COMPLETED
[2026-09-11 10:37:00] [INFO] ==================================================
[2026-09-11 10:38:00] [INFO] [OVERSTAY] Cron triggered
[2026-09-11 10:38:00] [INFO] ==================================================
[2026-09-11 10:38:00] [INFO] OVERSTAY CRON STARTED
[2026-09-11 10:38:00] [INFO] ==================================================
[2026-09-11 10:38:00] [INFO] [OVERSTAY] Current India Date/Time: 11/09/2026 10:38:00
[2026-09-11 10:38:00] [INFO] [OVERSTAY] Timezone: Asia/Kolkata
[2026-09-11 10:38:00] [INFO] [OVERSTAY] Staying customers found: 0
[2026-09-11 10:38:00] [INFO] ==================================================
[2026-09-11 10:38:00] [INFO] OVERSTAY CRON COMPLETED
[2026-09-11 10:38:00] [INFO] ==================================================
[2026-09-11 10:39:00] [INFO] [OVERSTAY] Cron triggered
[2026-09-11 10:39:00] [INFO] ==================================================
[2026-09-11 10:39:00] [INFO] OVERSTAY CRON STARTED
[2026-09-11 10:39:00] [INFO] ==================================================
[2026-09-11 10:39:00] [INFO] [OVERSTAY] Current India Date/Time: 11/09/2026 10:39:00
[2026-09-11 10:39:00] [INFO] [OVERSTAY] Timezone: Asia/Kolkata
[2026-09-11 10:39:00] [INFO] [OVERSTAY] Staying customers found: 0
[2026-09-11 10:39:00] [INFO] ==================================================
[2026-09-11 10:39:00] [INFO] OVERSTAY CRON COMPLETED
[2026-09-11 10:39:00] [INFO] ==================================================
[2026-09-11 10:40:00] [INFO] [OVERSTAY] Cron triggered
[2026-09-11 10:40:00] [INFO] ==================================================
[2026-09-11 10:40:00] [INFO] OVERSTAY CRON STARTED
[2026-09-11 10:40:00] [INFO] ==================================================
[2026-09-11 10:40:00] [INFO] [OVERSTAY] Current India Date/Time: 11/09/2026 10:40:00
[2026-09-11 10:40:00] [INFO] [OVERSTAY] Timezone: Asia/Kolkata
[2026-09-11 10:40:00] [INFO] [OVERSTAY] Staying customers found: 0
[2026-09-11 10:40:00] [INFO] ==================================================
[2026-09-11 10:40:00] [INFO] OVERSTAY CRON COMPLETED
[2026-09-11 10:40:00] [INFO] ==================================================
[2026-09-11 10:41:00] [INFO] [OVERSTAY] Cron triggered
[2026-09-11 10:41:00] [INFO] ==================================================
[2026-09-11 10:41:00] [INFO] OVERSTAY CRON STARTED
[2026-09-11 10:41:00] [INFO] ==================================================
[2026-09-11 10:41:00] [INFO] [OVERSTAY] Current India Date/Time: 11/09/2026 10:41:00
[2026-09-11 10:41:00] [INFO] [OVERSTAY] Timezone: Asia/Kolkata
[2026-09-11 10:41:00] [INFO] [OVERSTAY] Staying customers found: 0
[2026-09-11 10:41:00] [INFO] ==================================================
[2026-09-11 10:41:00] [INFO] OVERSTAY CRON COMPLETED
[2026-09-11 10:41:00] [INFO] ==================================================
[2026-09-11 10:42:00] [INFO] [OVERSTAY] Cron triggered
[2026-09-11 10:42:00] [INFO] ==================================================
[2026-09-11 10:42:00] [INFO] OVERSTAY CRON STARTED
[2026-09-11 10:42:00] [INFO] ==================================================
[2026-09-11 10:42:00] [INFO] [OVERSTAY] Current India Date/Time: 11/09/2026 10:42:00
[2026-09-11 10:42:00] [INFO] [OVERSTAY] Timezone: Asia/Kolkata
[2026-09-11 10:42:00] [INFO] [OVERSTAY] Staying customers found: 0
[2026-09-11 10:42:00] [INFO] ==================================================
[2026-09-11 10:42:00] [INFO] OVERSTAY CRON COMPLETED
[2026-09-11 10:42:00] [INFO] ==================================================
[2026-09-11 10:43:00] [INFO] [OVERSTAY] Cron triggered
[2026-09-11 10:43:00] [INFO] ==================================================
[2026-09-11 10:43:00] [INFO] OVERSTAY CRON STARTED
[2026-09-11 10:43:00] [INFO] ==================================================
[2026-09-11 10:43:00] [INFO] [OVERSTAY] Current India Date/Time: 11/09/2026 10:43:00
[2026-09-11 10:43:00] [INFO] [OVERSTAY] Timezone: Asia/Kolkata
[2026-09-11 10:43:00] [INFO] [OVERSTAY] Staying customers found: 0
[2026-09-11 10:43:00] [INFO] ==================================================
[2026-09-11 10:43:00] [INFO] OVERSTAY CRON COMPLETED
[2026-09-11 10:43:00] [INFO] ==================================================
[2026-09-11 10:44:00] [INFO] [OVERSTAY] Cron triggered
[2026-09-11 10:44:00] [INFO] ==================================================
[2026-09-11 10:44:00] [INFO] OVERSTAY CRON STARTED
[2026-09-11 10:44:00] [INFO] ==================================================
[2026-09-11 10:44:00] [INFO] [OVERSTAY] Current India Date/Time: 11/09/2026 10:44:00
[2026-09-11 10:44:00] [INFO] [OVERSTAY] Timezone: Asia/Kolkata
[2026-09-11 10:44:00] [INFO] [OVERSTAY] Staying customers found: 0
[2026-09-11 10:44:00] [INFO] ==================================================
[2026-09-11 10:44:00] [INFO] OVERSTAY CRON COMPLETED
[2026-09-11 10:44:00] [INFO] ==================================================
[2026-09-11 10:45:00] [INFO] [OVERSTAY] Cron triggered
[2026-09-11 10:45:00] [INFO] ==================================================
[2026-09-11 10:45:00] [INFO] OVERSTAY CRON STARTED
[2026-09-11 10:45:00] [INFO] ==================================================
[2026-09-11 10:45:00] [INFO] [OVERSTAY] Current India Date/Time: 11/09/2026 10:45:00
[2026-09-11 10:45:00] [INFO] [OVERSTAY] Timezone: Asia/Kolkata
[2026-09-11 10:45:00] [INFO] [OVERSTAY] Staying customers found: 0
[2026-09-11 10:45:00] [INFO] ==================================================
[2026-09-11 10:45:00] [INFO] OVERSTAY CRON COMPLETED
[2026-09-11 10:45:00] [INFO] ==================================================
[2026-09-11 10:46:00] [INFO] [OVERSTAY] Cron triggered
[2026-09-11 10:46:00] [INFO] ==================================================
[2026-09-11 10:46:00] [INFO] OVERSTAY CRON STARTED
[2026-09-11 10:46:00] [INFO] ==================================================
[2026-09-11 10:46:00] [INFO] [OVERSTAY] Current India Date/Time: 11/09/2026 10:46:00
[2026-09-11 10:46:00] [INFO] [OVERSTAY] Timezone: Asia/Kolkata
[2026-09-11 10:46:00] [INFO] [OVERSTAY] Staying customers found: 0
[2026-09-11 10:46:00] [INFO] ==================================================
[2026-09-11 10:46:00] [INFO] OVERSTAY CRON COMPLETED
[2026-09-11 10:46:00] [INFO] ==================================================
[2026-09-11 10:47:00] [INFO] [OVERSTAY] Cron triggered
[2026-09-11 10:47:00] [INFO] ==================================================
[2026-09-11 10:47:00] [INFO] OVERSTAY CRON STARTED
[2026-09-11 10:47:00] [INFO] ==================================================
[2026-09-11 10:47:00] [INFO] [OVERSTAY] Current India Date/Time: 11/09/2026 10:47:00
[2026-09-11 10:47:00] [INFO] [OVERSTAY] Timezone: Asia/Kolkata
[2026-09-11 10:47:00] [INFO] [OVERSTAY] Staying customers found: 0
[2026-09-11 10:47:00] [INFO] ==================================================
[2026-09-11 10:47:00] [INFO] OVERSTAY CRON COMPLETED
[2026-09-11 10:47:00] [INFO] ==================================================
[2026-09-11 10:47:51] [INFO] INFO
[2026-09-11 10:47:51] [INFO] INFO
[2026-09-11 10:48:00] [INFO] [OVERSTAY] Cron triggered
[2026-09-11 10:48:00] [INFO] ==================================================
[2026-09-11 10:48:00] [INFO] OVERSTAY CRON STARTED
[2026-09-11 10:48:00] [INFO] ==================================================
[2026-09-11 10:48:00] [INFO] [OVERSTAY] Current India Date/Time: 11/09/2026 10:48:00
[2026-09-11 10:48:00] [INFO] [OVERSTAY] Timezone: Asia/Kolkata
[2026-09-11 10:48:00] [INFO] [OVERSTAY] Staying customers found: 0
[2026-09-11 10:48:00] [INFO] ==================================================
[2026-09-11 10:48:00] [INFO] OVERSTAY CRON COMPLETED
[2026-09-11 10:48:00] [INFO] ==================================================
[2026-09-11 10:49:00] [INFO] [OVERSTAY] Cron triggered
[2026-09-11 10:49:00] [INFO] ==================================================
[2026-09-11 10:49:00] [INFO] OVERSTAY CRON STARTED
[2026-09-11 10:49:00] [INFO] ==================================================
[2026-09-11 10:49:00] [INFO] [OVERSTAY] Current India Date/Time: 11/09/2026 10:49:00
[2026-09-11 10:49:00] [INFO] [OVERSTAY] Timezone: Asia/Kolkata
[2026-09-11 10:49:00] [INFO] [OVERSTAY] Staying customers found: 0
[2026-09-11 10:49:00] [INFO] ==================================================
[2026-09-11 10:49:00] [INFO] OVERSTAY CRON COMPLETED
[2026-09-11 10:49:00] [INFO] ==================================================
[2026-09-11 10:49:20] [INFO] INFO
[2026-09-11 10:49:20] [INFO] INFO
[2026-09-11 10:49:22] [INFO] INFO
[2026-09-11 10:49:22] [INFO] INFO
[2026-09-11 10:50:17] [INFO] [OVERSTAY] Overstay cron initialized successfully
[2026-09-11 10:50:17] [INFO] [OVERSTAY] Cron schedule: Every minute
[2026-09-11 10:50:17] [INFO] [OVERSTAY] Cron timezone: Asia/Kolkata
[2026-09-11 10:50:17] [INFO] ==================================================
[2026-09-11 10:50:17] [INFO] OVERSTAY CRON STARTED
[2026-09-11 10:50:17] [INFO] ==================================================
[2026-09-11 10:50:17] [INFO] [OVERSTAY] Current India Date/Time: 11/09/2026 10:50:17
[2026-09-11 10:50:17] [INFO] [OVERSTAY] Timezone: Asia/Kolkata
[2026-09-11 10:50:19] [INFO] [Logger] Running log cleanup check. Retention limit: 30 days.
[2026-09-11 10:50:19] [INFO] [Logger] Cleanup completed. No expired log files found.
[2026-09-11 10:50:19] [INFO] [Logger] Automated log cleanup scheduler started (runs every 24 hours).
[2026-09-11 10:50:19] [INFO] [Server] Server started and listening on port 5000
[2026-09-11 10:50:29] [ERROR] [OVERSTAY] CRON ERROR: Operation `customers.find()` buffering timed out after 10000ms
[2026-09-11 10:50:29] [ERROR] [OVERSTAY] STACK: MongooseError: Operation `customers.find()` buffering timed out after 10000ms
    at Timeout._onTimeout (C:\Users\ADMIN\Desktop\Manikandan\Hotel Billing\backend\node_modules\mongoose\lib\drivers\node-mongodb-native\collection.js:142:25)
    at listOnTimeout (node:internal/timers:588:17)
    at process.processTimers (node:internal/timers:523:7)
[2026-09-11 10:50:33] [INFO] [Auth Verify] Unexpected error: Operation `users.findOne()` buffering timed out after 10000ms
[2026-09-11 10:50:43] [INFO] [Auth Verify] Unexpected error: Operation `users.findOne()` buffering timed out after 10000ms
[2026-09-11 10:50:49] [INFO] [Database] Connection Error: connect ETIMEDOUT 76.13.244.61:27017
[2026-09-11 10:57:29] [INFO] [OVERSTAY] Overstay cron initialized successfully
[2026-09-11 10:57:29] [INFO] [OVERSTAY] Cron schedule: Every minute
[2026-09-11 10:57:29] [INFO] [OVERSTAY] Cron timezone: Asia/Kolkata
[2026-09-11 10:57:29] [INFO] ==================================================
[2026-09-11 10:57:29] [INFO] OVERSTAY CRON STARTED
[2026-09-11 10:57:29] [INFO] ==================================================
[2026-09-11 10:57:29] [INFO] [OVERSTAY] Current India Date/Time: 11/09/2026 10:57:29
[2026-09-11 10:57:29] [INFO] [OVERSTAY] Timezone: Asia/Kolkata
[2026-09-11 10:57:29] [INFO] [Logger] Running log cleanup check. Retention limit: 30 days.
[2026-09-11 10:57:29] [INFO] [Logger] Cleanup completed. No expired log files found.
[2026-09-11 10:57:29] [INFO] [Logger] Automated log cleanup scheduler started (runs every 24 hours).
[2026-09-11 10:57:29] [INFO] [Server] Server started and listening on port 5000
[2026-09-11 10:57:29] [INFO] [Database] MongoDB Connected successfully: 76.13.244.61
[2026-09-11 10:57:29] [INFO] Admin user already exists
[2026-09-11 10:57:29] [INFO] [OVERSTAY] Staying customers found: 0
[2026-09-11 10:57:29] [INFO] ==================================================
[2026-09-11 10:57:29] [INFO] OVERSTAY CRON COMPLETED
[2026-09-11 10:57:29] [INFO] ==================================================
[2026-09-11 10:57:43] [INFO] INFO
[2026-09-11 10:57:43] [INFO] INFO
[2026-09-11 10:57:46] [INFO] INFO
[2026-09-11 10:57:46] [INFO] INFO
[2026-09-11 10:57:52] [INFO] INFO
[2026-09-11 10:57:52] [INFO] INFO
[2026-09-11 10:57:53] [INFO] INFO
[2026-09-11 10:57:53] [INFO] INFO
[2026-09-11 10:58:00] [INFO] [OVERSTAY] Cron triggered
[2026-09-11 10:58:00] [INFO] ==================================================
[2026-09-11 10:58:00] [INFO] OVERSTAY CRON STARTED
[2026-09-11 10:58:00] [INFO] ==================================================
[2026-09-11 10:58:00] [INFO] [OVERSTAY] Current India Date/Time: 11/09/2026 10:58:00
[2026-09-11 10:58:00] [INFO] [OVERSTAY] Timezone: Asia/Kolkata
[2026-09-11 10:58:00] [INFO] [OVERSTAY] Staying customers found: 0
[2026-09-11 10:58:00] [INFO] ==================================================
[2026-09-11 10:58:00] [INFO] OVERSTAY CRON COMPLETED
[2026-09-11 10:58:00] [INFO] ==================================================
[2026-09-11 10:58:03] [INFO] INFO
[2026-09-11 10:58:03] [INFO] INFO
[2026-09-11 10:58:06] [INFO] INFO
[2026-09-11 10:58:06] [INFO] INFO
[2026-09-11 10:58:24] [INFO] INFO
[2026-09-11 10:58:25] [INFO] INFO
[2026-09-11 10:59:00] [INFO] [OVERSTAY] Cron triggered
[2026-09-11 10:59:00] [INFO] ==================================================
[2026-09-11 10:59:00] [INFO] OVERSTAY CRON STARTED
[2026-09-11 10:59:00] [INFO] ==================================================
[2026-09-11 10:59:00] [INFO] [OVERSTAY] Current India Date/Time: 11/09/2026 10:59:00
[2026-09-11 10:59:00] [INFO] [OVERSTAY] Timezone: Asia/Kolkata
[2026-09-11 10:59:00] [INFO] [OVERSTAY] Staying customers found: 0
[2026-09-11 10:59:00] [INFO] ==================================================
[2026-09-11 10:59:00] [INFO] OVERSTAY CRON COMPLETED
[2026-09-11 10:59:00] [INFO] ==================================================
[2026-09-11 11:00:00] [INFO] [OVERSTAY] Cron triggered
[2026-09-11 11:00:00] [INFO] ==================================================
[2026-09-11 11:00:00] [INFO] OVERSTAY CRON STARTED
[2026-09-11 11:00:00] [INFO] ==================================================
[2026-09-11 11:00:00] [INFO] [OVERSTAY] Current India Date/Time: 11/09/2026 11:00:00
[2026-09-11 11:00:00] [INFO] [OVERSTAY] Timezone: Asia/Kolkata
[2026-09-11 11:00:00] [INFO] [OVERSTAY] Staying customers found: 0
[2026-09-11 11:00:00] [INFO] ==================================================
[2026-09-11 11:00:00] [INFO] OVERSTAY CRON COMPLETED
[2026-09-11 11:00:00] [INFO] ==================================================
[2026-09-11 11:01:00] [INFO] [OVERSTAY] Cron triggered
[2026-09-11 11:01:00] [INFO] ==================================================
[2026-09-11 11:01:00] [INFO] OVERSTAY CRON STARTED
[2026-09-11 11:01:00] [INFO] ==================================================
[2026-09-11 11:01:00] [INFO] [OVERSTAY] Current India Date/Time: 11/09/2026 11:01:00
[2026-09-11 11:01:00] [INFO] [OVERSTAY] Timezone: Asia/Kolkata
[2026-09-11 11:01:00] [INFO] [OVERSTAY] Staying customers found: 0
[2026-09-11 11:01:00] [INFO] ==================================================
[2026-09-11 11:01:00] [INFO] OVERSTAY CRON COMPLETED
[2026-09-11 11:01:00] [INFO] ==================================================
[2026-09-11 11:02:00] [INFO] [OVERSTAY] Cron triggered
[2026-09-11 11:02:00] [INFO] ==================================================
[2026-09-11 11:02:00] [INFO] OVERSTAY CRON STARTED
[2026-09-11 11:02:00] [INFO] ==================================================
[2026-09-11 11:02:00] [INFO] [OVERSTAY] Current India Date/Time: 11/09/2026 11:02:00
[2026-09-11 11:02:00] [INFO] [OVERSTAY] Timezone: Asia/Kolkata
[2026-09-11 11:02:00] [INFO] [OVERSTAY] Staying customers found: 0
[2026-09-11 11:02:00] [INFO] ==================================================
[2026-09-11 11:02:00] [INFO] OVERSTAY CRON COMPLETED
[2026-09-11 11:02:00] [INFO] ==================================================
[2026-09-11 11:03:00] [INFO] [OVERSTAY] Cron triggered
[2026-09-11 11:03:00] [INFO] ==================================================
[2026-09-11 11:03:00] [INFO] OVERSTAY CRON STARTED
[2026-09-11 11:03:00] [INFO] ==================================================
[2026-09-11 11:03:00] [INFO] [OVERSTAY] Current India Date/Time: 11/09/2026 11:03:00
[2026-09-11 11:03:00] [INFO] [OVERSTAY] Timezone: Asia/Kolkata
[2026-09-11 11:03:00] [INFO] [OVERSTAY] Staying customers found: 0
[2026-09-11 11:03:00] [INFO] ==================================================
[2026-09-11 11:03:00] [INFO] OVERSTAY CRON COMPLETED
[2026-09-11 11:03:00] [INFO] ==================================================
[2026-09-11 11:04:00] [INFO] [OVERSTAY] Cron triggered
[2026-09-11 11:04:00] [INFO] ==================================================
[2026-09-11 11:04:00] [INFO] OVERSTAY CRON STARTED
[2026-09-11 11:04:00] [INFO] ==================================================
[2026-09-11 11:04:00] [INFO] [OVERSTAY] Current India Date/Time: 11/09/2026 11:04:00
[2026-09-11 11:04:00] [INFO] [OVERSTAY] Timezone: Asia/Kolkata
[2026-09-11 11:04:00] [INFO] [OVERSTAY] Staying customers found: 0
[2026-09-11 11:04:00] [INFO] ==================================================
[2026-09-11 11:04:00] [INFO] OVERSTAY CRON COMPLETED
[2026-09-11 11:04:00] [INFO] ==================================================
[2026-09-11 11:05:00] [INFO] [OVERSTAY] Cron triggered
[2026-09-11 11:05:00] [INFO] ==================================================
[2026-09-11 11:05:00] [INFO] OVERSTAY CRON STARTED
[2026-09-11 11:05:00] [INFO] ==================================================
[2026-09-11 11:05:00] [INFO] [OVERSTAY] Current India Date/Time: 11/09/2026 11:05:00
[2026-09-11 11:05:00] [INFO] [OVERSTAY] Timezone: Asia/Kolkata
[2026-09-11 11:05:00] [INFO] [OVERSTAY] Staying customers found: 0
[2026-09-11 11:05:00] [INFO] ==================================================
[2026-09-11 11:05:00] [INFO] OVERSTAY CRON COMPLETED
[2026-09-11 11:05:00] [INFO] ==================================================
[2026-09-11 11:06:00] [INFO] [OVERSTAY] Cron triggered
[2026-09-11 11:06:00] [INFO] ==================================================
[2026-09-11 11:06:00] [INFO] OVERSTAY CRON STARTED
[2026-09-11 11:06:00] [INFO] ==================================================
[2026-09-11 11:06:00] [INFO] [OVERSTAY] Current India Date/Time: 11/09/2026 11:06:00
[2026-09-11 11:06:00] [INFO] [OVERSTAY] Timezone: Asia/Kolkata
[2026-09-11 11:06:00] [INFO] [OVERSTAY] Staying customers found: 0
[2026-09-11 11:06:00] [INFO] ==================================================
[2026-09-11 11:06:00] [INFO] OVERSTAY CRON COMPLETED
[2026-09-11 11:06:00] [INFO] ==================================================
[2026-09-11 11:07:00] [INFO] [OVERSTAY] Cron triggered
[2026-09-11 11:07:00] [INFO] ==================================================
[2026-09-11 11:07:00] [INFO] OVERSTAY CRON STARTED
[2026-09-11 11:07:00] [INFO] ==================================================
[2026-09-11 11:07:00] [INFO] [OVERSTAY] Current India Date/Time: 11/09/2026 11:07:00
[2026-09-11 11:07:00] [INFO] [OVERSTAY] Timezone: Asia/Kolkata
[2026-09-11 11:07:00] [INFO] [OVERSTAY] Staying customers found: 0
[2026-09-11 11:07:00] [INFO] ==================================================
[2026-09-11 11:07:00] [INFO] OVERSTAY CRON COMPLETED
[2026-09-11 11:07:00] [INFO] ==================================================
[2026-09-11 11:08:00] [INFO] [OVERSTAY] Cron triggered
[2026-09-11 11:08:00] [INFO] ==================================================
[2026-09-11 11:08:00] [INFO] OVERSTAY CRON STARTED
[2026-09-11 11:08:00] [INFO] ==================================================
[2026-09-11 11:08:00] [INFO] [OVERSTAY] Current India Date/Time: 11/09/2026 11:08:00
[2026-09-11 11:08:00] [INFO] [OVERSTAY] Timezone: Asia/Kolkata
[2026-09-11 11:08:00] [INFO] [OVERSTAY] Staying customers found: 0
[2026-09-11 11:08:00] [INFO] ==================================================
[2026-09-11 11:08:00] [INFO] OVERSTAY CRON COMPLETED
[2026-09-11 11:08:00] [INFO] ==================================================
[2026-09-11 11:09:00] [INFO] [OVERSTAY] Cron triggered
[2026-09-11 11:09:00] [INFO] ==================================================
[2026-09-11 11:09:00] [INFO] OVERSTAY CRON STARTED
[2026-09-11 11:09:00] [INFO] ==================================================
[2026-09-11 11:09:00] [INFO] [OVERSTAY] Current India Date/Time: 11/09/2026 11:09:00
[2026-09-11 11:09:00] [INFO] [OVERSTAY] Timezone: Asia/Kolkata
[2026-09-11 11:09:00] [INFO] [OVERSTAY] Staying customers found: 0
[2026-09-11 11:09:00] [INFO] ==================================================
[2026-09-11 11:09:00] [INFO] OVERSTAY CRON COMPLETED
[2026-09-11 11:09:00] [INFO] ==================================================
[2026-09-11 11:09:44] [INFO] INFO
[2026-09-11 11:09:44] [INFO] INFO
[2026-09-11 11:09:45] [INFO] INFO
[2026-09-11 11:09:45] [INFO] INFO
[2026-09-11 11:10:00] [INFO] [OVERSTAY] Cron triggered
[2026-09-11 11:10:00] [INFO] ==================================================
[2026-09-11 11:10:00] [INFO] OVERSTAY CRON STARTED
[2026-09-11 11:10:00] [INFO] ==================================================
[2026-09-11 11:10:00] [INFO] [OVERSTAY] Current India Date/Time: 11/09/2026 11:10:00
[2026-09-11 11:10:00] [INFO] [OVERSTAY] Timezone: Asia/Kolkata
[2026-09-11 11:10:00] [INFO] [OVERSTAY] Staying customers found: 0
[2026-09-11 11:10:00] [INFO] ==================================================
[2026-09-11 11:10:00] [INFO] OVERSTAY CRON COMPLETED
[2026-09-11 11:10:00] [INFO] ==================================================
[2026-09-11 11:11:00] [INFO] [OVERSTAY] Cron triggered
[2026-09-11 11:11:00] [INFO] ==================================================
[2026-09-11 11:11:00] [INFO] OVERSTAY CRON STARTED
[2026-09-11 11:11:00] [INFO] ==================================================
[2026-09-11 11:11:00] [INFO] [OVERSTAY] Current India Date/Time: 11/09/2026 11:11:00
[2026-09-11 11:11:00] [INFO] [OVERSTAY] Timezone: Asia/Kolkata
[2026-09-11 11:11:00] [INFO] [OVERSTAY] Staying customers found: 0
[2026-09-11 11:11:00] [INFO] ==================================================
[2026-09-11 11:11:00] [INFO] OVERSTAY CRON COMPLETED
[2026-09-11 11:11:00] [INFO] ==================================================
[2026-09-11 11:12:00] [INFO] [OVERSTAY] Cron triggered
[2026-09-11 11:12:00] [INFO] ==================================================
[2026-09-11 11:12:00] [INFO] OVERSTAY CRON STARTED
[2026-09-11 11:12:00] [INFO] ==================================================
[2026-09-11 11:12:00] [INFO] [OVERSTAY] Current India Date/Time: 11/09/2026 11:12:00
[2026-09-11 11:12:00] [INFO] [OVERSTAY] Timezone: Asia/Kolkata
[2026-09-11 11:12:00] [INFO] [OVERSTAY] Staying customers found: 0
[2026-09-11 11:12:00] [INFO] ==================================================
[2026-09-11 11:12:00] [INFO] OVERSTAY CRON COMPLETED
[2026-09-11 11:12:00] [INFO] ==================================================
[2026-09-11 11:13:00] [INFO] [OVERSTAY] Cron triggered
[2026-09-11 11:13:00] [INFO] ==================================================
[2026-09-11 11:13:00] [INFO] OVERSTAY CRON STARTED
[2026-09-11 11:13:00] [INFO] ==================================================
[2026-09-11 11:13:00] [INFO] [OVERSTAY] Current India Date/Time: 11/09/2026 11:13:00
[2026-09-11 11:13:00] [INFO] [OVERSTAY] Timezone: Asia/Kolkata
[2026-09-11 11:13:00] [INFO] [OVERSTAY] Staying customers found: 0
[2026-09-11 11:13:00] [INFO] ==================================================
[2026-09-11 11:13:00] [INFO] OVERSTAY CRON COMPLETED
[2026-09-11 11:13:00] [INFO] ==================================================
[2026-09-11 11:14:00] [INFO] [OVERSTAY] Cron triggered
[2026-09-11 11:14:00] [INFO] ==================================================
[2026-09-11 11:14:00] [INFO] OVERSTAY CRON STARTED
[2026-09-11 11:14:00] [INFO] ==================================================
[2026-09-11 11:14:00] [INFO] [OVERSTAY] Current India Date/Time: 11/09/2026 11:14:00
[2026-09-11 11:14:00] [INFO] [OVERSTAY] Timezone: Asia/Kolkata
[2026-09-11 11:14:00] [INFO] [OVERSTAY] Staying customers found: 0
[2026-09-11 11:14:00] [INFO] ==================================================
[2026-09-11 11:14:00] [INFO] OVERSTAY CRON COMPLETED
[2026-09-11 11:14:00] [INFO] ==================================================
[2026-09-11 11:15:00] [INFO] [OVERSTAY] Cron triggered
[2026-09-11 11:15:00] [INFO] ==================================================
[2026-09-11 11:15:00] [INFO] OVERSTAY CRON STARTED
[2026-09-11 11:15:00] [INFO] ==================================================
[2026-09-11 11:15:00] [INFO] [OVERSTAY] Current India Date/Time: 11/09/2026 11:15:00
[2026-09-11 11:15:00] [INFO] [OVERSTAY] Timezone: Asia/Kolkata
[2026-09-11 11:15:00] [INFO] [OVERSTAY] Staying customers found: 0
[2026-09-11 11:15:00] [INFO] ==================================================
[2026-09-11 11:15:00] [INFO] OVERSTAY CRON COMPLETED
[2026-09-11 11:15:00] [INFO] ==================================================
[2026-09-11 11:16:00] [INFO] [OVERSTAY] Cron triggered
[2026-09-11 11:16:00] [INFO] ==================================================
[2026-09-11 11:16:00] [INFO] OVERSTAY CRON STARTED
[2026-09-11 11:16:00] [INFO] ==================================================
[2026-09-11 11:16:00] [INFO] [OVERSTAY] Current India Date/Time: 11/09/2026 11:16:00
[2026-09-11 11:16:00] [INFO] [OVERSTAY] Timezone: Asia/Kolkata
[2026-09-11 11:16:00] [INFO] [OVERSTAY] Staying customers found: 0
[2026-09-11 11:16:00] [INFO] ==================================================
[2026-09-11 11:16:00] [INFO] OVERSTAY CRON COMPLETED
[2026-09-11 11:16:00] [INFO] ==================================================
[2026-09-11 11:17:00] [INFO] [OVERSTAY] Cron triggered
[2026-09-11 11:17:00] [INFO] ==================================================
[2026-09-11 11:17:00] [INFO] OVERSTAY CRON STARTED
[2026-09-11 11:17:00] [INFO] ==================================================
[2026-09-11 11:17:00] [INFO] [OVERSTAY] Current India Date/Time: 11/09/2026 11:17:00
[2026-09-11 11:17:00] [INFO] [OVERSTAY] Timezone: Asia/Kolkata
[2026-09-11 11:17:00] [INFO] [OVERSTAY] Staying customers found: 0
[2026-09-11 11:17:00] [INFO] ==================================================
[2026-09-11 11:17:00] [INFO] OVERSTAY CRON COMPLETED
[2026-09-11 11:17:00] [INFO] ==================================================
[2026-09-11 11:17:53] [INFO] Invoice deleted successfully: 6aa152add85a27360c453f2a
[2026-09-11 11:18:00] [INFO] [OVERSTAY] Cron triggered
[2026-09-11 11:18:00] [INFO] ==================================================
[2026-09-11 11:18:00] [INFO] OVERSTAY CRON STARTED
[2026-09-11 11:18:00] [INFO] ==================================================
[2026-09-11 11:18:00] [INFO] [OVERSTAY] Current India Date/Time: 11/09/2026 11:18:00
[2026-09-11 11:18:00] [INFO] [OVERSTAY] Timezone: Asia/Kolkata
[2026-09-11 11:18:00] [INFO] [OVERSTAY] Staying customers found: 0
[2026-09-11 11:18:00] [INFO] ==================================================
[2026-09-11 11:18:00] [INFO] OVERSTAY CRON COMPLETED
[2026-09-11 11:18:00] [INFO] ==================================================
[2026-09-11 11:19:00] [INFO] [OVERSTAY] Cron triggered
[2026-09-11 11:19:00] [INFO] ==================================================
[2026-09-11 11:19:00] [INFO] OVERSTAY CRON STARTED
[2026-09-11 11:19:00] [INFO] ==================================================
[2026-09-11 11:19:00] [INFO] [OVERSTAY] Current India Date/Time: 11/09/2026 11:19:00
[2026-09-11 11:19:00] [INFO] [OVERSTAY] Timezone: Asia/Kolkata
[2026-09-11 11:19:00] [INFO] [OVERSTAY] Staying customers found: 0
[2026-09-11 11:19:00] [INFO] ==================================================
[2026-09-11 11:19:00] [INFO] OVERSTAY CRON COMPLETED
[2026-09-11 11:19:00] [INFO] ==================================================
[2026-09-11 11:20:00] [INFO] [OVERSTAY] Cron triggered
[2026-09-11 11:20:00] [INFO] ==================================================
[2026-09-11 11:20:00] [INFO] OVERSTAY CRON STARTED
[2026-09-11 11:20:00] [INFO] ==================================================
[2026-09-11 11:20:00] [INFO] [OVERSTAY] Current India Date/Time: 11/09/2026 11:20:00
[2026-09-11 11:20:00] [INFO] [OVERSTAY] Timezone: Asia/Kolkata
[2026-09-11 11:20:00] [INFO] [OVERSTAY] Staying customers found: 0
[2026-09-11 11:20:00] [INFO] ==================================================
[2026-09-11 11:20:00] [INFO] OVERSTAY CRON COMPLETED
[2026-09-11 11:20:00] [INFO] ==================================================
[2026-09-11 11:20:56] [INFO] [OVERSTAY] Overstay cron initialized successfully
[2026-09-11 11:20:56] [INFO] [OVERSTAY] Cron schedule: Every minute
[2026-09-11 11:20:56] [INFO] [OVERSTAY] Cron timezone: Asia/Kolkata
[2026-09-11 11:20:56] [INFO] ==================================================
[2026-09-11 11:20:56] [INFO] OVERSTAY CRON STARTED
[2026-09-11 11:20:56] [INFO] ==================================================
[2026-09-11 11:20:56] [INFO] [OVERSTAY] Current India Date/Time: 11/09/2026 11:20:56
[2026-09-11 11:20:56] [INFO] [OVERSTAY] Timezone: Asia/Kolkata
[2026-09-11 11:20:57] [INFO] [Logger] Running log cleanup check. Retention limit: 30 days.
[2026-09-11 11:20:57] [INFO] [Logger] Cleanup completed. No expired log files found.
[2026-09-11 11:20:57] [INFO] [Logger] Automated log cleanup scheduler started (runs every 24 hours).
[2026-09-11 11:20:57] [INFO] [Server] Server started and listening on port 5000
[2026-09-11 11:20:57] [INFO] [Database] MongoDB Connected successfully: 76.13.244.61
[2026-09-11 11:20:57] [INFO] Admin user already exists
[2026-09-11 11:20:57] [INFO] [OVERSTAY] Staying customers found: 0
[2026-09-11 11:20:57] [INFO] ==================================================
[2026-09-11 11:20:57] [INFO] OVERSTAY CRON COMPLETED
[2026-09-11 11:20:57] [INFO] ==================================================
[2026-09-11 11:21:00] [INFO] [OVERSTAY] Cron triggered
[2026-09-11 11:21:00] [INFO] ==================================================
[2026-09-11 11:21:00] [INFO] OVERSTAY CRON STARTED
[2026-09-11 11:21:00] [INFO] ==================================================
[2026-09-11 11:21:00] [INFO] [OVERSTAY] Current India Date/Time: 11/09/2026 11:21:00
[2026-09-11 11:21:00] [INFO] [OVERSTAY] Timezone: Asia/Kolkata
[2026-09-11 11:21:00] [INFO] [OVERSTAY] Staying customers found: 0
[2026-09-11 11:21:00] [INFO] ==================================================
[2026-09-11 11:21:00] [INFO] OVERSTAY CRON COMPLETED
[2026-09-11 11:21:00] [INFO] ==================================================
[2026-09-11 11:22:00] [INFO] [OVERSTAY] Cron triggered
[2026-09-11 11:22:00] [INFO] ==================================================
[2026-09-11 11:22:00] [INFO] OVERSTAY CRON STARTED
[2026-09-11 11:22:00] [INFO] ==================================================
[2026-09-11 11:22:00] [INFO] [OVERSTAY] Current India Date/Time: 11/09/2026 11:22:00
[2026-09-11 11:22:00] [INFO] [OVERSTAY] Timezone: Asia/Kolkata
[2026-09-11 11:22:00] [INFO] [OVERSTAY] Staying customers found: 0
[2026-09-11 11:22:00] [INFO] ==================================================
[2026-09-11 11:22:00] [INFO] OVERSTAY CRON COMPLETED
[2026-09-11 11:22:00] [INFO] ==================================================
[2026-09-11 11:23:00] [INFO] [OVERSTAY] Cron triggered
[2026-09-11 11:23:00] [INFO] ==================================================
[2026-09-11 11:23:00] [INFO] OVERSTAY CRON STARTED
[2026-09-11 11:23:00] [INFO] ==================================================
[2026-09-11 11:23:00] [INFO] [OVERSTAY] Current India Date/Time: 11/09/2026 11:23:00
[2026-09-11 11:23:00] [INFO] [OVERSTAY] Timezone: Asia/Kolkata
[2026-09-11 11:23:00] [INFO] [OVERSTAY] Staying customers found: 0
[2026-09-11 11:23:00] [INFO] ==================================================
[2026-09-11 11:23:00] [INFO] OVERSTAY CRON COMPLETED
[2026-09-11 11:23:00] [INFO] ==================================================
[2026-09-11 11:24:00] [INFO] [OVERSTAY] Cron triggered
[2026-09-11 11:24:00] [INFO] ==================================================
[2026-09-11 11:24:00] [INFO] OVERSTAY CRON STARTED
[2026-09-11 11:24:00] [INFO] ==================================================
[2026-09-11 11:24:00] [INFO] [OVERSTAY] Current India Date/Time: 11/09/2026 11:24:00
[2026-09-11 11:24:00] [INFO] [OVERSTAY] Timezone: Asia/Kolkata
[2026-09-11 11:24:00] [INFO] [OVERSTAY] Staying customers found: 0
[2026-09-11 11:24:00] [INFO] ==================================================
[2026-09-11 11:24:00] [INFO] OVERSTAY CRON COMPLETED
[2026-09-11 11:24:00] [INFO] ==================================================
[2026-09-11 11:25:00] [INFO] [OVERSTAY] Cron triggered
[2026-09-11 11:25:00] [INFO] ==================================================
[2026-09-11 11:25:00] [INFO] OVERSTAY CRON STARTED
[2026-09-11 11:25:00] [INFO] ==================================================
[2026-09-11 11:25:00] [INFO] [OVERSTAY] Current India Date/Time: 11/09/2026 11:25:00
[2026-09-11 11:25:00] [INFO] [OVERSTAY] Timezone: Asia/Kolkata
[2026-09-11 11:25:00] [INFO] [OVERSTAY] Staying customers found: 0
[2026-09-11 11:25:00] [INFO] ==================================================
[2026-09-11 11:25:00] [INFO] OVERSTAY CRON COMPLETED
[2026-09-11 11:25:00] [INFO] ==================================================
[2026-09-11 11:26:00] [INFO] [OVERSTAY] Cron triggered
[2026-09-11 11:26:00] [INFO] ==================================================
[2026-09-11 11:26:00] [INFO] OVERSTAY CRON STARTED
[2026-09-11 11:26:00] [INFO] ==================================================
[2026-09-11 11:26:00] [INFO] [OVERSTAY] Current India Date/Time: 11/09/2026 11:26:00
[2026-09-11 11:26:00] [INFO] [OVERSTAY] Timezone: Asia/Kolkata
[2026-09-11 11:26:00] [INFO] [OVERSTAY] Staying customers found: 0
[2026-09-11 11:26:00] [INFO] ==================================================
[2026-09-11 11:26:00] [INFO] OVERSTAY CRON COMPLETED
[2026-09-11 11:26:00] [INFO] ==================================================
[2026-09-11 11:27:00] [INFO] [OVERSTAY] Cron triggered
[2026-09-11 11:27:00] [INFO] ==================================================
[2026-09-11 11:27:00] [INFO] OVERSTAY CRON STARTED
[2026-09-11 11:27:00] [INFO] ==================================================
[2026-09-11 11:27:00] [INFO] [OVERSTAY] Current India Date/Time: 11/09/2026 11:27:00
[2026-09-11 11:27:00] [INFO] [OVERSTAY] Timezone: Asia/Kolkata
[2026-09-11 11:27:00] [INFO] [OVERSTAY] Staying customers found: 0
[2026-09-11 11:27:00] [INFO] ==================================================
[2026-09-11 11:27:00] [INFO] OVERSTAY CRON COMPLETED
[2026-09-11 11:27:00] [INFO] ==================================================
[2026-09-11 11:28:00] [INFO] [OVERSTAY] Cron triggered
[2026-09-11 11:28:00] [INFO] ==================================================
[2026-09-11 11:28:00] [INFO] OVERSTAY CRON STARTED
[2026-09-11 11:28:00] [INFO] ==================================================
[2026-09-11 11:28:00] [INFO] [OVERSTAY] Current India Date/Time: 11/09/2026 11:28:00
[2026-09-11 11:28:00] [INFO] [OVERSTAY] Timezone: Asia/Kolkata
[2026-09-11 11:28:00] [INFO] [OVERSTAY] Staying customers found: 0
[2026-09-11 11:28:00] [INFO] ==================================================
[2026-09-11 11:28:00] [INFO] OVERSTAY CRON COMPLETED
[2026-09-11 11:28:00] [INFO] ==================================================
[2026-09-11 11:29:00] [INFO] [OVERSTAY] Cron triggered
[2026-09-11 11:29:00] [INFO] ==================================================
[2026-09-11 11:29:00] [INFO] OVERSTAY CRON STARTED
[2026-09-11 11:29:00] [INFO] ==================================================
[2026-09-11 11:29:00] [INFO] [OVERSTAY] Current India Date/Time: 11/09/2026 11:29:00
[2026-09-11 11:29:00] [INFO] [OVERSTAY] Timezone: Asia/Kolkata
[2026-09-11 11:29:00] [INFO] [OVERSTAY] Staying customers found: 0
[2026-09-11 11:29:00] [INFO] ==================================================
[2026-09-11 11:29:00] [INFO] OVERSTAY CRON COMPLETED
[2026-09-11 11:29:00] [INFO] ==================================================
[2026-09-11 11:30:00] [INFO] [OVERSTAY] Cron triggered
[2026-09-11 11:30:00] [INFO] ==================================================
[2026-09-11 11:30:00] [INFO] OVERSTAY CRON STARTED
[2026-09-11 11:30:00] [INFO] ==================================================
[2026-09-11 11:30:00] [INFO] [OVERSTAY] Current India Date/Time: 11/09/2026 11:30:00
[2026-09-11 11:30:00] [INFO] [OVERSTAY] Timezone: Asia/Kolkata
[2026-09-11 11:30:00] [INFO] [OVERSTAY] Staying customers found: 0
[2026-09-11 11:30:00] [INFO] ==================================================
[2026-09-11 11:30:00] [INFO] OVERSTAY CRON COMPLETED
[2026-09-11 11:30:00] [INFO] ==================================================
[2026-09-11 11:30:03] [INFO] Customer deleted successfully: 6aa10988032e4ccf95b76a96
[2026-09-11 11:31:00] [INFO] [OVERSTAY] Cron triggered
[2026-09-11 11:31:00] [INFO] ==================================================
[2026-09-11 11:31:00] [INFO] OVERSTAY CRON STARTED
[2026-09-11 11:31:00] [INFO] ==================================================
[2026-09-11 11:31:00] [INFO] [OVERSTAY] Current India Date/Time: 11/09/2026 11:31:00
[2026-09-11 11:31:00] [INFO] [OVERSTAY] Timezone: Asia/Kolkata
[2026-09-11 11:31:00] [INFO] [OVERSTAY] Staying customers found: 0
[2026-09-11 11:31:00] [INFO] ==================================================
[2026-09-11 11:31:00] [INFO] OVERSTAY CRON COMPLETED
[2026-09-11 11:31:00] [INFO] ==================================================
[2026-09-11 11:32:00] [INFO] [OVERSTAY] Cron triggered
[2026-09-11 11:32:00] [INFO] ==================================================
[2026-09-11 11:32:00] [INFO] OVERSTAY CRON STARTED
[2026-09-11 11:32:00] [INFO] ==================================================
[2026-09-11 11:32:00] [INFO] [OVERSTAY] Current India Date/Time: 11/09/2026 11:32:00
[2026-09-11 11:32:00] [INFO] [OVERSTAY] Timezone: Asia/Kolkata
[2026-09-11 11:32:00] [INFO] [OVERSTAY] Staying customers found: 0
[2026-09-11 11:32:00] [INFO] ==================================================
[2026-09-11 11:32:00] [INFO] OVERSTAY CRON COMPLETED
[2026-09-11 11:32:00] [INFO] ==================================================
[2026-09-11 11:33:00] [INFO] [OVERSTAY] Cron triggered
[2026-09-11 11:33:00] [INFO] ==================================================
[2026-09-11 11:33:00] [INFO] OVERSTAY CRON STARTED
[2026-09-11 11:33:00] [INFO] ==================================================
[2026-09-11 11:33:00] [INFO] [OVERSTAY] Current India Date/Time: 11/09/2026 11:33:00
[2026-09-11 11:33:00] [INFO] [OVERSTAY] Timezone: Asia/Kolkata
[2026-09-11 11:33:00] [INFO] [OVERSTAY] Staying customers found: 0
[2026-09-11 11:33:00] [INFO] ==================================================
[2026-09-11 11:33:00] [INFO] OVERSTAY CRON COMPLETED
[2026-09-11 11:33:00] [INFO] ==================================================
[2026-09-11 11:34:00] [INFO] [OVERSTAY] Cron triggered
[2026-09-11 11:34:00] [INFO] ==================================================
[2026-09-11 11:34:00] [INFO] OVERSTAY CRON STARTED
[2026-09-11 11:34:00] [INFO] ==================================================
[2026-09-11 11:34:00] [INFO] [OVERSTAY] Current India Date/Time: 11/09/2026 11:34:00
[2026-09-11 11:34:00] [INFO] [OVERSTAY] Timezone: Asia/Kolkata
[2026-09-11 11:34:00] [INFO] [OVERSTAY] Staying customers found: 0
[2026-09-11 11:34:00] [INFO] ==================================================
[2026-09-11 11:34:00] [INFO] OVERSTAY CRON COMPLETED
[2026-09-11 11:34:00] [INFO] ==================================================
[2026-09-11 11:35:00] [INFO] [OVERSTAY] Cron triggered
[2026-09-11 11:35:00] [INFO] ==================================================
[2026-09-11 11:35:00] [INFO] OVERSTAY CRON STARTED
[2026-09-11 11:35:00] [INFO] ==================================================
[2026-09-11 11:35:00] [INFO] [OVERSTAY] Current India Date/Time: 11/09/2026 11:35:00
[2026-09-11 11:35:00] [INFO] [OVERSTAY] Timezone: Asia/Kolkata
[2026-09-11 11:35:00] [INFO] [OVERSTAY] Staying customers found: 0
[2026-09-11 11:35:00] [INFO] ==================================================
[2026-09-11 11:35:00] [INFO] OVERSTAY CRON COMPLETED
[2026-09-11 11:35:00] [INFO] ==================================================
[2026-09-11 11:36:00] [INFO] [OVERSTAY] Cron triggered
[2026-09-11 11:36:00] [INFO] ==================================================
[2026-09-11 11:36:00] [INFO] OVERSTAY CRON STARTED
[2026-09-11 11:36:00] [INFO] ==================================================
[2026-09-11 11:36:00] [INFO] [OVERSTAY] Current India Date/Time: 11/09/2026 11:36:00
[2026-09-11 11:36:00] [INFO] [OVERSTAY] Timezone: Asia/Kolkata
[2026-09-11 11:36:00] [INFO] [OVERSTAY] Staying customers found: 0
[2026-09-11 11:36:00] [INFO] ==================================================
[2026-09-11 11:36:00] [INFO] OVERSTAY CRON COMPLETED
[2026-09-11 11:36:00] [INFO] ==================================================
[2026-09-11 11:37:00] [INFO] [OVERSTAY] Cron triggered
[2026-09-11 11:37:00] [INFO] ==================================================
[2026-09-11 11:37:00] [INFO] OVERSTAY CRON STARTED
[2026-09-11 11:37:00] [INFO] ==================================================
[2026-09-11 11:37:00] [INFO] [OVERSTAY] Current India Date/Time: 11/09/2026 11:37:00
[2026-09-11 11:37:00] [INFO] [OVERSTAY] Timezone: Asia/Kolkata
[2026-09-11 11:37:00] [INFO] [OVERSTAY] Staying customers found: 0
[2026-09-11 11:37:00] [INFO] ==================================================
[2026-09-11 11:37:00] [INFO] OVERSTAY CRON COMPLETED
[2026-09-11 11:37:00] [INFO] ==================================================
[2026-09-11 11:38:00] [INFO] [OVERSTAY] Cron triggered
[2026-09-11 11:38:00] [INFO] ==================================================
[2026-09-11 11:38:00] [INFO] OVERSTAY CRON STARTED
[2026-09-11 11:38:00] [INFO] ==================================================
[2026-09-11 11:38:00] [INFO] [OVERSTAY] Current India Date/Time: 11/09/2026 11:38:00
[2026-09-11 11:38:00] [INFO] [OVERSTAY] Timezone: Asia/Kolkata
[2026-09-11 11:38:00] [INFO] [OVERSTAY] Staying customers found: 0
[2026-09-11 11:38:00] [INFO] ==================================================
[2026-09-11 11:38:00] [INFO] OVERSTAY CRON COMPLETED
[2026-09-11 11:38:00] [INFO] ==================================================
[2026-09-11 11:39:00] [INFO] [OVERSTAY] Cron triggered
[2026-09-11 11:39:00] [INFO] ==================================================
[2026-09-11 11:39:00] [INFO] OVERSTAY CRON STARTED
[2026-09-11 11:39:00] [INFO] ==================================================
[2026-09-11 11:39:00] [INFO] [OVERSTAY] Current India Date/Time: 11/09/2026 11:39:00
[2026-09-11 11:39:00] [INFO] [OVERSTAY] Timezone: Asia/Kolkata
[2026-09-11 11:39:00] [INFO] [OVERSTAY] Staying customers found: 0
[2026-09-11 11:39:00] [INFO] ==================================================
[2026-09-11 11:39:00] [INFO] OVERSTAY CRON COMPLETED
[2026-09-11 11:39:00] [INFO] ==================================================
[2026-09-11 11:40:00] [INFO] [OVERSTAY] Cron triggered
[2026-09-11 11:40:00] [INFO] ==================================================
[2026-09-11 11:40:00] [INFO] OVERSTAY CRON STARTED
[2026-09-11 11:40:00] [INFO] ==================================================
[2026-09-11 11:40:00] [INFO] [OVERSTAY] Current India Date/Time: 11/09/2026 11:40:00
[2026-09-11 11:40:00] [INFO] [OVERSTAY] Timezone: Asia/Kolkata
[2026-09-11 11:40:00] [INFO] [OVERSTAY] Staying customers found: 0
[2026-09-11 11:40:00] [INFO] ==================================================
[2026-09-11 11:40:00] [INFO] OVERSTAY CRON COMPLETED
[2026-09-11 11:40:00] [INFO] ==================================================
[2026-09-11 11:41:00] [INFO] [OVERSTAY] Cron triggered
[2026-09-11 11:41:00] [INFO] ==================================================
[2026-09-11 11:41:00] [INFO] OVERSTAY CRON STARTED
[2026-09-11 11:41:00] [INFO] ==================================================
[2026-09-11 11:41:00] [INFO] [OVERSTAY] Current India Date/Time: 11/09/2026 11:41:00
[2026-09-11 11:41:00] [INFO] [OVERSTAY] Timezone: Asia/Kolkata
[2026-09-11 11:41:00] [INFO] [OVERSTAY] Staying customers found: 0
[2026-09-11 11:41:00] [INFO] ==================================================
[2026-09-11 11:41:00] [INFO] OVERSTAY CRON COMPLETED
[2026-09-11 11:41:00] [INFO] ==================================================
[2026-09-11 11:42:00] [INFO] [OVERSTAY] Cron triggered
[2026-09-11 11:42:00] [INFO] ==================================================
[2026-09-11 11:42:00] [INFO] OVERSTAY CRON STARTED
[2026-09-11 11:42:00] [INFO] ==================================================
[2026-09-11 11:42:00] [INFO] [OVERSTAY] Current India Date/Time: 11/09/2026 11:42:00
[2026-09-11 11:42:00] [INFO] [OVERSTAY] Timezone: Asia/Kolkata
[2026-09-11 11:42:00] [INFO] [OVERSTAY] Staying customers found: 0
[2026-09-11 11:42:00] [INFO] ==================================================
[2026-09-11 11:42:00] [INFO] OVERSTAY CRON COMPLETED
[2026-09-11 11:42:00] [INFO] ==================================================
[2026-09-11 11:43:00] [INFO] [OVERSTAY] Cron triggered
[2026-09-11 11:43:00] [INFO] ==================================================
[2026-09-11 11:43:00] [INFO] OVERSTAY CRON STARTED
[2026-09-11 11:43:00] [INFO] ==================================================
[2026-09-11 11:43:00] [INFO] [OVERSTAY] Current India Date/Time: 11/09/2026 11:43:00
[2026-09-11 11:43:00] [INFO] [OVERSTAY] Timezone: Asia/Kolkata
[2026-09-11 11:43:00] [INFO] [OVERSTAY] Staying customers found: 0
[2026-09-11 11:43:00] [INFO] ==================================================
[2026-09-11 11:43:00] [INFO] OVERSTAY CRON COMPLETED
[2026-09-11 11:43:00] [INFO] ==================================================
[2026-09-11 11:44:00] [INFO] [OVERSTAY] Cron triggered
[2026-09-11 11:44:00] [INFO] ==================================================
[2026-09-11 11:44:00] [INFO] OVERSTAY CRON STARTED
[2026-09-11 11:44:00] [INFO] ==================================================
[2026-09-11 11:44:00] [INFO] [OVERSTAY] Current India Date/Time: 11/09/2026 11:44:00
[2026-09-11 11:44:00] [INFO] [OVERSTAY] Timezone: Asia/Kolkata
[2026-09-11 11:44:00] [INFO] [OVERSTAY] Staying customers found: 0
[2026-09-11 11:44:00] [INFO] ==================================================
[2026-09-11 11:44:00] [INFO] OVERSTAY CRON COMPLETED
[2026-09-11 11:44:00] [INFO] ==================================================
[2026-09-11 11:45:00] [INFO] [OVERSTAY] Cron triggered
[2026-09-11 11:45:00] [INFO] ==================================================
[2026-09-11 11:45:00] [INFO] OVERSTAY CRON STARTED
[2026-09-11 11:45:00] [INFO] ==================================================
[2026-09-11 11:45:00] [INFO] [OVERSTAY] Current India Date/Time: 11/09/2026 11:45:00
[2026-09-11 11:45:00] [INFO] [OVERSTAY] Timezone: Asia/Kolkata
[2026-09-11 11:45:00] [INFO] [OVERSTAY] Staying customers found: 0
[2026-09-11 11:45:00] [INFO] ==================================================
[2026-09-11 11:45:00] [INFO] OVERSTAY CRON COMPLETED
[2026-09-11 11:45:00] [INFO] ==================================================
[2026-09-11 11:45:38] [INFO] INFO
[2026-09-11 11:45:38] [INFO] INFO
[2026-09-11 11:46:00] [INFO] [OVERSTAY] Cron triggered
[2026-09-11 11:46:00] [INFO] ==================================================
[2026-09-11 11:46:00] [INFO] OVERSTAY CRON STARTED
[2026-09-11 11:46:00] [INFO] ==================================================
[2026-09-11 11:46:00] [INFO] [OVERSTAY] Current India Date/Time: 11/09/2026 11:46:00
[2026-09-11 11:46:00] [INFO] [OVERSTAY] Timezone: Asia/Kolkata
[2026-09-11 11:46:00] [INFO] [OVERSTAY] Staying customers found: 0
[2026-09-11 11:46:00] [INFO] ==================================================
[2026-09-11 11:46:00] [INFO] OVERSTAY CRON COMPLETED
[2026-09-11 11:46:00] [INFO] ==================================================
[2026-09-11 11:47:00] [INFO] [OVERSTAY] Cron triggered
[2026-09-11 11:47:00] [INFO] ==================================================
[2026-09-11 11:47:00] [INFO] OVERSTAY CRON STARTED
[2026-09-11 11:47:00] [INFO] ==================================================
[2026-09-11 11:47:00] [INFO] [OVERSTAY] Current India Date/Time: 11/09/2026 11:47:00
[2026-09-11 11:47:00] [INFO] [OVERSTAY] Timezone: Asia/Kolkata
[2026-09-11 11:47:00] [INFO] [OVERSTAY] Staying customers found: 0
[2026-09-11 11:47:00] [INFO] ==================================================
[2026-09-11 11:47:00] [INFO] OVERSTAY CRON COMPLETED
[2026-09-11 11:47:00] [INFO] ==================================================
[2026-09-11 11:48:00] [INFO] [OVERSTAY] Cron triggered
[2026-09-11 11:48:00] [INFO] ==================================================
[2026-09-11 11:48:00] [INFO] OVERSTAY CRON STARTED
[2026-09-11 11:48:00] [INFO] ==================================================
[2026-09-11 11:48:00] [INFO] [OVERSTAY] Current India Date/Time: 11/09/2026 11:48:00
[2026-09-11 11:48:00] [INFO] [OVERSTAY] Timezone: Asia/Kolkata
[2026-09-11 11:48:00] [INFO] [OVERSTAY] Staying customers found: 0
[2026-09-11 11:48:00] [INFO] ==================================================
[2026-09-11 11:48:00] [INFO] OVERSTAY CRON COMPLETED
[2026-09-11 11:48:00] [INFO] ==================================================
[2026-09-11 11:49:00] [INFO] [OVERSTAY] Cron triggered
[2026-09-11 11:49:00] [INFO] ==================================================
[2026-09-11 11:49:00] [INFO] OVERSTAY CRON STARTED
[2026-09-11 11:49:00] [INFO] ==================================================
[2026-09-11 11:49:00] [INFO] [OVERSTAY] Current India Date/Time: 11/09/2026 11:49:00
[2026-09-11 11:49:00] [INFO] [OVERSTAY] Timezone: Asia/Kolkata
[2026-09-11 11:49:00] [INFO] [OVERSTAY] Staying customers found: 0
[2026-09-11 11:49:00] [INFO] ==================================================
[2026-09-11 11:49:00] [INFO] OVERSTAY CRON COMPLETED
[2026-09-11 11:49:00] [INFO] ==================================================
[2026-09-11 11:50:00] [INFO] [OVERSTAY] Cron triggered
[2026-09-11 11:50:00] [INFO] ==================================================
[2026-09-11 11:50:00] [INFO] OVERSTAY CRON STARTED
[2026-09-11 11:50:00] [INFO] ==================================================
[2026-09-11 11:50:00] [INFO] [OVERSTAY] Current India Date/Time: 11/09/2026 11:50:00
[2026-09-11 11:50:00] [INFO] [OVERSTAY] Timezone: Asia/Kolkata
[2026-09-11 11:50:00] [INFO] [OVERSTAY] Staying customers found: 0
[2026-09-11 11:50:00] [INFO] ==================================================
[2026-09-11 11:50:00] [INFO] OVERSTAY CRON COMPLETED
[2026-09-11 11:50:00] [INFO] ==================================================
[2026-09-11 11:51:00] [INFO] [OVERSTAY] Cron triggered
[2026-09-11 11:51:00] [INFO] ==================================================
[2026-09-11 11:51:00] [INFO] OVERSTAY CRON STARTED
[2026-09-11 11:51:00] [INFO] ==================================================
[2026-09-11 11:51:00] [INFO] [OVERSTAY] Current India Date/Time: 11/09/2026 11:51:00
[2026-09-11 11:51:00] [INFO] [OVERSTAY] Timezone: Asia/Kolkata
[2026-09-11 11:51:00] [INFO] [OVERSTAY] Staying customers found: 0
[2026-09-11 11:51:00] [INFO] ==================================================
[2026-09-11 11:51:00] [INFO] OVERSTAY CRON COMPLETED
[2026-09-11 11:51:00] [INFO] ==================================================
[2026-09-11 11:51:38] [INFO] INFO
[2026-09-11 11:51:38] [INFO] INFO
[2026-09-11 11:52:00] [INFO] [OVERSTAY] Cron triggered
[2026-09-11 11:52:00] [INFO] ==================================================
[2026-09-11 11:52:00] [INFO] OVERSTAY CRON STARTED
[2026-09-11 11:52:00] [INFO] ==================================================
[2026-09-11 11:52:00] [INFO] [OVERSTAY] Current India Date/Time: 11/09/2026 11:52:00
[2026-09-11 11:52:00] [INFO] [OVERSTAY] Timezone: Asia/Kolkata
[2026-09-11 11:52:00] [INFO] [OVERSTAY] Staying customers found: 0
[2026-09-11 11:52:00] [INFO] ==================================================
[2026-09-11 11:52:00] [INFO] OVERSTAY CRON COMPLETED
[2026-09-11 11:52:00] [INFO] ==================================================
[2026-09-11 11:53:00] [INFO] [OVERSTAY] Cron triggered
[2026-09-11 11:53:00] [INFO] ==================================================
[2026-09-11 11:53:00] [INFO] OVERSTAY CRON STARTED
[2026-09-11 11:53:00] [INFO] ==================================================
[2026-09-11 11:53:00] [INFO] [OVERSTAY] Current India Date/Time: 11/09/2026 11:53:00
[2026-09-11 11:53:00] [INFO] [OVERSTAY] Timezone: Asia/Kolkata
[2026-09-11 11:53:00] [INFO] [OVERSTAY] Staying customers found: 0
[2026-09-11 11:53:00] [INFO] ==================================================
[2026-09-11 11:53:00] [INFO] OVERSTAY CRON COMPLETED
[2026-09-11 11:53:00] [INFO] ==================================================
[2026-09-11 11:53:20] [INFO] INFO
[2026-09-11 11:54:00] [INFO] [OVERSTAY] Cron triggered
[2026-09-11 11:54:00] [INFO] ==================================================
[2026-09-11 11:54:00] [INFO] OVERSTAY CRON STARTED
[2026-09-11 11:54:00] [INFO] ==================================================
[2026-09-11 11:54:00] [INFO] [OVERSTAY] Current India Date/Time: 11/09/2026 11:54:00
[2026-09-11 11:54:00] [INFO] [OVERSTAY] Timezone: Asia/Kolkata
[2026-09-11 11:54:00] [INFO] [OVERSTAY] Staying customers found: 0
[2026-09-11 11:54:00] [INFO] ==================================================
[2026-09-11 11:54:00] [INFO] OVERSTAY CRON COMPLETED
[2026-09-11 11:54:00] [INFO] ==================================================
[2026-09-11 11:55:00] [INFO] [OVERSTAY] Cron triggered
[2026-09-11 11:55:00] [INFO] ==================================================
[2026-09-11 11:55:00] [INFO] OVERSTAY CRON STARTED
[2026-09-11 11:55:00] [INFO] ==================================================
[2026-09-11 11:55:00] [INFO] [OVERSTAY] Current India Date/Time: 11/09/2026 11:55:00
[2026-09-11 11:55:00] [INFO] [OVERSTAY] Timezone: Asia/Kolkata
[2026-09-11 11:55:00] [INFO] [OVERSTAY] Staying customers found: 0
[2026-09-11 11:55:00] [INFO] ==================================================
[2026-09-11 11:55:00] [INFO] OVERSTAY CRON COMPLETED
[2026-09-11 11:55:00] [INFO] ==================================================
[2026-09-11 11:56:00] [INFO] [OVERSTAY] Cron triggered
[2026-09-11 11:56:00] [INFO] ==================================================
[2026-09-11 11:56:00] [INFO] OVERSTAY CRON STARTED
[2026-09-11 11:56:00] [INFO] ==================================================
[2026-09-11 11:56:00] [INFO] [OVERSTAY] Current India Date/Time: 11/09/2026 11:56:00
[2026-09-11 11:56:00] [INFO] [OVERSTAY] Timezone: Asia/Kolkata
[2026-09-11 11:56:00] [INFO] [OVERSTAY] Staying customers found: 0
[2026-09-11 11:56:00] [INFO] ==================================================
[2026-09-11 11:56:00] [INFO] OVERSTAY CRON COMPLETED
[2026-09-11 11:56:00] [INFO] ==================================================
[2026-09-11 11:57:00] [INFO] [OVERSTAY] Cron triggered
[2026-09-11 11:57:00] [INFO] ==================================================
[2026-09-11 11:57:00] [INFO] OVERSTAY CRON STARTED
[2026-09-11 11:57:00] [INFO] ==================================================
[2026-09-11 11:57:00] [INFO] [OVERSTAY] Current India Date/Time: 11/09/2026 11:57:00
[2026-09-11 11:57:00] [INFO] [OVERSTAY] Timezone: Asia/Kolkata
[2026-09-11 11:57:00] [INFO] [OVERSTAY] Staying customers found: 0
[2026-09-11 11:57:00] [INFO] ==================================================
[2026-09-11 11:57:00] [INFO] OVERSTAY CRON COMPLETED
[2026-09-11 11:57:00] [INFO] ==================================================
[2026-09-11 11:57:06] [INFO] INFO
[2026-09-11 11:57:06] [INFO] INFO
[2026-09-11 11:57:38] [INFO] INFO
[2026-09-11 11:57:38] [INFO] INFO
[2026-09-11 11:58:00] [INFO] [OVERSTAY] Cron triggered
[2026-09-11 11:58:00] [INFO] ==================================================
[2026-09-11 11:58:00] [INFO] OVERSTAY CRON STARTED
[2026-09-11 11:58:00] [INFO] ==================================================
[2026-09-11 11:58:00] [INFO] [OVERSTAY] Current India Date/Time: 11/09/2026 11:58:00
[2026-09-11 11:58:00] [INFO] [OVERSTAY] Timezone: Asia/Kolkata
[2026-09-11 11:58:00] [INFO] [OVERSTAY] Staying customers found: 0
[2026-09-11 11:58:00] [INFO] ==================================================
[2026-09-11 11:58:00] [INFO] OVERSTAY CRON COMPLETED
[2026-09-11 11:58:00] [INFO] ==================================================
[2026-09-11 11:58:51] [INFO] INFO
[2026-09-11 11:58:51] [INFO] INFO
[2026-09-11 11:59:00] [INFO] [OVERSTAY] Cron triggered
[2026-09-11 11:59:00] [INFO] ==================================================
[2026-09-11 11:59:00] [INFO] OVERSTAY CRON STARTED
[2026-09-11 11:59:00] [INFO] ==================================================
[2026-09-11 11:59:00] [INFO] [OVERSTAY] Current India Date/Time: 11/09/2026 11:59:00
[2026-09-11 11:59:00] [INFO] [OVERSTAY] Timezone: Asia/Kolkata
[2026-09-11 11:59:00] [INFO] [OVERSTAY] Staying customers found: 0
[2026-09-11 11:59:00] [INFO] ==================================================
[2026-09-11 11:59:00] [INFO] OVERSTAY CRON COMPLETED
[2026-09-11 11:59:00] [INFO] ==================================================
[2026-09-11 12:00:00] [INFO] [OVERSTAY] Cron triggered
[2026-09-11 12:00:00] [INFO] ==================================================
[2026-09-11 12:00:00] [INFO] OVERSTAY CRON STARTED
[2026-09-11 12:00:00] [INFO] ==================================================
[2026-09-11 12:00:00] [INFO] [OVERSTAY] Current India Date/Time: 11/09/2026 12:00:00
[2026-09-11 12:00:00] [INFO] [OVERSTAY] Timezone: Asia/Kolkata
[2026-09-11 12:00:00] [INFO] INFO
[2026-09-11 12:00:00] [INFO] [OVERSTAY] Staying customers found: 0
[2026-09-11 12:00:00] [INFO] ==================================================
[2026-09-11 12:00:00] [INFO] OVERSTAY CRON COMPLETED
[2026-09-11 12:00:00] [INFO] ==================================================
[2026-09-11 12:00:00] [INFO] INFO
[2026-09-11 12:01:00] [INFO] [OVERSTAY] Cron triggered
[2026-09-11 12:01:00] [INFO] ==================================================
[2026-09-11 12:01:00] [INFO] OVERSTAY CRON STARTED
[2026-09-11 12:01:00] [INFO] ==================================================
[2026-09-11 12:01:00] [INFO] [OVERSTAY] Current India Date/Time: 11/09/2026 12:01:00
[2026-09-11 12:01:00] [INFO] [OVERSTAY] Timezone: Asia/Kolkata
[2026-09-11 12:01:00] [INFO] [OVERSTAY] Staying customers found: 0
[2026-09-11 12:01:00] [INFO] ==================================================
[2026-09-11 12:01:00] [INFO] OVERSTAY CRON COMPLETED
[2026-09-11 12:01:00] [INFO] ==================================================
[2026-09-11 12:02:00] [INFO] [OVERSTAY] Cron triggered
[2026-09-11 12:02:00] [INFO] ==================================================
[2026-09-11 12:02:00] [INFO] OVERSTAY CRON STARTED
[2026-09-11 12:02:00] [INFO] ==================================================
[2026-09-11 12:02:00] [INFO] [OVERSTAY] Current India Date/Time: 11/09/2026 12:02:00
[2026-09-11 12:02:00] [INFO] [OVERSTAY] Timezone: Asia/Kolkata
[2026-09-11 12:02:00] [INFO] [OVERSTAY] Staying customers found: 0
[2026-09-11 12:02:00] [INFO] ==================================================
[2026-09-11 12:02:00] [INFO] OVERSTAY CRON COMPLETED
[2026-09-11 12:02:00] [INFO] ==================================================
[2026-09-11 12:03:00] [INFO] [OVERSTAY] Cron triggered
[2026-09-11 12:03:00] [INFO] ==================================================
[2026-09-11 12:03:00] [INFO] OVERSTAY CRON STARTED
[2026-09-11 12:03:00] [INFO] ==================================================
[2026-09-11 12:03:00] [INFO] [OVERSTAY] Current India Date/Time: 11/09/2026 12:03:00
[2026-09-11 12:03:00] [INFO] [OVERSTAY] Timezone: Asia/Kolkata
[2026-09-11 12:03:00] [INFO] [OVERSTAY] Staying customers found: 0
[2026-09-11 12:03:00] [INFO] ==================================================
[2026-09-11 12:03:00] [INFO] OVERSTAY CRON COMPLETED
[2026-09-11 12:03:00] [INFO] ==================================================
[2026-09-11 12:04:00] [INFO] [OVERSTAY] Cron triggered
[2026-09-11 12:04:00] [INFO] ==================================================
[2026-09-11 12:04:00] [INFO] OVERSTAY CRON STARTED
[2026-09-11 12:04:00] [INFO] ==================================================
[2026-09-11 12:04:00] [INFO] [OVERSTAY] Current India Date/Time: 11/09/2026 12:04:00
[2026-09-11 12:04:00] [INFO] [OVERSTAY] Timezone: Asia/Kolkata
[2026-09-11 12:04:00] [INFO] [OVERSTAY] Staying customers found: 0
[2026-09-11 12:04:00] [INFO] ==================================================
[2026-09-11 12:04:00] [INFO] OVERSTAY CRON COMPLETED
[2026-09-11 12:04:00] [INFO] ==================================================
[2026-09-11 12:05:00] [INFO] [OVERSTAY] Cron triggered
[2026-09-11 12:05:00] [INFO] ==================================================
[2026-09-11 12:05:00] [INFO] OVERSTAY CRON STARTED
[2026-09-11 12:05:00] [INFO] ==================================================
[2026-09-11 12:05:00] [INFO] [OVERSTAY] Current India Date/Time: 11/09/2026 12:05:00
[2026-09-11 12:05:00] [INFO] [OVERSTAY] Timezone: Asia/Kolkata
[2026-09-11 12:05:00] [INFO] [OVERSTAY] Staying customers found: 0
[2026-09-11 12:05:00] [INFO] ==================================================
[2026-09-11 12:05:00] [INFO] OVERSTAY CRON COMPLETED
[2026-09-11 12:05:00] [INFO] ==================================================
[2026-09-11 12:06:00] [INFO] [OVERSTAY] Cron triggered
[2026-09-11 12:06:00] [INFO] ==================================================
[2026-09-11 12:06:00] [INFO] OVERSTAY CRON STARTED
[2026-09-11 12:06:00] [INFO] ==================================================
[2026-09-11 12:06:00] [INFO] [OVERSTAY] Current India Date/Time: 11/09/2026 12:06:00
[2026-09-11 12:06:00] [INFO] [OVERSTAY] Timezone: Asia/Kolkata
[2026-09-11 12:06:00] [INFO] [OVERSTAY] Staying customers found: 0
[2026-09-11 12:06:00] [INFO] ==================================================
[2026-09-11 12:06:00] [INFO] OVERSTAY CRON COMPLETED
[2026-09-11 12:06:00] [INFO] ==================================================
[2026-09-11 12:07:00] [INFO] [OVERSTAY] Cron triggered
[2026-09-11 12:07:00] [INFO] ==================================================
[2026-09-11 12:07:00] [INFO] OVERSTAY CRON STARTED
[2026-09-11 12:07:00] [INFO] ==================================================
[2026-09-11 12:07:00] [INFO] [OVERSTAY] Current India Date/Time: 11/09/2026 12:07:00
[2026-09-11 12:07:00] [INFO] [OVERSTAY] Timezone: Asia/Kolkata
[2026-09-11 12:07:00] [INFO] [OVERSTAY] Staying customers found: 0
[2026-09-11 12:07:00] [INFO] ==================================================
[2026-09-11 12:07:00] [INFO] OVERSTAY CRON COMPLETED
[2026-09-11 12:07:00] [INFO] ==================================================
[2026-09-11 12:08:00] [INFO] [OVERSTAY] Cron triggered
[2026-09-11 12:08:00] [INFO] ==================================================
[2026-09-11 12:08:00] [INFO] OVERSTAY CRON STARTED
[2026-09-11 12:08:00] [INFO] ==================================================
[2026-09-11 12:08:00] [INFO] [OVERSTAY] Current India Date/Time: 11/09/2026 12:08:00
[2026-09-11 12:08:00] [INFO] [OVERSTAY] Timezone: Asia/Kolkata
[2026-09-11 12:08:00] [INFO] [OVERSTAY] Staying customers found: 0
[2026-09-11 12:08:00] [INFO] ==================================================
[2026-09-11 12:08:00] [INFO] OVERSTAY CRON COMPLETED
[2026-09-11 12:08:00] [INFO] ==================================================
[2026-09-11 12:09:00] [INFO] [OVERSTAY] Cron triggered
[2026-09-11 12:09:00] [INFO] ==================================================
[2026-09-11 12:09:00] [INFO] OVERSTAY CRON STARTED
[2026-09-11 12:09:00] [INFO] ==================================================
[2026-09-11 12:09:00] [INFO] [OVERSTAY] Current India Date/Time: 11/09/2026 12:09:00
[2026-09-11 12:09:00] [INFO] [OVERSTAY] Timezone: Asia/Kolkata
[2026-09-11 12:09:00] [INFO] [OVERSTAY] Staying customers found: 0
[2026-09-11 12:09:00] [INFO] ==================================================
[2026-09-11 12:09:00] [INFO] OVERSTAY CRON COMPLETED
[2026-09-11 12:09:00] [INFO] ==================================================
[2026-09-11 12:10:00] [INFO] [OVERSTAY] Cron triggered
[2026-09-11 12:10:00] [INFO] ==================================================
[2026-09-11 12:10:00] [INFO] OVERSTAY CRON STARTED
[2026-09-11 12:10:00] [INFO] ==================================================
[2026-09-11 12:10:00] [INFO] [OVERSTAY] Current India Date/Time: 11/09/2026 12:10:00
[2026-09-11 12:10:00] [INFO] [OVERSTAY] Timezone: Asia/Kolkata
[2026-09-11 12:10:00] [INFO] [OVERSTAY] Staying customers found: 0
[2026-09-11 12:10:00] [INFO] ==================================================
[2026-09-11 12:10:00] [INFO] OVERSTAY CRON COMPLETED
[2026-09-11 12:10:00] [INFO] ==================================================
[2026-09-11 12:11:00] [INFO] [OVERSTAY] Cron triggered
[2026-09-11 12:11:00] [INFO] ==================================================
[2026-09-11 12:11:00] [INFO] OVERSTAY CRON STARTED
[2026-09-11 12:11:00] [INFO] ==================================================
[2026-09-11 12:11:00] [INFO] [OVERSTAY] Current India Date/Time: 11/09/2026 12:11:00
[2026-09-11 12:11:00] [INFO] [OVERSTAY] Timezone: Asia/Kolkata
[2026-09-11 12:11:00] [INFO] [OVERSTAY] Staying customers found: 0
[2026-09-11 12:11:00] [INFO] ==================================================
[2026-09-11 12:11:00] [INFO] OVERSTAY CRON COMPLETED
[2026-09-11 12:11:00] [INFO] ==================================================
[2026-09-11 12:12:00] [INFO] [OVERSTAY] Cron triggered
[2026-09-11 12:12:00] [INFO] ==================================================
[2026-09-11 12:12:00] [INFO] OVERSTAY CRON STARTED
[2026-09-11 12:12:00] [INFO] ==================================================
[2026-09-11 12:12:00] [INFO] [OVERSTAY] Current India Date/Time: 11/09/2026 12:12:00
[2026-09-11 12:12:00] [INFO] [OVERSTAY] Timezone: Asia/Kolkata
[2026-09-11 12:12:00] [INFO] [OVERSTAY] Staying customers found: 0
[2026-09-11 12:12:00] [INFO] ==================================================
[2026-09-11 12:12:00] [INFO] OVERSTAY CRON COMPLETED
[2026-09-11 12:12:00] [INFO] ==================================================
[2026-09-11 12:13:00] [INFO] [OVERSTAY] Cron triggered
[2026-09-11 12:13:00] [INFO] ==================================================
[2026-09-11 12:13:00] [INFO] OVERSTAY CRON STARTED
[2026-09-11 12:13:00] [INFO] ==================================================
[2026-09-11 12:13:00] [INFO] [OVERSTAY] Current India Date/Time: 11/09/2026 12:13:00
[2026-09-11 12:13:00] [INFO] [OVERSTAY] Timezone: Asia/Kolkata
[2026-09-11 12:13:00] [INFO] [OVERSTAY] Staying customers found: 0
[2026-09-11 12:13:00] [INFO] ==================================================
[2026-09-11 12:13:00] [INFO] OVERSTAY CRON COMPLETED
[2026-09-11 12:13:00] [INFO] ==================================================
[2026-09-11 12:19:30] [INFO] [OVERSTAY] Overstay cron initialized successfully
[2026-09-11 12:19:30] [INFO] [OVERSTAY] Cron schedule: Every minute
[2026-09-11 12:19:30] [INFO] [OVERSTAY] Cron timezone: Asia/Kolkata
[2026-09-11 12:19:30] [INFO] ==================================================
[2026-09-11 12:19:30] [INFO] OVERSTAY CRON STARTED
[2026-09-11 12:19:30] [INFO] ==================================================
[2026-09-11 12:19:30] [INFO] [OVERSTAY] Current India Date/Time: 11/09/2026 12:19:30
[2026-09-11 12:19:30] [INFO] [OVERSTAY] Timezone: Asia/Kolkata
[2026-09-11 12:19:32] [INFO] [Logger] Running log cleanup check. Retention limit: 30 days.
[2026-09-11 12:19:32] [INFO] [Logger] Cleanup completed. No expired log files found.
[2026-09-11 12:19:32] [INFO] [Logger] Automated log cleanup scheduler started (runs every 24 hours).
[2026-09-11 12:19:32] [INFO] [Server] Server started and listening on port 5000
[2026-09-11 12:19:33] [INFO] [Database] MongoDB Connected successfully: 76.13.244.61
[2026-09-11 12:19:33] [INFO] Admin user already exists
[2026-09-11 12:19:33] [INFO] [OVERSTAY] Staying customers found: 0
[2026-09-11 12:19:33] [INFO] ==================================================
[2026-09-11 12:19:33] [INFO] OVERSTAY CRON COMPLETED
[2026-09-11 12:19:33] [INFO] ==================================================
[2026-09-11 12:20:00] [INFO] [OVERSTAY] Cron triggered
[2026-09-11 12:20:00] [INFO] ==================================================
[2026-09-11 12:20:00] [INFO] OVERSTAY CRON STARTED
[2026-09-11 12:20:00] [INFO] ==================================================
[2026-09-11 12:20:00] [INFO] [OVERSTAY] Current India Date/Time: 11/09/2026 12:20:00
[2026-09-11 12:20:00] [INFO] [OVERSTAY] Timezone: Asia/Kolkata
[2026-09-11 12:20:00] [INFO] [OVERSTAY] Staying customers found: 0
[2026-09-11 12:20:00] [INFO] ==================================================
[2026-09-11 12:20:00] [INFO] OVERSTAY CRON COMPLETED
[2026-09-11 12:20:00] [INFO] ==================================================
[2026-09-11 12:21:00] [INFO] [OVERSTAY] Cron triggered
[2026-09-11 12:21:00] [INFO] ==================================================
[2026-09-11 12:21:00] [INFO] OVERSTAY CRON STARTED
[2026-09-11 12:21:00] [INFO] ==================================================
[2026-09-11 12:21:00] [INFO] [OVERSTAY] Current India Date/Time: 11/09/2026 12:21:00
[2026-09-11 12:21:00] [INFO] [OVERSTAY] Timezone: Asia/Kolkata
[2026-09-11 12:21:00] [INFO] [OVERSTAY] Staying customers found: 0
[2026-09-11 12:21:00] [INFO] ==================================================
[2026-09-11 12:21:00] [INFO] OVERSTAY CRON COMPLETED
[2026-09-11 12:21:00] [INFO] ==================================================
[2026-09-11 12:22:00] [INFO] [OVERSTAY] Cron triggered
[2026-09-11 12:22:00] [INFO] ==================================================
[2026-09-11 12:22:00] [INFO] OVERSTAY CRON STARTED
[2026-09-11 12:22:00] [INFO] ==================================================
[2026-09-11 12:22:00] [INFO] [OVERSTAY] Current India Date/Time: 11/09/2026 12:22:00
[2026-09-11 12:22:00] [INFO] [OVERSTAY] Timezone: Asia/Kolkata
[2026-09-11 12:22:00] [INFO] [OVERSTAY] Staying customers found: 0
[2026-09-11 12:22:00] [INFO] ==================================================
[2026-09-11 12:22:00] [INFO] OVERSTAY CRON COMPLETED
[2026-09-11 12:22:00] [INFO] ==================================================
[2026-09-11 12:23:00] [INFO] [OVERSTAY] Cron triggered
[2026-09-11 12:23:00] [INFO] ==================================================
[2026-09-11 12:23:00] [INFO] OVERSTAY CRON STARTED
[2026-09-11 12:23:00] [INFO] ==================================================
[2026-09-11 12:23:00] [INFO] [OVERSTAY] Current India Date/Time: 11/09/2026 12:23:00
[2026-09-11 12:23:00] [INFO] [OVERSTAY] Timezone: Asia/Kolkata
[2026-09-11 12:23:00] [INFO] [OVERSTAY] Staying customers found: 0
[2026-09-11 12:23:00] [INFO] ==================================================
[2026-09-11 12:23:00] [INFO] OVERSTAY CRON COMPLETED
[2026-09-11 12:23:00] [INFO] ==================================================
[2026-09-11 12:24:00] [INFO] [OVERSTAY] Cron triggered
[2026-09-11 12:24:00] [INFO] ==================================================
[2026-09-11 12:24:00] [INFO] OVERSTAY CRON STARTED
[2026-09-11 12:24:00] [INFO] ==================================================
[2026-09-11 12:24:00] [INFO] [OVERSTAY] Current India Date/Time: 11/09/2026 12:24:00
[2026-09-11 12:24:00] [INFO] [OVERSTAY] Timezone: Asia/Kolkata
[2026-09-11 12:24:00] [INFO] [OVERSTAY] Staying customers found: 0
[2026-09-11 12:24:00] [INFO] ==================================================
[2026-09-11 12:24:00] [INFO] OVERSTAY CRON COMPLETED
[2026-09-11 12:24:00] [INFO] ==================================================
[2026-09-11 12:24:04] [INFO] INFO
[2026-09-11 12:24:04] [INFO] INFO
[2026-09-11 12:24:34] [INFO] INFO
[2026-09-11 12:24:34] [INFO] INFO
[2026-09-11 12:24:36] [INFO] INFO
[2026-09-11 12:24:36] [INFO] INFO
[2026-09-11 12:25:00] [INFO] [OVERSTAY] Cron triggered
[2026-09-11 12:25:00] [INFO] ==================================================
[2026-09-11 12:25:00] [INFO] OVERSTAY CRON STARTED
[2026-09-11 12:25:00] [INFO] ==================================================
[2026-09-11 12:25:00] [INFO] [OVERSTAY] Current India Date/Time: 11/09/2026 12:25:00
[2026-09-11 12:25:00] [INFO] [OVERSTAY] Timezone: Asia/Kolkata
[2026-09-11 12:25:00] [INFO] [OVERSTAY] Staying customers found: 0
[2026-09-11 12:25:00] [INFO] ==================================================
[2026-09-11 12:25:00] [INFO] OVERSTAY CRON COMPLETED
[2026-09-11 12:25:00] [INFO] ==================================================
[2026-09-11 12:25:55] [INFO] INFO
[2026-09-11 12:25:55] [INFO] INFO
[2026-09-11 12:26:00] [INFO] [OVERSTAY] Cron triggered
[2026-09-11 12:26:00] [INFO] ==================================================
[2026-09-11 12:26:00] [INFO] OVERSTAY CRON STARTED
[2026-09-11 12:26:00] [INFO] ==================================================
[2026-09-11 12:26:00] [INFO] [OVERSTAY] Current India Date/Time: 11/09/2026 12:26:00
[2026-09-11 12:26:00] [INFO] [OVERSTAY] Timezone: Asia/Kolkata
[2026-09-11 12:26:00] [INFO] [OVERSTAY] Staying customers found: 0
[2026-09-11 12:26:00] [INFO] ==================================================
[2026-09-11 12:26:00] [INFO] OVERSTAY CRON COMPLETED
[2026-09-11 12:26:00] [INFO] ==================================================
[2026-09-11 12:27:00] [INFO] [OVERSTAY] Cron triggered
[2026-09-11 12:27:00] [INFO] ==================================================
[2026-09-11 12:27:00] [INFO] OVERSTAY CRON STARTED
[2026-09-11 12:27:00] [INFO] ==================================================
[2026-09-11 12:27:00] [INFO] [OVERSTAY] Current India Date/Time: 11/09/2026 12:27:00
[2026-09-11 12:27:00] [INFO] [OVERSTAY] Timezone: Asia/Kolkata
[2026-09-11 12:27:00] [INFO] [OVERSTAY] Staying customers found: 0
[2026-09-11 12:27:00] [INFO] ==================================================
[2026-09-11 12:27:00] [INFO] OVERSTAY CRON COMPLETED
[2026-09-11 12:27:00] [INFO] ==================================================
[2026-09-11 12:28:00] [INFO] [OVERSTAY] Cron triggered
[2026-09-11 12:28:00] [INFO] ==================================================
[2026-09-11 12:28:00] [INFO] OVERSTAY CRON STARTED
[2026-09-11 12:28:00] [INFO] ==================================================
[2026-09-11 12:28:00] [INFO] [OVERSTAY] Current India Date/Time: 11/09/2026 12:28:00
[2026-09-11 12:28:00] [INFO] [OVERSTAY] Timezone: Asia/Kolkata
[2026-09-11 12:28:00] [INFO] [OVERSTAY] Staying customers found: 0
[2026-09-11 12:28:00] [INFO] ==================================================
[2026-09-11 12:28:00] [INFO] OVERSTAY CRON COMPLETED
[2026-09-11 12:28:00] [INFO] ==================================================
[2026-09-11 12:28:26] [INFO] INFO
[2026-09-11 12:28:26] [INFO] INFO
[2026-09-11 12:29:00] [INFO] [OVERSTAY] Cron triggered
[2026-09-11 12:29:00] [INFO] ==================================================
[2026-09-11 12:29:00] [INFO] OVERSTAY CRON STARTED
[2026-09-11 12:29:00] [INFO] ==================================================
[2026-09-11 12:29:00] [INFO] [OVERSTAY] Current India Date/Time: 11/09/2026 12:29:00
[2026-09-11 12:29:00] [INFO] [OVERSTAY] Timezone: Asia/Kolkata
[2026-09-11 12:29:00] [INFO] [OVERSTAY] Staying customers found: 0
[2026-09-11 12:29:00] [INFO] ==================================================
[2026-09-11 12:29:00] [INFO] OVERSTAY CRON COMPLETED
[2026-09-11 12:29:00] [INFO] ==================================================
[2026-09-11 12:29:52] [INFO] INFO
[2026-09-11 12:29:52] [INFO] INFO
[2026-09-11 12:30:00] [INFO] [OVERSTAY] Cron triggered
[2026-09-11 12:30:00] [INFO] ==================================================
[2026-09-11 12:30:00] [INFO] OVERSTAY CRON STARTED
[2026-09-11 12:30:00] [INFO] ==================================================
[2026-09-11 12:30:00] [INFO] [OVERSTAY] Current India Date/Time: 11/09/2026 12:30:00
[2026-09-11 12:30:00] [INFO] [OVERSTAY] Timezone: Asia/Kolkata
[2026-09-11 12:30:00] [INFO] [OVERSTAY] Staying customers found: 0
[2026-09-11 12:30:00] [INFO] ==================================================
[2026-09-11 12:30:00] [INFO] OVERSTAY CRON COMPLETED
[2026-09-11 12:30:00] [INFO] ==================================================
[2026-09-11 12:30:19] [INFO] INFO
[2026-09-11 12:30:19] [INFO] INFO
[2026-09-11 12:30:57] [INFO] INFO
[2026-09-11 12:30:57] [INFO] INFO
[2026-09-11 12:31:00] [INFO] [OVERSTAY] Cron triggered
[2026-09-11 12:31:00] [INFO] ==================================================
[2026-09-11 12:31:00] [INFO] OVERSTAY CRON STARTED
[2026-09-11 12:31:00] [INFO] ==================================================
[2026-09-11 12:31:00] [INFO] [OVERSTAY] Current India Date/Time: 11/09/2026 12:31:00
[2026-09-11 12:31:00] [INFO] [OVERSTAY] Timezone: Asia/Kolkata
[2026-09-11 12:31:00] [INFO] [OVERSTAY] Staying customers found: 0
[2026-09-11 12:31:00] [INFO] ==================================================
[2026-09-11 12:31:00] [INFO] OVERSTAY CRON COMPLETED
[2026-09-11 12:31:00] [INFO] ==================================================
[2026-09-11 12:32:00] [INFO] [OVERSTAY] Cron triggered
[2026-09-11 12:32:00] [INFO] ==================================================
[2026-09-11 12:32:00] [INFO] OVERSTAY CRON STARTED
[2026-09-11 12:32:00] [INFO] ==================================================
[2026-09-11 12:32:00] [INFO] [OVERSTAY] Current India Date/Time: 11/09/2026 12:32:00
[2026-09-11 12:32:00] [INFO] [OVERSTAY] Timezone: Asia/Kolkata
[2026-09-11 12:32:00] [INFO] [OVERSTAY] Staying customers found: 0
[2026-09-11 12:32:00] [INFO] ==================================================
[2026-09-11 12:32:00] [INFO] OVERSTAY CRON COMPLETED
[2026-09-11 12:32:00] [INFO] ==================================================
[2026-09-11 12:33:00] [INFO] [OVERSTAY] Cron triggered
[2026-09-11 12:33:00] [INFO] ==================================================
[2026-09-11 12:33:00] [INFO] OVERSTAY CRON STARTED
[2026-09-11 12:33:00] [INFO] ==================================================
[2026-09-11 12:33:00] [INFO] [OVERSTAY] Current India Date/Time: 11/09/2026 12:33:00
[2026-09-11 12:33:00] [INFO] [OVERSTAY] Timezone: Asia/Kolkata
[2026-09-11 12:33:00] [INFO] [OVERSTAY] Staying customers found: 0
[2026-09-11 12:33:00] [INFO] ==================================================
[2026-09-11 12:33:00] [INFO] OVERSTAY CRON COMPLETED
[2026-09-11 12:33:00] [INFO] ==================================================
[2026-09-11 12:34:00] [INFO] [OVERSTAY] Cron triggered
[2026-09-11 12:34:00] [INFO] ==================================================
[2026-09-11 12:34:00] [INFO] OVERSTAY CRON STARTED
[2026-09-11 12:34:00] [INFO] ==================================================
[2026-09-11 12:34:00] [INFO] [OVERSTAY] Current India Date/Time: 11/09/2026 12:34:00
[2026-09-11 12:34:00] [INFO] [OVERSTAY] Timezone: Asia/Kolkata
[2026-09-11 12:34:00] [INFO] [OVERSTAY] Staying customers found: 0
[2026-09-11 12:34:00] [INFO] ==================================================
[2026-09-11 12:34:00] [INFO] OVERSTAY CRON COMPLETED
[2026-09-11 12:34:00] [INFO] ==================================================
[2026-09-11 12:35:00] [INFO] [OVERSTAY] Cron triggered
[2026-09-11 12:35:00] [INFO] ==================================================
[2026-09-11 12:35:00] [INFO] OVERSTAY CRON STARTED
[2026-09-11 12:35:00] [INFO] ==================================================
[2026-09-11 12:35:00] [INFO] [OVERSTAY] Current India Date/Time: 11/09/2026 12:35:00
[2026-09-11 12:35:00] [INFO] [OVERSTAY] Timezone: Asia/Kolkata
[2026-09-11 12:35:00] [INFO] [OVERSTAY] Staying customers found: 0
[2026-09-11 12:35:00] [INFO] ==================================================
[2026-09-11 12:35:00] [INFO] OVERSTAY CRON COMPLETED
[2026-09-11 12:35:00] [INFO] ==================================================
[2026-09-11 12:35:01] [INFO] INFO
[2026-09-11 12:36:00] [INFO] [OVERSTAY] Cron triggered
[2026-09-11 12:36:00] [INFO] ==================================================
[2026-09-11 12:36:00] [INFO] OVERSTAY CRON STARTED
[2026-09-11 12:36:00] [INFO] ==================================================
[2026-09-11 12:36:00] [INFO] [OVERSTAY] Current India Date/Time: 11/09/2026 12:36:00
[2026-09-11 12:36:00] [INFO] [OVERSTAY] Timezone: Asia/Kolkata
[2026-09-11 12:36:00] [INFO] [OVERSTAY] Staying customers found: 0
[2026-09-11 12:36:00] [INFO] ==================================================
[2026-09-11 12:36:00] [INFO] OVERSTAY CRON COMPLETED
[2026-09-11 12:36:00] [INFO] ==================================================
[2026-09-11 12:37:00] [INFO] [OVERSTAY] Cron triggered
[2026-09-11 12:37:00] [INFO] ==================================================
[2026-09-11 12:37:00] [INFO] OVERSTAY CRON STARTED
[2026-09-11 12:37:00] [INFO] ==================================================
[2026-09-11 12:37:00] [INFO] [OVERSTAY] Current India Date/Time: 11/09/2026 12:37:00
[2026-09-11 12:37:00] [INFO] [OVERSTAY] Timezone: Asia/Kolkata
[2026-09-11 12:37:00] [INFO] [OVERSTAY] Staying customers found: 0
[2026-09-11 12:37:00] [INFO] ==================================================
[2026-09-11 12:37:00] [INFO] OVERSTAY CRON COMPLETED
[2026-09-11 12:37:00] [INFO] ==================================================
[2026-09-11 12:37:08] [INFO] INFO
[2026-09-11 12:37:08] [INFO] INFO
[2026-09-11 12:38:00] [INFO] [OVERSTAY] Cron triggered
[2026-09-11 12:38:00] [INFO] ==================================================
[2026-09-11 12:38:00] [INFO] OVERSTAY CRON STARTED
[2026-09-11 12:38:00] [INFO] ==================================================
[2026-09-11 12:38:00] [INFO] [OVERSTAY] Current India Date/Time: 11/09/2026 12:38:00
[2026-09-11 12:38:00] [INFO] [OVERSTAY] Timezone: Asia/Kolkata
[2026-09-11 12:38:00] [INFO] [OVERSTAY] Staying customers found: 0
[2026-09-11 12:38:00] [INFO] ==================================================
[2026-09-11 12:38:00] [INFO] OVERSTAY CRON COMPLETED
[2026-09-11 12:38:00] [INFO] ==================================================
[2026-09-11 12:39:00] [INFO] [OVERSTAY] Cron triggered
[2026-09-11 12:39:00] [INFO] ==================================================
[2026-09-11 12:39:00] [INFO] OVERSTAY CRON STARTED
[2026-09-11 12:39:00] [INFO] ==================================================
[2026-09-11 12:39:00] [INFO] [OVERSTAY] Current India Date/Time: 11/09/2026 12:39:00
[2026-09-11 12:39:00] [INFO] [OVERSTAY] Timezone: Asia/Kolkata
[2026-09-11 12:39:00] [INFO] [OVERSTAY] Staying customers found: 0
[2026-09-11 12:39:00] [INFO] ==================================================
[2026-09-11 12:39:00] [INFO] OVERSTAY CRON COMPLETED
[2026-09-11 12:39:00] [INFO] ==================================================
[2026-09-11 12:40:00] [INFO] [OVERSTAY] Cron triggered
[2026-09-11 12:40:00] [INFO] ==================================================
[2026-09-11 12:40:00] [INFO] OVERSTAY CRON STARTED
[2026-09-11 12:40:00] [INFO] ==================================================
[2026-09-11 12:40:00] [INFO] [OVERSTAY] Current India Date/Time: 11/09/2026 12:40:00
[2026-09-11 12:40:00] [INFO] [OVERSTAY] Timezone: Asia/Kolkata
[2026-09-11 12:40:00] [INFO] [OVERSTAY] Staying customers found: 0
[2026-09-11 12:40:00] [INFO] ==================================================
[2026-09-11 12:40:00] [INFO] OVERSTAY CRON COMPLETED
[2026-09-11 12:40:00] [INFO] ==================================================
[2026-09-11 12:41:00] [INFO] [OVERSTAY] Cron triggered
[2026-09-11 12:41:00] [INFO] ==================================================
[2026-09-11 12:41:00] [INFO] OVERSTAY CRON STARTED
[2026-09-11 12:41:00] [INFO] ==================================================
[2026-09-11 12:41:00] [INFO] [OVERSTAY] Current India Date/Time: 11/09/2026 12:41:00
[2026-09-11 12:41:00] [INFO] [OVERSTAY] Timezone: Asia/Kolkata
[2026-09-11 12:41:00] [INFO] [OVERSTAY] Staying customers found: 0
[2026-09-11 12:41:00] [INFO] ==================================================
[2026-09-11 12:41:00] [INFO] OVERSTAY CRON COMPLETED
[2026-09-11 12:41:00] [INFO] ==================================================
[2026-09-11 12:42:00] [INFO] [OVERSTAY] Cron triggered
[2026-09-11 12:42:00] [INFO] ==================================================
[2026-09-11 12:42:00] [INFO] OVERSTAY CRON STARTED
[2026-09-11 12:42:00] [INFO] ==================================================
[2026-09-11 12:42:00] [INFO] [OVERSTAY] Current India Date/Time: 11/09/2026 12:42:00
[2026-09-11 12:42:00] [INFO] [OVERSTAY] Timezone: Asia/Kolkata
[2026-09-11 12:42:00] [INFO] [OVERSTAY] Staying customers found: 0
[2026-09-11 12:42:00] [INFO] ==================================================
[2026-09-11 12:42:00] [INFO] OVERSTAY CRON COMPLETED
[2026-09-11 12:42:00] [INFO] ==================================================
[2026-09-11 12:43:00] [INFO] [OVERSTAY] Cron triggered
[2026-09-11 12:43:00] [INFO] ==================================================
[2026-09-11 12:43:00] [INFO] OVERSTAY CRON STARTED
[2026-09-11 12:43:00] [INFO] ==================================================
[2026-09-11 12:43:00] [INFO] [OVERSTAY] Current India Date/Time: 11/09/2026 12:43:00
[2026-09-11 12:43:00] [INFO] [OVERSTAY] Timezone: Asia/Kolkata
[2026-09-11 12:43:00] [INFO] [OVERSTAY] Staying customers found: 0
[2026-09-11 12:43:00] [INFO] ==================================================
[2026-09-11 12:43:00] [INFO] OVERSTAY CRON COMPLETED
[2026-09-11 12:43:00] [INFO] ==================================================
[2026-09-11 12:44:00] [INFO] [OVERSTAY] Cron triggered
[2026-09-11 12:44:00] [INFO] ==================================================
[2026-09-11 12:44:00] [INFO] OVERSTAY CRON STARTED
[2026-09-11 12:44:00] [INFO] ==================================================
[2026-09-11 12:44:00] [INFO] [OVERSTAY] Current India Date/Time: 11/09/2026 12:44:00
[2026-09-11 12:44:00] [INFO] [OVERSTAY] Timezone: Asia/Kolkata
[2026-09-11 12:44:00] [INFO] [OVERSTAY] Staying customers found: 0
[2026-09-11 12:44:00] [INFO] ==================================================
[2026-09-11 12:44:00] [INFO] OVERSTAY CRON COMPLETED
[2026-09-11 12:44:00] [INFO] ==================================================
[2026-09-11 12:45:00] [INFO] [OVERSTAY] Cron triggered
[2026-09-11 12:45:00] [INFO] ==================================================
[2026-09-11 12:45:00] [INFO] OVERSTAY CRON STARTED
[2026-09-11 12:45:00] [INFO] ==================================================
[2026-09-11 12:45:00] [INFO] [OVERSTAY] Current India Date/Time: 11/09/2026 12:45:00
[2026-09-11 12:45:00] [INFO] [OVERSTAY] Timezone: Asia/Kolkata
[2026-09-11 12:45:00] [INFO] [OVERSTAY] Staying customers found: 0
[2026-09-11 12:45:00] [INFO] ==================================================
[2026-09-11 12:45:00] [INFO] OVERSTAY CRON COMPLETED
[2026-09-11 12:45:00] [INFO] ==================================================
[2026-09-11 12:46:00] [INFO] [OVERSTAY] Cron triggered
[2026-09-11 12:46:00] [INFO] ==================================================
[2026-09-11 12:46:00] [INFO] OVERSTAY CRON STARTED
[2026-09-11 12:46:00] [INFO] ==================================================
[2026-09-11 12:46:00] [INFO] [OVERSTAY] Current India Date/Time: 11/09/2026 12:46:00
[2026-09-11 12:46:00] [INFO] [OVERSTAY] Timezone: Asia/Kolkata
[2026-09-11 12:46:00] [INFO] [OVERSTAY] Staying customers found: 0
[2026-09-11 12:46:00] [INFO] ==================================================
[2026-09-11 12:46:00] [INFO] OVERSTAY CRON COMPLETED
[2026-09-11 12:46:00] [INFO] ==================================================
[2026-09-11 12:47:00] [INFO] [OVERSTAY] Cron triggered
[2026-09-11 12:47:00] [INFO] ==================================================
[2026-09-11 12:47:00] [INFO] OVERSTAY CRON STARTED
[2026-09-11 12:47:00] [INFO] ==================================================
[2026-09-11 12:47:00] [INFO] [OVERSTAY] Current India Date/Time: 11/09/2026 12:47:00
[2026-09-11 12:47:00] [INFO] [OVERSTAY] Timezone: Asia/Kolkata
[2026-09-11 12:47:00] [INFO] [OVERSTAY] Staying customers found: 0
[2026-09-11 12:47:00] [INFO] ==================================================
[2026-09-11 12:47:00] [INFO] OVERSTAY CRON COMPLETED
[2026-09-11 12:47:00] [INFO] ==================================================
[2026-09-11 12:48:00] [INFO] [OVERSTAY] Cron triggered
[2026-09-11 12:48:00] [INFO] ==================================================
[2026-09-11 12:48:00] [INFO] OVERSTAY CRON STARTED
[2026-09-11 12:48:00] [INFO] ==================================================
[2026-09-11 12:48:00] [INFO] [OVERSTAY] Current India Date/Time: 11/09/2026 12:48:00
[2026-09-11 12:48:00] [INFO] [OVERSTAY] Timezone: Asia/Kolkata
[2026-09-11 12:48:00] [INFO] [OVERSTAY] Staying customers found: 0
[2026-09-11 12:48:00] [INFO] ==================================================
[2026-09-11 12:48:00] [INFO] OVERSTAY CRON COMPLETED
[2026-09-11 12:48:00] [INFO] ==================================================
[2026-09-11 12:49:00] [INFO] [OVERSTAY] Cron triggered
[2026-09-11 12:49:00] [INFO] ==================================================
[2026-09-11 12:49:00] [INFO] OVERSTAY CRON STARTED
[2026-09-11 12:49:00] [INFO] ==================================================
[2026-09-11 12:49:00] [INFO] [OVERSTAY] Current India Date/Time: 11/09/2026 12:49:00
[2026-09-11 12:49:00] [INFO] [OVERSTAY] Timezone: Asia/Kolkata
[2026-09-11 12:49:00] [INFO] [OVERSTAY] Staying customers found: 0
[2026-09-11 12:49:00] [INFO] ==================================================
[2026-09-11 12:49:00] [INFO] OVERSTAY CRON COMPLETED
[2026-09-11 12:49:00] [INFO] ==================================================
[2026-09-11 12:50:00] [INFO] [OVERSTAY] Cron triggered
[2026-09-11 12:50:00] [INFO] ==================================================
[2026-09-11 12:50:00] [INFO] OVERSTAY CRON STARTED
[2026-09-11 12:50:00] [INFO] ==================================================
[2026-09-11 12:50:00] [INFO] [OVERSTAY] Current India Date/Time: 11/09/2026 12:50:00
[2026-09-11 12:50:00] [INFO] [OVERSTAY] Timezone: Asia/Kolkata
[2026-09-11 12:50:00] [INFO] [OVERSTAY] Staying customers found: 0
[2026-09-11 12:50:00] [INFO] ==================================================
[2026-09-11 12:50:00] [INFO] OVERSTAY CRON COMPLETED
[2026-09-11 12:50:00] [INFO] ==================================================
[2026-09-11 12:51:00] [INFO] [OVERSTAY] Cron triggered
[2026-09-11 12:51:00] [INFO] ==================================================
[2026-09-11 12:51:00] [INFO] OVERSTAY CRON STARTED
[2026-09-11 12:51:00] [INFO] ==================================================
[2026-09-11 12:51:00] [INFO] [OVERSTAY] Current India Date/Time: 11/09/2026 12:51:00
[2026-09-11 12:51:00] [INFO] [OVERSTAY] Timezone: Asia/Kolkata
[2026-09-11 12:51:00] [INFO] [OVERSTAY] Staying customers found: 0
[2026-09-11 12:51:00] [INFO] ==================================================
[2026-09-11 12:51:00] [INFO] OVERSTAY CRON COMPLETED
[2026-09-11 12:51:00] [INFO] ==================================================
[2026-09-11 12:52:00] [INFO] [OVERSTAY] Cron triggered
[2026-09-11 12:52:00] [INFO] ==================================================
[2026-09-11 12:52:00] [INFO] OVERSTAY CRON STARTED
[2026-09-11 12:52:00] [INFO] ==================================================
[2026-09-11 12:52:00] [INFO] [OVERSTAY] Current India Date/Time: 11/09/2026 12:52:00
[2026-09-11 12:52:00] [INFO] [OVERSTAY] Timezone: Asia/Kolkata
[2026-09-11 12:52:00] [INFO] [OVERSTAY] Staying customers found: 0
[2026-09-11 12:52:00] [INFO] ==================================================
[2026-09-11 12:52:00] [INFO] OVERSTAY CRON COMPLETED
[2026-09-11 12:52:00] [INFO] ==================================================
[2026-09-11 12:53:00] [INFO] [OVERSTAY] Cron triggered
[2026-09-11 12:53:00] [INFO] ==================================================
[2026-09-11 12:53:00] [INFO] OVERSTAY CRON STARTED
[2026-09-11 12:53:00] [INFO] ==================================================
[2026-09-11 12:53:00] [INFO] [OVERSTAY] Current India Date/Time: 11/09/2026 12:53:00
[2026-09-11 12:53:00] [INFO] [OVERSTAY] Timezone: Asia/Kolkata
[2026-09-11 12:53:00] [INFO] [OVERSTAY] Staying customers found: 0
[2026-09-11 12:53:00] [INFO] ==================================================
[2026-09-11 12:53:00] [INFO] OVERSTAY CRON COMPLETED
[2026-09-11 12:53:00] [INFO] ==================================================
[2026-09-11 12:54:00] [INFO] [OVERSTAY] Cron triggered
[2026-09-11 12:54:00] [INFO] ==================================================
[2026-09-11 12:54:00] [INFO] OVERSTAY CRON STARTED
[2026-09-11 12:54:00] [INFO] ==================================================
[2026-09-11 12:54:00] [INFO] [OVERSTAY] Current India Date/Time: 11/09/2026 12:54:00
[2026-09-11 12:54:00] [INFO] [OVERSTAY] Timezone: Asia/Kolkata
[2026-09-11 12:54:00] [INFO] [OVERSTAY] Staying customers found: 0
[2026-09-11 12:54:00] [INFO] ==================================================
[2026-09-11 12:54:00] [INFO] OVERSTAY CRON COMPLETED
[2026-09-11 12:54:00] [INFO] ==================================================
[2026-09-11 12:55:00] [INFO] [OVERSTAY] Cron triggered
[2026-09-11 12:55:00] [INFO] ==================================================
[2026-09-11 12:55:00] [INFO] OVERSTAY CRON STARTED
[2026-09-11 12:55:00] [INFO] ==================================================
[2026-09-11 12:55:00] [INFO] [OVERSTAY] Current India Date/Time: 11/09/2026 12:55:00
[2026-09-11 12:55:00] [INFO] [OVERSTAY] Timezone: Asia/Kolkata
[2026-09-11 12:55:00] [INFO] [OVERSTAY] Staying customers found: 0
[2026-09-11 12:55:00] [INFO] ==================================================
[2026-09-11 12:55:00] [INFO] OVERSTAY CRON COMPLETED
[2026-09-11 12:55:00] [INFO] ==================================================
[2026-09-11 12:56:00] [INFO] [OVERSTAY] Cron triggered
[2026-09-11 12:56:00] [INFO] ==================================================
[2026-09-11 12:56:00] [INFO] OVERSTAY CRON STARTED
[2026-09-11 12:56:00] [INFO] ==================================================
[2026-09-11 12:56:00] [INFO] [OVERSTAY] Current India Date/Time: 11/09/2026 12:56:00
[2026-09-11 12:56:00] [INFO] [OVERSTAY] Timezone: Asia/Kolkata
[2026-09-11 12:56:00] [INFO] [OVERSTAY] Staying customers found: 0
[2026-09-11 12:56:00] [INFO] ==================================================
[2026-09-11 12:56:00] [INFO] OVERSTAY CRON COMPLETED
[2026-09-11 12:56:00] [INFO] ==================================================
[2026-09-11 12:56:34] [INFO] INFO
[2026-09-11 12:56:34] [INFO] INFO
[2026-09-11 12:57:00] [INFO] [OVERSTAY] Cron triggered
[2026-09-11 12:57:00] [INFO] ==================================================
[2026-09-11 12:57:00] [INFO] OVERSTAY CRON STARTED
[2026-09-11 12:57:00] [INFO] ==================================================
[2026-09-11 12:57:00] [INFO] [OVERSTAY] Current India Date/Time: 11/09/2026 12:57:00
[2026-09-11 12:57:00] [INFO] [OVERSTAY] Timezone: Asia/Kolkata
[2026-09-11 12:57:00] [INFO] [OVERSTAY] Staying customers found: 0
[2026-09-11 12:57:00] [INFO] ==================================================
[2026-09-11 12:57:00] [INFO] OVERSTAY CRON COMPLETED
[2026-09-11 12:57:00] [INFO] ==================================================
[2026-09-11 12:58:00] [INFO] [OVERSTAY] Cron triggered
[2026-09-11 12:58:00] [INFO] ==================================================
[2026-09-11 12:58:00] [INFO] OVERSTAY CRON STARTED
[2026-09-11 12:58:00] [INFO] ==================================================
[2026-09-11 12:58:00] [INFO] [OVERSTAY] Current India Date/Time: 11/09/2026 12:58:00
[2026-09-11 12:58:00] [INFO] [OVERSTAY] Timezone: Asia/Kolkata
[2026-09-11 12:58:00] [INFO] [OVERSTAY] Staying customers found: 0
[2026-09-11 12:58:00] [INFO] ==================================================
[2026-09-11 12:58:00] [INFO] OVERSTAY CRON COMPLETED
[2026-09-11 12:58:00] [INFO] ==================================================
[2026-09-11 12:59:00] [INFO] [OVERSTAY] Cron triggered
[2026-09-11 12:59:00] [INFO] ==================================================
[2026-09-11 12:59:00] [INFO] OVERSTAY CRON STARTED
[2026-09-11 12:59:00] [INFO] ==================================================
[2026-09-11 12:59:00] [INFO] [OVERSTAY] Current India Date/Time: 11/09/2026 12:59:00
[2026-09-11 12:59:00] [INFO] [OVERSTAY] Timezone: Asia/Kolkata
[2026-09-11 12:59:00] [INFO] [OVERSTAY] Staying customers found: 0
[2026-09-11 12:59:00] [INFO] ==================================================
[2026-09-11 12:59:00] [INFO] OVERSTAY CRON COMPLETED
[2026-09-11 12:59:00] [INFO] ==================================================
[2026-09-11 13:00:00] [INFO] [OVERSTAY] Cron triggered
[2026-09-11 13:00:00] [INFO] ==================================================
[2026-09-11 13:00:00] [INFO] OVERSTAY CRON STARTED
[2026-09-11 13:00:00] [INFO] ==================================================
[2026-09-11 13:00:00] [INFO] [OVERSTAY] Current India Date/Time: 11/09/2026 13:00:00
[2026-09-11 13:00:00] [INFO] [OVERSTAY] Timezone: Asia/Kolkata
[2026-09-11 13:00:00] [INFO] [OVERSTAY] Staying customers found: 0
[2026-09-11 13:00:00] [INFO] ==================================================
[2026-09-11 13:00:00] [INFO] OVERSTAY CRON COMPLETED
[2026-09-11 13:00:00] [INFO] ==================================================
[2026-09-11 13:01:00] [INFO] [OVERSTAY] Cron triggered
[2026-09-11 13:01:00] [INFO] ==================================================
[2026-09-11 13:01:00] [INFO] OVERSTAY CRON STARTED
[2026-09-11 13:01:00] [INFO] ==================================================
[2026-09-11 13:01:00] [INFO] [OVERSTAY] Current India Date/Time: 11/09/2026 13:01:00
[2026-09-11 13:01:00] [INFO] [OVERSTAY] Timezone: Asia/Kolkata
[2026-09-11 13:01:00] [INFO] [OVERSTAY] Staying customers found: 0
[2026-09-11 13:01:00] [INFO] ==================================================
[2026-09-11 13:01:00] [INFO] OVERSTAY CRON COMPLETED
[2026-09-11 13:01:00] [INFO] ==================================================
[2026-09-11 13:02:00] [INFO] [OVERSTAY] Cron triggered
[2026-09-11 13:02:00] [INFO] ==================================================
[2026-09-11 13:02:00] [INFO] OVERSTAY CRON STARTED
[2026-09-11 13:02:00] [INFO] ==================================================
[2026-09-11 13:02:00] [INFO] [OVERSTAY] Current India Date/Time: 11/09/2026 13:02:00
[2026-09-11 13:02:00] [INFO] [OVERSTAY] Timezone: Asia/Kolkata
[2026-09-11 13:02:00] [INFO] [OVERSTAY] Staying customers found: 0
[2026-09-11 13:02:00] [INFO] ==================================================
[2026-09-11 13:02:00] [INFO] OVERSTAY CRON COMPLETED
[2026-09-11 13:02:00] [INFO] ==================================================
[2026-09-11 13:03:00] [INFO] [OVERSTAY] Cron triggered
[2026-09-11 13:03:00] [INFO] ==================================================
[2026-09-11 13:03:00] [INFO] OVERSTAY CRON STARTED
[2026-09-11 13:03:00] [INFO] ==================================================
[2026-09-11 13:03:00] [INFO] [OVERSTAY] Current India Date/Time: 11/09/2026 13:03:00
[2026-09-11 13:03:00] [INFO] [OVERSTAY] Timezone: Asia/Kolkata
[2026-09-11 13:03:00] [INFO] [OVERSTAY] Staying customers found: 0
[2026-09-11 13:03:00] [INFO] ==================================================
[2026-09-11 13:03:00] [INFO] OVERSTAY CRON COMPLETED
[2026-09-11 13:03:00] [INFO] ==================================================
[2026-09-11 13:04:00] [INFO] [OVERSTAY] Cron triggered
[2026-09-11 13:04:00] [INFO] ==================================================
[2026-09-11 13:04:00] [INFO] OVERSTAY CRON STARTED
[2026-09-11 13:04:00] [INFO] ==================================================
[2026-09-11 13:04:00] [INFO] [OVERSTAY] Current India Date/Time: 11/09/2026 13:04:00
[2026-09-11 13:04:00] [INFO] [OVERSTAY] Timezone: Asia/Kolkata
[2026-09-11 13:04:00] [INFO] [OVERSTAY] Staying customers found: 0
[2026-09-11 13:04:00] [INFO] ==================================================
[2026-09-11 13:04:00] [INFO] OVERSTAY CRON COMPLETED
[2026-09-11 13:04:00] [INFO] ==================================================
[2026-09-11 13:05:00] [INFO] [OVERSTAY] Cron triggered
[2026-09-11 13:05:00] [INFO] ==================================================
[2026-09-11 13:05:00] [INFO] OVERSTAY CRON STARTED
[2026-09-11 13:05:00] [INFO] ==================================================
[2026-09-11 13:05:00] [INFO] [OVERSTAY] Current India Date/Time: 11/09/2026 13:05:00
[2026-09-11 13:05:00] [INFO] [OVERSTAY] Timezone: Asia/Kolkata
[2026-09-11 13:05:00] [INFO] [OVERSTAY] Staying customers found: 0
[2026-09-11 13:05:00] [INFO] ==================================================
[2026-09-11 13:05:00] [INFO] OVERSTAY CRON COMPLETED
[2026-09-11 13:05:00] [INFO] ==================================================
[2026-09-11 13:06:00] [INFO] [OVERSTAY] Cron triggered
[2026-09-11 13:06:00] [INFO] ==================================================
[2026-09-11 13:06:00] [INFO] OVERSTAY CRON STARTED
[2026-09-11 13:06:00] [INFO] ==================================================
[2026-09-11 13:06:00] [INFO] [OVERSTAY] Current India Date/Time: 11/09/2026 13:06:00
[2026-09-11 13:06:00] [INFO] [OVERSTAY] Timezone: Asia/Kolkata
[2026-09-11 13:06:00] [INFO] [OVERSTAY] Staying customers found: 0
[2026-09-11 13:06:00] [INFO] ==================================================
[2026-09-11 13:06:00] [INFO] OVERSTAY CRON COMPLETED
[2026-09-11 13:06:00] [INFO] ==================================================
[2026-09-11 13:07:00] [INFO] [OVERSTAY] Cron triggered
[2026-09-11 13:07:00] [INFO] ==================================================
[2026-09-11 13:07:00] [INFO] OVERSTAY CRON STARTED
[2026-09-11 13:07:00] [INFO] ==================================================
[2026-09-11 13:07:00] [INFO] [OVERSTAY] Current India Date/Time: 11/09/2026 13:07:00
[2026-09-11 13:07:00] [INFO] [OVERSTAY] Timezone: Asia/Kolkata
[2026-09-11 13:07:00] [INFO] [OVERSTAY] Staying customers found: 0
[2026-09-11 13:07:00] [INFO] ==================================================
[2026-09-11 13:07:00] [INFO] OVERSTAY CRON COMPLETED
[2026-09-11 13:07:00] [INFO] ==================================================
[2026-09-11 13:08:00] [INFO] [OVERSTAY] Cron triggered
[2026-09-11 13:08:00] [INFO] ==================================================
[2026-09-11 13:08:00] [INFO] OVERSTAY CRON STARTED
[2026-09-11 13:08:00] [INFO] ==================================================
[2026-09-11 13:08:00] [INFO] [OVERSTAY] Current India Date/Time: 11/09/2026 13:08:00
[2026-09-11 13:08:00] [INFO] [OVERSTAY] Timezone: Asia/Kolkata
[2026-09-11 13:08:00] [INFO] [OVERSTAY] Staying customers found: 0
[2026-09-11 13:08:00] [INFO] ==================================================
[2026-09-11 13:08:00] [INFO] OVERSTAY CRON COMPLETED
[2026-09-11 13:08:00] [INFO] ==================================================
[2026-09-11 13:09:00] [INFO] [OVERSTAY] Cron triggered
[2026-09-11 13:09:00] [INFO] ==================================================
[2026-09-11 13:09:00] [INFO] OVERSTAY CRON STARTED
[2026-09-11 13:09:00] [INFO] ==================================================
[2026-09-11 13:09:00] [INFO] [OVERSTAY] Current India Date/Time: 11/09/2026 13:09:00
[2026-09-11 13:09:00] [INFO] [OVERSTAY] Timezone: Asia/Kolkata
[2026-09-11 13:09:00] [INFO] [OVERSTAY] Staying customers found: 0
[2026-09-11 13:09:00] [INFO] ==================================================
[2026-09-11 13:09:00] [INFO] OVERSTAY CRON COMPLETED
[2026-09-11 13:09:00] [INFO] ==================================================
[2026-09-11 13:37:00] [INFO] [OVERSTAY] Cron triggered
[2026-09-11 13:37:00] [INFO] ==================================================
[2026-09-11 13:37:00] [INFO] OVERSTAY CRON STARTED
[2026-09-11 13:37:00] [INFO] ==================================================
[2026-09-11 13:37:00] [INFO] [OVERSTAY] Current India Date/Time: 11/09/2026 13:37:00
[2026-09-11 13:37:00] [INFO] [OVERSTAY] Timezone: Asia/Kolkata
[2026-09-11 13:37:09] [INFO] [OVERSTAY] Staying customers found: 0
[2026-09-11 13:37:09] [INFO] ==================================================
[2026-09-11 13:37:09] [INFO] OVERSTAY CRON COMPLETED
[2026-09-11 13:37:09] [INFO] ==================================================
[2026-09-11 13:38:00] [INFO] [OVERSTAY] Cron triggered
[2026-09-11 13:38:00] [INFO] ==================================================
[2026-09-11 13:38:00] [INFO] OVERSTAY CRON STARTED
[2026-09-11 13:38:00] [INFO] ==================================================
[2026-09-11 13:38:00] [INFO] [OVERSTAY] Current India Date/Time: 11/09/2026 13:38:00
[2026-09-11 13:38:00] [INFO] [OVERSTAY] Timezone: Asia/Kolkata
[2026-09-11 13:38:00] [INFO] [OVERSTAY] Staying customers found: 0
[2026-09-11 13:38:00] [INFO] ==================================================
[2026-09-11 13:38:00] [INFO] OVERSTAY CRON COMPLETED
[2026-09-11 13:38:00] [INFO] ==================================================
[2026-09-11 13:39:00] [INFO] [OVERSTAY] Cron triggered
[2026-09-11 13:39:00] [INFO] ==================================================
[2026-09-11 13:39:00] [INFO] OVERSTAY CRON STARTED
[2026-09-11 13:39:00] [INFO] ==================================================
[2026-09-11 13:39:00] [INFO] [OVERSTAY] Current India Date/Time: 11/09/2026 13:39:00
[2026-09-11 13:39:00] [INFO] [OVERSTAY] Timezone: Asia/Kolkata
[2026-09-11 13:39:00] [INFO] [OVERSTAY] Staying customers found: 0
[2026-09-11 13:39:00] [INFO] ==================================================
[2026-09-11 13:39:00] [INFO] OVERSTAY CRON COMPLETED
[2026-09-11 13:39:00] [INFO] ==================================================
[2026-09-11 13:40:00] [INFO] [OVERSTAY] Cron triggered
[2026-09-11 13:40:00] [INFO] ==================================================
[2026-09-11 13:40:00] [INFO] OVERSTAY CRON STARTED
[2026-09-11 13:40:00] [INFO] ==================================================
[2026-09-11 13:40:00] [INFO] [OVERSTAY] Current India Date/Time: 11/09/2026 13:40:00
[2026-09-11 13:40:00] [INFO] [OVERSTAY] Timezone: Asia/Kolkata
[2026-09-11 13:40:00] [INFO] [OVERSTAY] Staying customers found: 0
[2026-09-11 13:40:00] [INFO] ==================================================
[2026-09-11 13:40:00] [INFO] OVERSTAY CRON COMPLETED
[2026-09-11 13:40:00] [INFO] ==================================================
[2026-09-11 13:41:00] [INFO] [OVERSTAY] Cron triggered
[2026-09-11 13:41:00] [INFO] ==================================================
[2026-09-11 13:41:00] [INFO] OVERSTAY CRON STARTED
[2026-09-11 13:41:00] [INFO] ==================================================
[2026-09-11 13:41:00] [INFO] [OVERSTAY] Current India Date/Time: 11/09/2026 13:41:00
[2026-09-11 13:41:00] [INFO] [OVERSTAY] Timezone: Asia/Kolkata
[2026-09-11 13:41:00] [INFO] [OVERSTAY] Staying customers found: 0
[2026-09-11 13:41:00] [INFO] ==================================================
[2026-09-11 13:41:00] [INFO] OVERSTAY CRON COMPLETED
[2026-09-11 13:41:00] [INFO] ==================================================
[2026-09-11 13:42:00] [INFO] [OVERSTAY] Cron triggered
[2026-09-11 13:42:00] [INFO] ==================================================
[2026-09-11 13:42:00] [INFO] OVERSTAY CRON STARTED
[2026-09-11 13:42:00] [INFO] ==================================================
[2026-09-11 13:42:00] [INFO] [OVERSTAY] Current India Date/Time: 11/09/2026 13:42:00
[2026-09-11 13:42:00] [INFO] [OVERSTAY] Timezone: Asia/Kolkata
[2026-09-11 13:42:00] [INFO] [OVERSTAY] Staying customers found: 0
[2026-09-11 13:42:00] [INFO] ==================================================
[2026-09-11 13:42:00] [INFO] OVERSTAY CRON COMPLETED
[2026-09-11 13:42:00] [INFO] ==================================================
[2026-09-11 13:42:48] [INFO] INFO
[2026-09-11 13:42:48] [INFO] INFO
[2026-09-11 13:42:52] [INFO] INFO
[2026-09-11 13:42:52] [INFO] INFO
[2026-09-11 13:42:52] [INFO] INFO
[2026-09-11 13:42:53] [INFO] INFO
[2026-09-11 13:42:53] [INFO] INFO
[2026-09-11 13:42:53] [INFO] INFO
[2026-09-11 13:42:55] [INFO] INFO
[2026-09-11 13:42:55] [INFO] INFO
[2026-09-11 13:42:58] [INFO] INFO
[2026-09-11 13:42:58] [INFO] INFO
[2026-09-11 13:43:00] [INFO] [OVERSTAY] Cron triggered
[2026-09-11 13:43:00] [INFO] ==================================================
[2026-09-11 13:43:00] [INFO] OVERSTAY CRON STARTED
[2026-09-11 13:43:00] [INFO] ==================================================
[2026-09-11 13:43:00] [INFO] [OVERSTAY] Current India Date/Time: 11/09/2026 13:43:00
[2026-09-11 13:43:00] [INFO] [OVERSTAY] Timezone: Asia/Kolkata
[2026-09-11 13:43:00] [INFO] [OVERSTAY] Staying customers found: 0
[2026-09-11 13:43:00] [INFO] ==================================================
[2026-09-11 13:43:00] [INFO] OVERSTAY CRON COMPLETED
[2026-09-11 13:43:00] [INFO] ==================================================
[2026-09-11 13:43:03] [INFO] INFO
[2026-09-11 13:43:03] [INFO] INFO
[2026-09-11 13:44:00] [INFO] [OVERSTAY] Cron triggered
[2026-09-11 13:44:00] [INFO] ==================================================
[2026-09-11 13:44:00] [INFO] OVERSTAY CRON STARTED
[2026-09-11 13:44:00] [INFO] ==================================================
[2026-09-11 13:44:00] [INFO] [OVERSTAY] Current India Date/Time: 11/09/2026 13:44:00
[2026-09-11 13:44:00] [INFO] [OVERSTAY] Timezone: Asia/Kolkata
[2026-09-11 13:44:00] [INFO] [OVERSTAY] Staying customers found: 0
[2026-09-11 13:44:00] [INFO] ==================================================
[2026-09-11 13:44:00] [INFO] OVERSTAY CRON COMPLETED
[2026-09-11 13:44:00] [INFO] ==================================================
[2026-09-11 13:44:43] [INFO] INFO
[2026-09-11 13:44:43] [INFO] INFO
[2026-09-11 13:45:00] [INFO] [OVERSTAY] Cron triggered
[2026-09-11 13:45:00] [INFO] ==================================================
[2026-09-11 13:45:00] [INFO] OVERSTAY CRON STARTED
[2026-09-11 13:45:00] [INFO] ==================================================
[2026-09-11 13:45:00] [INFO] [OVERSTAY] Current India Date/Time: 11/09/2026 13:45:00
[2026-09-11 13:45:00] [INFO] [OVERSTAY] Timezone: Asia/Kolkata
[2026-09-11 13:45:00] [INFO] [OVERSTAY] Staying customers found: 0
[2026-09-11 13:45:00] [INFO] ==================================================
[2026-09-11 13:45:00] [INFO] OVERSTAY CRON COMPLETED
[2026-09-11 13:45:00] [INFO] ==================================================
                                                                    [2026-09-11 13:55:33] [INFO] [OVERSTAY] Overstay cron initialized successfully
[2026-09-11 13:55:33] [INFO] [OVERSTAY] Cron schedule: Every minute
[2026-09-11 13:55:33] [INFO] [OVERSTAY] Cron timezone: Asia/Kolkata
[2026-09-11 13:55:33] [INFO] ==================================================
[2026-09-11 13:55:33] [INFO] OVERSTAY CRON STARTED
[2026-09-11 13:55:33] [INFO] ==================================================
[2026-09-11 13:55:33] [INFO] [OVERSTAY] Current India Date/Time: 11/09/2026 13:55:33
[2026-09-11 13:55:33] [INFO] [OVERSTAY] Timezone: Asia/Kolkata
[2026-09-11 13:55:37] [INFO] [Logger] Running log cleanup check. Retention limit: 30 days.
[2026-09-11 13:55:37] [INFO] [Logger] Cleanup completed. No expired log files found.
[2026-09-11 13:55:37] [INFO] [Logger] Automated log cleanup scheduler started (runs every 24 hours).
[2026-09-11 13:55:37] [INFO] [Server] Server started and listening on port 5000
[2026-09-11 13:55:37] [INFO] [Database] MongoDB Connected successfully: 76.13.244.61
[2026-09-11 13:55:38] [INFO] Admin user already exists
[2026-09-11 13:55:38] [INFO] [OVERSTAY] Staying customers found: 0
[2026-09-11 13:55:38] [INFO] ==================================================
[2026-09-11 13:55:38] [INFO] OVERSTAY CRON COMPLETED
[2026-09-11 13:55:38] [INFO] ==================================================
[2026-09-11 13:55:46] [INFO] INFO
[2026-09-11 13:55:46] [INFO] INFO
[2026-09-11 13:56:00] [INFO] [OVERSTAY] Cron triggered
[2026-09-11 13:56:00] [INFO] ==================================================
[2026-09-11 13:56:00] [INFO] OVERSTAY CRON STARTED
[2026-09-11 13:56:00] [INFO] ==================================================
[2026-09-11 13:56:00] [INFO] [OVERSTAY] Current India Date/Time: 11/09/2026 13:56:00
[2026-09-11 13:56:00] [INFO] [OVERSTAY] Timezone: Asia/Kolkata
[2026-09-11 13:56:00] [INFO] [OVERSTAY] Staying customers found: 0
[2026-09-11 13:56:00] [INFO] ==================================================
[2026-09-11 13:56:00] [INFO] OVERSTAY CRON COMPLETED
[2026-09-11 13:56:00] [INFO] ==================================================
[2026-09-11 13:56:09] [INFO] INFO
[2026-09-11 13:56:10] [INFO] INFO
[2026-09-11 13:56:12] [INFO] INFO
[2026-09-11 13:56:12] [INFO] INFO
[2026-09-11 13:56:41] [INFO] INFO
[2026-09-11 13:56:41] [INFO] INFO
[2026-09-11 13:56:44] [INFO] INFO
[2026-09-11 13:56:44] [INFO] INFO
[2026-09-11 13:56:48] [INFO] INFO
[2026-09-11 13:56:48] [INFO] INFO
[2026-09-11 13:56:56] [INFO] INFO
[2026-09-11 13:56:56] [INFO] INFO
[2026-09-11 13:57:00] [INFO] [OVERSTAY] Cron triggered
[2026-09-11 13:57:00] [INFO] ==================================================
[2026-09-11 13:57:00] [INFO] OVERSTAY CRON STARTED
[2026-09-11 13:57:00] [INFO] ==================================================
[2026-09-11 13:57:00] [INFO] [OVERSTAY] Current India Date/Time: 11/09/2026 13:57:00
[2026-09-11 13:57:00] [INFO] [OVERSTAY] Timezone: Asia/Kolkata
[2026-09-11 13:57:00] [INFO] [OVERSTAY] Staying customers found: 0
[2026-09-11 13:57:00] [INFO] ==================================================
[2026-09-11 13:57:00] [INFO] OVERSTAY CRON COMPLETED
[2026-09-11 13:57:00] [INFO] ==================================================
[2026-09-11 13:57:05] [INFO] INFO
[2026-09-11 13:57:05] [INFO] INFO
[2026-09-11 13:57:05] [INFO] INFO
[2026-09-11 13:57:06] [INFO] INFO
[2026-09-11 13:58:00] [INFO] [OVERSTAY] Cron triggered
[2026-09-11 13:58:00] [INFO] ==================================================
[2026-09-11 13:58:00] [INFO] OVERSTAY CRON STARTED
[2026-09-11 13:58:00] [INFO] ==================================================
[2026-09-11 13:58:00] [INFO] [OVERSTAY] Current India Date/Time: 11/09/2026 13:58:00
[2026-09-11 13:58:00] [INFO] [OVERSTAY] Timezone: Asia/Kolkata
[2026-09-11 13:58:00] [INFO] [OVERSTAY] Staying customers found: 0
[2026-09-11 13:58:00] [INFO] ==================================================
[2026-09-11 13:58:00] [INFO] OVERSTAY CRON COMPLETED
[2026-09-11 13:58:00] [INFO] ==================================================
[2026-09-11 13:59:00] [INFO] [OVERSTAY] Cron triggered
[2026-09-11 13:59:00] [INFO] ==================================================
[2026-09-11 13:59:00] [INFO] OVERSTAY CRON STARTED
[2026-09-11 13:59:00] [INFO] ==================================================
[2026-09-11 13:59:00] [INFO] [OVERSTAY] Current India Date/Time: 11/09/2026 13:59:00
[2026-09-11 13:59:00] [INFO] [OVERSTAY] Timezone: Asia/Kolkata
[2026-09-11 13:59:00] [INFO] [OVERSTAY] Staying customers found: 0
[2026-09-11 13:59:00] [INFO] ==================================================
[2026-09-11 13:59:00] [INFO] OVERSTAY CRON COMPLETED
[2026-09-11 13:59:00] [INFO] ==================================================
[2026-09-11 14:00:00] [INFO] [OVERSTAY] Cron triggered
[2026-09-11 14:00:00] [INFO] ==================================================
[2026-09-11 14:00:00] [INFO] OVERSTAY CRON STARTED
[2026-09-11 14:00:00] [INFO] ==================================================
[2026-09-11 14:00:00] [INFO] [OVERSTAY] Current India Date/Time: 11/09/2026 14:00:00
[2026-09-11 14:00:00] [INFO] [OVERSTAY] Timezone: Asia/Kolkata
[2026-09-11 14:00:00] [INFO] [OVERSTAY] Staying customers found: 0
[2026-09-11 14:00:00] [INFO] ==================================================
[2026-09-11 14:00:00] [INFO] OVERSTAY CRON COMPLETED
[2026-09-11 14:00:00] [INFO] ==================================================
[2026-09-11 14:01:00] [INFO] [OVERSTAY] Cron triggered
[2026-09-11 14:01:00] [INFO] ==================================================
[2026-09-11 14:01:00] [INFO] OVERSTAY CRON STARTED
[2026-09-11 14:01:00] [INFO] ==================================================
[2026-09-11 14:01:00] [INFO] [OVERSTAY] Current India Date/Time: 11/09/2026 14:01:00
[2026-09-11 14:01:00] [INFO] [OVERSTAY] Timezone: Asia/Kolkata
[2026-09-11 14:01:00] [INFO] [OVERSTAY] Staying customers found: 0
[2026-09-11 14:01:00] [INFO] ==================================================
[2026-09-11 14:01:00] [INFO] OVERSTAY CRON COMPLETED
[2026-09-11 14:01:00] [INFO] ==================================================
[2026-09-11 14:01:26] [INFO] INFO
[2026-09-11 14:01:26] [INFO] INFO
[2026-09-11 14:01:31] [INFO] INFO
[2026-09-11 14:01:31] [INFO] INFO
[2026-09-11 14:02:00] [INFO] [OVERSTAY] Cron triggered
[2026-09-11 14:02:00] [INFO] ==================================================
[2026-09-11 14:02:00] [INFO] OVERSTAY CRON STARTED
[2026-09-11 14:02:00] [INFO] ==================================================
[2026-09-11 14:02:00] [INFO] [OVERSTAY] Current India Date/Time: 11/09/2026 14:02:00
[2026-09-11 14:02:00] [INFO] [OVERSTAY] Timezone: Asia/Kolkata
[2026-09-11 14:02:00] [INFO] [OVERSTAY] Staying customers found: 0
[2026-09-11 14:02:00] [INFO] ==================================================
[2026-09-11 14:02:00] [INFO] OVERSTAY CRON COMPLETED
[2026-09-11 14:02:00] [INFO] ==================================================
[2026-09-11 14:03:00] [INFO] [OVERSTAY] Cron triggered
[2026-09-11 14:03:00] [INFO] ==================================================
[2026-09-11 14:03:00] [INFO] OVERSTAY CRON STARTED
[2026-09-11 14:03:00] [INFO] ==================================================
[2026-09-11 14:03:00] [INFO] [OVERSTAY] Current India Date/Time: 11/09/2026 14:03:00
[2026-09-11 14:03:00] [INFO] [OVERSTAY] Timezone: Asia/Kolkata
[2026-09-11 14:03:00] [INFO] [OVERSTAY] Staying customers found: 0
[2026-09-11 14:03:00] [INFO] ==================================================
[2026-09-11 14:03:00] [INFO] OVERSTAY CRON COMPLETED
[2026-09-11 14:03:00] [INFO] ==================================================
[2026-09-11 14:04:00] [INFO] [OVERSTAY] Cron triggered
[2026-09-11 14:04:00] [INFO] ==================================================
[2026-09-11 14:04:00] [INFO] OVERSTAY CRON STARTED
[2026-09-11 14:04:00] [INFO] ==================================================
[2026-09-11 14:04:00] [INFO] [OVERSTAY] Current India Date/Time: 11/09/2026 14:04:00
[2026-09-11 14:04:00] [INFO] [OVERSTAY] Timezone: Asia/Kolkata
[2026-09-11 14:04:00] [INFO] [OVERSTAY] Staying customers found: 0
[2026-09-11 14:04:00] [INFO] ==================================================
[2026-09-11 14:04:00] [INFO] OVERSTAY CRON COMPLETED
[2026-09-11 14:04:00] [INFO] ==================================================
[2026-09-11 14:05:00] [INFO] [OVERSTAY] Cron triggered
[2026-09-11 14:05:00] [INFO] ==================================================
[2026-09-11 14:05:00] [INFO] OVERSTAY CRON STARTED
[2026-09-11 14:05:00] [INFO] ==================================================
[2026-09-11 14:05:00] [INFO] [OVERSTAY] Current India Date/Time: 11/09/2026 14:05:00
[2026-09-11 14:05:00] [INFO] [OVERSTAY] Timezone: Asia/Kolkata
[2026-09-11 14:05:00] [INFO] [OVERSTAY] Staying customers found: 0
[2026-09-11 14:05:00] [INFO] ==================================================
[2026-09-11 14:05:00] [INFO] OVERSTAY CRON COMPLETED
[2026-09-11 14:05:00] [INFO] ==================================================
[2026-09-11 14:06:00] [INFO] [OVERSTAY] Cron triggered
[2026-09-11 14:06:00] [INFO] ==================================================
[2026-09-11 14:06:00] [INFO] OVERSTAY CRON STARTED
[2026-09-11 14:06:00] [INFO] ==================================================
[2026-09-11 14:06:00] [INFO] [OVERSTAY] Current India Date/Time: 11/09/2026 14:06:00
[2026-09-11 14:06:00] [INFO] [OVERSTAY] Timezone: Asia/Kolkata
[2026-09-11 14:06:00] [INFO] [OVERSTAY] Staying customers found: 0
[2026-09-11 14:06:00] [INFO] ==================================================
[2026-09-11 14:06:00] [INFO] OVERSTAY CRON COMPLETED
[2026-09-11 14:06:00] [INFO] ==================================================
[2026-09-11 14:07:00] [INFO] [OVERSTAY] Cron triggered
[2026-09-11 14:07:00] [INFO] ==================================================
[2026-09-11 14:07:00] [INFO] OVERSTAY CRON STARTED
[2026-09-11 14:07:00] [INFO] ==================================================
[2026-09-11 14:07:00] [INFO] [OVERSTAY] Current India Date/Time: 11/09/2026 14:07:00
[2026-09-11 14:07:00] [INFO] [OVERSTAY] Timezone: Asia/Kolkata
[2026-09-11 14:07:00] [INFO] [OVERSTAY] Staying customers found: 0
[2026-09-11 14:07:00] [INFO] ==================================================
[2026-09-11 14:07:00] [INFO] OVERSTAY CRON COMPLETED
[2026-09-11 14:07:00] [INFO] ==================================================
[2026-09-11 14:07:02] [INFO] INFO
[2026-09-11 14:07:02] [INFO] INFO
[2026-09-11 14:08:00] [INFO] [OVERSTAY] Cron triggered
[2026-09-11 14:08:00] [INFO] ==================================================
[2026-09-11 14:08:00] [INFO] OVERSTAY CRON STARTED
[2026-09-11 14:08:00] [INFO] ==================================================
[2026-09-11 14:08:00] [INFO] [OVERSTAY] Current India Date/Time: 11/09/2026 14:08:00
[2026-09-11 14:08:00] [INFO] [OVERSTAY] Timezone: Asia/Kolkata
[2026-09-11 14:08:00] [INFO] [OVERSTAY] Staying customers found: 0
[2026-09-11 14:08:00] [INFO] ==================================================
[2026-09-11 14:08:00] [INFO] OVERSTAY CRON COMPLETED
[2026-09-11 14:08:00] [INFO] ==================================================
[2026-09-11 14:08:57] [INFO] INFO
[2026-09-11 14:08:57] [INFO] INFO
[2026-09-11 14:09:00] [INFO] [OVERSTAY] Cron triggered
[2026-09-11 14:09:00] [INFO] ==================================================
[2026-09-11 14:09:00] [INFO] OVERSTAY CRON STARTED
[2026-09-11 14:09:00] [INFO] ==================================================
[2026-09-11 14:09:00] [INFO] [OVERSTAY] Current India Date/Time: 11/09/2026 14:09:00
[2026-09-11 14:09:00] [INFO] [OVERSTAY] Timezone: Asia/Kolkata
[2026-09-11 14:09:00] [INFO] [OVERSTAY] Staying customers found: 0
[2026-09-11 14:09:00] [INFO] ==================================================
[2026-09-11 14:09:00] [INFO] OVERSTAY CRON COMPLETED
[2026-09-11 14:09:00] [INFO] ==================================================
[2026-09-11 14:09:29] [INFO] INFO
[2026-09-11 14:09:29] [INFO] INFO
[2026-09-11 14:10:00] [INFO] [OVERSTAY] Cron triggered
[2026-09-11 14:10:00] [INFO] ==================================================
[2026-09-11 14:10:00] [INFO] OVERSTAY CRON STARTED
[2026-09-11 14:10:00] [INFO] ==================================================
[2026-09-11 14:10:00] [INFO] [OVERSTAY] Current India Date/Time: 11/09/2026 14:10:00
[2026-09-11 14:10:00] [INFO] [OVERSTAY] Timezone: Asia/Kolkata
[2026-09-11 14:10:00] [INFO] [OVERSTAY] Staying customers found: 0
[2026-09-11 14:10:00] [INFO] ==================================================
[2026-09-11 14:10:00] [INFO] OVERSTAY CRON COMPLETED
[2026-09-11 14:10:00] [INFO] ==================================================
[2026-09-11 14:11:00] [INFO] [OVERSTAY] Cron triggered
[2026-09-11 14:11:00] [INFO] ==================================================
[2026-09-11 14:11:00] [INFO] OVERSTAY CRON STARTED
[2026-09-11 14:11:00] [INFO] ==================================================
[2026-09-11 14:11:00] [INFO] [OVERSTAY] Current India Date/Time: 11/09/2026 14:11:00
[2026-09-11 14:11:00] [INFO] [OVERSTAY] Timezone: Asia/Kolkata
[2026-09-11 14:11:00] [INFO] [OVERSTAY] Staying customers found: 0
[2026-09-11 14:11:00] [INFO] ==================================================
[2026-09-11 14:11:00] [INFO] OVERSTAY CRON COMPLETED
[2026-09-11 14:11:00] [INFO] ==================================================
[2026-09-11 14:12:00] [INFO] [OVERSTAY] Cron triggered
[2026-09-11 14:12:00] [INFO] ==================================================
[2026-09-11 14:12:00] [INFO] OVERSTAY CRON STARTED
[2026-09-11 14:12:00] [INFO] ==================================================
[2026-09-11 14:12:00] [INFO] [OVERSTAY] Current India Date/Time: 11/09/2026 14:12:00
[2026-09-11 14:12:00] [INFO] [OVERSTAY] Timezone: Asia/Kolkata
[2026-09-11 14:12:00] [INFO] [OVERSTAY] Staying customers found: 0
[2026-09-11 14:12:00] [INFO] ==================================================
[2026-09-11 14:12:00] [INFO] OVERSTAY CRON COMPLETED
[2026-09-11 14:12:00] [INFO] ==================================================
[2026-09-11 14:13:00] [INFO] [OVERSTAY] Cron triggered
[2026-09-11 14:13:00] [INFO] ==================================================
[2026-09-11 14:13:00] [INFO] OVERSTAY CRON STARTED
[2026-09-11 14:13:00] [INFO] ==================================================
[2026-09-11 14:13:00] [INFO] [OVERSTAY] Current India Date/Time: 11/09/2026 14:13:00
[2026-09-11 14:13:00] [INFO] [OVERSTAY] Timezone: Asia/Kolkata
[2026-09-11 14:13:00] [INFO] [OVERSTAY] Staying customers found: 0
[2026-09-11 14:13:00] [INFO] ==================================================
[2026-09-11 14:13:00] [INFO] OVERSTAY CRON COMPLETED
[2026-09-11 14:13:00] [INFO] ==================================================
[2026-09-11 14:13:06] [INFO] INFO
[2026-09-11 14:13:06] [INFO] INFO
[2026-09-11 14:13:07] [INFO] INFO
[2026-09-11 14:13:07] [INFO] INFO
[2026-09-11 14:13:11] [INFO] INFO
[2026-09-11 14:13:11] [INFO] INFO
[2026-09-11 14:13:41] [INFO] INFO
[2026-09-11 14:13:41] [INFO] INFO
[2026-09-11 14:14:00] [INFO] [OVERSTAY] Cron triggered
[2026-09-11 14:14:00] [INFO] ==================================================
[2026-09-11 14:14:00] [INFO] OVERSTAY CRON STARTED
[2026-09-11 14:14:00] [INFO] ==================================================
[2026-09-11 14:14:00] [INFO] [OVERSTAY] Current India Date/Time: 11/09/2026 14:14:00
[2026-09-11 14:14:00] [INFO] [OVERSTAY] Timezone: Asia/Kolkata
[2026-09-11 14:14:00] [INFO] [OVERSTAY] Staying customers found: 0
[2026-09-11 14:14:00] [INFO] ==================================================
[2026-09-11 14:14:00] [INFO] OVERSTAY CRON COMPLETED
[2026-09-11 14:14:00] [INFO] ==================================================
[2026-09-11 14:14:22] [INFO] INFO
[2026-09-11 14:14:22] [INFO] INFO
[2026-09-11 14:14:23] [INFO] INFO
[2026-09-11 14:14:23] [INFO] INFO
[2026-09-11 14:14:23] [INFO] INFO
[2026-09-11 14:14:23] [INFO] INFO
[2026-09-11 14:14:24] [INFO] INFO
[2026-09-11 14:14:24] [INFO] INFO
[2026-09-11 14:14:25] [INFO] INFO
[2026-09-11 14:14:25] [INFO] INFO
[2026-09-11 14:14:25] [INFO] INFO
[2026-09-11 14:14:25] [INFO] INFO
[2026-09-11 14:15:00] [INFO] [OVERSTAY] Cron triggered
[2026-09-11 14:15:00] [INFO] ==================================================
[2026-09-11 14:15:00] [INFO] OVERSTAY CRON STARTED
[2026-09-11 14:15:00] [INFO] ==================================================
[2026-09-11 14:15:00] [INFO] [OVERSTAY] Current India Date/Time: 11/09/2026 14:15:00
[2026-09-11 14:15:00] [INFO] [OVERSTAY] Timezone: Asia/Kolkata
[2026-09-11 14:15:00] [INFO] [OVERSTAY] Staying customers found: 0
[2026-09-11 14:15:00] [INFO] ==================================================
[2026-09-11 14:15:00] [INFO] OVERSTAY CRON COMPLETED
[2026-09-11 14:15:00] [INFO] ==================================================
[2026-09-11 14:15:17] [INFO] INFO
[2026-09-11 14:15:17] [INFO] INFO
[2026-09-11 14:15:18] [INFO] INFO
[2026-09-11 14:15:18] [INFO] INFO
[2026-09-11 14:15:19] [INFO] INFO
[2026-09-11 14:15:19] [INFO] INFO
[2026-09-11 14:15:21] [INFO] INFO
[2026-09-11 14:15:21] [INFO] INFO
[2026-09-11 14:15:22] [INFO] INFO
[2026-09-11 14:15:22] [INFO] INFO
[2026-09-11 14:15:25] [INFO] INFO
[2026-09-11 14:15:25] [INFO] INFO
[2026-09-11 14:15:30] [INFO] INFO
[2026-09-11 14:15:30] [INFO] INFO
[2026-09-11 14:16:00] [INFO] [OVERSTAY] Cron triggered
[2026-09-11 14:16:00] [INFO] ==================================================
[2026-09-11 14:16:00] [INFO] OVERSTAY CRON STARTED
[2026-09-11 14:16:00] [INFO] ==================================================
[2026-09-11 14:16:00] [INFO] [OVERSTAY] Current India Date/Time: 11/09/2026 14:16:00
[2026-09-11 14:16:00] [INFO] [OVERSTAY] Timezone: Asia/Kolkata
[2026-09-11 14:16:00] [INFO] [OVERSTAY] Staying customers found: 0
[2026-09-11 14:16:00] [INFO] ==================================================
[2026-09-11 14:16:00] [INFO] OVERSTAY CRON COMPLETED
[2026-09-11 14:16:00] [INFO] ==================================================
[2026-09-11 14:17:00] [INFO] [OVERSTAY] Cron triggered
[2026-09-11 14:17:00] [INFO] ==================================================
[2026-09-11 14:17:00] [INFO] OVERSTAY CRON STARTED
[2026-09-11 14:17:00] [INFO] ==================================================
[2026-09-11 14:17:00] [INFO] [OVERSTAY] Current India Date/Time: 11/09/2026 14:17:00
[2026-09-11 14:17:00] [INFO] [OVERSTAY] Timezone: Asia/Kolkata
[2026-09-11 14:17:00] [INFO] [OVERSTAY] Staying customers found: 0
[2026-09-11 14:17:00] [INFO] ==================================================
[2026-09-11 14:17:00] [INFO] OVERSTAY CRON COMPLETED
[2026-09-11 14:17:00] [INFO] ==================================================
[2026-09-11 14:18:00] [INFO] [OVERSTAY] Cron triggered
[2026-09-11 14:18:00] [INFO] ==================================================
[2026-09-11 14:18:00] [INFO] OVERSTAY CRON STARTED
[2026-09-11 14:18:00] [INFO] ==================================================
[2026-09-11 14:18:00] [INFO] [OVERSTAY] Current India Date/Time: 11/09/2026 14:18:00
[2026-09-11 14:18:00] [INFO] [OVERSTAY] Timezone: Asia/Kolkata
[2026-09-11 14:18:00] [INFO] [OVERSTAY] Staying customers found: 0
[2026-09-11 14:18:00] [INFO] ==================================================
[2026-09-11 14:18:00] [INFO] OVERSTAY CRON COMPLETED
[2026-09-11 14:18:00] [INFO] ==================================================
[2026-09-11 14:19:00] [INFO] [OVERSTAY] Cron triggered
[2026-09-11 14:19:00] [INFO] ==================================================
[2026-09-11 14:19:00] [INFO] OVERSTAY CRON STARTED
[2026-09-11 14:19:00] [INFO] ==================================================
[2026-09-11 14:19:00] [INFO] [OVERSTAY] Current India Date/Time: 11/09/2026 14:19:00
[2026-09-11 14:19:00] [INFO] [OVERSTAY] Timezone: Asia/Kolkata
[2026-09-11 14:19:00] [INFO] [OVERSTAY] Staying customers found: 0
[2026-09-11 14:19:00] [INFO] ==================================================
[2026-09-11 14:19:00] [INFO] OVERSTAY CRON COMPLETED
[2026-09-11 14:19:00] [INFO] ==================================================
[2026-09-11 14:20:00] [INFO] [OVERSTAY] Cron triggered
[2026-09-11 14:20:00] [INFO] ==================================================
[2026-09-11 14:20:00] [INFO] OVERSTAY CRON STARTED
[2026-09-11 14:20:00] [INFO] ==================================================
[2026-09-11 14:20:00] [INFO] [OVERSTAY] Current India Date/Time: 11/09/2026 14:20:00
[2026-09-11 14:20:00] [INFO] [OVERSTAY] Timezone: Asia/Kolkata
[2026-09-11 14:20:00] [INFO] [OVERSTAY] Staying customers found: 0
[2026-09-11 14:20:00] [INFO] ==================================================
[2026-09-11 14:20:00] [INFO] OVERSTAY CRON COMPLETED
[2026-09-11 14:20:00] [INFO] ==================================================
[2026-09-11 14:21:00] [INFO] [OVERSTAY] Cron triggered
[2026-09-11 14:21:00] [INFO] ==================================================
[2026-09-11 14:21:00] [INFO] OVERSTAY CRON STARTED
[2026-09-11 14:21:00] [INFO] ==================================================
[2026-09-11 14:21:00] [INFO] [OVERSTAY] Current India Date/Time: 11/09/2026 14:21:00
[2026-09-11 14:21:00] [INFO] [OVERSTAY] Timezone: Asia/Kolkata
[2026-09-11 14:21:00] [INFO] [OVERSTAY] Staying customers found: 0
[2026-09-11 14:21:00] [INFO] ==================================================
[2026-09-11 14:21:00] [INFO] OVERSTAY CRON COMPLETED
[2026-09-11 14:21:00] [INFO] ==================================================
[2026-09-11 14:22:00] [INFO] [OVERSTAY] Cron triggered
[2026-09-11 14:22:00] [INFO] ==================================================
[2026-09-11 14:22:00] [INFO] OVERSTAY CRON STARTED
[2026-09-11 14:22:00] [INFO] ==================================================
[2026-09-11 14:22:00] [INFO] [OVERSTAY] Current India Date/Time: 11/09/2026 14:22:00
[2026-09-11 14:22:00] [INFO] [OVERSTAY] Timezone: Asia/Kolkata
[2026-09-11 14:22:00] [INFO] [OVERSTAY] Staying customers found: 0
[2026-09-11 14:22:00] [INFO] ==================================================
[2026-09-11 14:22:00] [INFO] OVERSTAY CRON COMPLETED
[2026-09-11 14:22:00] [INFO] ==================================================
[2026-09-11 14:23:00] [INFO] [OVERSTAY] Cron triggered
[2026-09-11 14:23:00] [INFO] ==================================================
[2026-09-11 14:23:00] [INFO] OVERSTAY CRON STARTED
[2026-09-11 14:23:00] [INFO] ==================================================
[2026-09-11 14:23:00] [INFO] [OVERSTAY] Current India Date/Time: 11/09/2026 14:23:00
[2026-09-11 14:23:00] [INFO] [OVERSTAY] Timezone: Asia/Kolkata
[2026-09-11 14:23:00] [INFO] [OVERSTAY] Staying customers found: 0
[2026-09-11 14:23:00] [INFO] ==================================================
[2026-09-11 14:23:00] [INFO] OVERSTAY CRON COMPLETED
[2026-09-11 14:23:00] [INFO] ==================================================
[2026-09-11 14:24:00] [INFO] [OVERSTAY] Cron triggered
[2026-09-11 14:24:00] [INFO] ==================================================
[2026-09-11 14:24:00] [INFO] OVERSTAY CRON STARTED
[2026-09-11 14:24:00] [INFO] ==================================================
[2026-09-11 14:24:00] [INFO] [OVERSTAY] Current India Date/Time: 11/09/2026 14:24:00
[2026-09-11 14:24:00] [INFO] [OVERSTAY] Timezone: Asia/Kolkata
[2026-09-11 14:24:00] [INFO] [OVERSTAY] Staying customers found: 0
[2026-09-11 14:24:00] [INFO] ==================================================
[2026-09-11 14:24:00] [INFO] OVERSTAY CRON COMPLETED
[2026-09-11 14:24:00] [INFO] ==================================================
[2026-09-11 14:25:00] [INFO] [OVERSTAY] Cron triggered
[2026-09-11 14:25:00] [INFO] ==================================================
[2026-09-11 14:25:00] [INFO] OVERSTAY CRON STARTED
[2026-09-11 14:25:00] [INFO] ==================================================
[2026-09-11 14:25:00] [INFO] [OVERSTAY] Current India Date/Time: 11/09/2026 14:25:00
[2026-09-11 14:25:00] [INFO] [OVERSTAY] Timezone: Asia/Kolkata
[2026-09-11 14:25:00] [INFO] [OVERSTAY] Staying customers found: 0
[2026-09-11 14:25:00] [INFO] ==================================================
[2026-09-11 14:25:00] [INFO] OVERSTAY CRON COMPLETED
[2026-09-11 14:25:00] [INFO] ==================================================
[2026-09-11 14:26:00] [INFO] [OVERSTAY] Cron triggered
[2026-09-11 14:26:00] [INFO] ==================================================
[2026-09-11 14:26:00] [INFO] OVERSTAY CRON STARTED
[2026-09-11 14:26:00] [INFO] ==================================================
[2026-09-11 14:26:00] [INFO] [OVERSTAY] Current India Date/Time: 11/09/2026 14:26:00
[2026-09-11 14:26:00] [INFO] [OVERSTAY] Timezone: Asia/Kolkata
[2026-09-11 14:26:00] [INFO] [OVERSTAY] Staying customers found: 0
[2026-09-11 14:26:00] [INFO] ==================================================
[2026-09-11 14:26:00] [INFO] OVERSTAY CRON COMPLETED
[2026-09-11 14:26:00] [INFO] ==================================================
[2026-09-11 14:26:39] [INFO] INFO
[2026-09-11 14:26:39] [INFO] INFO
[2026-09-11 14:27:00] [INFO] [OVERSTAY] Cron triggered
[2026-09-11 14:27:00] [INFO] ==================================================
[2026-09-11 14:27:00] [INFO] OVERSTAY CRON STARTED
[2026-09-11 14:27:00] [INFO] ==================================================
[2026-09-11 14:27:00] [INFO] [OVERSTAY] Current India Date/Time: 11/09/2026 14:27:00
[2026-09-11 14:27:00] [INFO] [OVERSTAY] Timezone: Asia/Kolkata
[2026-09-11 14:27:00] [INFO] [OVERSTAY] Staying customers found: 0
[2026-09-11 14:27:00] [INFO] ==================================================
[2026-09-11 14:27:00] [INFO] OVERSTAY CRON COMPLETED
[2026-09-11 14:27:00] [INFO] ==================================================
[2026-09-11 14:28:00] [INFO] [OVERSTAY] Cron triggered
[2026-09-11 14:28:00] [INFO] ==================================================
[2026-09-11 14:28:00] [INFO] OVERSTAY CRON STARTED
[2026-09-11 14:28:00] [INFO] ==================================================
[2026-09-11 14:28:00] [INFO] [OVERSTAY] Current India Date/Time: 11/09/2026 14:28:00
[2026-09-11 14:28:00] [INFO] [OVERSTAY] Timezone: Asia/Kolkata
[2026-09-11 14:28:00] [INFO] [OVERSTAY] Staying customers found: 0
[2026-09-11 14:28:00] [INFO] ==================================================
[2026-09-11 14:28:00] [INFO] OVERSTAY CRON COMPLETED
[2026-09-11 14:28:00] [INFO] ==================================================
[2026-09-11 14:29:00] [INFO] [OVERSTAY] Cron triggered
[2026-09-11 14:29:00] [INFO] ==================================================
[2026-09-11 14:29:00] [INFO] OVERSTAY CRON STARTED
[2026-09-11 14:29:00] [INFO] ==================================================
[2026-09-11 14:29:00] [INFO] [OVERSTAY] Current India Date/Time: 11/09/2026 14:29:00
[2026-09-11 14:29:00] [INFO] [OVERSTAY] Timezone: Asia/Kolkata
[2026-09-11 14:29:00] [INFO] [OVERSTAY] Staying customers found: 0
[2026-09-11 14:29:00] [INFO] ==================================================
[2026-09-11 14:29:00] [INFO] OVERSTAY CRON COMPLETED
[2026-09-11 14:29:00] [INFO] ==================================================
[2026-09-11 14:30:00] [INFO] [OVERSTAY] Cron triggered
[2026-09-11 14:30:00] [INFO] ==================================================
[2026-09-11 14:30:00] [INFO] OVERSTAY CRON STARTED
[2026-09-11 14:30:00] [INFO] ==================================================
[2026-09-11 14:30:00] [INFO] [OVERSTAY] Current India Date/Time: 11/09/2026 14:30:00
[2026-09-11 14:30:00] [INFO] [OVERSTAY] Timezone: Asia/Kolkata
[2026-09-11 14:30:00] [INFO] [OVERSTAY] Staying customers found: 0
[2026-09-11 14:30:00] [INFO] ==================================================
[2026-09-11 14:30:00] [INFO] OVERSTAY CRON COMPLETED
[2026-09-11 14:30:00] [INFO] ==================================================
[2026-09-11 14:31:00] [INFO] [OVERSTAY] Cron triggered
[2026-09-11 14:31:00] [INFO] ==================================================
[2026-09-11 14:31:00] [INFO] OVERSTAY CRON STARTED
[2026-09-11 14:31:00] [INFO] ==================================================
[2026-09-11 14:31:00] [INFO] [OVERSTAY] Current India Date/Time: 11/09/2026 14:31:00
[2026-09-11 14:31:00] [INFO] [OVERSTAY] Timezone: Asia/Kolkata
[2026-09-11 14:31:00] [INFO] [OVERSTAY] Staying customers found: 0
[2026-09-11 14:31:00] [INFO] ==================================================
[2026-09-11 14:31:00] [INFO] OVERSTAY CRON COMPLETED
[2026-09-11 14:31:00] [INFO] ==================================================
[2026-09-11 14:32:00] [INFO] [OVERSTAY] Cron triggered
[2026-09-11 14:32:00] [INFO] ==================================================
[2026-09-11 14:32:00] [INFO] OVERSTAY CRON STARTED
[2026-09-11 14:32:00] [INFO] ==================================================
[2026-09-11 14:32:00] [INFO] [OVERSTAY] Current India Date/Time: 11/09/2026 14:32:00
[2026-09-11 14:32:00] [INFO] [OVERSTAY] Timezone: Asia/Kolkata
[2026-09-11 14:32:00] [INFO] [OVERSTAY] Staying customers found: 0
[2026-09-11 14:32:00] [INFO] ==================================================
[2026-09-11 14:32:00] [INFO] OVERSTAY CRON COMPLETED
[2026-09-11 14:32:00] [INFO] ==================================================
[2026-09-11 14:33:00] [INFO] [OVERSTAY] Cron triggered
[2026-09-11 14:33:00] [INFO] ==================================================
[2026-09-11 14:33:00] [INFO] OVERSTAY CRON STARTED
[2026-09-11 14:33:00] [INFO] ==================================================
[2026-09-11 14:33:00] [INFO] [OVERSTAY] Current India Date/Time: 11/09/2026 14:33:00
[2026-09-11 14:33:00] [INFO] [OVERSTAY] Timezone: Asia/Kolkata
[2026-09-11 14:33:00] [INFO] [OVERSTAY] Staying customers found: 0
[2026-09-11 14:33:00] [INFO] ==================================================
[2026-09-11 14:33:00] [INFO] OVERSTAY CRON COMPLETED
[2026-09-11 14:33:00] [INFO] ==================================================
[2026-09-11 14:34:00] [INFO] [OVERSTAY] Cron triggered
[2026-09-11 14:34:00] [INFO] ==================================================
[2026-09-11 14:34:00] [INFO] OVERSTAY CRON STARTED
[2026-09-11 14:34:00] [INFO] ==================================================
[2026-09-11 14:34:00] [INFO] [OVERSTAY] Current India Date/Time: 11/09/2026 14:34:00
[2026-09-11 14:34:00] [INFO] [OVERSTAY] Timezone: Asia/Kolkata
[2026-09-11 14:34:00] [INFO] [OVERSTAY] Staying customers found: 0
[2026-09-11 14:34:00] [INFO] ==================================================
[2026-09-11 14:34:00] [INFO] OVERSTAY CRON COMPLETED
[2026-09-11 14:34:00] [INFO] ==================================================
[2026-09-11 14:35:00] [INFO] [OVERSTAY] Cron triggered
[2026-09-11 14:35:00] [INFO] ==================================================
[2026-09-11 14:35:00] [INFO] OVERSTAY CRON STARTED
[2026-09-11 14:35:00] [INFO] ==================================================
[2026-09-11 14:35:00] [INFO] [OVERSTAY] Current India Date/Time: 11/09/2026 14:35:00
[2026-09-11 14:35:00] [INFO] [OVERSTAY] Timezone: Asia/Kolkata
[2026-09-11 14:35:00] [INFO] [OVERSTAY] Staying customers found: 0
[2026-09-11 14:35:00] [INFO] ==================================================
[2026-09-11 14:35:00] [INFO] OVERSTAY CRON COMPLETED
[2026-09-11 14:35:00] [INFO] ==================================================
[2026-09-11 14:35:24] [INFO] INFO
[2026-09-11 14:36:00] [INFO] [OVERSTAY] Cron triggered
[2026-09-11 14:36:00] [INFO] ==================================================
[2026-09-11 14:36:00] [INFO] OVERSTAY CRON STARTED
[2026-09-11 14:36:00] [INFO] ==================================================
[2026-09-11 14:36:00] [INFO] [OVERSTAY] Current India Date/Time: 11/09/2026 14:36:00
[2026-09-11 14:36:00] [INFO] [OVERSTAY] Timezone: Asia/Kolkata
[2026-09-11 14:36:00] [INFO] [OVERSTAY] Staying customers found: 0
[2026-09-11 14:36:00] [INFO] ==================================================
[2026-09-11 14:36:00] [INFO] OVERSTAY CRON COMPLETED
[2026-09-11 14:36:00] [INFO] ==================================================
[2026-09-11 14:37:00] [INFO] [OVERSTAY] Cron triggered
[2026-09-11 14:37:00] [INFO] ==================================================
[2026-09-11 14:37:00] [INFO] OVERSTAY CRON STARTED
[2026-09-11 14:37:00] [INFO] ==================================================
[2026-09-11 14:37:00] [INFO] [OVERSTAY] Current India Date/Time: 11/09/2026 14:37:00
[2026-09-11 14:37:00] [INFO] [OVERSTAY] Timezone: Asia/Kolkata
[2026-09-11 14:37:00] [INFO] [OVERSTAY] Staying customers found: 0
[2026-09-11 14:37:00] [INFO] ==================================================
[2026-09-11 14:37:00] [INFO] OVERSTAY CRON COMPLETED
[2026-09-11 14:37:00] [INFO] ==================================================
[2026-09-11 14:38:00] [INFO] [OVERSTAY] Cron triggered
[2026-09-11 14:38:00] [INFO] ==================================================
[2026-09-11 14:38:00] [INFO] OVERSTAY CRON STARTED
[2026-09-11 14:38:00] [INFO] ==================================================
[2026-09-11 14:38:00] [INFO] [OVERSTAY] Current India Date/Time: 11/09/2026 14:38:00
[2026-09-11 14:38:00] [INFO] [OVERSTAY] Timezone: Asia/Kolkata
[2026-09-11 14:38:00] [INFO] [OVERSTAY] Staying customers found: 0
[2026-09-11 14:38:00] [INFO] ==================================================
[2026-09-11 14:38:00] [INFO] OVERSTAY CRON COMPLETED
[2026-09-11 14:38:00] [INFO] ==================================================
[2026-09-11 14:39:00] [INFO] [OVERSTAY] Cron triggered
[2026-09-11 14:39:00] [INFO] ==================================================
[2026-09-11 14:39:00] [INFO] OVERSTAY CRON STARTED
[2026-09-11 14:39:00] [INFO] ==================================================
[2026-09-11 14:39:00] [INFO] [OVERSTAY] Current India Date/Time: 11/09/2026 14:39:00
[2026-09-11 14:39:00] [INFO] [OVERSTAY] Timezone: Asia/Kolkata
[2026-09-11 14:39:00] [INFO] [OVERSTAY] Staying customers found: 0
[2026-09-11 14:39:00] [INFO] ==================================================
[2026-09-11 14:39:00] [INFO] OVERSTAY CRON COMPLETED
[2026-09-11 14:39:00] [INFO] ==================================================
[2026-09-11 14:40:00] [INFO] [OVERSTAY] Cron triggered
[2026-09-11 14:40:00] [INFO] ==================================================
[2026-09-11 14:40:00] [INFO] OVERSTAY CRON STARTED
[2026-09-11 14:40:00] [INFO] ==================================================
[2026-09-11 14:40:00] [INFO] [OVERSTAY] Current India Date/Time: 11/09/2026 14:40:00
[2026-09-11 14:40:00] [INFO] [OVERSTAY] Timezone: Asia/Kolkata
[2026-09-11 14:40:00] [INFO] [OVERSTAY] Staying customers found: 0
[2026-09-11 14:40:00] [INFO] ==================================================
[2026-09-11 14:40:00] [INFO] OVERSTAY CRON COMPLETED
[2026-09-11 14:40:00] [INFO] ==================================================
[2026-09-11 14:41:00] [INFO] [OVERSTAY] Cron triggered
[2026-09-11 14:41:00] [INFO] ==================================================
[2026-09-11 14:41:00] [INFO] OVERSTAY CRON STARTED
[2026-09-11 14:41:00] [INFO] ==================================================
[2026-09-11 14:41:00] [INFO] [OVERSTAY] Current India Date/Time: 11/09/2026 14:41:00
[2026-09-11 14:41:00] [INFO] [OVERSTAY] Timezone: Asia/Kolkata
[2026-09-11 14:41:00] [INFO] [OVERSTAY] Staying customers found: 0
[2026-09-11 14:41:00] [INFO] ==================================================
[2026-09-11 14:41:00] [INFO] OVERSTAY CRON COMPLETED
[2026-09-11 14:41:00] [INFO] ==================================================
[2026-09-11 14:42:00] [INFO] [OVERSTAY] Cron triggered
[2026-09-11 14:42:00] [INFO] ==================================================
[2026-09-11 14:42:00] [INFO] OVERSTAY CRON STARTED
[2026-09-11 14:42:00] [INFO] ==================================================
[2026-09-11 14:42:00] [INFO] [OVERSTAY] Current India Date/Time: 11/09/2026 14:42:00
[2026-09-11 14:42:00] [INFO] [OVERSTAY] Timezone: Asia/Kolkata
[2026-09-11 14:42:00] [INFO] [OVERSTAY] Staying customers found: 0
[2026-09-11 14:42:00] [INFO] ==================================================
[2026-09-11 14:42:00] [INFO] OVERSTAY CRON COMPLETED
[2026-09-11 14:42:00] [INFO] ==================================================
[2026-09-11 14:43:00] [INFO] [OVERSTAY] Cron triggered
[2026-09-11 14:43:00] [INFO] ==================================================
[2026-09-11 14:43:00] [INFO] OVERSTAY CRON STARTED
[2026-09-11 14:43:00] [INFO] ==================================================
[2026-09-11 14:43:00] [INFO] [OVERSTAY] Current India Date/Time: 11/09/2026 14:43:00
[2026-09-11 14:43:00] [INFO] [OVERSTAY] Timezone: Asia/Kolkata
[2026-09-11 14:43:00] [INFO] [OVERSTAY] Staying customers found: 0
[2026-09-11 14:43:00] [INFO] ==================================================
[2026-09-11 14:43:00] [INFO] OVERSTAY CRON COMPLETED
[2026-09-11 14:43:00] [INFO] ==================================================
[2026-09-11 14:43:12] [INFO] INFO
[2026-09-11 14:43:12] [INFO] INFO
[2026-09-11 14:44:00] [INFO] [OVERSTAY] Cron triggered
[2026-09-11 14:44:00] [INFO] ==================================================
[2026-09-11 14:44:00] [INFO] OVERSTAY CRON STARTED
[2026-09-11 14:44:00] [INFO] ==================================================
[2026-09-11 14:44:00] [INFO] [OVERSTAY] Current India Date/Time: 11/09/2026 14:44:00
[2026-09-11 14:44:00] [INFO] [OVERSTAY] Timezone: Asia/Kolkata
[2026-09-11 14:44:00] [INFO] [OVERSTAY] Staying customers found: 0
[2026-09-11 14:44:00] [INFO] ==================================================
[2026-09-11 14:44:00] [INFO] OVERSTAY CRON COMPLETED
[2026-09-11 14:44:00] [INFO] ==================================================
[2026-09-11 14:45:00] [INFO] [OVERSTAY] Cron triggered
[2026-09-11 14:45:00] [INFO] ==================================================
[2026-09-11 14:45:00] [INFO] OVERSTAY CRON STARTED
[2026-09-11 14:45:00] [INFO] ==================================================
[2026-09-11 14:45:00] [INFO] [OVERSTAY] Current India Date/Time: 11/09/2026 14:45:00
[2026-09-11 14:45:00] [INFO] [OVERSTAY] Timezone: Asia/Kolkata
[2026-09-11 14:45:00] [INFO] [OVERSTAY] Staying customers found: 0
[2026-09-11 14:45:00] [INFO] ==================================================
[2026-09-11 14:45:00] [INFO] OVERSTAY CRON COMPLETED
[2026-09-11 14:45:00] [INFO] ==================================================
[2026-09-11 14:46:00] [INFO] [OVERSTAY] Cron triggered
[2026-09-11 14:46:00] [INFO] ==================================================
[2026-09-11 14:46:00] [INFO] OVERSTAY CRON STARTED
[2026-09-11 14:46:00] [INFO] ==================================================
[2026-09-11 14:46:00] [INFO] [OVERSTAY] Current India Date/Time: 11/09/2026 14:46:00
[2026-09-11 14:46:00] [INFO] [OVERSTAY] Timezone: Asia/Kolkata
[2026-09-11 14:46:00] [INFO] [OVERSTAY] Staying customers found: 0
[2026-09-11 14:46:00] [INFO] ==================================================
[2026-09-11 14:46:00] [INFO] OVERSTAY CRON COMPLETED
[2026-09-11 14:46:00] [INFO] ==================================================
[2026-09-11 14:47:00] [INFO] [OVERSTAY] Cron triggered
[2026-09-11 14:47:00] [INFO] ==================================================
[2026-09-11 14:47:00] [INFO] OVERSTAY CRON STARTED
[2026-09-11 14:47:00] [INFO] ==================================================
[2026-09-11 14:47:00] [INFO] [OVERSTAY] Current India Date/Time: 11/09/2026 14:47:00
[2026-09-11 14:47:00] [INFO] [OVERSTAY] Timezone: Asia/Kolkata
[2026-09-11 14:47:00] [INFO] [OVERSTAY] Staying customers found: 0
[2026-09-11 14:47:00] [INFO] ==================================================
[2026-09-11 14:47:00] [INFO] OVERSTAY CRON COMPLETED
[2026-09-11 14:47:00] [INFO] ==================================================
[2026-09-11 14:48:00] [INFO] [OVERSTAY] Cron triggered
[2026-09-11 14:48:00] [INFO] ==================================================
[2026-09-11 14:48:00] [INFO] OVERSTAY CRON STARTED
[2026-09-11 14:48:00] [INFO] ==================================================
[2026-09-11 14:48:00] [INFO] [OVERSTAY] Current India Date/Time: 11/09/2026 14:48:00
[2026-09-11 14:48:00] [INFO] [OVERSTAY] Timezone: Asia/Kolkata
[2026-09-11 14:48:00] [INFO] [OVERSTAY] Staying customers found: 0
[2026-09-11 14:48:00] [INFO] ==================================================
[2026-09-11 14:48:00] [INFO] OVERSTAY CRON COMPLETED
[2026-09-11 14:48:00] [INFO] ==================================================
[2026-09-11 14:48:35] [INFO] INFO
[2026-09-11 14:48:35] [INFO] INFO
[2026-09-11 14:49:00] [INFO] [OVERSTAY] Cron triggered
[2026-09-11 14:49:00] [INFO] ==================================================
[2026-09-11 14:49:00] [INFO] OVERSTAY CRON STARTED
[2026-09-11 14:49:00] [INFO] ==================================================
[2026-09-11 14:49:00] [INFO] [OVERSTAY] Current India Date/Time: 11/09/2026 14:49:00
[2026-09-11 14:49:00] [INFO] [OVERSTAY] Timezone: Asia/Kolkata
[2026-09-11 14:49:00] [INFO] [OVERSTAY] Staying customers found: 0
[2026-09-11 14:49:00] [INFO] ==================================================
[2026-09-11 14:49:00] [INFO] OVERSTAY CRON COMPLETED
[2026-09-11 14:49:00] [INFO] ==================================================
[2026-09-11 14:50:00] [INFO] [OVERSTAY] Cron triggered
[2026-09-11 14:50:00] [INFO] ==================================================
[2026-09-11 14:50:00] [INFO] OVERSTAY CRON STARTED
[2026-09-11 14:50:00] [INFO] ==================================================
[2026-09-11 14:50:00] [INFO] [OVERSTAY] Current India Date/Time: 11/09/2026 14:50:00
[2026-09-11 14:50:00] [INFO] [OVERSTAY] Timezone: Asia/Kolkata
[2026-09-11 14:50:00] [INFO] [OVERSTAY] Staying customers found: 0
[2026-09-11 14:50:00] [INFO] ==================================================
[2026-09-11 14:50:00] [INFO] OVERSTAY CRON COMPLETED
[2026-09-11 14:50:00] [INFO] ==================================================
[2026-09-11 14:51:00] [INFO] [OVERSTAY] Cron triggered
[2026-09-11 14:51:00] [INFO] ==================================================
[2026-09-11 14:51:00] [INFO] OVERSTAY CRON STARTED
[2026-09-11 14:51:00] [INFO] ==================================================
[2026-09-11 14:51:00] [INFO] [OVERSTAY] Current India Date/Time: 11/09/2026 14:51:00
[2026-09-11 14:51:00] [INFO] [OVERSTAY] Timezone: Asia/Kolkata
[2026-09-11 14:51:00] [INFO] [OVERSTAY] Staying customers found: 0
[2026-09-11 14:51:00] [INFO] ==================================================
[2026-09-11 14:51:00] [INFO] OVERSTAY CRON COMPLETED
[2026-09-11 14:51:00] [INFO] ==================================================
[2026-09-11 14:51:36] [INFO] INFO
[2026-09-11 14:51:36] [INFO] INFO
[2026-09-11 14:51:38] [INFO] INFO
[2026-09-11 14:51:38] [INFO] INFO
[2026-09-11 14:52:00] [INFO] [OVERSTAY] Cron triggered
[2026-09-11 14:52:00] [INFO] ==================================================
[2026-09-11 14:52:00] [INFO] OVERSTAY CRON STARTED
[2026-09-11 14:52:00] [INFO] ==================================================
[2026-09-11 14:52:00] [INFO] [OVERSTAY] Current India Date/Time: 11/09/2026 14:52:00
[2026-09-11 14:52:00] [INFO] [OVERSTAY] Timezone: Asia/Kolkata
[2026-09-11 14:52:00] [INFO] [OVERSTAY] Staying customers found: 0
[2026-09-11 14:52:00] [INFO] ==================================================
[2026-09-11 14:52:00] [INFO] OVERSTAY CRON COMPLETED
[2026-09-11 14:52:00] [INFO] ==================================================
[2026-09-11 14:53:00] [INFO] [OVERSTAY] Cron triggered
[2026-09-11 14:53:00] [INFO] ==================================================
[2026-09-11 14:53:00] [INFO] OVERSTAY CRON STARTED
[2026-09-11 14:53:00] [INFO] ==================================================
[2026-09-11 14:53:00] [INFO] [OVERSTAY] Current India Date/Time: 11/09/2026 14:53:00
[2026-09-11 14:53:00] [INFO] [OVERSTAY] Timezone: Asia/Kolkata
[2026-09-11 14:53:00] [INFO] [OVERSTAY] Staying customers found: 0
[2026-09-11 14:53:00] [INFO] ==================================================
[2026-09-11 14:53:00] [INFO] OVERSTAY CRON COMPLETED
[2026-09-11 14:53:00] [INFO] ==================================================
[2026-09-11 14:54:00] [INFO] [OVERSTAY] Cron triggered
[2026-09-11 14:54:00] [INFO] ==================================================
[2026-09-11 14:54:00] [INFO] OVERSTAY CRON STARTED
[2026-09-11 14:54:00] [INFO] ==================================================
[2026-09-11 14:54:00] [INFO] [OVERSTAY] Current India Date/Time: 11/09/2026 14:54:00
[2026-09-11 14:54:00] [INFO] [OVERSTAY] Timezone: Asia/Kolkata
[2026-09-11 14:54:00] [INFO] [OVERSTAY] Staying customers found: 0
[2026-09-11 14:54:00] [INFO] ==================================================
[2026-09-11 14:54:00] [INFO] OVERSTAY CRON COMPLETED
[2026-09-11 14:54:00] [INFO] ==================================================
[2026-09-11 14:55:00] [INFO] [OVERSTAY] Cron triggered
[2026-09-11 14:55:00] [INFO] ==================================================
[2026-09-11 14:55:00] [INFO] OVERSTAY CRON STARTED
[2026-09-11 14:55:00] [INFO] ==================================================
[2026-09-11 14:55:00] [INFO] [OVERSTAY] Current India Date/Time: 11/09/2026 14:55:00
[2026-09-11 14:55:00] [INFO] [OVERSTAY] Timezone: Asia/Kolkata
[2026-09-11 14:55:00] [INFO] [OVERSTAY] Staying customers found: 0
[2026-09-11 14:55:00] [INFO] ==================================================
[2026-09-11 14:55:00] [INFO] OVERSTAY CRON COMPLETED
[2026-09-11 14:55:00] [INFO] ==================================================
[2026-09-11 14:56:00] [INFO] [OVERSTAY] Cron triggered
[2026-09-11 14:56:00] [INFO] ==================================================
[2026-09-11 14:56:00] [INFO] OVERSTAY CRON STARTED
[2026-09-11 14:56:00] [INFO] ==================================================
[2026-09-11 14:56:00] [INFO] [OVERSTAY] Current India Date/Time: 11/09/2026 14:56:00
[2026-09-11 14:56:00] [INFO] [OVERSTAY] Timezone: Asia/Kolkata
[2026-09-11 14:56:00] [INFO] [OVERSTAY] Staying customers found: 0
[2026-09-11 14:56:00] [INFO] ==================================================
[2026-09-11 14:56:00] [INFO] OVERSTAY CRON COMPLETED
[2026-09-11 14:56:00] [INFO] ==================================================
[2026-09-11 14:57:00] [INFO] [OVERSTAY] Cron triggered
[2026-09-11 14:57:00] [INFO] ==================================================
[2026-09-11 14:57:00] [INFO] OVERSTAY CRON STARTED
[2026-09-11 14:57:00] [INFO] ==================================================
[2026-09-11 14:57:00] [INFO] [OVERSTAY] Current India Date/Time: 11/09/2026 14:57:00
[2026-09-11 14:57:00] [INFO] [OVERSTAY] Timezone: Asia/Kolkata
[2026-09-11 14:57:00] [INFO] [OVERSTAY] Staying customers found: 0
[2026-09-11 14:57:00] [INFO] ==================================================
[2026-09-11 14:57:00] [INFO] OVERSTAY CRON COMPLETED
[2026-09-11 14:57:00] [INFO] ==================================================
[2026-09-11 14:57:22] [INFO] INFO
[2026-09-11 14:57:22] [INFO] INFO
[2026-09-11 14:58:00] [INFO] [OVERSTAY] Cron triggered
[2026-09-11 14:58:00] [INFO] ==================================================
[2026-09-11 14:58:00] [INFO] OVERSTAY CRON STARTED
[2026-09-11 14:58:00] [INFO] ==================================================
[2026-09-11 14:58:00] [INFO] [OVERSTAY] Current India Date/Time: 11/09/2026 14:58:00
[2026-09-11 14:58:00] [INFO] [OVERSTAY] Timezone: Asia/Kolkata
[2026-09-11 14:58:00] [INFO] [OVERSTAY] Staying customers found: 0
[2026-09-11 14:58:00] [INFO] ==================================================
[2026-09-11 14:58:00] [INFO] OVERSTAY CRON COMPLETED
[2026-09-11 14:58:00] [INFO] ==================================================
[2026-09-11 14:59:00] [INFO] [OVERSTAY] Cron triggered
[2026-09-11 14:59:00] [INFO] ==================================================
[2026-09-11 14:59:00] [INFO] OVERSTAY CRON STARTED
[2026-09-11 14:59:00] [INFO] ==================================================
[2026-09-11 14:59:00] [INFO] [OVERSTAY] Current India Date/Time: 11/09/2026 14:59:00
[2026-09-11 14:59:00] [INFO] [OVERSTAY] Timezone: Asia/Kolkata
[2026-09-11 14:59:00] [INFO] [OVERSTAY] Staying customers found: 0
[2026-09-11 14:59:00] [INFO] ==================================================
[2026-09-11 14:59:00] [INFO] OVERSTAY CRON COMPLETED
[2026-09-11 14:59:00] [INFO] ==================================================
[2026-09-11 15:00:00] [INFO] [OVERSTAY] Cron triggered
[2026-09-11 15:00:00] [INFO] ==================================================
[2026-09-11 15:00:00] [INFO] OVERSTAY CRON STARTED
[2026-09-11 15:00:00] [INFO] ==================================================
[2026-09-11 15:00:00] [INFO] [OVERSTAY] Current India Date/Time: 11/09/2026 15:00:00
[2026-09-11 15:00:00] [INFO] [OVERSTAY] Timezone: Asia/Kolkata
[2026-09-11 15:00:00] [INFO] [OVERSTAY] Staying customers found: 0
[2026-09-11 15:00:00] [INFO] ==================================================
[2026-09-11 15:00:00] [INFO] OVERSTAY CRON COMPLETED
[2026-09-11 15:00:00] [INFO] ==================================================
[2026-09-11 15:01:00] [INFO] [OVERSTAY] Cron triggered
[2026-09-11 15:01:00] [INFO] ==================================================
[2026-09-11 15:01:00] [INFO] OVERSTAY CRON STARTED
[2026-09-11 15:01:00] [INFO] ==================================================
[2026-09-11 15:01:00] [INFO] [OVERSTAY] Current India Date/Time: 11/09/2026 15:01:00
[2026-09-11 15:01:00] [INFO] [OVERSTAY] Timezone: Asia/Kolkata
[2026-09-11 15:01:00] [INFO] [OVERSTAY] Staying customers found: 0
[2026-09-11 15:01:00] [INFO] ==================================================
[2026-09-11 15:01:00] [INFO] OVERSTAY CRON COMPLETED
[2026-09-11 15:01:00] [INFO] ==================================================
[2026-09-11 15:02:00] [INFO] [OVERSTAY] Cron triggered
[2026-09-11 15:02:00] [INFO] ==================================================
[2026-09-11 15:02:00] [INFO] OVERSTAY CRON STARTED
[2026-09-11 15:02:00] [INFO] ==================================================
[2026-09-11 15:02:00] [INFO] [OVERSTAY] Current India Date/Time: 11/09/2026 15:02:00
[2026-09-11 15:02:00] [INFO] [OVERSTAY] Timezone: Asia/Kolkata
[2026-09-11 15:02:00] [INFO] [OVERSTAY] Staying customers found: 0
[2026-09-11 15:02:00] [INFO] ==================================================
[2026-09-11 15:02:00] [INFO] OVERSTAY CRON COMPLETED
[2026-09-11 15:02:00] [INFO] ==================================================
[2026-09-11 15:02:02] [INFO] INFO
[2026-09-11 15:02:02] [INFO] INFO
[2026-09-11 15:03:00] [INFO] [OVERSTAY] Cron triggered
[2026-09-11 15:03:00] [INFO] ==================================================
[2026-09-11 15:03:00] [INFO] OVERSTAY CRON STARTED
[2026-09-11 15:03:00] [INFO] ==================================================
[2026-09-11 15:03:00] [INFO] [OVERSTAY] Current India Date/Time: 11/09/2026 15:03:00
[2026-09-11 15:03:00] [INFO] [OVERSTAY] Timezone: Asia/Kolkata
[2026-09-11 15:03:00] [INFO] [OVERSTAY] Staying customers found: 0
[2026-09-11 15:03:00] [INFO] ==================================================
[2026-09-11 15:03:00] [INFO] OVERSTAY CRON COMPLETED
[2026-09-11 15:03:00] [INFO] ==================================================
[2026-09-11 15:04:00] [INFO] [OVERSTAY] Cron triggered
[2026-09-11 15:04:00] [INFO] ==================================================
[2026-09-11 15:04:00] [INFO] OVERSTAY CRON STARTED
[2026-09-11 15:04:00] [INFO] ==================================================
[2026-09-11 15:04:00] [INFO] [OVERSTAY] Current India Date/Time: 11/09/2026 15:04:00
[2026-09-11 15:04:00] [INFO] [OVERSTAY] Timezone: Asia/Kolkata
[2026-09-11 15:04:00] [INFO] [OVERSTAY] Staying customers found: 0
[2026-09-11 15:04:00] [INFO] ==================================================
[2026-09-11 15:04:00] [INFO] OVERSTAY CRON COMPLETED
[2026-09-11 15:04:00] [INFO] ==================================================
[2026-09-11 15:04:10] [INFO] INFO
[2026-09-11 15:04:10] [INFO] INFO
[2026-09-11 15:05:00] [INFO] [OVERSTAY] Cron triggered
[2026-09-11 15:05:00] [INFO] ==================================================
[2026-09-11 15:05:00] [INFO] OVERSTAY CRON STARTED
[2026-09-11 15:05:00] [INFO] ==================================================
[2026-09-11 15:05:00] [INFO] [OVERSTAY] Current India Date/Time: 11/09/2026 15:05:00
[2026-09-11 15:05:00] [INFO] [OVERSTAY] Timezone: Asia/Kolkata
[2026-09-11 15:05:00] [INFO] [OVERSTAY] Staying customers found: 0
[2026-09-11 15:05:00] [INFO] ==================================================
[2026-09-11 15:05:00] [INFO] OVERSTAY CRON COMPLETED
[2026-09-11 15:05:00] [INFO] ==================================================
[2026-09-11 15:05:04] [INFO] INFO
[2026-09-11 15:05:04] [INFO] INFO
[2026-09-11 15:06:00] [INFO] [OVERSTAY] Cron triggered
[2026-09-11 15:06:00] [INFO] ==================================================
[2026-09-11 15:06:00] [INFO] OVERSTAY CRON STARTED
[2026-09-11 15:06:00] [INFO] ==================================================
[2026-09-11 15:06:00] [INFO] [OVERSTAY] Current India Date/Time: 11/09/2026 15:06:00
[2026-09-11 15:06:00] [INFO] [OVERSTAY] Timezone: Asia/Kolkata
[2026-09-11 15:06:00] [INFO] [OVERSTAY] Staying customers found: 0
[2026-09-11 15:06:00] [INFO] ==================================================
[2026-09-11 15:06:00] [INFO] OVERSTAY CRON COMPLETED
[2026-09-11 15:06:00] [INFO] ==================================================
[2026-09-11 15:07:00] [INFO] [OVERSTAY] Cron triggered
[2026-09-11 15:07:00] [INFO] ==================================================
[2026-09-11 15:07:00] [INFO] OVERSTAY CRON STARTED
[2026-09-11 15:07:00] [INFO] ==================================================
[2026-09-11 15:07:00] [INFO] [OVERSTAY] Current India Date/Time: 11/09/2026 15:07:00
[2026-09-11 15:07:00] [INFO] [OVERSTAY] Timezone: Asia/Kolkata
[2026-09-11 15:07:00] [INFO] [OVERSTAY] Staying customers found: 0
[2026-09-11 15:07:00] [INFO] ==================================================
[2026-09-11 15:07:00] [INFO] OVERSTAY CRON COMPLETED
[2026-09-11 15:07:00] [INFO] ==================================================
[2026-09-11 15:08:00] [INFO] [OVERSTAY] Cron triggered
[2026-09-11 15:08:00] [INFO] ==================================================
[2026-09-11 15:08:00] [INFO] OVERSTAY CRON STARTED
[2026-09-11 15:08:00] [INFO] ==================================================
[2026-09-11 15:08:00] [INFO] [OVERSTAY] Current India Date/Time: 11/09/2026 15:08:00
[2026-09-11 15:08:00] [INFO] [OVERSTAY] Timezone: Asia/Kolkata
[2026-09-11 15:08:00] [INFO] [OVERSTAY] Staying customers found: 0
[2026-09-11 15:08:00] [INFO] ==================================================
[2026-09-11 15:08:00] [INFO] OVERSTAY CRON COMPLETED
[2026-09-11 15:08:00] [INFO] ==================================================
[2026-09-11 15:09:00] [INFO] [OVERSTAY] Cron triggered
[2026-09-11 15:09:00] [INFO] ==================================================
[2026-09-11 15:09:00] [INFO] OVERSTAY CRON STARTED
[2026-09-11 15:09:00] [INFO] ==================================================
[2026-09-11 15:09:00] [INFO] [OVERSTAY] Current India Date/Time: 11/09/2026 15:09:00
[2026-09-11 15:09:00] [INFO] [OVERSTAY] Timezone: Asia/Kolkata
[2026-09-11 15:09:00] [INFO] [OVERSTAY] Staying customers found: 0
[2026-09-11 15:09:00] [INFO] ==================================================
[2026-09-11 15:09:00] [INFO] OVERSTAY CRON COMPLETED
[2026-09-11 15:09:00] [INFO] ==================================================
[2026-09-11 15:10:00] [INFO] [OVERSTAY] Cron triggered
[2026-09-11 15:10:00] [INFO] ==================================================
[2026-09-11 15:10:00] [INFO] OVERSTAY CRON STARTED
[2026-09-11 15:10:00] [INFO] ==================================================
[2026-09-11 15:10:00] [INFO] [OVERSTAY] Current India Date/Time: 11/09/2026 15:10:00
[2026-09-11 15:10:00] [INFO] [OVERSTAY] Timezone: Asia/Kolkata
[2026-09-11 15:10:00] [INFO] [OVERSTAY] Staying customers found: 0
[2026-09-11 15:10:00] [INFO] ==================================================
[2026-09-11 15:10:00] [INFO] OVERSTAY CRON COMPLETED
[2026-09-11 15:10:00] [INFO] ==================================================
[2026-09-11 15:11:00] [INFO] [OVERSTAY] Cron triggered
[2026-09-11 15:11:00] [INFO] ==================================================
[2026-09-11 15:11:00] [INFO] OVERSTAY CRON STARTED
[2026-09-11 15:11:00] [INFO] ==================================================
[2026-09-11 15:11:00] [INFO] [OVERSTAY] Current India Date/Time: 11/09/2026 15:11:00
[2026-09-11 15:11:00] [INFO] [OVERSTAY] Timezone: Asia/Kolkata
[2026-09-11 15:11:00] [INFO] [OVERSTAY] Staying customers found: 0
[2026-09-11 15:11:00] [INFO] ==================================================
[2026-09-11 15:11:00] [INFO] OVERSTAY CRON COMPLETED
[2026-09-11 15:11:00] [INFO] ==================================================
[2026-09-11 15:11:00] [INFO] INFO
[2026-09-11 15:11:00] [INFO] INFO
[2026-09-11 15:11:01] [INFO] INFO
[2026-09-11 15:11:01] [INFO] INFO
[2026-09-11 15:12:00] [INFO] [OVERSTAY] Cron triggered
[2026-09-11 15:12:00] [INFO] ==================================================
[2026-09-11 15:12:00] [INFO] OVERSTAY CRON STARTED
[2026-09-11 15:12:00] [INFO] ==================================================
[2026-09-11 15:12:00] [INFO] [OVERSTAY] Current India Date/Time: 11/09/2026 15:12:00
[2026-09-11 15:12:00] [INFO] [OVERSTAY] Timezone: Asia/Kolkata
[2026-09-11 15:12:00] [INFO] [OVERSTAY] Staying customers found: 0
[2026-09-11 15:12:00] [INFO] ==================================================
[2026-09-11 15:12:00] [INFO] OVERSTAY CRON COMPLETED
[2026-09-11 15:12:00] [INFO] ==================================================
[2026-09-11 15:13:00] [INFO] [OVERSTAY] Cron triggered
[2026-09-11 15:13:00] [INFO] ==================================================
[2026-09-11 15:13:00] [INFO] OVERSTAY CRON STARTED
[2026-09-11 15:13:00] [INFO] ==================================================
[2026-09-11 15:13:00] [INFO] [OVERSTAY] Current India Date/Time: 11/09/2026 15:13:00
[2026-09-11 15:13:00] [INFO] [OVERSTAY] Timezone: Asia/Kolkata
[2026-09-11 15:13:00] [INFO] [OVERSTAY] Staying customers found: 0
[2026-09-11 15:13:00] [INFO] ==================================================
[2026-09-11 15:13:00] [INFO] OVERSTAY CRON COMPLETED
[2026-09-11 15:13:00] [INFO] ==================================================
[2026-09-11 15:14:00] [INFO] [OVERSTAY] Cron triggered
[2026-09-11 15:14:00] [INFO] ==================================================
[2026-09-11 15:14:00] [INFO] OVERSTAY CRON STARTED
[2026-09-11 15:14:00] [INFO] ==================================================
[2026-09-11 15:14:00] [INFO] [OVERSTAY] Current India Date/Time: 11/09/2026 15:14:00
[2026-09-11 15:14:00] [INFO] [OVERSTAY] Timezone: Asia/Kolkata
[2026-09-11 15:14:00] [INFO] [OVERSTAY] Staying customers found: 0
[2026-09-11 15:14:00] [INFO] ==================================================
[2026-09-11 15:14:00] [INFO] OVERSTAY CRON COMPLETED
[2026-09-11 15:14:00] [INFO] ==================================================
[2026-09-11 15:14:54] [INFO] INFO
[2026-09-11 15:14:54] [INFO] Customer created successfully: 6aa3cd960f19f64090d7831e - Manikandan
[2026-09-11 15:14:55] [INFO] INFO
[2026-09-11 15:14:55] [INFO] INFO
[2026-09-11 15:15:00] [INFO] [OVERSTAY] Cron triggered
[2026-09-11 15:15:00] [INFO] ==================================================
[2026-09-11 15:15:00] [INFO] OVERSTAY CRON STARTED
[2026-09-11 15:15:00] [INFO] ==================================================
[2026-09-11 15:15:00] [INFO] [OVERSTAY] Current India Date/Time: 11/09/2026 15:15:00
[2026-09-11 15:15:00] [INFO] [OVERSTAY] Timezone: Asia/Kolkata
[2026-09-11 15:15:00] [INFO] [OVERSTAY] Staying customers found: 0
[2026-09-11 15:15:00] [INFO] ==================================================
[2026-09-11 15:15:00] [INFO] OVERSTAY CRON COMPLETED
[2026-09-11 15:15:00] [INFO] ==================================================
[2026-09-11 15:15:58] [INFO] INFO
[2026-09-11 15:15:58] [INFO] INFO
[2026-09-11 15:15:58] [INFO] INFO
[2026-09-11 15:15:58] [INFO] INFO
[2026-09-11 15:15:59] [INFO] INFO
[2026-09-11 15:15:59] [INFO] INFO
[2026-09-11 15:16:00] [INFO] [OVERSTAY] Cron triggered
[2026-09-11 15:16:00] [INFO] ==================================================
[2026-09-11 15:16:00] [INFO] OVERSTAY CRON STARTED
[2026-09-11 15:16:00] [INFO] ==================================================
[2026-09-11 15:16:00] [INFO] [OVERSTAY] Current India Date/Time: 11/09/2026 15:16:00
[2026-09-11 15:16:00] [INFO] [OVERSTAY] Timezone: Asia/Kolkata
[2026-09-11 15:16:00] [INFO] [OVERSTAY] Staying customers found: 0
[2026-09-11 15:16:00] [INFO] ==================================================
[2026-09-11 15:16:00] [INFO] OVERSTAY CRON COMPLETED
[2026-09-11 15:16:00] [INFO] ==================================================
[2026-09-11 15:17:00] [INFO] [OVERSTAY] Cron triggered
[2026-09-11 15:17:00] [INFO] ==================================================
[2026-09-11 15:17:00] [INFO] OVERSTAY CRON STARTED
[2026-09-11 15:17:00] [INFO] ==================================================
[2026-09-11 15:17:00] [INFO] [OVERSTAY] Current India Date/Time: 11/09/2026 15:17:00
[2026-09-11 15:17:00] [INFO] [OVERSTAY] Timezone: Asia/Kolkata
[2026-09-11 15:17:00] [INFO] [OVERSTAY] Staying customers found: 0
[2026-09-11 15:17:00] [INFO] ==================================================
[2026-09-11 15:17:00] [INFO] OVERSTAY CRON COMPLETED
[2026-09-11 15:17:00] [INFO] ==================================================
[2026-09-11 15:18:00] [INFO] [OVERSTAY] Cron triggered
[2026-09-11 15:18:00] [INFO] ==================================================
[2026-09-11 15:18:00] [INFO] OVERSTAY CRON STARTED
[2026-09-11 15:18:00] [INFO] ==================================================
[2026-09-11 15:18:00] [INFO] [OVERSTAY] Current India Date/Time: 11/09/2026 15:18:00
[2026-09-11 15:18:00] [INFO] [OVERSTAY] Timezone: Asia/Kolkata
[2026-09-11 15:18:00] [INFO] [OVERSTAY] Staying customers found: 0
[2026-09-11 15:18:00] [INFO] ==================================================
[2026-09-11 15:18:00] [INFO] OVERSTAY CRON COMPLETED
[2026-09-11 15:18:00] [INFO] ==================================================
[2026-09-11 15:19:00] [INFO] [OVERSTAY] Cron triggered
[2026-09-11 15:19:00] [INFO] ==================================================
[2026-09-11 15:19:00] [INFO] OVERSTAY CRON STARTED
[2026-09-11 15:19:00] [INFO] ==================================================
[2026-09-11 15:19:00] [INFO] [OVERSTAY] Current India Date/Time: 11/09/2026 15:19:00
[2026-09-11 15:19:00] [INFO] [OVERSTAY] Timezone: Asia/Kolkata
[2026-09-11 15:19:00] [INFO] [OVERSTAY] Staying customers found: 0
[2026-09-11 15:19:00] [INFO] ==================================================
[2026-09-11 15:19:00] [INFO] OVERSTAY CRON COMPLETED
[2026-09-11 15:19:00] [INFO] ==================================================
[2026-09-11 15:20:00] [INFO] [OVERSTAY] Cron triggered
[2026-09-11 15:20:00] [INFO] ==================================================
[2026-09-11 15:20:00] [INFO] OVERSTAY CRON STARTED
[2026-09-11 15:20:00] [INFO] ==================================================
[2026-09-11 15:20:00] [INFO] [OVERSTAY] Current India Date/Time: 11/09/2026 15:20:00
[2026-09-11 15:20:00] [INFO] [OVERSTAY] Timezone: Asia/Kolkata
[2026-09-11 15:20:00] [INFO] [OVERSTAY] Staying customers found: 0
[2026-09-11 15:20:00] [INFO] ==================================================
[2026-09-11 15:20:00] [INFO] OVERSTAY CRON COMPLETED
[2026-09-11 15:20:00] [INFO] ==================================================
[2026-09-11 15:21:00] [INFO] [OVERSTAY] Cron triggered
[2026-09-11 15:21:00] [INFO] ==================================================
[2026-09-11 15:21:00] [INFO] OVERSTAY CRON STARTED
[2026-09-11 15:21:00] [INFO] ==================================================
[2026-09-11 15:21:00] [INFO] [OVERSTAY] Current India Date/Time: 11/09/2026 15:21:00
[2026-09-11 15:21:00] [INFO] [OVERSTAY] Timezone: Asia/Kolkata
[2026-09-11 15:21:00] [INFO] [OVERSTAY] Staying customers found: 0
[2026-09-11 15:21:00] [INFO] ==================================================
[2026-09-11 15:21:00] [INFO] OVERSTAY CRON COMPLETED
[2026-09-11 15:21:00] [INFO] ==================================================
[2026-09-11 15:22:00] [INFO] [OVERSTAY] Cron triggered
[2026-09-11 15:22:00] [INFO] ==================================================
[2026-09-11 15:22:00] [INFO] OVERSTAY CRON STARTED
[2026-09-11 15:22:00] [INFO] ==================================================
[2026-09-11 15:22:00] [INFO] [OVERSTAY] Current India Date/Time: 11/09/2026 15:22:00
[2026-09-11 15:22:00] [INFO] [OVERSTAY] Timezone: Asia/Kolkata
[2026-09-11 15:22:00] [INFO] [OVERSTAY] Staying customers found: 0
[2026-09-11 15:22:00] [INFO] ==================================================
[2026-09-11 15:22:00] [INFO] OVERSTAY CRON COMPLETED
[2026-09-11 15:22:00] [INFO] ==================================================
[2026-09-11 15:23:00] [INFO] [OVERSTAY] Cron triggered
[2026-09-11 15:23:00] [INFO] ==================================================
[2026-09-11 15:23:00] [INFO] OVERSTAY CRON STARTED
[2026-09-11 15:23:00] [INFO] ==================================================
[2026-09-11 15:23:00] [INFO] [OVERSTAY] Current India Date/Time: 11/09/2026 15:23:00
[2026-09-11 15:23:00] [INFO] [OVERSTAY] Timezone: Asia/Kolkata
[2026-09-11 15:23:00] [INFO] [OVERSTAY] Staying customers found: 0
[2026-09-11 15:23:00] [INFO] ==================================================
[2026-09-11 15:23:00] [INFO] OVERSTAY CRON COMPLETED
[2026-09-11 15:23:00] [INFO] ==================================================
[2026-09-11 15:24:00] [INFO] [OVERSTAY] Cron triggered
[2026-09-11 15:24:00] [INFO] ==================================================
[2026-09-11 15:24:00] [INFO] OVERSTAY CRON STARTED
[2026-09-11 15:24:00] [INFO] ==================================================
[2026-09-11 15:24:00] [INFO] [OVERSTAY] Current India Date/Time: 11/09/2026 15:24:00
[2026-09-11 15:24:00] [INFO] [OVERSTAY] Timezone: Asia/Kolkata
[2026-09-11 15:24:00] [INFO] [OVERSTAY] Staying customers found: 0
[2026-09-11 15:24:00] [INFO] ==================================================
[2026-09-11 15:24:00] [INFO] OVERSTAY CRON COMPLETED
[2026-09-11 15:24:00] [INFO] ==================================================
[2026-09-11 15:25:00] [INFO] [OVERSTAY] Cron triggered
[2026-09-11 15:25:00] [INFO] ==================================================
[2026-09-11 15:25:00] [INFO] OVERSTAY CRON STARTED
[2026-09-11 15:25:00] [INFO] ==================================================
[2026-09-11 15:25:00] [INFO] [OVERSTAY] Current India Date/Time: 11/09/2026 15:25:00
[2026-09-11 15:25:00] [INFO] [OVERSTAY] Timezone: Asia/Kolkata
[2026-09-11 15:25:00] [INFO] [OVERSTAY] Staying customers found: 0
[2026-09-11 15:25:00] [INFO] ==================================================
[2026-09-11 15:25:00] [INFO] OVERSTAY CRON COMPLETED
[2026-09-11 15:25:00] [INFO] ==================================================
[2026-09-11 15:26:00] [INFO] [OVERSTAY] Cron triggered
[2026-09-11 15:26:00] [INFO] ==================================================
[2026-09-11 15:26:00] [INFO] OVERSTAY CRON STARTED
[2026-09-11 15:26:00] [INFO] ==================================================
[2026-09-11 15:26:00] [INFO] [OVERSTAY] Current India Date/Time: 11/09/2026 15:26:00
[2026-09-11 15:26:00] [INFO] [OVERSTAY] Timezone: Asia/Kolkata
[2026-09-11 15:26:00] [INFO] [OVERSTAY] Staying customers found: 0
[2026-09-11 15:26:00] [INFO] ==================================================
[2026-09-11 15:26:00] [INFO] OVERSTAY CRON COMPLETED
[2026-09-11 15:26:00] [INFO] ==================================================
[2026-09-11 15:27:00] [INFO] [OVERSTAY] Cron triggered
[2026-09-11 15:27:00] [INFO] ==================================================
[2026-09-11 15:27:00] [INFO] OVERSTAY CRON STARTED
[2026-09-11 15:27:00] [INFO] ==================================================
[2026-09-11 15:27:00] [INFO] [OVERSTAY] Current India Date/Time: 11/09/2026 15:27:00
[2026-09-11 15:27:00] [INFO] [OVERSTAY] Timezone: Asia/Kolkata
[2026-09-11 15:27:00] [INFO] [OVERSTAY] Staying customers found: 0
[2026-09-11 15:27:00] [INFO] ==================================================
[2026-09-11 15:27:00] [INFO] OVERSTAY CRON COMPLETED
[2026-09-11 15:27:00] [INFO] ==================================================
[2026-09-11 15:28:00] [INFO] [OVERSTAY] Cron triggered
[2026-09-11 15:28:00] [INFO] ==================================================
[2026-09-11 15:28:00] [INFO] OVERSTAY CRON STARTED
[2026-09-11 15:28:00] [INFO] ==================================================
[2026-09-11 15:28:00] [INFO] [OVERSTAY] Current India Date/Time: 11/09/2026 15:28:00
[2026-09-11 15:28:00] [INFO] [OVERSTAY] Timezone: Asia/Kolkata
[2026-09-11 15:28:00] [INFO] [OVERSTAY] Staying customers found: 0
[2026-09-11 15:28:00] [INFO] ==================================================
[2026-09-11 15:28:00] [INFO] OVERSTAY CRON COMPLETED
[2026-09-11 15:28:00] [INFO] ==================================================
[2026-09-11 15:29:00] [INFO] [OVERSTAY] Cron triggered
[2026-09-11 15:29:00] [INFO] ==================================================
[2026-09-11 15:29:00] [INFO] OVERSTAY CRON STARTED
[2026-09-11 15:29:00] [INFO] ==================================================
[2026-09-11 15:29:00] [INFO] [OVERSTAY] Current India Date/Time: 11/09/2026 15:29:00
[2026-09-11 15:29:00] [INFO] [OVERSTAY] Timezone: Asia/Kolkata
[2026-09-11 15:29:00] [INFO] [OVERSTAY] Staying customers found: 0
[2026-09-11 15:29:00] [INFO] ==================================================
[2026-09-11 15:29:00] [INFO] OVERSTAY CRON COMPLETED
[2026-09-11 15:29:00] [INFO] ==================================================
[2026-09-11 15:30:00] [INFO] [OVERSTAY] Cron triggered
[2026-09-11 15:30:00] [INFO] ==================================================
[2026-09-11 15:30:00] [INFO] OVERSTAY CRON STARTED
[2026-09-11 15:30:00] [INFO] ==================================================
[2026-09-11 15:30:00] [INFO] [OVERSTAY] Current India Date/Time: 11/09/2026 15:30:00
[2026-09-11 15:30:00] [INFO] [OVERSTAY] Timezone: Asia/Kolkata
[2026-09-11 15:30:00] [INFO] [OVERSTAY] Staying customers found: 0
[2026-09-11 15:30:00] [INFO] ==================================================
[2026-09-11 15:30:00] [INFO] OVERSTAY CRON COMPLETED
[2026-09-11 15:30:00] [INFO] ==================================================
[2026-09-11 15:31:00] [INFO] [OVERSTAY] Cron triggered
[2026-09-11 15:31:00] [INFO] ==================================================
[2026-09-11 15:31:00] [INFO] OVERSTAY CRON STARTED
[2026-09-11 15:31:00] [INFO] ==================================================
[2026-09-11 15:31:00] [INFO] [OVERSTAY] Current India Date/Time: 11/09/2026 15:31:00
[2026-09-11 15:31:00] [INFO] [OVERSTAY] Timezone: Asia/Kolkata
[2026-09-11 15:31:00] [INFO] [OVERSTAY] Staying customers found: 0
[2026-09-11 15:31:00] [INFO] ==================================================
[2026-09-11 15:31:00] [INFO] OVERSTAY CRON COMPLETED
[2026-09-11 15:31:00] [INFO] ==================================================
[2026-09-11 15:32:00] [INFO] [OVERSTAY] Cron triggered
[2026-09-11 15:32:00] [INFO] ==================================================
[2026-09-11 15:32:00] [INFO] OVERSTAY CRON STARTED
[2026-09-11 15:32:00] [INFO] ==================================================
[2026-09-11 15:32:00] [INFO] [OVERSTAY] Current India Date/Time: 11/09/2026 15:32:00
[2026-09-11 15:32:00] [INFO] [OVERSTAY] Timezone: Asia/Kolkata
[2026-09-11 15:32:00] [INFO] [OVERSTAY] Staying customers found: 0
[2026-09-11 15:32:00] [INFO] ==================================================
[2026-09-11 15:32:00] [INFO] OVERSTAY CRON COMPLETED
[2026-09-11 15:32:00] [INFO] ==================================================
[2026-09-11 15:33:00] [INFO] [OVERSTAY] Cron triggered
[2026-09-11 15:33:00] [INFO] ==================================================
[2026-09-11 15:33:00] [INFO] OVERSTAY CRON STARTED
[2026-09-11 15:33:00] [INFO] ==================================================
[2026-09-11 15:33:00] [INFO] [OVERSTAY] Current India Date/Time: 11/09/2026 15:33:00
[2026-09-11 15:33:00] [INFO] [OVERSTAY] Timezone: Asia/Kolkata
[2026-09-11 15:33:00] [INFO] [OVERSTAY] Staying customers found: 0
[2026-09-11 15:33:00] [INFO] ==================================================
[2026-09-11 15:33:00] [INFO] OVERSTAY CRON COMPLETED
[2026-09-11 15:33:00] [INFO] ==================================================
[2026-09-11 15:34:00] [INFO] [OVERSTAY] Cron triggered
[2026-09-11 15:34:00] [INFO] ==================================================
[2026-09-11 15:34:00] [INFO] OVERSTAY CRON STARTED
[2026-09-11 15:34:00] [INFO] ==================================================
[2026-09-11 15:34:00] [INFO] [OVERSTAY] Current India Date/Time: 11/09/2026 15:34:00
[2026-09-11 15:34:00] [INFO] [OVERSTAY] Timezone: Asia/Kolkata
[2026-09-11 15:34:00] [INFO] [OVERSTAY] Staying customers found: 0
[2026-09-11 15:34:00] [INFO] ==================================================
[2026-09-11 15:34:00] [INFO] OVERSTAY CRON COMPLETED
[2026-09-11 15:34:00] [INFO] ==================================================
[2026-09-11 15:35:00] [INFO] [OVERSTAY] Cron triggered
[2026-09-11 15:35:00] [INFO] ==================================================
[2026-09-11 15:35:00] [INFO] OVERSTAY CRON STARTED
[2026-09-11 15:35:00] [INFO] ==================================================
[2026-09-11 15:35:00] [INFO] [OVERSTAY] Current India Date/Time: 11/09/2026 15:35:00
[2026-09-11 15:35:00] [INFO] [OVERSTAY] Timezone: Asia/Kolkata
[2026-09-11 15:35:00] [INFO] [OVERSTAY] Staying customers found: 0
[2026-09-11 15:35:00] [INFO] ==================================================
[2026-09-11 15:35:00] [INFO] OVERSTAY CRON COMPLETED
[2026-09-11 15:35:00] [INFO] ==================================================
[2026-09-11 15:36:00] [INFO] [OVERSTAY] Cron triggered
[2026-09-11 15:36:00] [INFO] ==================================================
[2026-09-11 15:36:00] [INFO] OVERSTAY CRON STARTED
[2026-09-11 15:36:00] [INFO] ==================================================
[2026-09-11 15:36:00] [INFO] [OVERSTAY] Current India Date/Time: 11/09/2026 15:36:00
[2026-09-11 15:36:00] [INFO] [OVERSTAY] Timezone: Asia/Kolkata
[2026-09-11 15:36:00] [INFO] [OVERSTAY] Staying customers found: 0
[2026-09-11 15:36:00] [INFO] ==================================================
[2026-09-11 15:36:00] [INFO] OVERSTAY CRON COMPLETED
[2026-09-11 15:36:00] [INFO] ==================================================
[2026-09-11 15:37:00] [INFO] [OVERSTAY] Cron triggered
[2026-09-11 15:37:00] [INFO] ==================================================
[2026-09-11 15:37:00] [INFO] OVERSTAY CRON STARTED
[2026-09-11 15:37:00] [INFO] ==================================================
[2026-09-11 15:37:00] [INFO] [OVERSTAY] Current India Date/Time: 11/09/2026 15:37:00
[2026-09-11 15:37:00] [INFO] [OVERSTAY] Timezone: Asia/Kolkata
[2026-09-11 15:37:00] [INFO] [OVERSTAY] Staying customers found: 0
[2026-09-11 15:37:00] [INFO] ==================================================
[2026-09-11 15:37:00] [INFO] OVERSTAY CRON COMPLETED
[2026-09-11 15:37:00] [INFO] ==================================================
[2026-09-11 15:38:00] [INFO] [OVERSTAY] Cron triggered
[2026-09-11 15:38:00] [INFO] ==================================================
[2026-09-11 15:38:00] [INFO] OVERSTAY CRON STARTED
[2026-09-11 15:38:00] [INFO] ==================================================
[2026-09-11 15:38:00] [INFO] [OVERSTAY] Current India Date/Time: 11/09/2026 15:38:00
[2026-09-11 15:38:00] [INFO] [OVERSTAY] Timezone: Asia/Kolkata
[2026-09-11 15:38:00] [INFO] [OVERSTAY] Staying customers found: 0
[2026-09-11 15:38:00] [INFO] ==================================================
[2026-09-11 15:38:00] [INFO] OVERSTAY CRON COMPLETED
[2026-09-11 15:38:00] [INFO] ==================================================
[2026-09-11 15:39:00] [INFO] [OVERSTAY] Cron triggered
[2026-09-11 15:39:00] [INFO] ==================================================
[2026-09-11 15:39:00] [INFO] OVERSTAY CRON STARTED
[2026-09-11 15:39:00] [INFO] ==================================================
[2026-09-11 15:39:00] [INFO] [OVERSTAY] Current India Date/Time: 11/09/2026 15:39:00
[2026-09-11 15:39:00] [INFO] [OVERSTAY] Timezone: Asia/Kolkata
[2026-09-11 15:39:00] [INFO] [OVERSTAY] Staying customers found: 0
[2026-09-11 15:39:00] [INFO] ==================================================
[2026-09-11 15:39:00] [INFO] OVERSTAY CRON COMPLETED
[2026-09-11 15:39:00] [INFO] ==================================================
[2026-09-11 15:40:00] [INFO] [OVERSTAY] Cron triggered
[2026-09-11 15:40:00] [INFO] ==================================================
[2026-09-11 15:40:00] [INFO] OVERSTAY CRON STARTED
[2026-09-11 15:40:00] [INFO] ==================================================
[2026-09-11 15:40:00] [INFO] [OVERSTAY] Current India Date/Time: 11/09/2026 15:40:00
[2026-09-11 15:40:00] [INFO] [OVERSTAY] Timezone: Asia/Kolkata
[2026-09-11 15:40:00] [INFO] [OVERSTAY] Staying customers found: 0
[2026-09-11 15:40:00] [INFO] ==================================================
[2026-09-11 15:40:00] [INFO] OVERSTAY CRON COMPLETED
[2026-09-11 15:40:00] [INFO] ==================================================
[2026-09-11 15:41:00] [INFO] [OVERSTAY] Cron triggered
[2026-09-11 15:41:00] [INFO] ==================================================
[2026-09-11 15:41:00] [INFO] OVERSTAY CRON STARTED
[2026-09-11 15:41:00] [INFO] ==================================================
[2026-09-11 15:41:00] [INFO] [OVERSTAY] Current India Date/Time: 11/09/2026 15:41:00
[2026-09-11 15:41:00] [INFO] [OVERSTAY] Timezone: Asia/Kolkata
[2026-09-11 15:41:00] [INFO] [OVERSTAY] Staying customers found: 0
[2026-09-11 15:41:00] [INFO] ==================================================
[2026-09-11 15:41:00] [INFO] OVERSTAY CRON COMPLETED
[2026-09-11 15:41:00] [INFO] ==================================================
[2026-09-11 15:42:00] [INFO] [OVERSTAY] Cron triggered
[2026-09-11 15:42:00] [INFO] ==================================================
[2026-09-11 15:42:00] [INFO] OVERSTAY CRON STARTED
[2026-09-11 15:42:00] [INFO] ==================================================
[2026-09-11 15:42:00] [INFO] [OVERSTAY] Current India Date/Time: 11/09/2026 15:42:00
[2026-09-11 15:42:00] [INFO] [OVERSTAY] Timezone: Asia/Kolkata
[2026-09-11 15:42:00] [INFO] [OVERSTAY] Staying customers found: 0
[2026-09-11 15:42:00] [INFO] ==================================================
[2026-09-11 15:42:00] [INFO] OVERSTAY CRON COMPLETED
[2026-09-11 15:42:00] [INFO] ==================================================
[2026-09-11 15:43:00] [INFO] [OVERSTAY] Cron triggered
[2026-09-11 15:43:00] [INFO] ==================================================
[2026-09-11 15:43:00] [INFO] OVERSTAY CRON STARTED
[2026-09-11 15:43:00] [INFO] ==================================================
[2026-09-11 15:43:00] [INFO] [OVERSTAY] Current India Date/Time: 11/09/2026 15:43:00
[2026-09-11 15:43:00] [INFO] [OVERSTAY] Timezone: Asia/Kolkata
[2026-09-11 15:43:00] [INFO] [OVERSTAY] Staying customers found: 0
[2026-09-11 15:43:00] [INFO] ==================================================
[2026-09-11 15:43:00] [INFO] OVERSTAY CRON COMPLETED
[2026-09-11 15:43:00] [INFO] ==================================================
[2026-09-11 15:44:00] [INFO] [OVERSTAY] Cron triggered
[2026-09-11 15:44:00] [INFO] ==================================================
[2026-09-11 15:44:00] [INFO] OVERSTAY CRON STARTED
[2026-09-11 15:44:00] [INFO] ==================================================
[2026-09-11 15:44:00] [INFO] [OVERSTAY] Current India Date/Time: 11/09/2026 15:44:00
[2026-09-11 15:44:00] [INFO] [OVERSTAY] Timezone: Asia/Kolkata
[2026-09-11 15:44:00] [INFO] [OVERSTAY] Staying customers found: 0
[2026-09-11 15:44:00] [INFO] ==================================================
[2026-09-11 15:44:00] [INFO] OVERSTAY CRON COMPLETED
[2026-09-11 15:44:00] [INFO] ==================================================
[2026-09-11 15:45:00] [INFO] [OVERSTAY] Cron triggered
[2026-09-11 15:45:00] [INFO] ==================================================
[2026-09-11 15:45:00] [INFO] OVERSTAY CRON STARTED
[2026-09-11 15:45:00] [INFO] ==================================================
[2026-09-11 15:45:00] [INFO] [OVERSTAY] Current India Date/Time: 11/09/2026 15:45:00
[2026-09-11 15:45:00] [INFO] [OVERSTAY] Timezone: Asia/Kolkata
[2026-09-11 15:45:00] [INFO] [OVERSTAY] Staying customers found: 0
[2026-09-11 15:45:00] [INFO] ==================================================
[2026-09-11 15:45:00] [INFO] OVERSTAY CRON COMPLETED
[2026-09-11 15:45:00] [INFO] ==================================================
[2026-09-11 15:46:00] [INFO] [OVERSTAY] Cron triggered
[2026-09-11 15:46:00] [INFO] ==================================================
[2026-09-11 15:46:00] [INFO] OVERSTAY CRON STARTED
[2026-09-11 15:46:00] [INFO] ==================================================
[2026-09-11 15:46:00] [INFO] [OVERSTAY] Current India Date/Time: 11/09/2026 15:46:00
[2026-09-11 15:46:00] [INFO] [OVERSTAY] Timezone: Asia/Kolkata
[2026-09-11 15:46:00] [INFO] [OVERSTAY] Staying customers found: 0
[2026-09-11 15:46:00] [INFO] ==================================================
[2026-09-11 15:46:00] [INFO] OVERSTAY CRON COMPLETED
[2026-09-11 15:46:00] [INFO] ==================================================
[2026-09-11 15:46:30] [INFO] INFO
[2026-09-11 15:46:30] [INFO] INFO
[2026-09-11 15:47:00] [INFO] [OVERSTAY] Cron triggered
[2026-09-11 15:47:00] [INFO] ==================================================
[2026-09-11 15:47:00] [INFO] OVERSTAY CRON STARTED
[2026-09-11 15:47:00] [INFO] ==================================================
[2026-09-11 15:47:00] [INFO] [OVERSTAY] Current India Date/Time: 11/09/2026 15:47:00
[2026-09-11 15:47:00] [INFO] [OVERSTAY] Timezone: Asia/Kolkata
[2026-09-11 15:47:00] [INFO] [OVERSTAY] Staying customers found: 0
[2026-09-11 15:47:00] [INFO] ==================================================
[2026-09-11 15:47:00] [INFO] OVERSTAY CRON COMPLETED
[2026-09-11 15:47:00] [INFO] ==================================================
[2026-09-11 15:48:00] [INFO] [OVERSTAY] Cron triggered
[2026-09-11 15:48:00] [INFO] ==================================================
[2026-09-11 15:48:00] [INFO] OVERSTAY CRON STARTED
[2026-09-11 15:48:00] [INFO] ==================================================
[2026-09-11 15:48:00] [INFO] [OVERSTAY] Current India Date/Time: 11/09/2026 15:48:00
[2026-09-11 15:48:00] [INFO] [OVERSTAY] Timezone: Asia/Kolkata
[2026-09-11 15:48:00] [INFO] [OVERSTAY] Staying customers found: 0
[2026-09-11 15:48:00] [INFO] ==================================================
[2026-09-11 15:48:00] [INFO] OVERSTAY CRON COMPLETED
[2026-09-11 15:48:00] [INFO] ==================================================
[2026-09-11 15:49:00] [INFO] [OVERSTAY] Cron triggered
[2026-09-11 15:49:00] [INFO] ==================================================
[2026-09-11 15:49:00] [INFO] OVERSTAY CRON STARTED
[2026-09-11 15:49:00] [INFO] ==================================================
[2026-09-11 15:49:00] [INFO] [OVERSTAY] Current India Date/Time: 11/09/2026 15:49:00
[2026-09-11 15:49:00] [INFO] [OVERSTAY] Timezone: Asia/Kolkata
[2026-09-11 15:49:00] [INFO] [OVERSTAY] Staying customers found: 0
[2026-09-11 15:49:00] [INFO] ==================================================
[2026-09-11 15:49:00] [INFO] OVERSTAY CRON COMPLETED
[2026-09-11 15:49:00] [INFO] ==================================================
[2026-09-11 15:50:00] [INFO] [OVERSTAY] Cron triggered
[2026-09-11 15:50:00] [INFO] ==================================================
[2026-09-11 15:50:00] [INFO] OVERSTAY CRON STARTED
[2026-09-11 15:50:00] [INFO] ==================================================
[2026-09-11 15:50:00] [INFO] [OVERSTAY] Current India Date/Time: 11/09/2026 15:50:00
[2026-09-11 15:50:00] [INFO] [OVERSTAY] Timezone: Asia/Kolkata
[2026-09-11 15:50:00] [INFO] [OVERSTAY] Staying customers found: 0
[2026-09-11 15:50:00] [INFO] ==================================================
[2026-09-11 15:50:00] [INFO] OVERSTAY CRON COMPLETED
[2026-09-11 15:50:00] [INFO] ==================================================
[2026-09-11 15:51:00] [INFO] [OVERSTAY] Cron triggered
[2026-09-11 15:51:00] [INFO] ==================================================
[2026-09-11 15:51:00] [INFO] OVERSTAY CRON STARTED
[2026-09-11 15:51:00] [INFO] ==================================================
[2026-09-11 15:51:00] [INFO] [OVERSTAY] Current India Date/Time: 11/09/2026 15:51:00
[2026-09-11 15:51:00] [INFO] [OVERSTAY] Timezone: Asia/Kolkata
[2026-09-11 15:51:00] [INFO] [OVERSTAY] Staying customers found: 0
[2026-09-11 15:51:00] [INFO] ==================================================
[2026-09-11 15:51:00] [INFO] OVERSTAY CRON COMPLETED
[2026-09-11 15:51:00] [INFO] ==================================================
[2026-09-11 15:52:00] [INFO] [OVERSTAY] Cron triggered
[2026-09-11 15:52:00] [INFO] ==================================================
[2026-09-11 15:52:00] [INFO] OVERSTAY CRON STARTED
[2026-09-11 15:52:00] [INFO] ==================================================
[2026-09-11 15:52:00] [INFO] [OVERSTAY] Current India Date/Time: 11/09/2026 15:52:00
[2026-09-11 15:52:00] [INFO] [OVERSTAY] Timezone: Asia/Kolkata
[2026-09-11 15:52:00] [INFO] [OVERSTAY] Staying customers found: 0
[2026-09-11 15:52:00] [INFO] ==================================================
[2026-09-11 15:52:00] [INFO] OVERSTAY CRON COMPLETED
[2026-09-11 15:52:00] [INFO] ==================================================
[2026-09-11 15:53:00] [INFO] [OVERSTAY] Cron triggered
[2026-09-11 15:53:00] [INFO] ==================================================
[2026-09-11 15:53:00] [INFO] OVERSTAY CRON STARTED
[2026-09-11 15:53:00] [INFO] ==================================================
[2026-09-11 15:53:00] [INFO] [OVERSTAY] Current India Date/Time: 11/09/2026 15:53:00
[2026-09-11 15:53:00] [INFO] [OVERSTAY] Timezone: Asia/Kolkata
[2026-09-11 15:53:00] [INFO] [OVERSTAY] Staying customers found: 0
[2026-09-11 15:53:00] [INFO] ==================================================
[2026-09-11 15:53:00] [INFO] OVERSTAY CRON COMPLETED
[2026-09-11 15:53:00] [INFO] ==================================================
[2026-09-11 15:54:00] [INFO] [OVERSTAY] Cron triggered
[2026-09-11 15:54:00] [INFO] ==================================================
[2026-09-11 15:54:00] [INFO] OVERSTAY CRON STARTED
[2026-09-11 15:54:00] [INFO] ==================================================
[2026-09-11 15:54:00] [INFO] [OVERSTAY] Current India Date/Time: 11/09/2026 15:54:00
[2026-09-11 15:54:00] [INFO] [OVERSTAY] Timezone: Asia/Kolkata
[2026-09-11 15:54:00] [INFO] [OVERSTAY] Staying customers found: 0
[2026-09-11 15:54:00] [INFO] ==================================================
[2026-09-11 15:54:00] [INFO] OVERSTAY CRON COMPLETED
[2026-09-11 15:54:00] [INFO] ==================================================
[2026-09-11 15:55:00] [INFO] [OVERSTAY] Cron triggered
[2026-09-11 15:55:00] [INFO] ==================================================
[2026-09-11 15:55:00] [INFO] OVERSTAY CRON STARTED
[2026-09-11 15:55:00] [INFO] ==================================================
[2026-09-11 15:55:00] [INFO] [OVERSTAY] Current India Date/Time: 11/09/2026 15:55:00
[2026-09-11 15:55:00] [INFO] [OVERSTAY] Timezone: Asia/Kolkata
[2026-09-11 15:55:00] [INFO] [OVERSTAY] Staying customers found: 0
[2026-09-11 15:55:00] [INFO] ==================================================
[2026-09-11 15:55:00] [INFO] OVERSTAY CRON COMPLETED
[2026-09-11 15:55:00] [INFO] ==================================================
[2026-09-11 15:56:00] [INFO] [OVERSTAY] Cron triggered
[2026-09-11 15:56:00] [INFO] ==================================================
[2026-09-11 15:56:00] [INFO] OVERSTAY CRON STARTED
[2026-09-11 15:56:00] [INFO] ==================================================
[2026-09-11 15:56:00] [INFO] [OVERSTAY] Current India Date/Time: 11/09/2026 15:56:00
[2026-09-11 15:56:00] [INFO] [OVERSTAY] Timezone: Asia/Kolkata
[2026-09-11 15:56:00] [INFO] [OVERSTAY] Staying customers found: 0
[2026-09-11 15:56:00] [INFO] ==================================================
[2026-09-11 15:56:00] [INFO] OVERSTAY CRON COMPLETED
[2026-09-11 15:56:00] [INFO] ==================================================
[2026-09-11 15:57:00] [INFO] [OVERSTAY] Cron triggered
[2026-09-11 15:57:00] [INFO] ==================================================
[2026-09-11 15:57:00] [INFO] OVERSTAY CRON STARTED
[2026-09-11 15:57:00] [INFO] ==================================================
[2026-09-11 15:57:00] [INFO] [OVERSTAY] Current India Date/Time: 11/09/2026 15:57:00
[2026-09-11 15:57:00] [INFO] [OVERSTAY] Timezone: Asia/Kolkata
[2026-09-11 15:57:00] [INFO] [OVERSTAY] Staying customers found: 0
[2026-09-11 15:57:00] [INFO] ==================================================
[2026-09-11 15:57:00] [INFO] OVERSTAY CRON COMPLETED
[2026-09-11 15:57:00] [INFO] ==================================================
[2026-09-11 15:58:00] [INFO] [OVERSTAY] Cron triggered
[2026-09-11 15:58:00] [INFO] ==================================================
[2026-09-11 15:58:00] [INFO] OVERSTAY CRON STARTED
[2026-09-11 15:58:00] [INFO] ==================================================
[2026-09-11 15:58:00] [INFO] [OVERSTAY] Current India Date/Time: 11/09/2026 15:58:00
[2026-09-11 15:58:00] [INFO] [OVERSTAY] Timezone: Asia/Kolkata
[2026-09-11 15:58:00] [INFO] [OVERSTAY] Staying customers found: 0
[2026-09-11 15:58:00] [INFO] ==================================================
[2026-09-11 15:58:00] [INFO] OVERSTAY CRON COMPLETED
[2026-09-11 15:58:00] [INFO] ==================================================
[2026-09-11 15:58:11] [INFO] INFO
[2026-09-11 15:58:11] [INFO] INFO
[2026-09-11 15:59:00] [INFO] [OVERSTAY] Cron triggered
[2026-09-11 15:59:00] [INFO] ==================================================
[2026-09-11 15:59:00] [INFO] OVERSTAY CRON STARTED
[2026-09-11 15:59:00] [INFO] ==================================================
[2026-09-11 15:59:00] [INFO] [OVERSTAY] Current India Date/Time: 11/09/2026 15:59:00
[2026-09-11 15:59:00] [INFO] [OVERSTAY] Timezone: Asia/Kolkata
[2026-09-11 15:59:00] [INFO] [OVERSTAY] Staying customers found: 0
[2026-09-11 15:59:00] [INFO] ==================================================
[2026-09-11 15:59:00] [INFO] OVERSTAY CRON COMPLETED
[2026-09-11 15:59:00] [INFO] ==================================================
[2026-09-11 16:00:00] [INFO] [OVERSTAY] Cron triggered
[2026-09-11 16:00:00] [INFO] ==================================================
[2026-09-11 16:00:00] [INFO] OVERSTAY CRON STARTED
[2026-09-11 16:00:00] [INFO] ==================================================
[2026-09-11 16:00:00] [INFO] [OVERSTAY] Current India Date/Time: 11/09/2026 16:00:00
[2026-09-11 16:00:00] [INFO] [OVERSTAY] Timezone: Asia/Kolkata
[2026-09-11 16:00:00] [INFO] [OVERSTAY] Staying customers found: 0
[2026-09-11 16:00:00] [INFO] ==================================================
[2026-09-11 16:00:00] [INFO] OVERSTAY CRON COMPLETED
[2026-09-11 16:00:00] [INFO] ==================================================
[2026-09-11 16:00:10] [INFO] INFO
[2026-09-11 16:00:10] [INFO] INFO
[2026-09-11 16:00:17] [INFO] INFO
[2026-09-11 16:00:17] [INFO] INFO
[2026-09-11 16:00:17] [INFO] INFO
[2026-09-11 16:00:20] [INFO] ERROR
[2026-09-11 16:00:23] [INFO] INFO
[2026-09-11 16:00:23] [INFO] INFO
[2026-09-11 16:00:23] [INFO] INFO
[2026-09-11 16:00:27] [INFO] INFO
[2026-09-11 16:00:27] [INFO] INFO
[2026-09-11 16:00:27] [INFO] INFO
[2026-09-11 16:00:31] [INFO] ERROR
[2026-09-11 16:00:34] [INFO] ERROR
[2026-09-11 16:00:38] [INFO] INFO
[2026-09-11 16:00:38] [INFO] INFO
[2026-09-11 16:00:38] [INFO] INFO
[2026-09-11 16:00:43] [INFO] INFO
[2026-09-11 16:00:43] [INFO] INFO
[2026-09-11 16:00:43] [INFO] INFO
[2026-09-11 16:00:48] [INFO] INFO
[2026-09-11 16:00:48] [INFO] INFO
[2026-09-11 16:00:48] [INFO] INFO
[2026-09-11 16:00:52] [INFO] INFO
[2026-09-11 16:00:52] [INFO] INFO
[2026-09-11 16:00:52] [INFO] INFO
[2026-09-11 16:00:55] [INFO] INFO
[2026-09-11 16:00:55] [INFO] INFO
[2026-09-11 16:00:56] [INFO] INFO
[2026-09-11 16:00:56] [INFO] INFO
[2026-09-11 16:01:00] [INFO] [OVERSTAY] Cron triggered
[2026-09-11 16:01:00] [INFO] ==================================================
[2026-09-11 16:01:00] [INFO] OVERSTAY CRON STARTED
[2026-09-11 16:01:00] [INFO] ==================================================
[2026-09-11 16:01:00] [INFO] [OVERSTAY] Current India Date/Time: 11/09/2026 16:01:00
[2026-09-11 16:01:00] [INFO] [OVERSTAY] Timezone: Asia/Kolkata
[2026-09-11 16:01:00] [INFO] [OVERSTAY] Staying customers found: 0
[2026-09-11 16:01:00] [INFO] ==================================================
[2026-09-11 16:01:00] [INFO] OVERSTAY CRON COMPLETED
[2026-09-11 16:01:00] [INFO] ==================================================
[2026-09-11 16:01:00] [INFO] INFO
[2026-09-11 16:01:00] [INFO] INFO
[2026-09-11 16:01:01] [INFO] INFO
[2026-09-11 16:01:01] [INFO] INFO
[2026-09-11 16:01:02] [INFO] INFO
[2026-09-11 16:01:02] [INFO] INFO
[2026-09-11 16:02:00] [INFO] [OVERSTAY] Cron triggered
[2026-09-11 16:02:00] [INFO] ==================================================
[2026-09-11 16:02:00] [INFO] OVERSTAY CRON STARTED
[2026-09-11 16:02:00] [INFO] ==================================================
[2026-09-11 16:02:00] [INFO] [OVERSTAY] Current India Date/Time: 11/09/2026 16:02:00
[2026-09-11 16:02:00] [INFO] [OVERSTAY] Timezone: Asia/Kolkata
[2026-09-11 16:02:00] [INFO] [OVERSTAY] Staying customers found: 0
[2026-09-11 16:02:00] [INFO] ==================================================
[2026-09-11 16:02:00] [INFO] OVERSTAY CRON COMPLETED
[2026-09-11 16:02:00] [INFO] ==================================================
[2026-09-11 16:02:20] [INFO] INFO
[2026-09-11 16:02:20] [INFO] Customer created successfully: 6aa3d8b40f19f64090d78490 - palani
[2026-09-11 16:02:20] [INFO] INFO
[2026-09-11 16:02:21] [INFO] INFO
[2026-09-11 16:03:00] [INFO] [OVERSTAY] Cron triggered
[2026-09-11 16:03:00] [INFO] ==================================================
[2026-09-11 16:03:00] [INFO] OVERSTAY CRON STARTED
[2026-09-11 16:03:00] [INFO] ==================================================
[2026-09-11 16:03:00] [INFO] [OVERSTAY] Current India Date/Time: 11/09/2026 16:03:00
[2026-09-11 16:03:00] [INFO] [OVERSTAY] Timezone: Asia/Kolkata
[2026-09-11 16:03:00] [INFO] [OVERSTAY] Staying customers found: 0
[2026-09-11 16:03:00] [INFO] ==================================================
[2026-09-11 16:03:00] [INFO] OVERSTAY CRON COMPLETED
[2026-09-11 16:03:00] [INFO] ==================================================
[2026-09-11 16:04:00] [INFO] [OVERSTAY] Cron triggered
[2026-09-11 16:04:00] [INFO] ==================================================
[2026-09-11 16:04:00] [INFO] OVERSTAY CRON STARTED
[2026-09-11 16:04:00] [INFO] ==================================================
[2026-09-11 16:04:00] [INFO] [OVERSTAY] Current India Date/Time: 11/09/2026 16:04:00
[2026-09-11 16:04:00] [INFO] [OVERSTAY] Timezone: Asia/Kolkata
[2026-09-11 16:04:00] [INFO] [OVERSTAY] Staying customers found: 0
[2026-09-11 16:04:00] [INFO] ==================================================
[2026-09-11 16:04:00] [INFO] OVERSTAY CRON COMPLETED
[2026-09-11 16:04:00] [INFO] ==================================================
[2026-09-11 16:05:00] [INFO] [OVERSTAY] Cron triggered
[2026-09-11 16:05:00] [INFO] ==================================================
[2026-09-11 16:05:00] [INFO] OVERSTAY CRON STARTED
[2026-09-11 16:05:00] [INFO] ==================================================
[2026-09-11 16:05:00] [INFO] [OVERSTAY] Current India Date/Time: 11/09/2026 16:05:00
[2026-09-11 16:05:00] [INFO] [OVERSTAY] Timezone: Asia/Kolkata
[2026-09-11 16:05:00] [INFO] [OVERSTAY] Staying customers found: 0
[2026-09-11 16:05:00] [INFO] ==================================================
[2026-09-11 16:05:00] [INFO] OVERSTAY CRON COMPLETED
[2026-09-11 16:05:00] [INFO] ==================================================
[2026-09-11 16:06:00] [INFO] [OVERSTAY] Cron triggered
[2026-09-11 16:06:00] [INFO] ==================================================
[2026-09-11 16:06:00] [INFO] OVERSTAY CRON STARTED
[2026-09-11 16:06:00] [INFO] ==================================================
[2026-09-11 16:06:00] [INFO] [OVERSTAY] Current India Date/Time: 11/09/2026 16:06:00
[2026-09-11 16:06:00] [INFO] [OVERSTAY] Timezone: Asia/Kolkata
[2026-09-11 16:06:00] [INFO] [OVERSTAY] Staying customers found: 0
[2026-09-11 16:06:00] [INFO] ==================================================
[2026-09-11 16:06:00] [INFO] OVERSTAY CRON COMPLETED
[2026-09-11 16:06:00] [INFO] ==================================================
[2026-09-11 16:07:00] [INFO] [OVERSTAY] Cron triggered
[2026-09-11 16:07:00] [INFO] ==================================================
[2026-09-11 16:07:00] [INFO] OVERSTAY CRON STARTED
[2026-09-11 16:07:00] [INFO] ==================================================
[2026-09-11 16:07:00] [INFO] [OVERSTAY] Current India Date/Time: 11/09/2026 16:07:00
[2026-09-11 16:07:00] [INFO] [OVERSTAY] Timezone: Asia/Kolkata
[2026-09-11 16:07:00] [INFO] [OVERSTAY] Staying customers found: 0
[2026-09-11 16:07:00] [INFO] ==================================================
[2026-09-11 16:07:00] [INFO] OVERSTAY CRON COMPLETED
[2026-09-11 16:07:00] [INFO] ==================================================
[2026-09-11 16:08:00] [INFO] [OVERSTAY] Cron triggered
[2026-09-11 16:08:00] [INFO] ==================================================
[2026-09-11 16:08:00] [INFO] OVERSTAY CRON STARTED
[2026-09-11 16:08:00] [INFO] ==================================================
[2026-09-11 16:08:00] [INFO] [OVERSTAY] Current India Date/Time: 11/09/2026 16:08:00
[2026-09-11 16:08:00] [INFO] [OVERSTAY] Timezone: Asia/Kolkata
[2026-09-11 16:08:00] [INFO] [OVERSTAY] Staying customers found: 0
[2026-09-11 16:08:00] [INFO] ==================================================
[2026-09-11 16:08:00] [INFO] OVERSTAY CRON COMPLETED
[2026-09-11 16:08:00] [INFO] ==================================================
[2026-09-11 16:09:00] [INFO] [OVERSTAY] Cron triggered
[2026-09-11 16:09:00] [INFO] ==================================================
[2026-09-11 16:09:00] [INFO] OVERSTAY CRON STARTED
[2026-09-11 16:09:00] [INFO] ==================================================
[2026-09-11 16:09:00] [INFO] [OVERSTAY] Current India Date/Time: 11/09/2026 16:09:00
[2026-09-11 16:09:00] [INFO] [OVERSTAY] Timezone: Asia/Kolkata
[2026-09-11 16:09:00] [INFO] [OVERSTAY] Staying customers found: 0
[2026-09-11 16:09:00] [INFO] ==================================================
[2026-09-11 16:09:00] [INFO] OVERSTAY CRON COMPLETED
[2026-09-11 16:09:00] [INFO] ==================================================
[2026-09-11 16:09:45] [INFO] INFO
[2026-09-11 16:09:45] [INFO] INFO
[2026-09-11 16:10:00] [INFO] [OVERSTAY] Cron triggered
[2026-09-11 16:10:00] [INFO] ==================================================
[2026-09-11 16:10:00] [INFO] OVERSTAY CRON STARTED
[2026-09-11 16:10:00] [INFO] ==================================================
[2026-09-11 16:10:00] [INFO] [OVERSTAY] Current India Date/Time: 11/09/2026 16:10:00
[2026-09-11 16:10:00] [INFO] [OVERSTAY] Timezone: Asia/Kolkata
[2026-09-11 16:10:00] [INFO] [OVERSTAY] Staying customers found: 0
[2026-09-11 16:10:00] [INFO] ==================================================
[2026-09-11 16:10:00] [INFO] OVERSTAY CRON COMPLETED
[2026-09-11 16:10:00] [INFO] ==================================================
[2026-09-11 16:11:00] [INFO] [OVERSTAY] Cron triggered
[2026-09-11 16:11:00] [INFO] ==================================================
[2026-09-11 16:11:00] [INFO] OVERSTAY CRON STARTED
[2026-09-11 16:11:00] [INFO] ==================================================
[2026-09-11 16:11:00] [INFO] [OVERSTAY] Current India Date/Time: 11/09/2026 16:11:00
[2026-09-11 16:11:00] [INFO] [OVERSTAY] Timezone: Asia/Kolkata
[2026-09-11 16:11:00] [INFO] [OVERSTAY] Staying customers found: 0
[2026-09-11 16:11:00] [INFO] ==================================================
[2026-09-11 16:11:00] [INFO] OVERSTAY CRON COMPLETED
[2026-09-11 16:11:00] [INFO] ==================================================
[2026-09-11 16:12:00] [INFO] [OVERSTAY] Cron triggered
[2026-09-11 16:12:00] [INFO] ==================================================
[2026-09-11 16:12:00] [INFO] OVERSTAY CRON STARTED
[2026-09-11 16:12:00] [INFO] ==================================================
[2026-09-11 16:12:00] [INFO] [OVERSTAY] Current India Date/Time: 11/09/2026 16:12:00
[2026-09-11 16:12:00] [INFO] [OVERSTAY] Timezone: Asia/Kolkata
[2026-09-11 16:12:00] [INFO] [OVERSTAY] Staying customers found: 0
[2026-09-11 16:12:00] [INFO] ==================================================
[2026-09-11 16:12:00] [INFO] OVERSTAY CRON COMPLETED
[2026-09-11 16:12:00] [INFO] ==================================================
[2026-09-11 16:13:00] [INFO] [OVERSTAY] Cron triggered
[2026-09-11 16:13:00] [INFO] ==================================================
[2026-09-11 16:13:00] [INFO] OVERSTAY CRON STARTED
[2026-09-11 16:13:00] [INFO] ==================================================
[2026-09-11 16:13:00] [INFO] [OVERSTAY] Current India Date/Time: 11/09/2026 16:13:00
[2026-09-11 16:13:00] [INFO] [OVERSTAY] Timezone: Asia/Kolkata
[2026-09-11 16:13:00] [INFO] [OVERSTAY] Staying customers found: 0
[2026-09-11 16:13:00] [INFO] ==================================================
[2026-09-11 16:13:00] [INFO] OVERSTAY CRON COMPLETED
[2026-09-11 16:13:00] [INFO] ==================================================
[2026-09-11 16:14:00] [INFO] [OVERSTAY] Cron triggered
[2026-09-11 16:14:00] [INFO] ==================================================
[2026-09-11 16:14:00] [INFO] OVERSTAY CRON STARTED
[2026-09-11 16:14:00] [INFO] ==================================================
[2026-09-11 16:14:00] [INFO] [OVERSTAY] Current India Date/Time: 11/09/2026 16:14:00
[2026-09-11 16:14:00] [INFO] [OVERSTAY] Timezone: Asia/Kolkata
[2026-09-11 16:14:00] [INFO] [OVERSTAY] Staying customers found: 0
[2026-09-11 16:14:00] [INFO] ==================================================
[2026-09-11 16:14:00] [INFO] OVERSTAY CRON COMPLETED
[2026-09-11 16:14:00] [INFO] ==================================================
[2026-09-11 16:15:00] [INFO] [OVERSTAY] Cron triggered
[2026-09-11 16:15:00] [INFO] ==================================================
[2026-09-11 16:15:00] [INFO] OVERSTAY CRON STARTED
[2026-09-11 16:15:00] [INFO] ==================================================
[2026-09-11 16:15:00] [INFO] [OVERSTAY] Current India Date/Time: 11/09/2026 16:15:00
[2026-09-11 16:15:00] [INFO] [OVERSTAY] Timezone: Asia/Kolkata
[2026-09-11 16:15:00] [INFO] [OVERSTAY] Staying customers found: 0
[2026-09-11 16:15:00] [INFO] ==================================================
[2026-09-11 16:15:00] [INFO] OVERSTAY CRON COMPLETED
[2026-09-11 16:15:00] [INFO] ==================================================
[2026-09-11 16:16:00] [INFO] [OVERSTAY] Cron triggered
[2026-09-11 16:16:00] [INFO] ==================================================
[2026-09-11 16:16:00] [INFO] OVERSTAY CRON STARTED
[2026-09-11 16:16:00] [INFO] ==================================================
[2026-09-11 16:16:00] [INFO] [OVERSTAY] Current India Date/Time: 11/09/2026 16:16:00
[2026-09-11 16:16:00] [INFO] [OVERSTAY] Timezone: Asia/Kolkata
[2026-09-11 16:16:00] [INFO] [OVERSTAY] Staying customers found: 0
[2026-09-11 16:16:00] [INFO] ==================================================
[2026-09-11 16:16:00] [INFO] OVERSTAY CRON COMPLETED
[2026-09-11 16:16:00] [INFO] ==================================================
[2026-09-11 16:17:00] [INFO] [OVERSTAY] Cron triggered
[2026-09-11 16:17:00] [INFO] ==================================================
[2026-09-11 16:17:00] [INFO] OVERSTAY CRON STARTED
[2026-09-11 16:17:00] [INFO] ==================================================
[2026-09-11 16:17:00] [INFO] [OVERSTAY] Current India Date/Time: 11/09/2026 16:17:00
[2026-09-11 16:17:00] [INFO] [OVERSTAY] Timezone: Asia/Kolkata
[2026-09-11 16:17:00] [INFO] [OVERSTAY] Staying customers found: 0
[2026-09-11 16:17:00] [INFO] ==================================================
[2026-09-11 16:17:00] [INFO] OVERSTAY CRON COMPLETED
[2026-09-11 16:17:00] [INFO] ==================================================
[2026-09-11 16:18:00] [INFO] [OVERSTAY] Cron triggered
[2026-09-11 16:18:00] [INFO] ==================================================
[2026-09-11 16:18:00] [INFO] OVERSTAY CRON STARTED
[2026-09-11 16:18:00] [INFO] ==================================================
[2026-09-11 16:18:00] [INFO] [OVERSTAY] Current India Date/Time: 11/09/2026 16:18:00
[2026-09-11 16:18:00] [INFO] [OVERSTAY] Timezone: Asia/Kolkata
[2026-09-11 16:18:00] [INFO] [OVERSTAY] Staying customers found: 0
[2026-09-11 16:18:00] [INFO] ==================================================
[2026-09-11 16:18:00] [INFO] OVERSTAY CRON COMPLETED
[2026-09-11 16:18:00] [INFO] ==================================================
[2026-09-11 16:19:00] [INFO] [OVERSTAY] Cron triggered
[2026-09-11 16:19:00] [INFO] ==================================================
[2026-09-11 16:19:00] [INFO] OVERSTAY CRON STARTED
[2026-09-11 16:19:00] [INFO] ==================================================
[2026-09-11 16:19:00] [INFO] [OVERSTAY] Current India Date/Time: 11/09/2026 16:19:00
[2026-09-11 16:19:00] [INFO] [OVERSTAY] Timezone: Asia/Kolkata
[2026-09-11 16:19:00] [INFO] [OVERSTAY] Staying customers found: 0
[2026-09-11 16:19:00] [INFO] ==================================================
[2026-09-11 16:19:00] [INFO] OVERSTAY CRON COMPLETED
[2026-09-11 16:19:00] [INFO] ==================================================
[2026-09-11 16:20:00] [INFO] [OVERSTAY] Cron triggered
[2026-09-11 16:20:00] [INFO] ==================================================
[2026-09-11 16:20:00] [INFO] OVERSTAY CRON STARTED
[2026-09-11 16:20:00] [INFO] ==================================================
[2026-09-11 16:20:00] [INFO] [OVERSTAY] Current India Date/Time: 11/09/2026 16:20:00
[2026-09-11 16:20:00] [INFO] [OVERSTAY] Timezone: Asia/Kolkata
[2026-09-11 16:20:00] [INFO] [OVERSTAY] Staying customers found: 0
[2026-09-11 16:20:00] [INFO] ==================================================
[2026-09-11 16:20:00] [INFO] OVERSTAY CRON COMPLETED
[2026-09-11 16:20:00] [INFO] ==================================================
[2026-09-11 16:21:00] [INFO] [OVERSTAY] Cron triggered
[2026-09-11 16:21:00] [INFO] ==================================================
[2026-09-11 16:21:00] [INFO] OVERSTAY CRON STARTED
[2026-09-11 16:21:00] [INFO] ==================================================
[2026-09-11 16:21:00] [INFO] [OVERSTAY] Current India Date/Time: 11/09/2026 16:21:00
[2026-09-11 16:21:00] [INFO] [OVERSTAY] Timezone: Asia/Kolkata
[2026-09-11 16:21:00] [INFO] [OVERSTAY] Staying customers found: 0
[2026-09-11 16:21:00] [INFO] ==================================================
[2026-09-11 16:21:00] [INFO] OVERSTAY CRON COMPLETED
[2026-09-11 16:21:00] [INFO] ==================================================
[2026-09-11 16:22:00] [INFO] [OVERSTAY] Cron triggered
[2026-09-11 16:22:00] [INFO] ==================================================
[2026-09-11 16:22:00] [INFO] OVERSTAY CRON STARTED
[2026-09-11 16:22:00] [INFO] ==================================================
[2026-09-11 16:22:00] [INFO] [OVERSTAY] Current India Date/Time: 11/09/2026 16:22:00
[2026-09-11 16:22:00] [INFO] [OVERSTAY] Timezone: Asia/Kolkata
[2026-09-11 16:22:00] [INFO] [OVERSTAY] Staying customers found: 0
[2026-09-11 16:22:00] [INFO] ==================================================
[2026-09-11 16:22:00] [INFO] OVERSTAY CRON COMPLETED
[2026-09-11 16:22:00] [INFO] ==================================================
[2026-09-11 16:23:00] [INFO] [OVERSTAY] Cron triggered
[2026-09-11 16:23:00] [INFO] ==================================================
[2026-09-11 16:23:00] [INFO] OVERSTAY CRON STARTED
[2026-09-11 16:23:00] [INFO] ==================================================
[2026-09-11 16:23:00] [INFO] [OVERSTAY] Current India Date/Time: 11/09/2026 16:23:00
[2026-09-11 16:23:00] [INFO] [OVERSTAY] Timezone: Asia/Kolkata
[2026-09-11 16:23:00] [INFO] [OVERSTAY] Staying customers found: 0
[2026-09-11 16:23:00] [INFO] ==================================================
[2026-09-11 16:23:00] [INFO] OVERSTAY CRON COMPLETED
[2026-09-11 16:23:00] [INFO] ==================================================
[2026-09-11 16:24:00] [INFO] [OVERSTAY] Cron triggered
[2026-09-11 16:24:00] [INFO] ==================================================
[2026-09-11 16:24:00] [INFO] OVERSTAY CRON STARTED
[2026-09-11 16:24:00] [INFO] ==================================================
[2026-09-11 16:24:00] [INFO] [OVERSTAY] Current India Date/Time: 11/09/2026 16:24:00
[2026-09-11 16:24:00] [INFO] [OVERSTAY] Timezone: Asia/Kolkata
[2026-09-11 16:24:00] [INFO] [OVERSTAY] Staying customers found: 0
[2026-09-11 16:24:00] [INFO] ==================================================
[2026-09-11 16:24:00] [INFO] OVERSTAY CRON COMPLETED
[2026-09-11 16:24:00] [INFO] ==================================================
[2026-09-11 16:25:00] [INFO] [OVERSTAY] Cron triggered
[2026-09-11 16:25:00] [INFO] ==================================================
[2026-09-11 16:25:00] [INFO] OVERSTAY CRON STARTED
[2026-09-11 16:25:00] [INFO] ==================================================
[2026-09-11 16:25:00] [INFO] [OVERSTAY] Current India Date/Time: 11/09/2026 16:25:00
[2026-09-11 16:25:00] [INFO] [OVERSTAY] Timezone: Asia/Kolkata
[2026-09-11 16:25:00] [INFO] [OVERSTAY] Staying customers found: 0
[2026-09-11 16:25:00] [INFO] ==================================================
[2026-09-11 16:25:00] [INFO] OVERSTAY CRON COMPLETED
[2026-09-11 16:25:00] [INFO] ==================================================
[2026-09-11 16:26:00] [INFO] [OVERSTAY] Cron triggered
[2026-09-11 16:26:00] [INFO] ==================================================
[2026-09-11 16:26:00] [INFO] OVERSTAY CRON STARTED
[2026-09-11 16:26:00] [INFO] ==================================================
[2026-09-11 16:26:00] [INFO] [OVERSTAY] Current India Date/Time: 11/09/2026 16:26:00
[2026-09-11 16:26:00] [INFO] [OVERSTAY] Timezone: Asia/Kolkata
[2026-09-11 16:26:00] [INFO] [OVERSTAY] Staying customers found: 0
[2026-09-11 16:26:00] [INFO] ==================================================
[2026-09-11 16:26:00] [INFO] OVERSTAY CRON COMPLETED
[2026-09-11 16:26:00] [INFO] ==================================================
[2026-09-11 16:27:00] [INFO] [OVERSTAY] Cron triggered
[2026-09-11 16:27:00] [INFO] ==================================================
[2026-09-11 16:27:00] [INFO] OVERSTAY CRON STARTED
[2026-09-11 16:27:00] [INFO] ==================================================
[2026-09-11 16:27:00] [INFO] [OVERSTAY] Current India Date/Time: 11/09/2026 16:27:00
[2026-09-11 16:27:00] [INFO] [OVERSTAY] Timezone: Asia/Kolkata
[2026-09-11 16:27:00] [INFO] [OVERSTAY] Staying customers found: 0
[2026-09-11 16:27:00] [INFO] ==================================================
[2026-09-11 16:27:00] [INFO] OVERSTAY CRON COMPLETED
[2026-09-11 16:27:00] [INFO] ==================================================
[2026-09-11 16:28:00] [INFO] [OVERSTAY] Cron triggered
[2026-09-11 16:28:00] [INFO] ==================================================
[2026-09-11 16:28:00] [INFO] OVERSTAY CRON STARTED
[2026-09-11 16:28:00] [INFO] ==================================================
[2026-09-11 16:28:00] [INFO] [OVERSTAY] Current India Date/Time: 11/09/2026 16:28:00
[2026-09-11 16:28:00] [INFO] [OVERSTAY] Timezone: Asia/Kolkata
[2026-09-11 16:28:00] [INFO] [OVERSTAY] Staying customers found: 0
[2026-09-11 16:28:00] [INFO] ==================================================
[2026-09-11 16:28:00] [INFO] OVERSTAY CRON COMPLETED
[2026-09-11 16:28:00] [INFO] ==================================================
[2026-09-11 16:29:00] [INFO] [OVERSTAY] Cron triggered
[2026-09-11 16:29:00] [INFO] ==================================================
[2026-09-11 16:29:00] [INFO] OVERSTAY CRON STARTED
[2026-09-11 16:29:00] [INFO] ==================================================
[2026-09-11 16:29:00] [INFO] [OVERSTAY] Current India Date/Time: 11/09/2026 16:29:00
[2026-09-11 16:29:00] [INFO] [OVERSTAY] Timezone: Asia/Kolkata
[2026-09-11 16:29:00] [INFO] [OVERSTAY] Staying customers found: 0
[2026-09-11 16:29:00] [INFO] ==================================================
[2026-09-11 16:29:00] [INFO] OVERSTAY CRON COMPLETED
[2026-09-11 16:29:00] [INFO] ==================================================
[2026-09-11 16:30:00] [INFO] [OVERSTAY] Cron triggered
[2026-09-11 16:30:00] [INFO] ==================================================
[2026-09-11 16:30:00] [INFO] OVERSTAY CRON STARTED
[2026-09-11 16:30:00] [INFO] ==================================================
[2026-09-11 16:30:00] [INFO] [OVERSTAY] Current India Date/Time: 11/09/2026 16:30:00
[2026-09-11 16:30:00] [INFO] [OVERSTAY] Timezone: Asia/Kolkata
[2026-09-11 16:30:00] [INFO] [OVERSTAY] Staying customers found: 0
[2026-09-11 16:30:00] [INFO] ==================================================
[2026-09-11 16:30:00] [INFO] OVERSTAY CRON COMPLETED
[2026-09-11 16:30:00] [INFO] ==================================================
[2026-09-11 16:31:00] [INFO] [OVERSTAY] Cron triggered
[2026-09-11 16:31:00] [INFO] ==================================================
[2026-09-11 16:31:00] [INFO] OVERSTAY CRON STARTED
[2026-09-11 16:31:00] [INFO] ==================================================
[2026-09-11 16:31:00] [INFO] [OVERSTAY] Current India Date/Time: 11/09/2026 16:31:00
[2026-09-11 16:31:00] [INFO] [OVERSTAY] Timezone: Asia/Kolkata
[2026-09-11 16:31:00] [INFO] [OVERSTAY] Staying customers found: 0
[2026-09-11 16:31:00] [INFO] ==================================================
[2026-09-11 16:31:00] [INFO] OVERSTAY CRON COMPLETED
[2026-09-11 16:31:00] [INFO] ==================================================
[2026-09-11 16:32:00] [INFO] [OVERSTAY] Cron triggered
[2026-09-11 16:32:00] [INFO] ==================================================
[2026-09-11 16:32:00] [INFO] OVERSTAY CRON STARTED
[2026-09-11 16:32:00] [INFO] ==================================================
[2026-09-11 16:32:00] [INFO] [OVERSTAY] Current India Date/Time: 11/09/2026 16:32:00
[2026-09-11 16:32:00] [INFO] [OVERSTAY] Timezone: Asia/Kolkata
[2026-09-11 16:32:00] [INFO] [OVERSTAY] Staying customers found: 0
[2026-09-11 16:32:00] [INFO] ==================================================
[2026-09-11 16:32:00] [INFO] OVERSTAY CRON COMPLETED
[2026-09-11 16:32:00] [INFO] ==================================================
[2026-09-11 16:33:00] [INFO] [OVERSTAY] Cron triggered
[2026-09-11 16:33:00] [INFO] ==================================================
[2026-09-11 16:33:00] [INFO] OVERSTAY CRON STARTED
[2026-09-11 16:33:00] [INFO] ==================================================
[2026-09-11 16:33:00] [INFO] [OVERSTAY] Current India Date/Time: 11/09/2026 16:33:00
[2026-09-11 16:33:00] [INFO] [OVERSTAY] Timezone: Asia/Kolkata
[2026-09-11 16:33:00] [INFO] [OVERSTAY] Staying customers found: 0
[2026-09-11 16:33:00] [INFO] ==================================================
[2026-09-11 16:33:00] [INFO] OVERSTAY CRON COMPLETED
[2026-09-11 16:33:00] [INFO] ==================================================
[2026-09-11 16:33:54] [INFO] INFO
[2026-09-11 16:33:55] [INFO] INFO
[2026-09-11 16:34:00] [INFO] [OVERSTAY] Cron triggered
[2026-09-11 16:34:00] [INFO] ==================================================
[2026-09-11 16:34:00] [INFO] OVERSTAY CRON STARTED
[2026-09-11 16:34:00] [INFO] ==================================================
[2026-09-11 16:34:00] [INFO] [OVERSTAY] Current India Date/Time: 11/09/2026 16:34:00
[2026-09-11 16:34:00] [INFO] [OVERSTAY] Timezone: Asia/Kolkata
[2026-09-11 16:34:00] [INFO] INFO
[2026-09-11 16:34:00] [INFO] [OVERSTAY] Staying customers found: 0
[2026-09-11 16:34:00] [INFO] ==================================================
[2026-09-11 16:34:00] [INFO] OVERSTAY CRON COMPLETED
[2026-09-11 16:34:00] [INFO] ==================================================
[2026-09-11 16:34:00] [INFO] INFO
[2026-09-11 16:34:02] [INFO] INFO
[2026-09-11 16:34:02] [INFO] INFO
[2026-09-11 16:34:56] [INFO] Invoice created successfully: INV-2026-000062
[2026-09-11 16:35:00] [INFO] [OVERSTAY] Cron triggered
[2026-09-11 16:35:00] [INFO] ==================================================
[2026-09-11 16:35:00] [INFO] OVERSTAY CRON STARTED
[2026-09-11 16:35:00] [INFO] ==================================================
[2026-09-11 16:35:00] [INFO] [OVERSTAY] Current India Date/Time: 11/09/2026 16:35:00
[2026-09-11 16:35:00] [INFO] [OVERSTAY] Timezone: Asia/Kolkata
[2026-09-11 16:35:00] [INFO] [OVERSTAY] Staying customers found: 0
[2026-09-11 16:35:00] [INFO] ==================================================
[2026-09-11 16:35:00] [INFO] OVERSTAY CRON COMPLETED
[2026-09-11 16:35:00] [INFO] ==================================================
[2026-09-11 16:35:13] [INFO] INFO
[2026-09-11 16:35:13] [INFO] INFO
[2026-09-11 16:35:14] [INFO] INFO
[2026-09-11 16:35:14] [INFO] INFO
[2026-09-11 16:35:15] [INFO] INFO
[2026-09-11 16:35:15] [INFO] INFO
[2026-09-11 16:35:18] [INFO] INFO
[2026-09-11 16:35:18] [INFO] INFO
[2026-09-11 16:35:19] [INFO] INFO
[2026-09-11 16:35:19] [INFO] INFO
[2026-09-11 16:35:20] [INFO] INFO
[2026-09-11 16:35:20] [INFO] INFO
[2026-09-11 16:35:21] [INFO] INFO
[2026-09-11 16:35:21] [INFO] INFO
[2026-09-11 16:35:28] [INFO] INFO
[2026-09-11 16:35:28] [INFO] INFO
[2026-09-11 16:35:30] [INFO] INFO
[2026-09-11 16:35:31] [INFO] INFO
[2026-09-11 16:35:31] [INFO] INFO
[2026-09-11 16:35:31] [INFO] INFO
[2026-09-11 16:35:34] [INFO] INFO
[2026-09-11 16:35:34] [INFO] INFO
[2026-09-11 16:35:40] [INFO] INFO
[2026-09-11 16:35:40] [INFO] INFO
[2026-09-11 16:35:43] [INFO] INFO
[2026-09-11 16:35:43] [INFO] INFO
[2026-09-11 16:35:47] [INFO] INFO
[2026-09-11 16:35:48] [INFO] INFO
[2026-09-11 16:35:49] [INFO] INFO
[2026-09-11 16:35:49] [INFO] INFO
[2026-09-11 16:35:53] [INFO] INFO
[2026-09-11 16:35:53] [INFO] INFO
[2026-09-11 16:35:59] [INFO] INFO
[2026-09-11 16:35:59] [INFO] INFO
[2026-09-11 16:36:00] [INFO] [OVERSTAY] Cron triggered
[2026-09-11 16:36:00] [INFO] ==================================================
[2026-09-11 16:36:00] [INFO] OVERSTAY CRON STARTED
[2026-09-11 16:36:00] [INFO] ==================================================
[2026-09-11 16:36:00] [INFO] [OVERSTAY] Current India Date/Time: 11/09/2026 16:36:00
[2026-09-11 16:36:00] [INFO] [OVERSTAY] Timezone: Asia/Kolkata
[2026-09-11 16:36:00] [INFO] [OVERSTAY] Staying customers found: 0
[2026-09-11 16:36:00] [INFO] ==================================================
[2026-09-11 16:36:00] [INFO] OVERSTAY CRON COMPLETED
[2026-09-11 16:36:00] [INFO] ==================================================
[2026-09-11 16:36:00] [INFO] INFO
[2026-09-11 16:36:00] [INFO] INFO
[2026-09-11 16:36:01] [INFO] INFO
[2026-09-11 16:36:01] [INFO] INFO
[2026-09-11 16:36:01] [INFO] INFO
[2026-09-11 16:36:01] [INFO] INFO
[2026-09-11 16:37:00] [INFO] [OVERSTAY] Cron triggered
[2026-09-11 16:37:00] [INFO] ==================================================
[2026-09-11 16:37:00] [INFO] OVERSTAY CRON STARTED
[2026-09-11 16:37:00] [INFO] ==================================================
[2026-09-11 16:37:00] [INFO] [OVERSTAY] Current India Date/Time: 11/09/2026 16:37:00
[2026-09-11 16:37:00] [INFO] [OVERSTAY] Timezone: Asia/Kolkata
[2026-09-11 16:37:00] [INFO] [OVERSTAY] Staying customers found: 0
[2026-09-11 16:37:00] [INFO] ==================================================
[2026-09-11 16:37:00] [INFO] OVERSTAY CRON COMPLETED
[2026-09-11 16:37:00] [INFO] ==================================================
[2026-09-11 16:38:00] [INFO] [OVERSTAY] Cron triggered
[2026-09-11 16:38:00] [INFO] ==================================================
[2026-09-11 16:38:00] [INFO] OVERSTAY CRON STARTED
[2026-09-11 16:38:00] [INFO] ==================================================
[2026-09-11 16:38:00] [INFO] [OVERSTAY] Current India Date/Time: 11/09/2026 16:38:00
[2026-09-11 16:38:00] [INFO] [OVERSTAY] Timezone: Asia/Kolkata
[2026-09-11 16:38:00] [INFO] [OVERSTAY] Staying customers found: 0
[2026-09-11 16:38:00] [INFO] ==================================================
[2026-09-11 16:38:00] [INFO] OVERSTAY CRON COMPLETED
[2026-09-11 16:38:00] [INFO] ==================================================
[2026-09-11 16:39:00] [INFO] [OVERSTAY] Cron triggered
[2026-09-11 16:39:00] [INFO] ==================================================
[2026-09-11 16:39:00] [INFO] OVERSTAY CRON STARTED
[2026-09-11 16:39:00] [INFO] ==================================================
[2026-09-11 16:39:00] [INFO] [OVERSTAY] Current India Date/Time: 11/09/2026 16:39:00
[2026-09-11 16:39:00] [INFO] [OVERSTAY] Timezone: Asia/Kolkata
[2026-09-11 16:39:00] [INFO] [OVERSTAY] Staying customers found: 0
[2026-09-11 16:39:00] [INFO] ==================================================
[2026-09-11 16:39:00] [INFO] OVERSTAY CRON COMPLETED
[2026-09-11 16:39:00] [INFO] ==================================================
[2026-09-11 16:39:23] [INFO] INFO
[2026-09-11 16:39:24] [INFO] INFO
[2026-09-11 16:39:25] [INFO] INFO
[2026-09-11 16:39:25] [INFO] INFO
[2026-09-11 16:39:26] [INFO] INFO
[2026-09-11 16:39:26] [INFO] INFO
[2026-09-11 16:40:00] [INFO] [OVERSTAY] Cron triggered
[2026-09-11 16:40:00] [INFO] ==================================================
[2026-09-11 16:40:00] [INFO] OVERSTAY CRON STARTED
[2026-09-11 16:40:00] [INFO] ==================================================
[2026-09-11 16:40:00] [INFO] [OVERSTAY] Current India Date/Time: 11/09/2026 16:40:00
[2026-09-11 16:40:00] [INFO] [OVERSTAY] Timezone: Asia/Kolkata
[2026-09-11 16:40:00] [INFO] [OVERSTAY] Staying customers found: 0
[2026-09-11 16:40:00] [INFO] ==================================================
[2026-09-11 16:40:00] [INFO] OVERSTAY CRON COMPLETED
[2026-09-11 16:40:00] [INFO] ==================================================
[2026-09-11 16:41:00] [INFO] [OVERSTAY] Cron triggered
[2026-09-11 16:41:00] [INFO] ==================================================
[2026-09-11 16:41:00] [INFO] OVERSTAY CRON STARTED
[2026-09-11 16:41:00] [INFO] ==================================================
[2026-09-11 16:41:00] [INFO] [OVERSTAY] Current India Date/Time: 11/09/2026 16:41:00
[2026-09-11 16:41:00] [INFO] [OVERSTAY] Timezone: Asia/Kolkata
[2026-09-11 16:41:00] [INFO] [OVERSTAY] Staying customers found: 0
[2026-09-11 16:41:00] [INFO] ==================================================
[2026-09-11 16:41:00] [INFO] OVERSTAY CRON COMPLETED
[2026-09-11 16:41:00] [INFO] ==================================================
[2026-09-11 16:41:01] [INFO] INFO
[2026-09-11 16:41:01] [INFO] INFO
[2026-09-11 16:41:40] [INFO] INFO
[2026-09-11 16:41:40] [INFO] INFO
[2026-09-11 16:42:00] [INFO] [OVERSTAY] Cron triggered
[2026-09-11 16:42:00] [INFO] ==================================================
[2026-09-11 16:42:00] [INFO] OVERSTAY CRON STARTED
[2026-09-11 16:42:00] [INFO] ==================================================
[2026-09-11 16:42:00] [INFO] [OVERSTAY] Current India Date/Time: 11/09/2026 16:42:00
[2026-09-11 16:42:00] [INFO] [OVERSTAY] Timezone: Asia/Kolkata
[2026-09-11 16:42:00] [INFO] [OVERSTAY] Staying customers found: 0
[2026-09-11 16:42:00] [INFO] ==================================================
[2026-09-11 16:42:00] [INFO] OVERSTAY CRON COMPLETED
[2026-09-11 16:42:00] [INFO] ==================================================
[2026-09-11 16:43:00] [INFO] [OVERSTAY] Cron triggered
[2026-09-11 16:43:00] [INFO] ==================================================
[2026-09-11 16:43:00] [INFO] OVERSTAY CRON STARTED
[2026-09-11 16:43:00] [INFO] ==================================================
[2026-09-11 16:43:00] [INFO] [OVERSTAY] Current India Date/Time: 11/09/2026 16:43:00
[2026-09-11 16:43:00] [INFO] [OVERSTAY] Timezone: Asia/Kolkata
[2026-09-11 16:43:00] [INFO] [OVERSTAY] Staying customers found: 0
[2026-09-11 16:43:00] [INFO] ==================================================
[2026-09-11 16:43:00] [INFO] OVERSTAY CRON COMPLETED
[2026-09-11 16:43:00] [INFO] ==================================================
[2026-09-11 16:44:00] [INFO] [OVERSTAY] Cron triggered
[2026-09-11 16:44:00] [INFO] ==================================================
[2026-09-11 16:44:00] [INFO] OVERSTAY CRON STARTED
[2026-09-11 16:44:00] [INFO] ==================================================
[2026-09-11 16:44:00] [INFO] [OVERSTAY] Current India Date/Time: 11/09/2026 16:44:00
[2026-09-11 16:44:00] [INFO] [OVERSTAY] Timezone: Asia/Kolkata
[2026-09-11 16:44:00] [INFO] [OVERSTAY] Staying customers found: 0
[2026-09-11 16:44:00] [INFO] ==================================================
[2026-09-11 16:44:00] [INFO] OVERSTAY CRON COMPLETED
[2026-09-11 16:44:00] [INFO] ==================================================
[2026-09-11 16:45:00] [INFO] [OVERSTAY] Cron triggered
[2026-09-11 16:45:00] [INFO] ==================================================
[2026-09-11 16:45:00] [INFO] OVERSTAY CRON STARTED
[2026-09-11 16:45:00] [INFO] ==================================================
[2026-09-11 16:45:00] [INFO] [OVERSTAY] Current India Date/Time: 11/09/2026 16:45:00
[2026-09-11 16:45:00] [INFO] [OVERSTAY] Timezone: Asia/Kolkata
[2026-09-11 16:45:00] [INFO] [OVERSTAY] Staying customers found: 0
[2026-09-11 16:45:00] [INFO] ==================================================
[2026-09-11 16:45:00] [INFO] OVERSTAY CRON COMPLETED
[2026-09-11 16:45:00] [INFO] ==================================================
[2026-09-11 16:46:00] [INFO] [OVERSTAY] Cron triggered
[2026-09-11 16:46:00] [INFO] ==================================================
[2026-09-11 16:46:00] [INFO] OVERSTAY CRON STARTED
[2026-09-11 16:46:00] [INFO] ==================================================
[2026-09-11 16:46:00] [INFO] [OVERSTAY] Current India Date/Time: 11/09/2026 16:46:00
[2026-09-11 16:46:00] [INFO] [OVERSTAY] Timezone: Asia/Kolkata
[2026-09-11 16:46:00] [INFO] [OVERSTAY] Staying customers found: 0
[2026-09-11 16:46:00] [INFO] ==================================================
[2026-09-11 16:46:00] [INFO] OVERSTAY CRON COMPLETED
[2026-09-11 16:46:00] [INFO] ==================================================
[2026-09-11 16:47:00] [INFO] [OVERSTAY] Cron triggered
[2026-09-11 16:47:00] [INFO] ==================================================
[2026-09-11 16:47:00] [INFO] OVERSTAY CRON STARTED
[2026-09-11 16:47:00] [INFO] ==================================================
[2026-09-11 16:47:00] [INFO] [OVERSTAY] Current India Date/Time: 11/09/2026 16:47:00
[2026-09-11 16:47:00] [INFO] [OVERSTAY] Timezone: Asia/Kolkata
[2026-09-11 16:47:00] [INFO] [OVERSTAY] Staying customers found: 0
[2026-09-11 16:47:00] [INFO] ==================================================
[2026-09-11 16:47:00] [INFO] OVERSTAY CRON COMPLETED
[2026-09-11 16:47:00] [INFO] ==================================================
[2026-09-11 16:48:00] [INFO] [OVERSTAY] Cron triggered
[2026-09-11 16:48:00] [INFO] ==================================================
[2026-09-11 16:48:00] [INFO] OVERSTAY CRON STARTED
[2026-09-11 16:48:00] [INFO] ==================================================
[2026-09-11 16:48:00] [INFO] [OVERSTAY] Current India Date/Time: 11/09/2026 16:48:00
[2026-09-11 16:48:00] [INFO] [OVERSTAY] Timezone: Asia/Kolkata
[2026-09-11 16:48:00] [INFO] [OVERSTAY] Staying customers found: 0
[2026-09-11 16:48:00] [INFO] ==================================================
[2026-09-11 16:48:00] [INFO] OVERSTAY CRON COMPLETED
[2026-09-11 16:48:00] [INFO] ==================================================
[2026-09-11 16:49:00] [INFO] [OVERSTAY] Cron triggered
[2026-09-11 16:49:00] [INFO] ==================================================
[2026-09-11 16:49:00] [INFO] OVERSTAY CRON STARTED
[2026-09-11 16:49:00] [INFO] ==================================================
[2026-09-11 16:49:00] [INFO] [OVERSTAY] Current India Date/Time: 11/09/2026 16:49:00
[2026-09-11 16:49:00] [INFO] [OVERSTAY] Timezone: Asia/Kolkata
[2026-09-11 16:49:00] [INFO] [OVERSTAY] Staying customers found: 0
[2026-09-11 16:49:00] [INFO] ==================================================
[2026-09-11 16:49:00] [INFO] OVERSTAY CRON COMPLETED
[2026-09-11 16:49:00] [INFO] ==================================================
[2026-09-11 16:50:00] [INFO] [OVERSTAY] Cron triggered
[2026-09-11 16:50:00] [INFO] ==================================================
[2026-09-11 16:50:00] [INFO] OVERSTAY CRON STARTED
[2026-09-11 16:50:00] [INFO] ==================================================
[2026-09-11 16:50:00] [INFO] [OVERSTAY] Current India Date/Time: 11/09/2026 16:50:00
[2026-09-11 16:50:00] [INFO] [OVERSTAY] Timezone: Asia/Kolkata
[2026-09-11 16:50:00] [INFO] [OVERSTAY] Staying customers found: 0
[2026-09-11 16:50:00] [INFO] ==================================================
[2026-09-11 16:50:00] [INFO] OVERSTAY CRON COMPLETED
[2026-09-11 16:50:00] [INFO] ==================================================
[2026-09-11 16:51:00] [INFO] [OVERSTAY] Cron triggered
[2026-09-11 16:51:00] [INFO] ==================================================
[2026-09-11 16:51:00] [INFO] OVERSTAY CRON STARTED
[2026-09-11 16:51:00] [INFO] ==================================================
[2026-09-11 16:51:00] [INFO] [OVERSTAY] Current India Date/Time: 11/09/2026 16:51:00
[2026-09-11 16:51:00] [INFO] [OVERSTAY] Timezone: Asia/Kolkata
[2026-09-11 16:51:00] [INFO] [OVERSTAY] Staying customers found: 0
[2026-09-11 16:51:00] [INFO] ==================================================
[2026-09-11 16:51:00] [INFO] OVERSTAY CRON COMPLETED
[2026-09-11 16:51:00] [INFO] ==================================================
[2026-09-11 16:52:00] [INFO] [OVERSTAY] Cron triggered
[2026-09-11 16:52:00] [INFO] ==================================================
[2026-09-11 16:52:00] [INFO] OVERSTAY CRON STARTED
[2026-09-11 16:52:00] [INFO] ==================================================
[2026-09-11 16:52:00] [INFO] [OVERSTAY] Current India Date/Time: 11/09/2026 16:52:00
[2026-09-11 16:52:00] [INFO] [OVERSTAY] Timezone: Asia/Kolkata
[2026-09-11 16:52:00] [INFO] [OVERSTAY] Staying customers found: 0
[2026-09-11 16:52:00] [INFO] ==================================================
[2026-09-11 16:52:00] [INFO] OVERSTAY CRON COMPLETED
[2026-09-11 16:52:00] [INFO] ==================================================
[2026-09-11 16:53:00] [INFO] [OVERSTAY] Cron triggered
[2026-09-11 16:53:00] [INFO] ==================================================
[2026-09-11 16:53:00] [INFO] OVERSTAY CRON STARTED
[2026-09-11 16:53:00] [INFO] ==================================================
[2026-09-11 16:53:00] [INFO] [OVERSTAY] Current India Date/Time: 11/09/2026 16:53:00
[2026-09-11 16:53:00] [INFO] [OVERSTAY] Timezone: Asia/Kolkata
[2026-09-11 16:53:00] [INFO] [OVERSTAY] Staying customers found: 0
[2026-09-11 16:53:00] [INFO] ==================================================
[2026-09-11 16:53:00] [INFO] OVERSTAY CRON COMPLETED
[2026-09-11 16:53:00] [INFO] ==================================================
[2026-09-11 16:53:19] [INFO] INFO
[2026-09-11 16:53:19] [INFO] INFO
[2026-09-11 16:54:00] [INFO] [OVERSTAY] Cron triggered
[2026-09-11 16:54:00] [INFO] ==================================================
[2026-09-11 16:54:00] [INFO] OVERSTAY CRON STARTED
[2026-09-11 16:54:00] [INFO] ==================================================
[2026-09-11 16:54:00] [INFO] [OVERSTAY] Current India Date/Time: 11/09/2026 16:54:00
[2026-09-11 16:54:00] [INFO] [OVERSTAY] Timezone: Asia/Kolkata
[2026-09-11 16:54:00] [INFO] [OVERSTAY] Staying customers found: 0
[2026-09-11 16:54:00] [INFO] ==================================================
[2026-09-11 16:54:00] [INFO] OVERSTAY CRON COMPLETED
[2026-09-11 16:54:00] [INFO] ==================================================
[2026-09-11 16:55:00] [INFO] [OVERSTAY] Cron triggered
[2026-09-11 16:55:00] [INFO] ==================================================
[2026-09-11 16:55:00] [INFO] OVERSTAY CRON STARTED
[2026-09-11 16:55:00] [INFO] ==================================================
[2026-09-11 16:55:00] [INFO] [OVERSTAY] Current India Date/Time: 11/09/2026 16:55:00
[2026-09-11 16:55:00] [INFO] [OVERSTAY] Timezone: Asia/Kolkata
[2026-09-11 16:55:00] [INFO] [OVERSTAY] Staying customers found: 0
[2026-09-11 16:55:00] [INFO] ==================================================
[2026-09-11 16:55:00] [INFO] OVERSTAY CRON COMPLETED
[2026-09-11 16:55:00] [INFO] ==================================================
[2026-09-11 16:56:00] [INFO] [OVERSTAY] Cron triggered
[2026-09-11 16:56:00] [INFO] ==================================================
[2026-09-11 16:56:00] [INFO] OVERSTAY CRON STARTED
[2026-09-11 16:56:00] [INFO] ==================================================
[2026-09-11 16:56:00] [INFO] [OVERSTAY] Current India Date/Time: 11/09/2026 16:56:00
[2026-09-11 16:56:00] [INFO] [OVERSTAY] Timezone: Asia/Kolkata
[2026-09-11 16:56:00] [INFO] [OVERSTAY] Staying customers found: 0
[2026-09-11 16:56:00] [INFO] ==================================================
[2026-09-11 16:56:00] [INFO] OVERSTAY CRON COMPLETED
[2026-09-11 16:56:00] [INFO] ==================================================
[2026-09-11 16:56:39] [INFO] INFO
[2026-09-11 16:56:39] [INFO] INFO
[2026-09-11 16:56:48] [INFO] INFO
[2026-09-11 16:56:48] [INFO] INFO
[2026-09-11 16:57:00] [INFO] [OVERSTAY] Cron triggered
[2026-09-11 16:57:00] [INFO] ==================================================
[2026-09-11 16:57:00] [INFO] OVERSTAY CRON STARTED
[2026-09-11 16:57:00] [INFO] ==================================================
[2026-09-11 16:57:00] [INFO] [OVERSTAY] Current India Date/Time: 11/09/2026 16:57:00
[2026-09-11 16:57:00] [INFO] [OVERSTAY] Timezone: Asia/Kolkata
[2026-09-11 16:57:00] [INFO] [OVERSTAY] Staying customers found: 0
[2026-09-11 16:57:00] [INFO] ==================================================
[2026-09-11 16:57:00] [INFO] OVERSTAY CRON COMPLETED
[2026-09-11 16:57:00] [INFO] ==================================================
[2026-09-11 16:57:03] [INFO] INFO
[2026-09-11 16:57:03] [INFO] INFO
[2026-09-11 16:57:06] [INFO] INFO
[2026-09-11 16:57:06] [INFO] INFO
[2026-09-11 16:58:00] [INFO] [OVERSTAY] Cron triggered
[2026-09-11 16:58:00] [INFO] ==================================================
[2026-09-11 16:58:00] [INFO] OVERSTAY CRON STARTED
[2026-09-11 16:58:00] [INFO] ==================================================
[2026-09-11 16:58:00] [INFO] [OVERSTAY] Current India Date/Time: 11/09/2026 16:58:00
[2026-09-11 16:58:00] [INFO] [OVERSTAY] Timezone: Asia/Kolkata
[2026-09-11 16:58:00] [INFO] [OVERSTAY] Staying customers found: 0
[2026-09-11 16:58:00] [INFO] ==================================================
[2026-09-11 16:58:00] [INFO] OVERSTAY CRON COMPLETED
[2026-09-11 16:58:00] [INFO] ==================================================
[2026-09-11 16:59:00] [INFO] [OVERSTAY] Cron triggered
[2026-09-11 16:59:00] [INFO] ==================================================
[2026-09-11 16:59:00] [INFO] OVERSTAY CRON STARTED
[2026-09-11 16:59:00] [INFO] ==================================================
[2026-09-11 16:59:00] [INFO] [OVERSTAY] Current India Date/Time: 11/09/2026 16:59:00
[2026-09-11 16:59:00] [INFO] [OVERSTAY] Timezone: Asia/Kolkata
[2026-09-11 16:59:00] [INFO] [OVERSTAY] Staying customers found: 0
[2026-09-11 16:59:00] [INFO] ==================================================
[2026-09-11 16:59:00] [INFO] OVERSTAY CRON COMPLETED
[2026-09-11 16:59:00] [INFO] ==================================================
[2026-09-11 17:00:00] [INFO] [OVERSTAY] Cron triggered
[2026-09-11 17:00:00] [INFO] ==================================================
[2026-09-11 17:00:00] [INFO] OVERSTAY CRON STARTED
[2026-09-11 17:00:00] [INFO] ==================================================
[2026-09-11 17:00:00] [INFO] [OVERSTAY] Current India Date/Time: 11/09/2026 17:00:00
[2026-09-11 17:00:00] [INFO] [OVERSTAY] Timezone: Asia/Kolkata
[2026-09-11 17:00:00] [INFO] [OVERSTAY] Staying customers found: 0
[2026-09-11 17:00:00] [INFO] ==================================================
[2026-09-11 17:00:00] [INFO] OVERSTAY CRON COMPLETED
[2026-09-11 17:00:00] [INFO] ==================================================
[2026-09-11 17:01:00] [INFO] [OVERSTAY] Cron triggered
[2026-09-11 17:01:00] [INFO] ==================================================
[2026-09-11 17:01:00] [INFO] OVERSTAY CRON STARTED
[2026-09-11 17:01:00] [INFO] ==================================================
[2026-09-11 17:01:00] [INFO] [OVERSTAY] Current India Date/Time: 11/09/2026 17:01:00
[2026-09-11 17:01:00] [INFO] [OVERSTAY] Timezone: Asia/Kolkata
[2026-09-11 17:01:00] [INFO] [OVERSTAY] Staying customers found: 0
[2026-09-11 17:01:00] [INFO] ==================================================
[2026-09-11 17:01:00] [INFO] OVERSTAY CRON COMPLETED
[2026-09-11 17:01:00] [INFO] ==================================================
[2026-09-11 17:02:00] [INFO] [OVERSTAY] Cron triggered
[2026-09-11 17:02:00] [INFO] ==================================================
[2026-09-11 17:02:00] [INFO] OVERSTAY CRON STARTED
[2026-09-11 17:02:00] [INFO] ==================================================
[2026-09-11 17:02:00] [INFO] [OVERSTAY] Current India Date/Time: 11/09/2026 17:02:00
[2026-09-11 17:02:00] [INFO] [OVERSTAY] Timezone: Asia/Kolkata
[2026-09-11 17:02:00] [INFO] [OVERSTAY] Staying customers found: 0
[2026-09-11 17:02:00] [INFO] ==================================================
[2026-09-11 17:02:00] [INFO] OVERSTAY CRON COMPLETED
[2026-09-11 17:02:00] [INFO] ==================================================
[2026-09-11 17:03:00] [INFO] [OVERSTAY] Cron triggered
[2026-09-11 17:03:00] [INFO] ==================================================
[2026-09-11 17:03:00] [INFO] OVERSTAY CRON STARTED
[2026-09-11 17:03:00] [INFO] ==================================================
[2026-09-11 17:03:00] [INFO] [OVERSTAY] Current India Date/Time: 11/09/2026 17:03:00
[2026-09-11 17:03:00] [INFO] [OVERSTAY] Timezone: Asia/Kolkata
[2026-09-11 17:03:00] [INFO] [OVERSTAY] Staying customers found: 0
[2026-09-11 17:03:00] [INFO] ==================================================
[2026-09-11 17:03:00] [INFO] OVERSTAY CRON COMPLETED
[2026-09-11 17:03:00] [INFO] ==================================================
[2026-09-11 17:03:09] [INFO] INFO
[2026-09-11 17:03:09] [INFO] INFO
[2026-09-11 17:03:10] [INFO] INFO
[2026-09-11 17:03:10] [INFO] INFO
[2026-09-11 17:03:11] [INFO] INFO
[2026-09-11 17:03:11] [INFO] INFO
[2026-09-11 17:04:00] [INFO] [OVERSTAY] Cron triggered
[2026-09-11 17:04:00] [INFO] ==================================================
[2026-09-11 17:04:00] [INFO] OVERSTAY CRON STARTED
[2026-09-11 17:04:00] [INFO] ==================================================
[2026-09-11 17:04:00] [INFO] [OVERSTAY] Current India Date/Time: 11/09/2026 17:04:00
[2026-09-11 17:04:00] [INFO] [OVERSTAY] Timezone: Asia/Kolkata
[2026-09-11 17:04:00] [INFO] [OVERSTAY] Staying customers found: 0
[2026-09-11 17:04:00] [INFO] ==================================================
[2026-09-11 17:04:00] [INFO] OVERSTAY CRON COMPLETED
[2026-09-11 17:04:00] [INFO] ==================================================
[2026-09-11 17:04:28] [INFO] INFO
[2026-09-11 17:04:28] [INFO] INFO
[2026-09-11 17:04:39] [INFO] INFO
[2026-09-11 17:04:39] [INFO] INFO
[2026-09-11 17:04:41] [INFO] INFO
[2026-09-11 17:04:41] [INFO] INFO
[2026-09-11 17:04:42] [INFO] INFO
[2026-09-11 17:04:42] [INFO] INFO
[2026-09-11 17:04:42] [INFO] INFO
[2026-09-11 17:04:42] [INFO] INFO
[2026-09-11 17:04:44] [INFO] INFO
[2026-09-11 17:04:44] [INFO] INFO
[2026-09-11 17:05:00] [INFO] [OVERSTAY] Cron triggered
[2026-09-11 17:05:00] [INFO] ==================================================
[2026-09-11 17:05:00] [INFO] OVERSTAY CRON STARTED
[2026-09-11 17:05:00] [INFO] ==================================================
[2026-09-11 17:05:00] [INFO] [OVERSTAY] Current India Date/Time: 11/09/2026 17:05:00
[2026-09-11 17:05:00] [INFO] [OVERSTAY] Timezone: Asia/Kolkata
[2026-09-11 17:05:00] [INFO] [OVERSTAY] Staying customers found: 0
[2026-09-11 17:05:00] [INFO] ==================================================
[2026-09-11 17:05:00] [INFO] OVERSTAY CRON COMPLETED
[2026-09-11 17:05:00] [INFO] ==================================================
[2026-09-11 17:05:08] [INFO] INFO
[2026-09-11 17:05:08] [INFO] INFO
[2026-09-11 17:05:11] [INFO] INFO
[2026-09-11 17:05:11] [INFO] INFO
[2026-09-11 17:05:53] [INFO] INFO
[2026-09-11 17:05:53] [INFO] INFO
[2026-09-11 17:05:54] [INFO] INFO
[2026-09-11 17:05:54] [INFO] INFO
[2026-09-11 17:05:55] [INFO] INFO
[2026-09-11 17:05:55] [INFO] INFO
[2026-09-11 17:05:56] [INFO] INFO
[2026-09-11 17:05:56] [INFO] INFO
[2026-09-11 17:05:57] [INFO] INFO
[2026-09-11 17:05:57] [INFO] INFO
[2026-09-11 17:06:00] [INFO] [OVERSTAY] Cron triggered
[2026-09-11 17:06:00] [INFO] ==================================================
[2026-09-11 17:06:00] [INFO] OVERSTAY CRON STARTED
[2026-09-11 17:06:00] [INFO] ==================================================
[2026-09-11 17:06:00] [INFO] [OVERSTAY] Current India Date/Time: 11/09/2026 17:06:00
[2026-09-11 17:06:00] [INFO] [OVERSTAY] Timezone: Asia/Kolkata
[2026-09-11 17:06:00] [INFO] [OVERSTAY] Staying customers found: 0
[2026-09-11 17:06:00] [INFO] ==================================================
[2026-09-11 17:06:00] [INFO] OVERSTAY CRON COMPLETED
[2026-09-11 17:06:00] [INFO] ==================================================
[2026-09-11 17:06:00] [INFO] INFO
[2026-09-11 17:06:00] [INFO] INFO
[2026-09-11 17:06:20] [INFO] INFO
[2026-09-11 17:06:20] [INFO] INFO
[2026-09-11 17:06:22] [INFO] INFO
[2026-09-11 17:06:22] [INFO] INFO
[2026-09-11 17:06:43] [INFO] INFO
[2026-09-11 17:06:43] [INFO] INFO
[2026-09-11 17:06:44] [INFO] INFO
[2026-09-11 17:06:44] [INFO] INFO
[2026-09-11 17:07:00] [INFO] [OVERSTAY] Cron triggered
[2026-09-11 17:07:00] [INFO] ==================================================
[2026-09-11 17:07:00] [INFO] OVERSTAY CRON STARTED
[2026-09-11 17:07:00] [INFO] ==================================================
[2026-09-11 17:07:00] [INFO] [OVERSTAY] Current India Date/Time: 11/09/2026 17:07:00
[2026-09-11 17:07:00] [INFO] [OVERSTAY] Timezone: Asia/Kolkata
[2026-09-11 17:07:00] [INFO] [OVERSTAY] Staying customers found: 0
[2026-09-11 17:07:00] [INFO] ==================================================
[2026-09-11 17:07:00] [INFO] OVERSTAY CRON COMPLETED
[2026-09-11 17:07:00] [INFO] ==================================================
[2026-09-11 17:08:00] [INFO] [OVERSTAY] Cron triggered
[2026-09-11 17:08:00] [INFO] ==================================================
[2026-09-11 17:08:00] [INFO] OVERSTAY CRON STARTED
[2026-09-11 17:08:00] [INFO] ==================================================
[2026-09-11 17:08:00] [INFO] [OVERSTAY] Current India Date/Time: 11/09/2026 17:08:00
[2026-09-11 17:08:00] [INFO] [OVERSTAY] Timezone: Asia/Kolkata
[2026-09-11 17:08:00] [INFO] [OVERSTAY] Staying customers found: 0
[2026-09-11 17:08:00] [INFO] ==================================================
[2026-09-11 17:08:00] [INFO] OVERSTAY CRON COMPLETED
[2026-09-11 17:08:00] [INFO] ==================================================
[2026-09-11 17:09:00] [INFO] [OVERSTAY] Cron triggered
[2026-09-11 17:09:00] [INFO] ==================================================
[2026-09-11 17:09:00] [INFO] OVERSTAY CRON STARTED
[2026-09-11 17:09:00] [INFO] ==================================================
[2026-09-11 17:09:00] [INFO] [OVERSTAY] Current India Date/Time: 11/09/2026 17:09:00
[2026-09-11 17:09:00] [INFO] [OVERSTAY] Timezone: Asia/Kolkata
[2026-09-11 17:09:00] [INFO] [OVERSTAY] Staying customers found: 0
[2026-09-11 17:09:00] [INFO] ==================================================
[2026-09-11 17:09:00] [INFO] OVERSTAY CRON COMPLETED
[2026-09-11 17:09:00] [INFO] ==================================================
[2026-09-11 17:09:39] [INFO] INFO
[2026-09-11 17:09:39] [INFO] INFO
[2026-09-11 17:09:43] [INFO] INFO
[2026-09-11 17:09:43] [INFO] INFO
[2026-09-11 17:09:44] [INFO] INFO
[2026-09-11 17:09:44] [INFO] INFO
[2026-09-11 17:10:00] [INFO] [OVERSTAY] Cron triggered
[2026-09-11 17:10:00] [INFO] ==================================================
[2026-09-11 17:10:00] [INFO] OVERSTAY CRON STARTED
[2026-09-11 17:10:00] [INFO] ==================================================
[2026-09-11 17:10:00] [INFO] [OVERSTAY] Current India Date/Time: 11/09/2026 17:10:00
[2026-09-11 17:10:00] [INFO] [OVERSTAY] Timezone: Asia/Kolkata
[2026-09-11 17:10:00] [INFO] [OVERSTAY] Staying customers found: 0
[2026-09-11 17:10:00] [INFO] ==================================================
[2026-09-11 17:10:00] [INFO] OVERSTAY CRON COMPLETED
[2026-09-11 17:10:00] [INFO] ==================================================
[2026-09-11 17:11:00] [INFO] [OVERSTAY] Cron triggered
[2026-09-11 17:11:00] [INFO] ==================================================
[2026-09-11 17:11:00] [INFO] OVERSTAY CRON STARTED
[2026-09-11 17:11:00] [INFO] ==================================================
[2026-09-11 17:11:00] [INFO] [OVERSTAY] Current India Date/Time: 11/09/2026 17:11:00
[2026-09-11 17:11:00] [INFO] [OVERSTAY] Timezone: Asia/Kolkata
[2026-09-11 17:11:00] [INFO] [OVERSTAY] Staying customers found: 0
[2026-09-11 17:11:00] [INFO] ==================================================
[2026-09-11 17:11:00] [INFO] OVERSTAY CRON COMPLETED
[2026-09-11 17:11:00] [INFO] ==================================================
[2026-09-11 17:12:00] [INFO] [OVERSTAY] Cron triggered
[2026-09-11 17:12:00] [INFO] ==================================================
[2026-09-11 17:12:00] [INFO] OVERSTAY CRON STARTED
[2026-09-11 17:12:00] [INFO] ==================================================
[2026-09-11 17:12:00] [INFO] [OVERSTAY] Current India Date/Time: 11/09/2026 17:12:00
[2026-09-11 17:12:00] [INFO] [OVERSTAY] Timezone: Asia/Kolkata
[2026-09-11 17:12:00] [INFO] [OVERSTAY] Staying customers found: 0
[2026-09-11 17:12:00] [INFO] ==================================================
[2026-09-11 17:12:00] [INFO] OVERSTAY CRON COMPLETED
[2026-09-11 17:12:00] [INFO] ==================================================
[2026-09-11 17:12:06] [INFO] INFO
[2026-09-11 17:12:06] [INFO] INFO
[2026-09-11 17:12:08] [INFO] INFO
[2026-09-11 17:12:08] [INFO] INFO
[2026-09-11 17:12:10] [INFO] INFO
[2026-09-11 17:12:10] [INFO] INFO
[2026-09-11 17:13:00] [INFO] [OVERSTAY] Cron triggered
[2026-09-11 17:13:00] [INFO] ==================================================
[2026-09-11 17:13:00] [INFO] OVERSTAY CRON STARTED
[2026-09-11 17:13:00] [INFO] ==================================================
[2026-09-11 17:13:00] [INFO] [OVERSTAY] Current India Date/Time: 11/09/2026 17:13:00
[2026-09-11 17:13:00] [INFO] [OVERSTAY] Timezone: Asia/Kolkata
[2026-09-11 17:13:00] [INFO] [OVERSTAY] Staying customers found: 0
[2026-09-11 17:13:00] [INFO] ==================================================
[2026-09-11 17:13:00] [INFO] OVERSTAY CRON COMPLETED
[2026-09-11 17:13:00] [INFO] ==================================================
[2026-09-11 17:13:43] [INFO] INFO
[2026-09-11 17:13:43] [INFO] INFO
[2026-09-11 17:13:45] [INFO] INFO
[2026-09-11 17:13:45] [INFO] INFO
[2026-09-11 17:13:48] [INFO] INFO
[2026-09-11 17:13:48] [INFO] INFO
[2026-09-11 17:13:56] [INFO] INFO
[2026-09-11 17:13:56] [INFO] INFO
[2026-09-11 17:14:00] [INFO] [OVERSTAY] Cron triggered
[2026-09-11 17:14:00] [INFO] ==================================================
[2026-09-11 17:14:00] [INFO] OVERSTAY CRON STARTED
[2026-09-11 17:14:00] [INFO] ==================================================
[2026-09-11 17:14:00] [INFO] [OVERSTAY] Current India Date/Time: 11/09/2026 17:14:00
[2026-09-11 17:14:00] [INFO] [OVERSTAY] Timezone: Asia/Kolkata
[2026-09-11 17:14:00] [INFO] [OVERSTAY] Staying customers found: 0
[2026-09-11 17:14:00] [INFO] ==================================================
[2026-09-11 17:14:00] [INFO] OVERSTAY CRON COMPLETED
[2026-09-11 17:14:00] [INFO] ==================================================
[2026-09-11 17:15:00] [INFO] [OVERSTAY] Cron triggered
[2026-09-11 17:15:00] [INFO] ==================================================
[2026-09-11 17:15:00] [INFO] OVERSTAY CRON STARTED
[2026-09-11 17:15:00] [INFO] ==================================================
[2026-09-11 17:15:00] [INFO] [OVERSTAY] Current India Date/Time: 11/09/2026 17:15:00
[2026-09-11 17:15:00] [INFO] [OVERSTAY] Timezone: Asia/Kolkata
[2026-09-11 17:15:00] [INFO] [OVERSTAY] Staying customers found: 0
[2026-09-11 17:15:00] [INFO] ==================================================
[2026-09-11 17:15:00] [INFO] OVERSTAY CRON COMPLETED
[2026-09-11 17:15:00] [INFO] ==================================================
[2026-09-11 17:16:00] [INFO] [OVERSTAY] Cron triggered
[2026-09-11 17:16:00] [INFO] ==================================================
[2026-09-11 17:16:00] [INFO] OVERSTAY CRON STARTED
[2026-09-11 17:16:00] [INFO] ==================================================
[2026-09-11 17:16:00] [INFO] [OVERSTAY] Current India Date/Time: 11/09/2026 17:16:00
[2026-09-11 17:16:00] [INFO] [OVERSTAY] Timezone: Asia/Kolkata
[2026-09-11 17:16:00] [INFO] [OVERSTAY] Staying customers found: 0
[2026-09-11 17:16:00] [INFO] ==================================================
[2026-09-11 17:16:00] [INFO] OVERSTAY CRON COMPLETED
[2026-09-11 17:16:00] [INFO] ==================================================
[2026-09-11 17:17:00] [INFO] [OVERSTAY] Cron triggered
[2026-09-11 17:17:00] [INFO] ==================================================
[2026-09-11 17:17:00] [INFO] OVERSTAY CRON STARTED
[2026-09-11 17:17:00] [INFO] ==================================================
[2026-09-11 17:17:00] [INFO] [OVERSTAY] Current India Date/Time: 11/09/2026 17:17:00
[2026-09-11 17:17:00] [INFO] [OVERSTAY] Timezone: Asia/Kolkata
[2026-09-11 17:17:00] [INFO] [OVERSTAY] Staying customers found: 0
[2026-09-11 17:17:00] [INFO] ==================================================
[2026-09-11 17:17:00] [INFO] OVERSTAY CRON COMPLETED
[2026-09-11 17:17:00] [INFO] ==================================================
[2026-09-11 17:18:00] [INFO] [OVERSTAY] Cron triggered
[2026-09-11 17:18:00] [INFO] ==================================================
[2026-09-11 17:18:00] [INFO] OVERSTAY CRON STARTED
[2026-09-11 17:18:00] [INFO] ==================================================
[2026-09-11 17:18:00] [INFO] [OVERSTAY] Current India Date/Time: 11/09/2026 17:18:00
[2026-09-11 17:18:00] [INFO] [OVERSTAY] Timezone: Asia/Kolkata
[2026-09-11 17:18:00] [INFO] [OVERSTAY] Staying customers found: 0
[2026-09-11 17:18:00] [INFO] ==================================================
[2026-09-11 17:18:00] [INFO] OVERSTAY CRON COMPLETED
[2026-09-11 17:18:00] [INFO] ==================================================
[2026-09-11 17:19:00] [INFO] [OVERSTAY] Cron triggered
[2026-09-11 17:19:00] [INFO] ==================================================
[2026-09-11 17:19:00] [INFO] OVERSTAY CRON STARTED
[2026-09-11 17:19:00] [INFO] ==================================================
[2026-09-11 17:19:00] [INFO] [OVERSTAY] Current India Date/Time: 11/09/2026 17:19:00
[2026-09-11 17:19:00] [INFO] [OVERSTAY] Timezone: Asia/Kolkata
[2026-09-11 17:19:00] [INFO] [OVERSTAY] Staying customers found: 0
[2026-09-11 17:19:00] [INFO] ==================================================
[2026-09-11 17:19:00] [INFO] OVERSTAY CRON COMPLETED
[2026-09-11 17:19:00] [INFO] ==================================================
[2026-09-11 17:20:00] [INFO] [OVERSTAY] Cron triggered
[2026-09-11 17:20:00] [INFO] ==================================================
[2026-09-11 17:20:00] [INFO] OVERSTAY CRON STARTED
[2026-09-11 17:20:00] [INFO] ==================================================
[2026-09-11 17:20:00] [INFO] [OVERSTAY] Current India Date/Time: 11/09/2026 17:20:00
[2026-09-11 17:20:00] [INFO] [OVERSTAY] Timezone: Asia/Kolkata
[2026-09-11 17:20:00] [INFO] [OVERSTAY] Staying customers found: 0
[2026-09-11 17:20:00] [INFO] ==================================================
[2026-09-11 17:20:00] [INFO] OVERSTAY CRON COMPLETED
[2026-09-11 17:20:00] [INFO] ==================================================
[2026-09-11 17:21:00] [INFO] [OVERSTAY] Cron triggered
[2026-09-11 17:21:00] [INFO] ==================================================
[2026-09-11 17:21:00] [INFO] OVERSTAY CRON STARTED
[2026-09-11 17:21:00] [INFO] ==================================================
[2026-09-11 17:21:00] [INFO] [OVERSTAY] Current India Date/Time: 11/09/2026 17:21:00
[2026-09-11 17:21:00] [INFO] [OVERSTAY] Timezone: Asia/Kolkata
[2026-09-11 17:21:00] [INFO] [OVERSTAY] Staying customers found: 0
[2026-09-11 17:21:00] [INFO] ==================================================
[2026-09-11 17:21:00] [INFO] OVERSTAY CRON COMPLETED
[2026-09-11 17:21:00] [INFO] ==================================================
[2026-09-11 17:22:00] [INFO] [OVERSTAY] Cron triggered
[2026-09-11 17:22:00] [INFO] ==================================================
[2026-09-11 17:22:00] [INFO] OVERSTAY CRON STARTED
[2026-09-11 17:22:00] [INFO] ==================================================
[2026-09-11 17:22:00] [INFO] [OVERSTAY] Current India Date/Time: 11/09/2026 17:22:00
[2026-09-11 17:22:00] [INFO] [OVERSTAY] Timezone: Asia/Kolkata
[2026-09-11 17:22:00] [INFO] [OVERSTAY] Staying customers found: 0
[2026-09-11 17:22:00] [INFO] ==================================================
[2026-09-11 17:22:00] [INFO] OVERSTAY CRON COMPLETED
[2026-09-11 17:22:00] [INFO] ==================================================
[2026-09-11 17:23:00] [INFO] [OVERSTAY] Cron triggered
[2026-09-11 17:23:00] [INFO] ==================================================
[2026-09-11 17:23:00] [INFO] OVERSTAY CRON STARTED
[2026-09-11 17:23:00] [INFO] ==================================================
[2026-09-11 17:23:00] [INFO] [OVERSTAY] Current India Date/Time: 11/09/2026 17:23:00
[2026-09-11 17:23:00] [INFO] [OVERSTAY] Timezone: Asia/Kolkata
[2026-09-11 17:23:00] [INFO] [OVERSTAY] Staying customers found: 0
[2026-09-11 17:23:00] [INFO] ==================================================
[2026-09-11 17:23:00] [INFO] OVERSTAY CRON COMPLETED
[2026-09-11 17:23:00] [INFO] ==================================================
[2026-09-11 17:24:00] [INFO] [OVERSTAY] Cron triggered
[2026-09-11 17:24:00] [INFO] ==================================================
[2026-09-11 17:24:00] [INFO] OVERSTAY CRON STARTED
[2026-09-11 17:24:00] [INFO] ==================================================
[2026-09-11 17:24:00] [INFO] [OVERSTAY] Current India Date/Time: 11/09/2026 17:24:00
[2026-09-11 17:24:00] [INFO] [OVERSTAY] Timezone: Asia/Kolkata
[2026-09-11 17:24:00] [INFO] [OVERSTAY] Staying customers found: 0
[2026-09-11 17:24:00] [INFO] ==================================================
[2026-09-11 17:24:00] [INFO] OVERSTAY CRON COMPLETED
[2026-09-11 17:24:00] [INFO] ==================================================
[2026-09-11 17:25:00] [INFO] [OVERSTAY] Cron triggered
[2026-09-11 17:25:00] [INFO] ==================================================
[2026-09-11 17:25:00] [INFO] OVERSTAY CRON STARTED
[2026-09-11 17:25:00] [INFO] ==================================================
[2026-09-11 17:25:00] [INFO] [OVERSTAY] Current India Date/Time: 11/09/2026 17:25:00
[2026-09-11 17:25:00] [INFO] [OVERSTAY] Timezone: Asia/Kolkata
[2026-09-11 17:25:00] [INFO] [OVERSTAY] Staying customers found: 0
[2026-09-11 17:25:00] [INFO] ==================================================
[2026-09-11 17:25:00] [INFO] OVERSTAY CRON COMPLETED
[2026-09-11 17:25:00] [INFO] ==================================================
[2026-09-11 17:26:00] [INFO] [OVERSTAY] Cron triggered
[2026-09-11 17:26:00] [INFO] ==================================================
[2026-09-11 17:26:00] [INFO] OVERSTAY CRON STARTED
[2026-09-11 17:26:00] [INFO] ==================================================
[2026-09-11 17:26:00] [INFO] [OVERSTAY] Current India Date/Time: 11/09/2026 17:26:00
[2026-09-11 17:26:00] [INFO] [OVERSTAY] Timezone: Asia/Kolkata
[2026-09-11 17:26:00] [INFO] [OVERSTAY] Staying customers found: 0
[2026-09-11 17:26:00] [INFO] ==================================================
[2026-09-11 17:26:00] [INFO] OVERSTAY CRON COMPLETED
[2026-09-11 17:26:00] [INFO] ==================================================
[2026-09-11 17:27:00] [INFO] [OVERSTAY] Cron triggered
[2026-09-11 17:27:00] [INFO] ==================================================
[2026-09-11 17:27:00] [INFO] OVERSTAY CRON STARTED
[2026-09-11 17:27:00] [INFO] ==================================================
[2026-09-11 17:27:00] [INFO] [OVERSTAY] Current India Date/Time: 11/09/2026 17:27:00
[2026-09-11 17:27:00] [INFO] [OVERSTAY] Timezone: Asia/Kolkata
[2026-09-11 17:27:00] [INFO] [OVERSTAY] Staying customers found: 0
[2026-09-11 17:27:00] [INFO] ==================================================
[2026-09-11 17:27:00] [INFO] OVERSTAY CRON COMPLETED
[2026-09-11 17:27:00] [INFO] ==================================================
[2026-09-11 17:28:00] [INFO] [OVERSTAY] Cron triggered
[2026-09-11 17:28:00] [INFO] ==================================================
[2026-09-11 17:28:00] [INFO] OVERSTAY CRON STARTED
[2026-09-11 17:28:00] [INFO] ==================================================
[2026-09-11 17:28:00] [INFO] [OVERSTAY] Current India Date/Time: 11/09/2026 17:28:00
[2026-09-11 17:28:00] [INFO] [OVERSTAY] Timezone: Asia/Kolkata
[2026-09-11 17:28:00] [INFO] [OVERSTAY] Staying customers found: 0
[2026-09-11 17:28:00] [INFO] ==================================================
[2026-09-11 17:28:00] [INFO] OVERSTAY CRON COMPLETED
[2026-09-11 17:28:00] [INFO] ==================================================
[2026-09-11 17:29:00] [INFO] [OVERSTAY] Cron triggered
[2026-09-11 17:29:00] [INFO] ==================================================
[2026-09-11 17:29:00] [INFO] OVERSTAY CRON STARTED
[2026-09-11 17:29:00] [INFO] ==================================================
[2026-09-11 17:29:00] [INFO] [OVERSTAY] Current India Date/Time: 11/09/2026 17:29:00
[2026-09-11 17:29:00] [INFO] [OVERSTAY] Timezone: Asia/Kolkata
[2026-09-11 17:29:00] [INFO] [OVERSTAY] Staying customers found: 0
[2026-09-11 17:29:00] [INFO] ==================================================
[2026-09-11 17:29:00] [INFO] OVERSTAY CRON COMPLETED
[2026-09-11 17:29:00] [INFO] ==================================================
[2026-09-11 17:30:00] [INFO] [OVERSTAY] Cron triggered
[2026-09-11 17:30:00] [INFO] ==================================================
[2026-09-11 17:30:00] [INFO] OVERSTAY CRON STARTED
[2026-09-11 17:30:00] [INFO] ==================================================
[2026-09-11 17:30:00] [INFO] [OVERSTAY] Current India Date/Time: 11/09/2026 17:30:00
[2026-09-11 17:30:00] [INFO] [OVERSTAY] Timezone: Asia/Kolkata
[2026-09-11 17:30:00] [INFO] [OVERSTAY] Staying customers found: 0
[2026-09-11 17:30:00] [INFO] ==================================================
[2026-09-11 17:30:00] [INFO] OVERSTAY CRON COMPLETED
[2026-09-11 17:30:00] [INFO] ==================================================
[2026-09-11 17:31:00] [INFO] [OVERSTAY] Cron triggered
[2026-09-11 17:31:00] [INFO] ==================================================
[2026-09-11 17:31:00] [INFO] OVERSTAY CRON STARTED
[2026-09-11 17:31:00] [INFO] ==================================================
[2026-09-11 17:31:00] [INFO] [OVERSTAY] Current India Date/Time: 11/09/2026 17:31:00
[2026-09-11 17:31:00] [INFO] [OVERSTAY] Timezone: Asia/Kolkata
[2026-09-11 17:31:00] [INFO] [OVERSTAY] Staying customers found: 0
[2026-09-11 17:31:00] [INFO] ==================================================
[2026-09-11 17:31:00] [INFO] OVERSTAY CRON COMPLETED
[2026-09-11 17:31:00] [INFO] ==================================================
[2026-09-11 17:32:00] [INFO] [OVERSTAY] Cron triggered
[2026-09-11 17:32:00] [INFO] ==================================================
[2026-09-11 17:32:00] [INFO] OVERSTAY CRON STARTED
[2026-09-11 17:32:00] [INFO] ==================================================
[2026-09-11 17:32:00] [INFO] [OVERSTAY] Current India Date/Time: 11/09/2026 17:32:00
[2026-09-11 17:32:00] [INFO] [OVERSTAY] Timezone: Asia/Kolkata
[2026-09-11 17:32:00] [INFO] [OVERSTAY] Staying customers found: 0
[2026-09-11 17:32:00] [INFO] ==================================================
[2026-09-11 17:32:00] [INFO] OVERSTAY CRON COMPLETED
[2026-09-11 17:32:00] [INFO] ==================================================
[2026-09-11 17:33:00] [INFO] [OVERSTAY] Cron triggered
[2026-09-11 17:33:00] [INFO] ==================================================
[2026-09-11 17:33:00] [INFO] OVERSTAY CRON STARTED
[2026-09-11 17:33:00] [INFO] ==================================================
[2026-09-11 17:33:00] [INFO] [OVERSTAY] Current India Date/Time: 11/09/2026 17:33:00
[2026-09-11 17:33:00] [INFO] [OVERSTAY] Timezone: Asia/Kolkata
[2026-09-11 17:33:00] [INFO] [OVERSTAY] Staying customers found: 0
[2026-09-11 17:33:00] [INFO] ==================================================
[2026-09-11 17:33:00] [INFO] OVERSTAY CRON COMPLETED
[2026-09-11 17:33:00] [INFO] ==================================================
[2026-09-11 17:34:00] [INFO] [OVERSTAY] Cron triggered
[2026-09-11 17:34:00] [INFO] ==================================================
[2026-09-11 17:34:00] [INFO] OVERSTAY CRON STARTED
[2026-09-11 17:34:00] [INFO] ==================================================
[2026-09-11 17:34:00] [INFO] [OVERSTAY] Current India Date/Time: 11/09/2026 17:34:00
[2026-09-11 17:34:00] [INFO] [OVERSTAY] Timezone: Asia/Kolkata
[2026-09-11 17:34:00] [INFO] [OVERSTAY] Staying customers found: 0
[2026-09-11 17:34:00] [INFO] ==================================================
[2026-09-11 17:34:00] [INFO] OVERSTAY CRON COMPLETED
[2026-09-11 17:34:00] [INFO] ==================================================
[2026-09-11 17:35:00] [INFO] [OVERSTAY] Cron triggered
[2026-09-11 17:35:00] [INFO] ==================================================
[2026-09-11 17:35:00] [INFO] OVERSTAY CRON STARTED
[2026-09-11 17:35:00] [INFO] ==================================================
[2026-09-11 17:35:00] [INFO] [OVERSTAY] Current India Date/Time: 11/09/2026 17:35:00
[2026-09-11 17:35:00] [INFO] [OVERSTAY] Timezone: Asia/Kolkata
[2026-09-11 17:35:00] [INFO] [OVERSTAY] Staying customers found: 0
[2026-09-11 17:35:00] [INFO] ==================================================
[2026-09-11 17:35:00] [INFO] OVERSTAY CRON COMPLETED
[2026-09-11 17:35:00] [INFO] ==================================================
[2026-09-11 17:36:00] [INFO] [OVERSTAY] Cron triggered
[2026-09-11 17:36:00] [INFO] ==================================================
[2026-09-11 17:36:00] [INFO] OVERSTAY CRON STARTED
[2026-09-11 17:36:00] [INFO] ==================================================
[2026-09-11 17:36:00] [INFO] [OVERSTAY] Current India Date/Time: 11/09/2026 17:36:00
[2026-09-11 17:36:00] [INFO] [OVERSTAY] Timezone: Asia/Kolkata
[2026-09-11 17:36:00] [INFO] [OVERSTAY] Staying customers found: 0
[2026-09-11 17:36:00] [INFO] ==================================================
[2026-09-11 17:36:00] [INFO] OVERSTAY CRON COMPLETED
[2026-09-11 17:36:00] [INFO] ==================================================
[2026-09-11 17:37:00] [INFO] [OVERSTAY] Cron triggered
[2026-09-11 17:37:00] [INFO] ==================================================
[2026-09-11 17:37:00] [INFO] OVERSTAY CRON STARTED
[2026-09-11 17:37:00] [INFO] ==================================================
[2026-09-11 17:37:00] [INFO] [OVERSTAY] Current India Date/Time: 11/09/2026 17:37:00
[2026-09-11 17:37:00] [INFO] [OVERSTAY] Timezone: Asia/Kolkata
[2026-09-11 17:37:00] [INFO] [OVERSTAY] Staying customers found: 0
[2026-09-11 17:37:00] [INFO] ==================================================
[2026-09-11 17:37:00] [INFO] OVERSTAY CRON COMPLETED
[2026-09-11 17:37:00] [INFO] ==================================================
[2026-09-11 17:38:00] [INFO] [OVERSTAY] Cron triggered
[2026-09-11 17:38:00] [INFO] ==================================================
[2026-09-11 17:38:00] [INFO] OVERSTAY CRON STARTED
[2026-09-11 17:38:00] [INFO] ==================================================
[2026-09-11 17:38:00] [INFO] [OVERSTAY] Current India Date/Time: 11/09/2026 17:38:00
[2026-09-11 17:38:00] [INFO] [OVERSTAY] Timezone: Asia/Kolkata
[2026-09-11 17:38:00] [INFO] [OVERSTAY] Staying customers found: 0
[2026-09-11 17:38:00] [INFO] ==================================================
[2026-09-11 17:38:00] [INFO] OVERSTAY CRON COMPLETED
[2026-09-11 17:38:00] [INFO] ==================================================
[2026-09-11 17:39:00] [INFO] [OVERSTAY] Cron triggered
[2026-09-11 17:39:00] [INFO] ==================================================
[2026-09-11 17:39:00] [INFO] OVERSTAY CRON STARTED
[2026-09-11 17:39:00] [INFO] ==================================================
[2026-09-11 17:39:00] [INFO] [OVERSTAY] Current India Date/Time: 11/09/2026 17:39:00
[2026-09-11 17:39:00] [INFO] [OVERSTAY] Timezone: Asia/Kolkata
[2026-09-11 17:39:00] [INFO] [OVERSTAY] Staying customers found: 0
[2026-09-11 17:39:00] [INFO] ==================================================
[2026-09-11 17:39:00] [INFO] OVERSTAY CRON COMPLETED
[2026-09-11 17:39:00] [INFO] ==================================================
[2026-09-11 17:40:00] [INFO] [OVERSTAY] Cron triggered
[2026-09-11 17:40:00] [INFO] ==================================================
[2026-09-11 17:40:00] [INFO] OVERSTAY CRON STARTED
[2026-09-11 17:40:00] [INFO] ==================================================
[2026-09-11 17:40:00] [INFO] [OVERSTAY] Current India Date/Time: 11/09/2026 17:40:00
[2026-09-11 17:40:00] [INFO] [OVERSTAY] Timezone: Asia/Kolkata
[2026-09-11 17:40:00] [INFO] [OVERSTAY] Staying customers found: 0
[2026-09-11 17:40:00] [INFO] ==================================================
[2026-09-11 17:40:00] [INFO] OVERSTAY CRON COMPLETED
[2026-09-11 17:40:00] [INFO] ==================================================
[2026-09-11 17:41:00] [INFO] [OVERSTAY] Cron triggered
[2026-09-11 17:41:00] [INFO] ==================================================
[2026-09-11 17:41:00] [INFO] OVERSTAY CRON STARTED
[2026-09-11 17:41:00] [INFO] ==================================================
[2026-09-11 17:41:00] [INFO] [OVERSTAY] Current India Date/Time: 11/09/2026 17:41:00
[2026-09-11 17:41:00] [INFO] [OVERSTAY] Timezone: Asia/Kolkata
[2026-09-11 17:41:00] [INFO] [OVERSTAY] Staying customers found: 0
[2026-09-11 17:41:00] [INFO] ==================================================
[2026-09-11 17:41:00] [INFO] OVERSTAY CRON COMPLETED
[2026-09-11 17:41:00] [INFO] ==================================================
[2026-09-11 17:42:00] [INFO] [OVERSTAY] Cron triggered
[2026-09-11 17:42:00] [INFO] ==================================================
[2026-09-11 17:42:00] [INFO] OVERSTAY CRON STARTED
[2026-09-11 17:42:00] [INFO] ==================================================
[2026-09-11 17:42:00] [INFO] [OVERSTAY] Current India Date/Time: 11/09/2026 17:42:00
[2026-09-11 17:42:00] [INFO] [OVERSTAY] Timezone: Asia/Kolkata
[2026-09-11 17:42:00] [INFO] [OVERSTAY] Staying customers found: 0
[2026-09-11 17:42:00] [INFO] ==================================================
[2026-09-11 17:42:00] [INFO] OVERSTAY CRON COMPLETED
[2026-09-11 17:42:00] [INFO] ==================================================
[2026-09-11 17:43:00] [INFO] [OVERSTAY] Cron triggered
[2026-09-11 17:43:00] [INFO] ==================================================
[2026-09-11 17:43:00] [INFO] OVERSTAY CRON STARTED
[2026-09-11 17:43:00] [INFO] ==================================================
[2026-09-11 17:43:00] [INFO] [OVERSTAY] Current India Date/Time: 11/09/2026 17:43:00
[2026-09-11 17:43:00] [INFO] [OVERSTAY] Timezone: Asia/Kolkata
[2026-09-11 17:43:00] [INFO] [OVERSTAY] Staying customers found: 0
[2026-09-11 17:43:00] [INFO] ==================================================
[2026-09-11 17:43:00] [INFO] OVERSTAY CRON COMPLETED
[2026-09-11 17:43:00] [INFO] ==================================================
[2026-09-11 17:44:00] [INFO] [OVERSTAY] Cron triggered
[2026-09-11 17:44:00] [INFO] ==================================================
[2026-09-11 17:44:00] [INFO] OVERSTAY CRON STARTED
[2026-09-11 17:44:00] [INFO] ==================================================
[2026-09-11 17:44:00] [INFO] [OVERSTAY] Current India Date/Time: 11/09/2026 17:44:00
[2026-09-11 17:44:00] [INFO] [OVERSTAY] Timezone: Asia/Kolkata
[2026-09-11 17:44:00] [INFO] [OVERSTAY] Staying customers found: 0
[2026-09-11 17:44:00] [INFO] ==================================================
[2026-09-11 17:44:00] [INFO] OVERSTAY CRON COMPLETED
[2026-09-11 17:44:00] [INFO] ==================================================
[2026-09-11 17:45:00] [INFO] [OVERSTAY] Cron triggered
[2026-09-11 17:45:00] [INFO] ==================================================
[2026-09-11 17:45:00] [INFO] OVERSTAY CRON STARTED
[2026-09-11 17:45:00] [INFO] ==================================================
[2026-09-11 17:45:00] [INFO] [OVERSTAY] Current India Date/Time: 11/09/2026 17:45:00
[2026-09-11 17:45:00] [INFO] [OVERSTAY] Timezone: Asia/Kolkata
[2026-09-11 17:45:00] [INFO] [OVERSTAY] Staying customers found: 0
[2026-09-11 17:45:00] [INFO] ==================================================
[2026-09-11 17:45:00] [INFO] OVERSTAY CRON COMPLETED
[2026-09-11 17:45:00] [INFO] ==================================================
[2026-09-11 17:46:00] [INFO] [OVERSTAY] Cron triggered
[2026-09-11 17:46:00] [INFO] ==================================================
[2026-09-11 17:46:00] [INFO] OVERSTAY CRON STARTED
[2026-09-11 17:46:00] [INFO] ==================================================
[2026-09-11 17:46:00] [INFO] [OVERSTAY] Current India Date/Time: 11/09/2026 17:46:00
[2026-09-11 17:46:00] [INFO] [OVERSTAY] Timezone: Asia/Kolkata
[2026-09-11 17:46:00] [INFO] [OVERSTAY] Staying customers found: 0
[2026-09-11 17:46:00] [INFO] ==================================================
[2026-09-11 17:46:00] [INFO] OVERSTAY CRON COMPLETED
[2026-09-11 17:46:00] [INFO] ==================================================
[2026-09-11 17:47:00] [INFO] [OVERSTAY] Cron triggered
[2026-09-11 17:47:00] [INFO] ==================================================
[2026-09-11 17:47:00] [INFO] OVERSTAY CRON STARTED
[2026-09-11 17:47:00] [INFO] ==================================================
[2026-09-11 17:47:00] [INFO] [OVERSTAY] Current India Date/Time: 11/09/2026 17:47:00
[2026-09-11 17:47:00] [INFO] [OVERSTAY] Timezone: Asia/Kolkata
[2026-09-11 17:47:00] [INFO] [OVERSTAY] Staying customers found: 0
[2026-09-11 17:47:00] [INFO] ==================================================
[2026-09-11 17:47:00] [INFO] OVERSTAY CRON COMPLETED
[2026-09-11 17:47:00] [INFO] ==================================================
[2026-09-11 17:48:00] [INFO] [OVERSTAY] Cron triggered
[2026-09-11 17:48:00] [INFO] ==================================================
[2026-09-11 17:48:00] [INFO] OVERSTAY CRON STARTED
[2026-09-11 17:48:00] [INFO] ==================================================
[2026-09-11 17:48:00] [INFO] [OVERSTAY] Current India Date/Time: 11/09/2026 17:48:00
[2026-09-11 17:48:00] [INFO] [OVERSTAY] Timezone: Asia/Kolkata
[2026-09-11 17:48:00] [INFO] [OVERSTAY] Staying customers found: 0
[2026-09-11 17:48:00] [INFO] ==================================================
[2026-09-11 17:48:00] [INFO] OVERSTAY CRON COMPLETED
[2026-09-11 17:48:00] [INFO] ==================================================
[2026-09-11 17:49:00] [INFO] [OVERSTAY] Cron triggered
[2026-09-11 17:49:00] [INFO] ==================================================
[2026-09-11 17:49:00] [INFO] OVERSTAY CRON STARTED
[2026-09-11 17:49:00] [INFO] ==================================================
[2026-09-11 17:49:00] [INFO] [OVERSTAY] Current India Date/Time: 11/09/2026 17:49:00
[2026-09-11 17:49:00] [INFO] [OVERSTAY] Timezone: Asia/Kolkata
[2026-09-11 17:49:00] [INFO] [OVERSTAY] Staying customers found: 0
[2026-09-11 17:49:00] [INFO] ==================================================
[2026-09-11 17:49:00] [INFO] OVERSTAY CRON COMPLETED
[2026-09-11 17:49:00] [INFO] ==================================================
[2026-09-11 17:50:00] [INFO] [OVERSTAY] Cron triggered
[2026-09-11 17:50:00] [INFO] ==================================================
[2026-09-11 17:50:00] [INFO] OVERSTAY CRON STARTED
[2026-09-11 17:50:00] [INFO] ==================================================
[2026-09-11 17:50:00] [INFO] [OVERSTAY] Current India Date/Time: 11/09/2026 17:50:00
[2026-09-11 17:50:00] [INFO] [OVERSTAY] Timezone: Asia/Kolkata
[2026-09-11 17:50:00] [INFO] [OVERSTAY] Staying customers found: 0
[2026-09-11 17:50:00] [INFO] ==================================================
[2026-09-11 17:50:00] [INFO] OVERSTAY CRON COMPLETED
[2026-09-11 17:50:00] [INFO] ==================================================
[2026-09-11 17:51:00] [INFO] [OVERSTAY] Cron triggered
[2026-09-11 17:51:00] [INFO] ==================================================
[2026-09-11 17:51:00] [INFO] OVERSTAY CRON STARTED
[2026-09-11 17:51:00] [INFO] ==================================================
[2026-09-11 17:51:00] [INFO] [OVERSTAY] Current India Date/Time: 11/09/2026 17:51:00
[2026-09-11 17:51:00] [INFO] [OVERSTAY] Timezone: Asia/Kolkata
[2026-09-11 17:51:00] [INFO] [OVERSTAY] Staying customers found: 0
[2026-09-11 17:51:00] [INFO] ==================================================
[2026-09-11 17:51:00] [INFO] OVERSTAY CRON COMPLETED
[2026-09-11 17:51:00] [INFO] ==================================================
[2026-09-11 17:52:00] [INFO] [OVERSTAY] Cron triggered
[2026-09-11 17:52:00] [INFO] ==================================================
[2026-09-11 17:52:00] [INFO] OVERSTAY CRON STARTED
[2026-09-11 17:52:00] [INFO] ==================================================
[2026-09-11 17:52:00] [INFO] [OVERSTAY] Current India Date/Time: 11/09/2026 17:52:00
[2026-09-11 17:52:00] [INFO] [OVERSTAY] Timezone: Asia/Kolkata
[2026-09-11 17:52:00] [INFO] [OVERSTAY] Staying customers found: 0
[2026-09-11 17:52:00] [INFO] ==================================================
[2026-09-11 17:52:00] [INFO] OVERSTAY CRON COMPLETED
[2026-09-11 17:52:00] [INFO] ==================================================
[2026-09-11 17:53:00] [INFO] [OVERSTAY] Cron triggered
[2026-09-11 17:53:00] [INFO] ==================================================
[2026-09-11 17:53:00] [INFO] OVERSTAY CRON STARTED
[2026-09-11 17:53:00] [INFO] ==================================================
[2026-09-11 17:53:00] [INFO] [OVERSTAY] Current India Date/Time: 11/09/2026 17:53:00
[2026-09-11 17:53:00] [INFO] [OVERSTAY] Timezone: Asia/Kolkata
[2026-09-11 17:53:00] [INFO] [OVERSTAY] Staying customers found: 0
[2026-09-11 17:53:00] [INFO] ==================================================
[2026-09-11 17:53:00] [INFO] OVERSTAY CRON COMPLETED
[2026-09-11 17:53:00] [INFO] ==================================================
[2026-09-11 17:54:00] [INFO] [OVERSTAY] Cron triggered
[2026-09-11 17:54:00] [INFO] ==================================================
[2026-09-11 17:54:00] [INFO] OVERSTAY CRON STARTED
[2026-09-11 17:54:00] [INFO] ==================================================
[2026-09-11 17:54:00] [INFO] [OVERSTAY] Current India Date/Time: 11/09/2026 17:54:00
[2026-09-11 17:54:00] [INFO] [OVERSTAY] Timezone: Asia/Kolkata
[2026-09-11 17:54:00] [INFO] [OVERSTAY] Staying customers found: 0
[2026-09-11 17:54:00] [INFO] ==================================================
[2026-09-11 17:54:00] [INFO] OVERSTAY CRON COMPLETED
[2026-09-11 17:54:00] [INFO] ==================================================
[2026-09-11 17:55:00] [INFO] [OVERSTAY] Cron triggered
[2026-09-11 17:55:00] [INFO] ==================================================
[2026-09-11 17:55:00] [INFO] OVERSTAY CRON STARTED
[2026-09-11 17:55:00] [INFO] ==================================================
[2026-09-11 17:55:00] [INFO] [OVERSTAY] Current India Date/Time: 11/09/2026 17:55:00
[2026-09-11 17:55:00] [INFO] [OVERSTAY] Timezone: Asia/Kolkata
[2026-09-11 17:55:00] [INFO] [OVERSTAY] Staying customers found: 0
[2026-09-11 17:55:00] [INFO] ==================================================
[2026-09-11 17:55:00] [INFO] OVERSTAY CRON COMPLETED
[2026-09-11 17:55:00] [INFO] ==================================================
[2026-09-11 17:56:00] [INFO] [OVERSTAY] Cron triggered
[2026-09-11 17:56:00] [INFO] ==================================================
[2026-09-11 17:56:00] [INFO] OVERSTAY CRON STARTED
[2026-09-11 17:56:00] [INFO] ==================================================
[2026-09-11 17:56:00] [INFO] [OVERSTAY] Current India Date/Time: 11/09/2026 17:56:00
[2026-09-11 17:56:00] [INFO] [OVERSTAY] Timezone: Asia/Kolkata
[2026-09-11 17:56:00] [INFO] [OVERSTAY] Staying customers found: 0
[2026-09-11 17:56:00] [INFO] ==================================================
[2026-09-11 17:56:00] [INFO] OVERSTAY CRON COMPLETED
[2026-09-11 17:56:00] [INFO] ==================================================
[2026-09-11 17:57:00] [INFO] [OVERSTAY] Cron triggered
[2026-09-11 17:57:00] [INFO] ==================================================
[2026-09-11 17:57:00] [INFO] OVERSTAY CRON STARTED
[2026-09-11 17:57:00] [INFO] ==================================================
[2026-09-11 17:57:00] [INFO] [OVERSTAY] Current India Date/Time: 11/09/2026 17:57:00
[2026-09-11 17:57:00] [INFO] [OVERSTAY] Timezone: Asia/Kolkata
[2026-09-11 17:57:00] [INFO] [OVERSTAY] Staying customers found: 0
[2026-09-11 17:57:00] [INFO] ==================================================
[2026-09-11 17:57:00] [INFO] OVERSTAY CRON COMPLETED
[2026-09-11 17:57:00] [INFO] ==================================================
[2026-09-11 17:58:00] [INFO] [OVERSTAY] Cron triggered
[2026-09-11 17:58:00] [INFO] ==================================================
[2026-09-11 17:58:00] [INFO] OVERSTAY CRON STARTED
[2026-09-11 17:58:00] [INFO] ==================================================
[2026-09-11 17:58:00] [INFO] [OVERSTAY] Current India Date/Time: 11/09/2026 17:58:00
[2026-09-11 17:58:00] [INFO] [OVERSTAY] Timezone: Asia/Kolkata
[2026-09-11 17:58:00] [INFO] [OVERSTAY] Staying customers found: 0
[2026-09-11 17:58:00] [INFO] ==================================================
[2026-09-11 17:58:00] [INFO] OVERSTAY CRON COMPLETED
[2026-09-11 17:58:00] [INFO] ==================================================
[2026-09-11 17:59:00] [INFO] [OVERSTAY] Cron triggered
[2026-09-11 17:59:00] [INFO] ==================================================
[2026-09-11 17:59:00] [INFO] OVERSTAY CRON STARTED
[2026-09-11 17:59:00] [INFO] ==================================================
[2026-09-11 17:59:00] [INFO] [OVERSTAY] Current India Date/Time: 11/09/2026 17:59:00
[2026-09-11 17:59:00] [INFO] [OVERSTAY] Timezone: Asia/Kolkata
[2026-09-11 17:59:00] [INFO] [OVERSTAY] Staying customers found: 0
[2026-09-11 17:59:00] [INFO] ==================================================
[2026-09-11 17:59:00] [INFO] OVERSTAY CRON COMPLETED
[2026-09-11 17:59:00] [INFO] ==================================================
[2026-09-11 18:00:00] [INFO] [OVERSTAY] Cron triggered
[2026-09-11 18:00:00] [INFO] ==================================================
[2026-09-11 18:00:00] [INFO] OVERSTAY CRON STARTED
[2026-09-11 18:00:00] [INFO] ==================================================
[2026-09-11 18:00:00] [INFO] [OVERSTAY] Current India Date/Time: 11/09/2026 18:00:00
[2026-09-11 18:00:00] [INFO] [OVERSTAY] Timezone: Asia/Kolkata
[2026-09-11 18:00:00] [INFO] [OVERSTAY] Staying customers found: 0
[2026-09-11 18:00:00] [INFO] ==================================================
[2026-09-11 18:00:00] [INFO] OVERSTAY CRON COMPLETED
[2026-09-11 18:00:00] [INFO] ==================================================
[2026-09-11 18:01:00] [INFO] [OVERSTAY] Cron triggered
[2026-09-11 18:01:00] [INFO] ==================================================
[2026-09-11 18:01:00] [INFO] OVERSTAY CRON STARTED
[2026-09-11 18:01:00] [INFO] ==================================================
[2026-09-11 18:01:00] [INFO] [OVERSTAY] Current India Date/Time: 11/09/2026 18:01:00
[2026-09-11 18:01:00] [INFO] [OVERSTAY] Timezone: Asia/Kolkata
[2026-09-11 18:01:00] [INFO] [OVERSTAY] Staying customers found: 0
[2026-09-11 18:01:00] [INFO] ==================================================
[2026-09-11 18:01:00] [INFO] OVERSTAY CRON COMPLETED
[2026-09-11 18:01:00] [INFO] ==================================================
[2026-09-11 18:02:00] [INFO] [OVERSTAY] Cron triggered
[2026-09-11 18:02:00] [INFO] ==================================================
[2026-09-11 18:02:00] [INFO] OVERSTAY CRON STARTED
[2026-09-11 18:02:00] [INFO] ==================================================
[2026-09-11 18:02:00] [INFO] [OVERSTAY] Current India Date/Time: 11/09/2026 18:02:00
[2026-09-11 18:02:00] [INFO] [OVERSTAY] Timezone: Asia/Kolkata
[2026-09-11 18:02:00] [INFO] [OVERSTAY] Staying customers found: 0
[2026-09-11 18:02:00] [INFO] ==================================================
[2026-09-11 18:02:00] [INFO] OVERSTAY CRON COMPLETED
[2026-09-11 18:02:00] [INFO] ==================================================
[2026-09-11 18:03:00] [INFO] [OVERSTAY] Cron triggered
[2026-09-11 18:03:00] [INFO] ==================================================
[2026-09-11 18:03:00] [INFO] OVERSTAY CRON STARTED
[2026-09-11 18:03:00] [INFO] ==================================================
[2026-09-11 18:03:00] [INFO] [OVERSTAY] Current India Date/Time: 11/09/2026 18:03:00
[2026-09-11 18:03:00] [INFO] [OVERSTAY] Timezone: Asia/Kolkata
[2026-09-11 18:03:00] [INFO] [OVERSTAY] Staying customers found: 0
[2026-09-11 18:03:00] [INFO] ==================================================
[2026-09-11 18:03:00] [INFO] OVERSTAY CRON COMPLETED
[2026-09-11 18:03:00] [INFO] ==================================================
[2026-09-11 18:04:00] [INFO] [OVERSTAY] Cron triggered
[2026-09-11 18:04:00] [INFO] ==================================================
[2026-09-11 18:04:00] [INFO] OVERSTAY CRON STARTED
[2026-09-11 18:04:00] [INFO] ==================================================
[2026-09-11 18:04:00] [INFO] [OVERSTAY] Current India Date/Time: 11/09/2026 18:04:00
[2026-09-11 18:04:00] [INFO] [OVERSTAY] Timezone: Asia/Kolkata
[2026-09-11 18:04:00] [INFO] [OVERSTAY] Staying customers found: 0
[2026-09-11 18:04:00] [INFO] ==================================================
[2026-09-11 18:04:00] [INFO] OVERSTAY CRON COMPLETED
[2026-09-11 18:04:00] [INFO] ==================================================
[2026-09-11 18:05:00] [INFO] [OVERSTAY] Cron triggered
[2026-09-11 18:05:00] [INFO] ==================================================
[2026-09-11 18:05:00] [INFO] OVERSTAY CRON STARTED
[2026-09-11 18:05:00] [INFO] ==================================================
[2026-09-11 18:05:00] [INFO] [OVERSTAY] Current India Date/Time: 11/09/2026 18:05:00
[2026-09-11 18:05:00] [INFO] [OVERSTAY] Timezone: Asia/Kolkata
[2026-09-11 18:05:00] [INFO] [OVERSTAY] Staying customers found: 0
[2026-09-11 18:05:00] [INFO] ==================================================
[2026-09-11 18:05:00] [INFO] OVERSTAY CRON COMPLETED
[2026-09-11 18:05:00] [INFO] ==================================================
[2026-09-11 18:06:00] [INFO] [OVERSTAY] Cron triggered
[2026-09-11 18:06:00] [INFO] ==================================================
[2026-09-11 18:06:00] [INFO] OVERSTAY CRON STARTED
[2026-09-11 18:06:00] [INFO] ==================================================
[2026-09-11 18:06:00] [INFO] [OVERSTAY] Current India Date/Time: 11/09/2026 18:06:00
[2026-09-11 18:06:00] [INFO] [OVERSTAY] Timezone: Asia/Kolkata
[2026-09-11 18:06:00] [INFO] [OVERSTAY] Staying customers found: 0
[2026-09-11 18:06:00] [INFO] ==================================================
[2026-09-11 18:06:00] [INFO] OVERSTAY CRON COMPLETED
[2026-09-11 18:06:00] [INFO] ==================================================
[2026-09-11 18:07:00] [INFO] [OVERSTAY] Cron triggered
[2026-09-11 18:07:00] [INFO] ==================================================
[2026-09-11 18:07:00] [INFO] OVERSTAY CRON STARTED
[2026-09-11 18:07:00] [INFO] ==================================================
[2026-09-11 18:07:00] [INFO] [OVERSTAY] Current India Date/Time: 11/09/2026 18:07:00
[2026-09-11 18:07:00] [INFO] [OVERSTAY] Timezone: Asia/Kolkata
[2026-09-11 18:07:00] [INFO] [OVERSTAY] Staying customers found: 0
[2026-09-11 18:07:00] [INFO] ==================================================
[2026-09-11 18:07:00] [INFO] OVERSTAY CRON COMPLETED
[2026-09-11 18:07:00] [INFO] ==================================================
[2026-09-11 18:08:00] [INFO] [OVERSTAY] Cron triggered
[2026-09-11 18:08:00] [INFO] ==================================================
[2026-09-11 18:08:00] [INFO] OVERSTAY CRON STARTED
[2026-09-11 18:08:00] [INFO] ==================================================
[2026-09-11 18:08:00] [INFO] [OVERSTAY] Current India Date/Time: 11/09/2026 18:08:00
[2026-09-11 18:08:00] [INFO] [OVERSTAY] Timezone: Asia/Kolkata
[2026-09-11 18:08:00] [INFO] [OVERSTAY] Staying customers found: 0
[2026-09-11 18:08:00] [INFO] ==================================================
[2026-09-11 18:08:00] [INFO] OVERSTAY CRON COMPLETED
[2026-09-11 18:08:00] [INFO] ==================================================
[2026-09-11 18:09:00] [INFO] [OVERSTAY] Cron triggered
[2026-09-11 18:09:00] [INFO] ==================================================
[2026-09-11 18:09:00] [INFO] OVERSTAY CRON STARTED
[2026-09-11 18:09:00] [INFO] ==================================================
[2026-09-11 18:09:00] [INFO] [OVERSTAY] Current India Date/Time: 11/09/2026 18:09:00
[2026-09-11 18:09:00] [INFO] [OVERSTAY] Timezone: Asia/Kolkata
[2026-09-11 18:09:00] [INFO] [OVERSTAY] Staying customers found: 0
[2026-09-11 18:09:00] [INFO] ==================================================
[2026-09-11 18:09:00] [INFO] OVERSTAY CRON COMPLETED
[2026-09-11 18:09:00] [INFO] ==================================================
[2026-09-11 18:10:00] [INFO] [OVERSTAY] Cron triggered
[2026-09-11 18:10:00] [INFO] ==================================================
[2026-09-11 18:10:00] [INFO] OVERSTAY CRON STARTED
[2026-09-11 18:10:00] [INFO] ==================================================
[2026-09-11 18:10:00] [INFO] [OVERSTAY] Current India Date/Time: 11/09/2026 18:10:00
[2026-09-11 18:10:00] [INFO] [OVERSTAY] Timezone: Asia/Kolkata
[2026-09-11 18:10:00] [INFO] [OVERSTAY] Staying customers found: 0
[2026-09-11 18:10:00] [INFO] ==================================================
[2026-09-11 18:10:00] [INFO] OVERSTAY CRON COMPLETED
[2026-09-11 18:10:00] [INFO] ==================================================
[2026-09-11 18:11:00] [INFO] [OVERSTAY] Cron triggered
[2026-09-11 18:11:00] [INFO] ==================================================
[2026-09-11 18:11:00] [INFO] OVERSTAY CRON STARTED
[2026-09-11 18:11:00] [INFO] ==================================================
[2026-09-11 18:11:00] [INFO] [OVERSTAY] Current India Date/Time: 11/09/2026 18:11:00
[2026-09-11 18:11:00] [INFO] [OVERSTAY] Timezone: Asia/Kolkata
[2026-09-11 18:11:00] [INFO] [OVERSTAY] Staying customers found: 0
[2026-09-11 18:11:00] [INFO] ==================================================
[2026-09-11 18:11:00] [INFO] OVERSTAY CRON COMPLETED
[2026-09-11 18:11:00] [INFO] ==================================================
[2026-09-11 18:12:00] [INFO] [OVERSTAY] Cron triggered
[2026-09-11 18:12:00] [INFO] ==================================================
[2026-09-11 18:12:00] [INFO] OVERSTAY CRON STARTED
[2026-09-11 18:12:00] [INFO] ==================================================
[2026-09-11 18:12:00] [INFO] [OVERSTAY] Current India Date/Time: 11/09/2026 18:12:00
[2026-09-11 18:12:00] [INFO] [OVERSTAY] Timezone: Asia/Kolkata
[2026-09-11 18:12:00] [INFO] [OVERSTAY] Staying customers found: 0
[2026-09-11 18:12:00] [INFO] ==================================================
[2026-09-11 18:12:00] [INFO] OVERSTAY CRON COMPLETED
[2026-09-11 18:12:00] [INFO] ==================================================
[2026-09-11 18:13:00] [INFO] [OVERSTAY] Cron triggered
[2026-09-11 18:13:00] [INFO] ==================================================
[2026-09-11 18:13:00] [INFO] OVERSTAY CRON STARTED
[2026-09-11 18:13:00] [INFO] ==================================================
[2026-09-11 18:13:00] [INFO] [OVERSTAY] Current India Date/Time: 11/09/2026 18:13:00
[2026-09-11 18:13:00] [INFO] [OVERSTAY] Timezone: Asia/Kolkata
[2026-09-11 18:13:00] [INFO] [OVERSTAY] Staying customers found: 0
[2026-09-11 18:13:00] [INFO] ==================================================
[2026-09-11 18:13:00] [INFO] OVERSTAY CRON COMPLETED
[2026-09-11 18:13:00] [INFO] ==================================================
[2026-09-11 18:14:00] [INFO] [OVERSTAY] Cron triggered
[2026-09-11 18:14:00] [INFO] ==================================================
[2026-09-11 18:14:00] [INFO] OVERSTAY CRON STARTED
[2026-09-11 18:14:00] [INFO] ==================================================
[2026-09-11 18:14:00] [INFO] [OVERSTAY] Current India Date/Time: 11/09/2026 18:14:00
[2026-09-11 18:14:00] [INFO] [OVERSTAY] Timezone: Asia/Kolkata
[2026-09-11 18:14:00] [INFO] [OVERSTAY] Staying customers found: 0
[2026-09-11 18:14:00] [INFO] ==================================================
[2026-09-11 18:14:00] [INFO] OVERSTAY CRON COMPLETED
[2026-09-11 18:14:00] [INFO] ==================================================
[2026-09-11 18:15:00] [INFO] [OVERSTAY] Cron triggered
[2026-09-11 18:15:00] [INFO] ==================================================
[2026-09-11 18:15:00] [INFO] OVERSTAY CRON STARTED
[2026-09-11 18:15:00] [INFO] ==================================================
[2026-09-11 18:15:00] [INFO] [OVERSTAY] Current India Date/Time: 11/09/2026 18:15:00
[2026-09-11 18:15:00] [INFO] [OVERSTAY] Timezone: Asia/Kolkata
[2026-09-11 18:15:00] [INFO] [OVERSTAY] Staying customers found: 0
[2026-09-11 18:15:00] [INFO] ==================================================
[2026-09-11 18:15:00] [INFO] OVERSTAY CRON COMPLETED
[2026-09-11 18:15:00] [INFO] ==================================================
[2026-09-11 18:15:55] [INFO] [Auth Verify] Authentication token not found
[2026-09-11 18:15:55] [INFO] [Auth Verify] Authentication token not found
[2026-09-11 18:15:55] [INFO] [Auth Verify] Authentication token not found
[2026-09-11 18:15:55] [INFO] [Auth Verify] Authentication token not found
[2026-09-11 18:15:56] [INFO] [Auth Verify] Authentication token not found
[2026-09-11 18:15:56] [INFO] [Auth Verify] Authentication token not found
[2026-09-11 18:16:00] [INFO] [OVERSTAY] Cron triggered
[2026-09-11 18:16:00] [INFO] ==================================================
[2026-09-11 18:16:00] [INFO] OVERSTAY CRON STARTED
[2026-09-11 18:16:00] [INFO] ==================================================
[2026-09-11 18:16:00] [INFO] [OVERSTAY] Current India Date/Time: 11/09/2026 18:16:00
[2026-09-11 18:16:00] [INFO] [OVERSTAY] Timezone: Asia/Kolkata
[2026-09-11 18:16:00] [INFO] [OVERSTAY] Staying customers found: 0
[2026-09-11 18:16:00] [INFO] ==================================================
[2026-09-11 18:16:00] [INFO] OVERSTAY CRON COMPLETED
[2026-09-11 18:16:00] [INFO] ==================================================
[2026-09-11 18:16:29] [INFO] [Auth Verify] Authentication token not found
[2026-09-11 18:16:29] [INFO] [Auth Verify] Authentication token not found
[2026-09-11 18:16:29] [INFO] [Auth Verify] Authentication token not found
[2026-09-11 18:16:29] [INFO] [Auth Verify] Authentication token not found
[2026-09-11 18:16:29] [INFO] [Auth Verify] Authentication token not found
[2026-09-11 18:16:29] [INFO] [Auth Verify] Authentication token not found
[2026-09-11 18:16:29] [INFO] [Auth Verify] Authentication token not found
[2026-09-11 18:16:29] [INFO] [Auth Verify] Authentication token not found
[2026-09-11 18:16:29] [INFO] [Auth Verify] Authentication token not found
[2026-09-11 18:16:29] [INFO] [Auth Verify] Authentication token not found
[2026-09-11 18:16:29] [INFO] [Auth Verify] Authentication token not found
[2026-09-11 18:16:29] [INFO] [Auth Verify] Authentication token not found
[2026-09-11 18:16:29] [INFO] [Auth Verify] Authentication token not found
[2026-09-11 18:16:29] [INFO] [Auth Verify] Authentication token not found
[2026-09-11 18:16:29] [INFO] [Auth Verify] Authentication token not found
[2026-09-11 18:16:29] [INFO] [Auth Verify] Authentication token not found
[2026-09-11 18:16:29] [INFO] [Auth Verify] Authentication token not found
[2026-09-11 18:16:29] [INFO] [Auth Verify] Authentication token not found
[2026-09-11 18:16:29] [INFO] [Auth Verify] Authentication token not found
[2026-09-11 18:16:29] [INFO] [Auth Verify] Authentication token not found
[2026-09-11 18:16:29] [INFO] [Auth Verify] Authentication token not found
[2026-09-11 18:16:29] [INFO] [Auth Verify] Authentication token not found
[2026-09-11 18:16:29] [INFO] [Auth Verify] Authentication token not found
[2026-09-11 18:16:29] [INFO] [Auth Verify] Authentication token not found
[2026-09-11 18:16:29] [INFO] [Auth Verify] Authentication token not found
[2026-09-11 18:16:29] [INFO] [Auth Verify] Authentication token not found
[2026-09-11 18:16:29] [INFO] [Auth Verify] Authentication token not found
[2026-09-11 18:16:29] [INFO] [Auth Verify] Authentication token not found
[2026-09-11 18:16:29] [INFO] [Auth Verify] Authentication token not found
[2026-09-11 18:16:29] [INFO] [Auth Verify] Authentication token not found
[2026-09-11 18:16:29] [INFO] [Auth Verify] Authentication token not found
[2026-09-11 18:16:29] [INFO] [Auth Verify] Authentication token not found
[2026-09-11 18:16:29] [INFO] [Auth Verify] Authentication token not found
[2026-09-11 18:16:29] [INFO] [Auth Verify] Authentication token not found
[2026-09-11 18:16:29] [INFO] [Auth Verify] Authentication token not found
[2026-09-11 18:16:29] [INFO] [Auth Verify] Authentication token not found
[2026-09-11 18:16:29] [INFO] [Auth Verify] Authentication token not found
[2026-09-11 18:16:29] [INFO] [Auth Verify] Authentication token not found
[2026-09-11 18:16:29] [INFO] [Auth Verify] Authentication token not found
[2026-09-11 18:16:29] [INFO] [Auth Verify] Authentication token not found
[2026-09-11 18:16:29] [INFO] [Auth Verify] Authentication token not found
[2026-09-11 18:16:29] [INFO] [Auth Verify] Authentication token not found
[2026-09-11 18:16:29] [INFO] [Auth Verify] Authentication token not found
[2026-09-11 18:16:29] [INFO] [Auth Verify] Authentication token not found
[2026-09-11 18:16:29] [INFO] [Auth Verify] Authentication token not found
[2026-09-11 18:16:29] [INFO] [Auth Verify] Authentication token not found
[2026-09-11 18:16:29] [INFO] [Auth Verify] Authentication token not found
[2026-09-11 18:16:29] [INFO] [Auth Verify] Authentication token not found
[2026-09-11 18:16:29] [INFO] [Auth Verify] Authentication token not found
[2026-09-11 18:16:29] [INFO] [Auth Verify] Authentication token not found
[2026-09-11 18:16:29] [INFO] [Auth Verify] Authentication token not found
[2026-09-11 18:16:29] [INFO] [Auth Verify] Authentication token not found
[2026-09-11 18:16:29] [INFO] [Auth Verify] Authentication token not found
[2026-09-11 18:16:29] [INFO] [Auth Verify] Authentication token not found
[2026-09-11 18:16:29] [INFO] [Auth Verify] Authentication token not found
[2026-09-11 18:16:29] [INFO] [Auth Verify] Authentication token not found
[2026-09-11 18:16:29] [INFO] [Auth Verify] Authentication token not found
[2026-09-11 18:16:29] [INFO] [Auth Verify] Authentication token not found
[2026-09-11 18:16:29] [INFO] [Auth Verify] Authentication token not found
[2026-09-11 18:16:29] [INFO] [Auth Verify] Authentication token not found
[2026-09-11 18:16:29] [INFO] [Auth Verify] Authentication token not found
[2026-09-11 18:16:29] [INFO] [Auth Verify] Authentication token not found
[2026-09-11 18:16:29] [INFO] [Auth Verify] Authentication token not found
[2026-09-11 18:16:29] [INFO] [Auth Verify] Authentication token not found
[2026-09-11 18:16:29] [INFO] [Auth Verify] Authentication token not found
[2026-09-11 18:16:29] [INFO] [Auth Verify] Authentication token not found
[2026-09-11 18:16:29] [INFO] [Auth Verify] Authentication token not found
[2026-09-11 18:16:29] [INFO] [Auth Verify] Authentication token not found
[2026-09-11 18:16:29] [INFO] [Auth Verify] Authentication token not found
[2026-09-11 18:16:29] [INFO] [Auth Verify] Authentication token not found
[2026-09-11 18:16:29] [INFO] [Auth Verify] Authentication token not found
[2026-09-11 18:16:29] [INFO] [Auth Verify] Authentication token not found
[2026-09-11 18:16:29] [INFO] [Auth Verify] Authentication token not found
[2026-09-11 18:16:29] [INFO] [Auth Verify] Authentication token not found
[2026-09-11 18:16:29] [INFO] [Auth Verify] Authentication token not found
[2026-09-11 18:16:29] [INFO] [Auth Verify] Authentication token not found
[2026-09-11 18:16:29] [INFO] [Auth Verify] Authentication token not found
[2026-09-11 18:16:29] [INFO] [Auth Verify] Authentication token not found
[2026-09-11 18:16:29] [INFO] [Auth Verify] Authentication token not found
[2026-09-11 18:16:29] [INFO] [Auth Verify] Authentication token not found
[2026-09-11 18:16:29] [INFO] [Auth Verify] Authentication token not found
[2026-09-11 18:16:29] [INFO] [Auth Verify] Authentication token not found
[2026-09-11 18:16:29] [INFO] [Auth Verify] Authentication token not found
[2026-09-11 18:16:29] [INFO] [Auth Verify] Authentication token not found
[2026-09-11 18:16:29] [INFO] [Auth Verify] Authentication token not found
[2026-09-11 18:16:29] [INFO] [Auth Verify] Authentication token not found
[2026-09-11 18:16:29] [INFO] [Auth Verify] Authentication token not found
[2026-09-11 18:16:29] [INFO] [Auth Verify] Authentication token not found
[2026-09-11 18:16:29] [INFO] [Auth Verify] Authentication token not found
[2026-09-11 18:16:29] [INFO] [Auth Verify] Authentication token not found
[2026-09-11 18:16:29] [INFO] [Auth Verify] Authentication token not found
[2026-09-11 18:16:29] [INFO] [Auth Verify] Authentication token not found
[2026-09-11 18:16:29] [INFO] [Auth Verify] Authentication token not found
[2026-09-11 18:16:29] [INFO] [Auth Verify] Authentication token not found
[2026-09-11 18:16:29] [INFO] [Auth Verify] Authentication token not found
[2026-09-11 18:16:29] [INFO] [Auth Verify] Authentication token not found
[2026-09-11 18:16:29] [INFO] [Auth Verify] Authentication token not found
[2026-09-11 18:16:29] [INFO] [Auth Verify] Authentication token not found
[2026-09-11 18:16:29] [INFO] [Auth Verify] Authentication token not found
[2026-09-11 18:16:29] [INFO] [Auth Verify] Authentication token not found
[2026-09-11 18:16:29] [INFO] [Auth Verify] Authentication token not found
[2026-09-11 18:16:29] [INFO] [Auth Verify] Authentication token not found
[2026-09-11 18:16:30] [INFO] [Auth Verify] Authentication token not found
[2026-09-11 18:16:30] [INFO] [Auth Verify] Authentication token not found
[2026-09-11 18:16:30] [INFO] [Auth Verify] Authentication token not found
[2026-09-11 18:16:30] [INFO] [Auth Verify] Authentication token not found
[2026-09-11 18:16:30] [INFO] [Auth Verify] Authentication token not found
[2026-09-11 18:16:30] [INFO] [Auth Verify] Authentication token not found
[2026-09-11 18:16:30] [INFO] [Auth Verify] Authentication token not found
[2026-09-11 18:16:30] [INFO] [Auth Verify] Authentication token not found
[2026-09-11 18:16:30] [INFO] [Auth Verify] Authentication token not found
[2026-09-11 18:16:30] [INFO] [Auth Verify] Authentication token not found
[2026-09-11 18:16:30] [INFO] [Auth Verify] Authentication token not found
[2026-09-11 18:16:30] [INFO] [Auth Verify] Authentication token not found
[2026-09-11 18:16:30] [INFO] [Auth Verify] Authentication token not found
[2026-09-11 18:16:30] [INFO] [Auth Verify] Authentication token not found
[2026-09-11 18:16:30] [INFO] [Auth Verify] Authentication token not found
[2026-09-11 18:16:30] [INFO] [Auth Verify] Authentication token not found
[2026-09-11 18:16:30] [INFO] [Auth Verify] Authentication token not found
[2026-09-11 18:16:30] [INFO] [Auth Verify] Authentication token not found
[2026-09-11 18:16:31] [INFO] [Auth Verify] Authentication token not found
[2026-09-11 18:16:31] [INFO] [Auth Verify] Authentication token not found
[2026-09-11 18:16:31] [INFO] [Auth Verify] Authentication token not found
[2026-09-11 18:16:31] [INFO] [Auth Verify] Authentication token not found
[2026-09-11 18:16:37] [INFO] OTP sent to jayamweb.designer2@gmail.com
[2026-09-11 18:17:00] [INFO] [OVERSTAY] Cron triggered
[2026-09-11 18:17:00] [INFO] ==================================================
[2026-09-11 18:17:00] [INFO] OVERSTAY CRON STARTED
[2026-09-11 18:17:00] [INFO] ==================================================
[2026-09-11 18:17:00] [INFO] [OVERSTAY] Current India Date/Time: 11/09/2026 18:17:00
[2026-09-11 18:17:00] [INFO] [OVERSTAY] Timezone: Asia/Kolkata
[2026-09-11 18:17:00] [INFO] [OVERSTAY] Staying customers found: 0
[2026-09-11 18:17:00] [INFO] ==================================================
[2026-09-11 18:17:00] [INFO] OVERSTAY CRON COMPLETED
[2026-09-11 18:17:00] [INFO] ==================================================
[2026-09-11 18:17:00] [INFO] INFO
[2026-09-11 18:17:00] [INFO] INFO
[2026-09-11 18:17:02] [INFO] INFO
[2026-09-11 18:17:02] [INFO] INFO
[2026-09-11 18:18:00] [INFO] [OVERSTAY] Cron triggered
[2026-09-11 18:18:00] [INFO] ==================================================
[2026-09-11 18:18:00] [INFO] OVERSTAY CRON STARTED
[2026-09-11 18:18:00] [INFO] ==================================================
[2026-09-11 18:18:00] [INFO] [OVERSTAY] Current India Date/Time: 11/09/2026 18:18:00
[2026-09-11 18:18:00] [INFO] [OVERSTAY] Timezone: Asia/Kolkata
[2026-09-11 18:18:00] [INFO] [OVERSTAY] Staying customers found: 0
[2026-09-11 18:18:00] [INFO] ==================================================
[2026-09-11 18:18:00] [INFO] OVERSTAY CRON COMPLETED
[2026-09-11 18:18:00] [INFO] ==================================================
[2026-09-11 18:19:00] [INFO] [OVERSTAY] Cron triggered
[2026-09-11 18:19:00] [INFO] ==================================================
[2026-09-11 18:19:00] [INFO] OVERSTAY CRON STARTED
[2026-09-11 18:19:00] [INFO] ==================================================
[2026-09-11 18:19:00] [INFO] [OVERSTAY] Current India Date/Time: 11/09/2026 18:19:00
[2026-09-11 18:19:00] [INFO] [OVERSTAY] Timezone: Asia/Kolkata
[2026-09-11 18:19:00] [INFO] [OVERSTAY] Staying customers found: 0
[2026-09-11 18:19:00] [INFO] ==================================================
[2026-09-11 18:19:00] [INFO] OVERSTAY CRON COMPLETED
[2026-09-11 18:19:00] [INFO] ==================================================
