[2026-09-17 00:00:00] [INFO] [SUBSCRIPTION] Expiry cron triggered
[2026-09-17 00:00:00] [INFO] ==================================================
[2026-09-17 00:00:00] [INFO] SUBSCRIPTION EXPIRY CRON STARTED
[2026-09-17 00:00:00] [INFO] ==================================================
[2026-09-17 00:00:00] [INFO] [SUBSCRIPTION] Current India Date: 2026-09-17
[2026-09-17 00:00:00] [INFO] [OVERSTAY] Cron triggered
[2026-09-17 00:00:00] [INFO] ==================================================
[2026-09-17 00:00:00] [INFO] OVERSTAY CRON STARTED
[2026-09-17 00:00:00] [INFO] ==================================================
[2026-09-17 00:00:00] [INFO] [OVERSTAY] Current India Date/Time: 17/09/2026 00:00:00
[2026-09-17 00:00:00] [INFO] [OVERSTAY] Timezone: Asia/Kolkata
[2026-09-17 00:00:00] [INFO] [OVERSTAY] Staying customers found: 0
[2026-09-17 00:00:00] [INFO] ==================================================
[2026-09-17 00:00:00] [INFO] OVERSTAY CRON COMPLETED
[2026-09-17 00:00:00] [INFO] ==================================================
[2026-09-17 00:00:00] [INFO] [SUBSCRIPTION] Subscriptions found: 1
[2026-09-17 00:00:01] [INFO] [SUBSCRIPTION] mani hotel | Expiry: 2026-10-16 | Days Remaining: 29
[2026-09-17 00:00:01] [INFO] ==================================================
[2026-09-17 00:00:01] [INFO] SUBSCRIPTION EXPIRY CRON COMPLETED
[2026-09-17 00:00:01] [INFO] ==================================================
[2026-09-17 00:00:21] [INFO] [Auth Verify] User not found: 6aaa664cd65dd88c6bfd3d7d
[2026-09-17 00:00:21] [INFO] [Auth Verify] User not found: 6aaa664cd65dd88c6bfd3d7d
[2026-09-17 00:01:00] [INFO] [SUBSCRIPTION] Expiry cron triggered
[2026-09-17 00:01:00] [INFO] ==================================================
[2026-09-17 00:01:00] [INFO] SUBSCRIPTION EXPIRY CRON STARTED
[2026-09-17 00:01:00] [INFO] ==================================================
[2026-09-17 00:01:00] [INFO] [SUBSCRIPTION] Current India Date: 2026-09-17
[2026-09-17 00:01:00] [INFO] [OVERSTAY] Cron triggered
[2026-09-17 00:01:00] [INFO] ==================================================
[2026-09-17 00:01:00] [INFO] OVERSTAY CRON STARTED
[2026-09-17 00:01:00] [INFO] ==================================================
[2026-09-17 00:01:00] [INFO] [OVERSTAY] Current India Date/Time: 17/09/2026 00:01:00
[2026-09-17 00:01:00] [INFO] [OVERSTAY] Timezone: Asia/Kolkata
[2026-09-17 00:01:00] [INFO] [OVERSTAY] Staying customers found: 0
[2026-09-17 00:01:00] [INFO] ==================================================
[2026-09-17 00:01:00] [INFO] OVERSTAY CRON COMPLETED
[2026-09-17 00:01:00] [INFO] ==================================================
[2026-09-17 00:01:00] [INFO] [SUBSCRIPTION] Subscriptions found: 1
[2026-09-17 00:01:00] [INFO] [SUBSCRIPTION] mani hotel | Expiry: 2026-10-16 | Days Remaining: 29
[2026-09-17 00:01:00] [INFO] ==================================================
[2026-09-17 00:01:00] [INFO] SUBSCRIPTION EXPIRY CRON COMPLETED
[2026-09-17 00:01:00] [INFO] ==================================================
[2026-09-17 00:01:42] [INFO] New hotel registration created successfully. Registration ID: 6aaae08ec8c8cbb9a8630ed2, Hotel: hotel 2, Email: hotel2siva@gmail.com
[2026-09-17 00:01:49] [INFO] info
[2026-09-17 00:02:00] [INFO] [SUBSCRIPTION] Expiry cron triggered
[2026-09-17 00:02:00] [INFO] ==================================================
[2026-09-17 00:02:00] [INFO] SUBSCRIPTION EXPIRY CRON STARTED
[2026-09-17 00:02:00] [INFO] ==================================================
[2026-09-17 00:02:00] [INFO] [SUBSCRIPTION] Current India Date: 2026-09-17
[2026-09-17 00:02:00] [INFO] [OVERSTAY] Cron triggered
[2026-09-17 00:02:00] [INFO] ==================================================
[2026-09-17 00:02:00] [INFO] OVERSTAY CRON STARTED
[2026-09-17 00:02:00] [INFO] ==================================================
[2026-09-17 00:02:00] [INFO] [OVERSTAY] Current India Date/Time: 17/09/2026 00:02:00
[2026-09-17 00:02:00] [INFO] [OVERSTAY] Timezone: Asia/Kolkata
[2026-09-17 00:02:00] [INFO] [OVERSTAY] Staying customers found: 0
[2026-09-17 00:02:00] [INFO] ==================================================
[2026-09-17 00:02:00] [INFO] OVERSTAY CRON COMPLETED
[2026-09-17 00:02:00] [INFO] ==================================================
[2026-09-17 00:02:00] [INFO] [SUBSCRIPTION] Subscriptions found: 1
[2026-09-17 00:02:00] [INFO] [SUBSCRIPTION] mani hotel | Expiry: 2026-10-16 | Days Remaining: 29
[2026-09-17 00:02:00] [INFO] ==================================================
[2026-09-17 00:02:00] [INFO] SUBSCRIPTION EXPIRY CRON COMPLETED
[2026-09-17 00:02:00] [INFO] ==================================================
[2026-09-17 00:02:15] [INFO] Hotel registrations retrieved successfully. Total registrations: 2
[2026-09-17 00:02:16] [INFO] Hotel registrations retrieved successfully. Total registrations: 2
[2026-09-17 00:02:24] [INFO] Hotel registrations retrieved successfully. Total registrations: 2
[2026-09-17 00:02:24] [INFO] Hotel registrations retrieved successfully. Total registrations: 2
[2026-09-17 00:02:29] [INFO] Hotel registration approved successfully. Registration ID: 6aaae08ec8c8cbb9a8630ed2, Hotel ID: 6aaae0bcc8c8cbb9a8630ed4, Subscription ID: 6aaae0bcc8c8cbb9a8630ed5, Branch ID: 6aaae0bcc8c8cbb9a8630ed6, Owner User ID: 6aaae0bdc8c8cbb9a8630ed7
[2026-09-17 00:02:38] [INFO] [LOGIN] Login request received for email: hotel2siva@gmail.com
[2026-09-17 00:02:45] [INFO] OTP sent to hotel2siva@gmail.com
[2026-09-17 00:02:45] [INFO] [LOGIN] OTP sent successfully to hotel2siva@gmail.com
[2026-09-17 00:02:49] [INFO] [LOGIN] OTP verified successfully. User: hotel2siva@gmail.com, Role: hotelOwner, Hotel: 6aaae0bcc8c8cbb9a8630ed4, Branch: 6aaae0bcc8c8cbb9a8630ed6
[2026-09-17 00:02:50] [INFO] [Permission Verify] Allowed. User: 6aaae0bdc8c8cbb9a8630ed7, Permission: dashboard
[2026-09-17 00:02:51] [INFO] [Permission Verify] Allowed. User: 6aaae0bdc8c8cbb9a8630ed7, Permission: dashboard
[2026-09-17 00:02:52] [INFO] INFO
[2026-09-17 00:02:53] [INFO] INFO
[2026-09-17 00:03:00] [INFO] [SUBSCRIPTION] Expiry cron triggered
[2026-09-17 00:03:00] [INFO] ==================================================
[2026-09-17 00:03:00] [INFO] SUBSCRIPTION EXPIRY CRON STARTED
[2026-09-17 00:03:00] [INFO] ==================================================
[2026-09-17 00:03:00] [INFO] [SUBSCRIPTION] Current India Date: 2026-09-17
[2026-09-17 00:03:00] [INFO] [OVERSTAY] Cron triggered
[2026-09-17 00:03:00] [INFO] ==================================================
[2026-09-17 00:03:00] [INFO] OVERSTAY CRON STARTED
[2026-09-17 00:03:00] [INFO] ==================================================
[2026-09-17 00:03:00] [INFO] [OVERSTAY] Current India Date/Time: 17/09/2026 00:03:00
[2026-09-17 00:03:00] [INFO] [OVERSTAY] Timezone: Asia/Kolkata
[2026-09-17 00:03:00] [INFO] [OVERSTAY] Staying customers found: 0
[2026-09-17 00:03:00] [INFO] ==================================================
[2026-09-17 00:03:00] [INFO] OVERSTAY CRON COMPLETED
[2026-09-17 00:03:00] [INFO] ==================================================
[2026-09-17 00:03:00] [INFO] [SUBSCRIPTION] Subscriptions found: 2
[2026-09-17 00:03:00] [INFO] [SUBSCRIPTION] mani hotel | Expiry: 2026-10-16 | Days Remaining: 29
[2026-09-17 00:03:01] [INFO] [SUBSCRIPTION] hotel 2 | Expiry: 2026-10-17 | Days Remaining: 30
[2026-09-17 00:03:01] [INFO] ==================================================
[2026-09-17 00:03:01] [INFO] SUBSCRIPTION EXPIRY CRON COMPLETED
[2026-09-17 00:03:01] [INFO] ==================================================
[2026-09-17 00:03:04] [INFO] [Permission Verify] Allowed. User: 6aaae0bdc8c8cbb9a8630ed7, Permission: roomsBooking
[2026-09-17 00:03:04] [INFO] INFO
[2026-09-17 00:03:05] [INFO] INFO
[2026-09-17 00:03:06] [INFO] INFO
[2026-09-17 00:03:09] [INFO] INFO
[2026-09-17 00:03:09] [INFO] [CUSTOMER] Fetched all customers | Hotel: 6aaae0bcc8c8cbb9a8630ed4 | Branch: 6aaae0bcc8c8cbb9a8630ed6 | Count: 0
[2026-09-17 00:03:09] [INFO] INFO
[2026-09-17 00:03:10] [INFO] [CUSTOMER] Fetched all customers | Hotel: 6aaae0bcc8c8cbb9a8630ed4 | Branch: 6aaae0bcc8c8cbb9a8630ed6 | Count: 0
[2026-09-17 00:04:00] [INFO] [SUBSCRIPTION] Expiry cron triggered
[2026-09-17 00:04:00] [INFO] ==================================================
[2026-09-17 00:04:00] [INFO] SUBSCRIPTION EXPIRY CRON STARTED
[2026-09-17 00:04:00] [INFO] ==================================================
[2026-09-17 00:04:00] [INFO] [SUBSCRIPTION] Current India Date: 2026-09-17
[2026-09-17 00:04:00] [INFO] [OVERSTAY] Cron triggered
[2026-09-17 00:04:00] [INFO] ==================================================
[2026-09-17 00:04:00] [INFO] OVERSTAY CRON STARTED
[2026-09-17 00:04:00] [INFO] ==================================================
[2026-09-17 00:04:00] [INFO] [OVERSTAY] Current India Date/Time: 17/09/2026 00:04:00
[2026-09-17 00:04:00] [INFO] [OVERSTAY] Timezone: Asia/Kolkata
[2026-09-17 00:04:00] [INFO] [OVERSTAY] Staying customers found: 0
[2026-09-17 00:04:00] [INFO] ==================================================
[2026-09-17 00:04:00] [INFO] OVERSTAY CRON COMPLETED
[2026-09-17 00:04:00] [INFO] ==================================================
[2026-09-17 00:04:00] [INFO] [SUBSCRIPTION] Subscriptions found: 2
[2026-09-17 00:04:00] [INFO] [SUBSCRIPTION] mani hotel | Expiry: 2026-10-16 | Days Remaining: 29
[2026-09-17 00:04:00] [INFO] [SUBSCRIPTION] hotel 2 | Expiry: 2026-10-17 | Days Remaining: 30
[2026-09-17 00:04:00] [INFO] ==================================================
[2026-09-17 00:04:00] [INFO] SUBSCRIPTION EXPIRY CRON COMPLETED
[2026-09-17 00:04:00] [INFO] ==================================================
[2026-09-17 00:04:33] [INFO] INFO
[2026-09-17 00:04:33] [INFO] [Permission Verify] Allowed. User: 6aaae0bdc8c8cbb9a8630ed7, Permission: customer
[2026-09-17 00:04:33] [INFO] [CUSTOMER] Created successfully | Hotel: 6aaae0bcc8c8cbb9a8630ed4 | Branch: 6aaae0bcc8c8cbb9a8630ed6 | Customer: 6aaae139c8c8cbb9a8630ed9 | Name: siva sub hotel
[2026-09-17 00:04:34] [INFO] [Permission Verify] Allowed. User: 6aaae0bdc8c8cbb9a8630ed7, Permission: roomsBooking
[2026-09-17 00:04:34] [INFO] [Booking] Create booking started. userId=6aaae0bdc8c8cbb9a8630ed7
[2026-09-17 00:04:34] [INFO] [Booking] Create booking tenant resolved. hotelId=6aaae0bcc8c8cbb9a8630ed4, branchId=6aaae0bcc8c8cbb9a8630ed6
[2026-09-17 00:04:34] [INFO] [Booking] Checking customer. customerId=6aaae139c8c8cbb9a8630ed9, hotelId=6aaae0bcc8c8cbb9a8630ed4, branchId=6aaae0bcc8c8cbb9a8630ed6
[2026-09-17 00:04:34] [INFO] [Booking] Customer validated. customerId=6aaae139c8c8cbb9a8630ed9, hotelId=6aaae0bcc8c8cbb9a8630ed4, branchId=6aaae0bcc8c8cbb9a8630ed6
[2026-09-17 00:04:34] [INFO] [Booking] Validating 1 room(s). hotelId=6aaae0bcc8c8cbb9a8630ed4, branchId=6aaae0bcc8c8cbb9a8630ed6
[2026-09-17 00:04:34] [INFO] [Booking] Checking room. roomId=6aaae0e0c8c8cbb9a8630ed8, hotelId=6aaae0bcc8c8cbb9a8630ed4, branchId=6aaae0bcc8c8cbb9a8630ed6
[2026-09-17 00:04:34] [INFO] [Booking] All rooms validated. hotelId=6aaae0bcc8c8cbb9a8630ed4, branchId=6aaae0bcc8c8cbb9a8630ed6, roomCount=1
[2026-09-17 00:04:34] [INFO] [Booking] Creating booking document. hotelId=6aaae0bcc8c8cbb9a8630ed4, branchId=6aaae0bcc8c8cbb9a8630ed6, customerId=6aaae139c8c8cbb9a8630ed9
[2026-09-17 00:04:35] [INFO] [Booking] Booking created successfully. bookingId=6aaae13ac8c8cbb9a8630eda, hotelId=6aaae0bcc8c8cbb9a8630ed4, branchId=6aaae0bcc8c8cbb9a8630ed6, customerId=6aaae139c8c8cbb9a8630ed9
[2026-09-17 00:04:35] [INFO] [Booking] Updating physical rooms to booked. bookingId=6aaae13ac8c8cbb9a8630eda, hotelId=6aaae0bcc8c8cbb9a8630ed4, branchId=6aaae0bcc8c8cbb9a8630ed6
[2026-09-17 00:04:35] [INFO] [Booking] Physical rooms marked as booked. bookingId=6aaae13ac8c8cbb9a8630eda, hotelId=6aaae0bcc8c8cbb9a8630ed4, branchId=6aaae0bcc8c8cbb9a8630ed6
[2026-09-17 00:04:35] [INFO] [Booking] Create booking completed. bookingId=6aaae13ac8c8cbb9a8630eda, hotelId=6aaae0bcc8c8cbb9a8630ed4, branchId=6aaae0bcc8c8cbb9a8630ed6
[2026-09-17 00:04:36] [INFO] INFO
[2026-09-17 00:04:37] [INFO] INFO
[2026-09-17 00:04:38] [INFO] INFO
[2026-09-17 00:04:39] [INFO] [Permission Verify] Allowed. User: 6aaae0bdc8c8cbb9a8630ed7, Permission: roomsBooking
[2026-09-17 00:04:39] [INFO] [Booking] Get active bookings started. hotelId=6aaae0bcc8c8cbb9a8630ed4, branchId=6aaae0bcc8c8cbb9a8630ed6
[2026-09-17 00:04:39] [INFO] [CUSTOMER] Fetched all customers | Hotel: 6aaae0bcc8c8cbb9a8630ed4 | Branch: 6aaae0bcc8c8cbb9a8630ed6 | Count: 1
[2026-09-17 00:04:39] [INFO] INFO
[2026-09-17 00:04:39] [INFO] [Booking] Active bookings retrieved. hotelId=6aaae0bcc8c8cbb9a8630ed4, branchId=6aaae0bcc8c8cbb9a8630ed6, count=1
[2026-09-17 00:04:39] [INFO] [CUSTOMER] Fetched all customers | Hotel: 6aaae0bcc8c8cbb9a8630ed4 | Branch: 6aaae0bcc8c8cbb9a8630ed6 | Count: 1
[2026-09-17 00:04:39] [INFO] [Permission Verify] Allowed. User: 6aaae0bdc8c8cbb9a8630ed7, Permission: roomsBooking
[2026-09-17 00:04:39] [INFO] [Booking] Get active bookings started. hotelId=6aaae0bcc8c8cbb9a8630ed4, branchId=6aaae0bcc8c8cbb9a8630ed6
[2026-09-17 00:04:40] [INFO] [Booking] Active bookings retrieved. hotelId=6aaae0bcc8c8cbb9a8630ed4, branchId=6aaae0bcc8c8cbb9a8630ed6, count=1
[2026-09-17 00:04:41] [INFO] User logged out: hotel2 siva
[2026-09-17 00:05:00] [INFO] [SUBSCRIPTION] Expiry cron triggered
[2026-09-17 00:05:00] [INFO] ==================================================
[2026-09-17 00:05:00] [INFO] SUBSCRIPTION EXPIRY CRON STARTED
[2026-09-17 00:05:00] [INFO] ==================================================
[2026-09-17 00:05:00] [INFO] [SUBSCRIPTION] Current India Date: 2026-09-17
[2026-09-17 00:05:00] [INFO] [OVERSTAY] Cron triggered
[2026-09-17 00:05:00] [INFO] ==================================================
[2026-09-17 00:05:00] [INFO] OVERSTAY CRON STARTED
[2026-09-17 00:05:00] [INFO] ==================================================
[2026-09-17 00:05:00] [INFO] [OVERSTAY] Current India Date/Time: 17/09/2026 00:05:00
[2026-09-17 00:05:00] [INFO] [OVERSTAY] Timezone: Asia/Kolkata
[2026-09-17 00:05:00] [INFO] [OVERSTAY] Staying customers found: 0
[2026-09-17 00:05:00] [INFO] ==================================================
[2026-09-17 00:05:00] [INFO] OVERSTAY CRON COMPLETED
[2026-09-17 00:05:00] [INFO] ==================================================
[2026-09-17 00:05:00] [INFO] [SUBSCRIPTION] Subscriptions found: 2
[2026-09-17 00:05:01] [INFO] [SUBSCRIPTION] mani hotel | Expiry: 2026-10-16 | Days Remaining: 29
[2026-09-17 00:05:01] [INFO] [SUBSCRIPTION] hotel 2 | Expiry: 2026-10-17 | Days Remaining: 30
[2026-09-17 00:05:01] [INFO] ==================================================
[2026-09-17 00:05:01] [INFO] SUBSCRIPTION EXPIRY CRON COMPLETED
[2026-09-17 00:05:01] [INFO] ==================================================
[2026-09-17 00:05:04] [INFO] [LOGIN] Login request received for email: hotel2siva@gmail.com
[2026-09-17 00:05:09] [INFO] OTP sent to hotel2siva@gmail.com
[2026-09-17 00:05:09] [INFO] [LOGIN] OTP sent successfully to hotel2siva@gmail.com
[2026-09-17 00:05:16] [INFO] [LOGIN] OTP verified successfully. User: hotel2siva@gmail.com, Role: hotelOwner, Hotel: 6aaae0bcc8c8cbb9a8630ed4, Branch: 6aaae0bcc8c8cbb9a8630ed6
[2026-09-17 00:05:16] [INFO] [Permission Verify] Allowed. User: 6aaae0bdc8c8cbb9a8630ed7, Permission: dashboard
[2026-09-17 00:05:17] [INFO] [Permission Verify] Allowed. User: 6aaae0bdc8c8cbb9a8630ed7, Permission: dashboard
[2026-09-17 00:05:27] [INFO] [Permission Verify] Allowed. User: 6aaae0bdc8c8cbb9a8630ed7, Permission: settings
[2026-09-17 00:05:27] [INFO] [Settings] GET started. userId=6aaae0bdc8c8cbb9a8630ed7
[2026-09-17 00:05:27] [INFO] [Settings] Tenant resolved. hotelId=6aaae0bcc8c8cbb9a8630ed4, branchId=6aaae0bcc8c8cbb9a8630ed6
[2026-09-17 00:05:27] [INFO] [Settings] Verifying branch ownership. hotelId=6aaae0bcc8c8cbb9a8630ed4, branchId=6aaae0bcc8c8cbb9a8630ed6
[2026-09-17 00:05:27] [INFO] [Settings] Searching settings. hotelId=6aaae0bcc8c8cbb9a8630ed4, branchId=6aaae0bcc8c8cbb9a8630ed6
[2026-09-17 00:05:27] [INFO] [Settings] No exact settings found. Checking legacy settings. hotelId=6aaae0bcc8c8cbb9a8630ed4, branchId=6aaae0bcc8c8cbb9a8630ed6
[2026-09-17 00:05:27] [INFO] [Settings] No settings configured for branch. hotelId=6aaae0bcc8c8cbb9a8630ed4, branchId=6aaae0bcc8c8cbb9a8630ed6
[2026-09-17 00:05:28] [INFO] [Permission Verify] Allowed. User: 6aaae0bdc8c8cbb9a8630ed7, Permission: settings
[2026-09-17 00:05:28] [INFO] [Settings] GET started. userId=6aaae0bdc8c8cbb9a8630ed7
[2026-09-17 00:05:28] [INFO] [Settings] Tenant resolved. hotelId=6aaae0bcc8c8cbb9a8630ed4, branchId=6aaae0bcc8c8cbb9a8630ed6
[2026-09-17 00:05:28] [INFO] [Settings] Verifying branch ownership. hotelId=6aaae0bcc8c8cbb9a8630ed4, branchId=6aaae0bcc8c8cbb9a8630ed6
[2026-09-17 00:05:28] [INFO] [Settings] Searching settings. hotelId=6aaae0bcc8c8cbb9a8630ed4, branchId=6aaae0bcc8c8cbb9a8630ed6
[2026-09-17 00:05:28] [INFO] [Settings] No exact settings found. Checking legacy settings. hotelId=6aaae0bcc8c8cbb9a8630ed4, branchId=6aaae0bcc8c8cbb9a8630ed6
[2026-09-17 00:05:28] [INFO] [Settings] No settings configured for branch. hotelId=6aaae0bcc8c8cbb9a8630ed4, branchId=6aaae0bcc8c8cbb9a8630ed6
[2026-09-17 00:05:29] [INFO] [Permission Verify] Allowed. User: 6aaae0bdc8c8cbb9a8630ed7, Permission: users
[2026-09-17 00:05:29] [INFO] [getAllUsers] Loaded 1 users | Hotel ID: 6aaae0bcc8c8cbb9a8630ed4 | Branch ID: 6aaae0bcc8c8cbb9a8630ed6 | Subscription: 6aaae0bcc8c8cbb9a8630ed5
[2026-09-17 00:05:30] [INFO] [Permission Verify] Allowed. User: 6aaae0bdc8c8cbb9a8630ed7, Permission: users
[2026-09-17 00:05:30] [INFO] [Permission Verify] Allowed. User: 6aaae0bdc8c8cbb9a8630ed7, Permission: users
[2026-09-17 00:05:30] [INFO] [getAllUsers] Loaded 1 users | Hotel ID: 6aaae0bcc8c8cbb9a8630ed4 | Branch ID: 6aaae0bcc8c8cbb9a8630ed6 | Subscription: 6aaae0bcc8c8cbb9a8630ed5
[2026-09-17 00:05:30] [INFO] [getMySubscription] Loaded subscription 6aaae0bcc8c8cbb9a8630ed5 | Hotel ID: 6aaae0bcc8c8cbb9a8630ed4
[2026-09-17 00:05:31] [INFO] [Permission Verify] Forbidden. User: 6aaae0bdc8c8cbb9a8630ed7, Role: hotelOwner, Permission: plans
[2026-09-17 00:05:31] [INFO] [Permission Verify] Allowed. User: 6aaae0bdc8c8cbb9a8630ed7, Permission: users
[2026-09-17 00:05:32] [INFO] [getMySubscription] Loaded subscription 6aaae0bcc8c8cbb9a8630ed5 | Hotel ID: 6aaae0bcc8c8cbb9a8630ed4
[2026-09-17 00:05:32] [INFO] [Permission Verify] Forbidden. User: 6aaae0bdc8c8cbb9a8630ed7, Role: hotelOwner, Permission: plans
[2026-09-17 00:05:43] [INFO] [Permission Verify] Allowed. User: 6aaae0bdc8c8cbb9a8630ed7, Permission: serviceManagement
[2026-09-17 00:05:44] [INFO] INFO
[2026-09-17 00:05:44] [INFO] [Permission Verify] Allowed. User: 6aaae0bdc8c8cbb9a8630ed7, Permission: serviceManagement
[2026-09-17 00:05:44] [INFO] INFO
[2026-09-17 00:06:00] [INFO] [SUBSCRIPTION] Expiry cron triggered
[2026-09-17 00:06:00] [INFO] ==================================================
[2026-09-17 00:06:00] [INFO] SUBSCRIPTION EXPIRY CRON STARTED
[2026-09-17 00:06:00] [INFO] ==================================================
[2026-09-17 00:06:00] [INFO] [SUBSCRIPTION] Current India Date: 2026-09-17
[2026-09-17 00:06:00] [INFO] [OVERSTAY] Cron triggered
[2026-09-17 00:06:00] [INFO] ==================================================
[2026-09-17 00:06:00] [INFO] OVERSTAY CRON STARTED
[2026-09-17 00:06:00] [INFO] ==================================================
[2026-09-17 00:06:00] [INFO] [OVERSTAY] Current India Date/Time: 17/09/2026 00:06:00
[2026-09-17 00:06:00] [INFO] [OVERSTAY] Timezone: Asia/Kolkata
[2026-09-17 00:06:00] [INFO] [OVERSTAY] Staying customers found: 0
[2026-09-17 00:06:00] [INFO] ==================================================
[2026-09-17 00:06:00] [INFO] OVERSTAY CRON COMPLETED
[2026-09-17 00:06:00] [INFO] ==================================================
[2026-09-17 00:06:00] [INFO] [SUBSCRIPTION] Subscriptions found: 2
[2026-09-17 00:06:00] [INFO] [SUBSCRIPTION] mani hotel | Expiry: 2026-10-16 | Days Remaining: 29
[2026-09-17 00:06:01] [INFO] [SUBSCRIPTION] hotel 2 | Expiry: 2026-10-17 | Days Remaining: 30
[2026-09-17 00:06:01] [INFO] ==================================================
[2026-09-17 00:06:01] [INFO] SUBSCRIPTION EXPIRY CRON COMPLETED
[2026-09-17 00:06:01] [INFO] ==================================================
[2026-09-17 00:06:44] [INFO] [Branch Limit Verify] Hotel: 6aaae0bcc8c8cbb9a8630ed4 | Existing Branches: 1 | Limit: 10
[2026-09-17 00:06:45] [INFO] [Branch Controller] Auto-created User account for branch: siva hotel 2 sub branch hotel (sivasubbranch@gmail.com)
[2026-09-17 00:06:45] [INFO] [Branch Controller] Sub-branch created: 6aaae1bdc8c8cbb9a8630ee3 for hotel: 6aaae0bcc8c8cbb9a8630ed4
[2026-09-17 00:06:59] [INFO] User logged out: hotel2 siva
[2026-09-17 00:07:00] [INFO] [SUBSCRIPTION] Expiry cron triggered
[2026-09-17 00:07:00] [INFO] ==================================================
[2026-09-17 00:07:00] [INFO] SUBSCRIPTION EXPIRY CRON STARTED
[2026-09-17 00:07:00] [INFO] ==================================================
[2026-09-17 00:07:00] [INFO] [SUBSCRIPTION] Current India Date: 2026-09-17
[2026-09-17 00:07:00] [INFO] [OVERSTAY] Cron triggered
[2026-09-17 00:07:00] [INFO] ==================================================
[2026-09-17 00:07:00] [INFO] OVERSTAY CRON STARTED
[2026-09-17 00:07:00] [INFO] ==================================================
[2026-09-17 00:07:00] [INFO] [OVERSTAY] Current India Date/Time: 17/09/2026 00:07:00
[2026-09-17 00:07:00] [INFO] [OVERSTAY] Timezone: Asia/Kolkata
[2026-09-17 00:07:00] [INFO] [OVERSTAY] Staying customers found: 0
[2026-09-17 00:07:00] [INFO] ==================================================
[2026-09-17 00:07:00] [INFO] OVERSTAY CRON COMPLETED
[2026-09-17 00:07:00] [INFO] ==================================================
[2026-09-17 00:07:00] [INFO] [SUBSCRIPTION] Subscriptions found: 2
[2026-09-17 00:07:00] [INFO] [SUBSCRIPTION] mani hotel | Expiry: 2026-10-16 | Days Remaining: 29
[2026-09-17 00:07:01] [INFO] [SUBSCRIPTION] hotel 2 | Expiry: 2026-10-17 | Days Remaining: 30
[2026-09-17 00:07:01] [INFO] ==================================================
[2026-09-17 00:07:01] [INFO] SUBSCRIPTION EXPIRY CRON COMPLETED
[2026-09-17 00:07:01] [INFO] ==================================================
[2026-09-17 00:07:02] [INFO] [LOGIN] Login request received for email: sivasubbranch@gmail.com
[2026-09-17 00:07:08] [INFO] OTP sent to sivasubbranch@gmail.com
[2026-09-17 00:07:08] [INFO] [LOGIN] OTP sent successfully to sivasubbranch@gmail.com
[2026-09-17 00:07:53] [INFO] [LOGIN] OTP verified successfully. User: sivasubbranch@gmail.com, Role: hotelOwner, Hotel: 6aaae0bcc8c8cbb9a8630ed4, Branch: 6aaae1bdc8c8cbb9a8630ee3
[2026-09-17 00:07:54] [INFO] [Permission Verify] Allowed. User: 6aaae1bdc8c8cbb9a8630ee4, Permission: dashboard
[2026-09-17 00:07:54] [INFO] [Permission Verify] Allowed. User: 6aaae1bdc8c8cbb9a8630ee4, Permission: dashboard
[2026-09-17 00:07:59] [INFO] INFO
[2026-09-17 00:07:59] [INFO] INFO
[2026-09-17 00:08:00] [INFO] [SUBSCRIPTION] Expiry cron triggered
[2026-09-17 00:08:00] [INFO] ==================================================
[2026-09-17 00:08:00] [INFO] SUBSCRIPTION EXPIRY CRON STARTED
[2026-09-17 00:08:00] [INFO] ==================================================
[2026-09-17 00:08:00] [INFO] [SUBSCRIPTION] Current India Date: 2026-09-17
[2026-09-17 00:08:00] [INFO] [OVERSTAY] Cron triggered
[2026-09-17 00:08:00] [INFO] ==================================================
[2026-09-17 00:08:00] [INFO] OVERSTAY CRON STARTED
[2026-09-17 00:08:00] [INFO] ==================================================
[2026-09-17 00:08:00] [INFO] [OVERSTAY] Current India Date/Time: 17/09/2026 00:08:00
[2026-09-17 00:08:00] [INFO] [OVERSTAY] Timezone: Asia/Kolkata
[2026-09-17 00:08:00] [INFO] [OVERSTAY] Staying customers found: 0
[2026-09-17 00:08:00] [INFO] ==================================================
[2026-09-17 00:08:00] [INFO] OVERSTAY CRON COMPLETED
[2026-09-17 00:08:00] [INFO] ==================================================
[2026-09-17 00:08:00] [INFO] [SUBSCRIPTION] Subscriptions found: 2
[2026-09-17 00:08:00] [INFO] [SUBSCRIPTION] mani hotel | Expiry: 2026-10-16 | Days Remaining: 29
[2026-09-17 00:08:01] [INFO] [SUBSCRIPTION] hotel 2 | Expiry: 2026-10-17 | Days Remaining: 30
[2026-09-17 00:08:01] [INFO] ==================================================
[2026-09-17 00:08:01] [INFO] SUBSCRIPTION EXPIRY CRON COMPLETED
[2026-09-17 00:08:01] [INFO] ==================================================
[2026-09-17 00:08:02] [INFO] [Permission Verify] Allowed. User: 6aaae1bdc8c8cbb9a8630ee4, Permission: serviceManagement
[2026-09-17 00:08:02] [INFO] INFO
[2026-09-17 00:08:02] [INFO] [Permission Verify] Allowed. User: 6aaae1bdc8c8cbb9a8630ee4, Permission: serviceManagement
[2026-09-17 00:08:02] [INFO] INFO
[2026-09-17 00:08:02] [INFO] [Permission Verify] Allowed. User: 6aaae1bdc8c8cbb9a8630ee4, Permission: reports
[2026-09-17 00:08:03] [INFO] [Permission Verify] Allowed. User: 6aaae1bdc8c8cbb9a8630ee4, Permission: customer
[2026-09-17 00:08:03] [INFO] [Permission Verify] Allowed. User: 6aaae1bdc8c8cbb9a8630ee4, Permission: reports
[2026-09-17 00:08:04] [INFO] [Permission Verify] Allowed. User: 6aaae1bdc8c8cbb9a8630ee4, Permission: customer
[2026-09-17 00:08:04] [INFO] [Permission Verify] Allowed. User: 6aaae1bdc8c8cbb9a8630ee4, Permission: invoice
[2026-09-17 00:08:04] [INFO] [Invoice] Get all invoices started. hotelId=6aaae0bcc8c8cbb9a8630ed4, branchId=6aaae1bdc8c8cbb9a8630ee3
[2026-09-17 00:08:04] [INFO] [Invoice] Get all invoices completed. hotelId=6aaae0bcc8c8cbb9a8630ed4, branchId=6aaae1bdc8c8cbb9a8630ee3, count=0
[2026-09-17 00:08:05] [INFO] [Permission Verify] Allowed. User: 6aaae1bdc8c8cbb9a8630ee4, Permission: invoice
[2026-09-17 00:08:05] [INFO] [Invoice] Get all invoices started. hotelId=6aaae0bcc8c8cbb9a8630ed4, branchId=6aaae1bdc8c8cbb9a8630ee3
[2026-09-17 00:08:05] [INFO] [Invoice] Get all invoices completed. hotelId=6aaae0bcc8c8cbb9a8630ed4, branchId=6aaae1bdc8c8cbb9a8630ee3, count=0
[2026-09-17 00:08:05] [INFO] [Permission Verify] Allowed. User: 6aaae1bdc8c8cbb9a8630ee4, Permission: settings
[2026-09-17 00:08:05] [INFO] [Settings] GET started. userId=6aaae1bdc8c8cbb9a8630ee4
[2026-09-17 00:08:05] [INFO] [Settings] Tenant resolved. hotelId=6aaae0bcc8c8cbb9a8630ed4, branchId=6aaae1bdc8c8cbb9a8630ee3
[2026-09-17 00:08:05] [INFO] [Settings] Verifying branch ownership. hotelId=6aaae0bcc8c8cbb9a8630ed4, branchId=6aaae1bdc8c8cbb9a8630ee3
[2026-09-17 00:08:06] [INFO] [Settings] Searching settings. hotelId=6aaae0bcc8c8cbb9a8630ed4, branchId=6aaae1bdc8c8cbb9a8630ee3
[2026-09-17 00:08:06] [INFO] [Settings] No exact settings found. Checking legacy settings. hotelId=6aaae0bcc8c8cbb9a8630ed4, branchId=6aaae1bdc8c8cbb9a8630ee3
[2026-09-17 00:08:06] [INFO] [Settings] No settings configured for branch. hotelId=6aaae0bcc8c8cbb9a8630ed4, branchId=6aaae1bdc8c8cbb9a8630ee3
[2026-09-17 00:08:07] [INFO] [Permission Verify] Allowed. User: 6aaae1bdc8c8cbb9a8630ee4, Permission: settings
[2026-09-17 00:08:07] [INFO] [Settings] GET started. userId=6aaae1bdc8c8cbb9a8630ee4
[2026-09-17 00:08:07] [INFO] [Settings] Tenant resolved. hotelId=6aaae0bcc8c8cbb9a8630ed4, branchId=6aaae1bdc8c8cbb9a8630ee3
[2026-09-17 00:08:07] [INFO] [Settings] Verifying branch ownership. hotelId=6aaae0bcc8c8cbb9a8630ed4, branchId=6aaae1bdc8c8cbb9a8630ee3
[2026-09-17 00:08:07] [INFO] [Settings] Searching settings. hotelId=6aaae0bcc8c8cbb9a8630ed4, branchId=6aaae1bdc8c8cbb9a8630ee3
[2026-09-17 00:08:07] [INFO] [Settings] No exact settings found. Checking legacy settings. hotelId=6aaae0bcc8c8cbb9a8630ed4, branchId=6aaae1bdc8c8cbb9a8630ee3
[2026-09-17 00:08:07] [INFO] [Settings] No settings configured for branch. hotelId=6aaae0bcc8c8cbb9a8630ed4, branchId=6aaae1bdc8c8cbb9a8630ee3
[2026-09-17 00:08:07] [INFO] [Permission Verify] Allowed. User: 6aaae1bdc8c8cbb9a8630ee4, Permission: users
[2026-09-17 00:08:08] [INFO] [getAllUsers] Loaded 1 users | Hotel ID: 6aaae0bcc8c8cbb9a8630ed4 | Branch ID: 6aaae1bdc8c8cbb9a8630ee3 | Subscription: 6aaae0bcc8c8cbb9a8630ed5
[2026-09-17 00:08:08] [INFO] [Permission Verify] Allowed. User: 6aaae1bdc8c8cbb9a8630ee4, Permission: users
[2026-09-17 00:08:08] [INFO] [Permission Verify] Allowed. User: 6aaae1bdc8c8cbb9a8630ee4, Permission: users
[2026-09-17 00:08:09] [INFO] [getAllUsers] Loaded 1 users | Hotel ID: 6aaae0bcc8c8cbb9a8630ed4 | Branch ID: 6aaae1bdc8c8cbb9a8630ee3 | Subscription: 6aaae0bcc8c8cbb9a8630ed5
[2026-09-17 00:08:09] [INFO] [getMySubscription] Loaded subscription 6aaae0bcc8c8cbb9a8630ed5 | Hotel ID: 6aaae0bcc8c8cbb9a8630ed4
[2026-09-17 00:08:09] [INFO] [Permission Verify] Allowed. User: 6aaae1bdc8c8cbb9a8630ee4, Permission: users
[2026-09-17 00:08:09] [INFO] [Permission Verify] Forbidden. User: 6aaae1bdc8c8cbb9a8630ee4, Role: hotelOwner, Permission: plans
[2026-09-17 00:08:10] [INFO] [getMySubscription] Loaded subscription 6aaae0bcc8c8cbb9a8630ed5 | Hotel ID: 6aaae0bcc8c8cbb9a8630ed4
[2026-09-17 00:08:10] [INFO] [Permission Verify] Forbidden. User: 6aaae1bdc8c8cbb9a8630ee4, Role: hotelOwner, Permission: plans
[2026-09-17 00:08:15] [INFO] [Permission Verify] Allowed. User: 6aaae1bdc8c8cbb9a8630ee4, Permission: dashboard
[2026-09-17 00:08:16] [INFO] [Permission Verify] Allowed. User: 6aaae1bdc8c8cbb9a8630ee4, Permission: dashboard
[2026-09-17 00:08:18] [INFO] INFO
[2026-09-17 00:08:18] [INFO] INFO
[2026-09-17 00:08:33] [INFO] [Permission Verify] Allowed. User: 6aaae1bdc8c8cbb9a8630ee4, Permission: roomsBooking
[2026-09-17 00:08:34] [INFO] INFO
[2026-09-17 00:08:34] [INFO] INFO
[2026-09-17 00:08:35] [INFO] INFO
[2026-09-17 00:08:37] [INFO] INFO
[2026-09-17 00:08:38] [INFO] [Permission Verify] Allowed. User: 6aaae1bdc8c8cbb9a8630ee4, Permission: roomsBooking
[2026-09-17 00:08:38] [INFO] [Booking] Get active bookings started. hotelId=6aaae0bcc8c8cbb9a8630ed4, branchId=6aaae1bdc8c8cbb9a8630ee3
[2026-09-17 00:08:38] [INFO] INFO
[2026-09-17 00:08:38] [INFO] [CUSTOMER] Fetched all customers | Hotel: 6aaae0bcc8c8cbb9a8630ed4 | Branch: 6aaae1bdc8c8cbb9a8630ee3 | Count: 0
[2026-09-17 00:08:38] [INFO] [Booking] Active bookings retrieved. hotelId=6aaae0bcc8c8cbb9a8630ed4, branchId=6aaae1bdc8c8cbb9a8630ee3, count=0
[2026-09-17 00:08:38] [INFO] [Permission Verify] Allowed. User: 6aaae1bdc8c8cbb9a8630ee4, Permission: roomsBooking
[2026-09-17 00:08:38] [INFO] [Booking] Get active bookings started. hotelId=6aaae0bcc8c8cbb9a8630ed4, branchId=6aaae1bdc8c8cbb9a8630ee3
[2026-09-17 00:08:38] [INFO] [CUSTOMER] Fetched all customers | Hotel: 6aaae0bcc8c8cbb9a8630ed4 | Branch: 6aaae1bdc8c8cbb9a8630ee3 | Count: 0
[2026-09-17 00:08:38] [INFO] [Booking] Active bookings retrieved. hotelId=6aaae0bcc8c8cbb9a8630ed4, branchId=6aaae1bdc8c8cbb9a8630ee3, count=0
[2026-09-17 00:08:39] [INFO] INFO
[2026-09-17 00:08:40] [INFO] INFO
[2026-09-17 00:08:40] [INFO] [CUSTOMER] Fetched all customers | Hotel: 6aaae0bcc8c8cbb9a8630ed4 | Branch: 6aaae1bdc8c8cbb9a8630ee3 | Count: 0
[2026-09-17 00:08:41] [INFO] [CUSTOMER] Fetched all customers | Hotel: 6aaae0bcc8c8cbb9a8630ed4 | Branch: 6aaae1bdc8c8cbb9a8630ee3 | Count: 0
[2026-09-17 00:09:00] [INFO] [SUBSCRIPTION] Expiry cron triggered
[2026-09-17 00:09:00] [INFO] ==================================================
[2026-09-17 00:09:00] [INFO] SUBSCRIPTION EXPIRY CRON STARTED
[2026-09-17 00:09:00] [INFO] ==================================================
[2026-09-17 00:09:00] [INFO] [SUBSCRIPTION] Current India Date: 2026-09-17
[2026-09-17 00:09:00] [INFO] [OVERSTAY] Cron triggered
[2026-09-17 00:09:00] [INFO] ==================================================
[2026-09-17 00:09:00] [INFO] OVERSTAY CRON STARTED
[2026-09-17 00:09:00] [INFO] ==================================================
[2026-09-17 00:09:00] [INFO] [OVERSTAY] Current India Date/Time: 17/09/2026 00:09:00
[2026-09-17 00:09:00] [INFO] [OVERSTAY] Timezone: Asia/Kolkata
[2026-09-17 00:09:00] [INFO] [OVERSTAY] Staying customers found: 0
[2026-09-17 00:09:00] [INFO] ==================================================
[2026-09-17 00:09:00] [INFO] OVERSTAY CRON COMPLETED
[2026-09-17 00:09:00] [INFO] ==================================================
[2026-09-17 00:09:00] [INFO] [SUBSCRIPTION] Subscriptions found: 2
[2026-09-17 00:09:00] [INFO] [SUBSCRIPTION] mani hotel | Expiry: 2026-10-16 | Days Remaining: 29
[2026-09-17 00:09:00] [INFO] [SUBSCRIPTION] hotel 2 | Expiry: 2026-10-17 | Days Remaining: 30
[2026-09-17 00:09:00] [INFO] ==================================================
[2026-09-17 00:09:00] [INFO] SUBSCRIPTION EXPIRY CRON COMPLETED
[2026-09-17 00:09:00] [INFO] ==================================================
[2026-09-17 00:09:21] [INFO] INFO
[2026-09-17 00:09:21] [INFO] [Permission Verify] Allowed. User: 6aaae1bdc8c8cbb9a8630ee4, Permission: customer
[2026-09-17 00:09:21] [INFO] [CUSTOMER] Created successfully | Hotel: 6aaae0bcc8c8cbb9a8630ed4 | Branch: 6aaae1bdc8c8cbb9a8630ee3 | Customer: 6aaae259c8c8cbb9a8630ee6 | Name: Manikandan
[2026-09-17 00:09:21] [INFO] [Permission Verify] Allowed. User: 6aaae1bdc8c8cbb9a8630ee4, Permission: roomsBooking
[2026-09-17 00:09:21] [INFO] [Booking] Create booking started. userId=6aaae1bdc8c8cbb9a8630ee4
[2026-09-17 00:09:21] [INFO] [Booking] Create booking tenant resolved. hotelId=6aaae0bcc8c8cbb9a8630ed4, branchId=6aaae1bdc8c8cbb9a8630ee3
[2026-09-17 00:09:21] [INFO] [Booking] Checking customer. customerId=6aaae259c8c8cbb9a8630ee6, hotelId=6aaae0bcc8c8cbb9a8630ed4, branchId=6aaae1bdc8c8cbb9a8630ee3
[2026-09-17 00:09:22] [INFO] [Booking] Customer validated. customerId=6aaae259c8c8cbb9a8630ee6, hotelId=6aaae0bcc8c8cbb9a8630ed4, branchId=6aaae1bdc8c8cbb9a8630ee3
[2026-09-17 00:09:22] [INFO] [Booking] Validating 1 room(s). hotelId=6aaae0bcc8c8cbb9a8630ed4, branchId=6aaae1bdc8c8cbb9a8630ee3
[2026-09-17 00:09:22] [INFO] [Booking] Checking room. roomId=6aaae229c8c8cbb9a8630ee5, hotelId=6aaae0bcc8c8cbb9a8630ed4, branchId=6aaae1bdc8c8cbb9a8630ee3
[2026-09-17 00:09:22] [INFO] [Booking] All rooms validated. hotelId=6aaae0bcc8c8cbb9a8630ed4, branchId=6aaae1bdc8c8cbb9a8630ee3, roomCount=1
[2026-09-17 00:09:22] [INFO] [Booking] Creating booking document. hotelId=6aaae0bcc8c8cbb9a8630ed4, branchId=6aaae1bdc8c8cbb9a8630ee3, customerId=6aaae259c8c8cbb9a8630ee6
[2026-09-17 00:09:22] [INFO] [Booking] Booking created successfully. bookingId=6aaae25ac8c8cbb9a8630ee7, hotelId=6aaae0bcc8c8cbb9a8630ed4, branchId=6aaae1bdc8c8cbb9a8630ee3, customerId=6aaae259c8c8cbb9a8630ee6
[2026-09-17 00:09:22] [INFO] [Booking] Updating physical rooms to booked. bookingId=6aaae25ac8c8cbb9a8630ee7, hotelId=6aaae0bcc8c8cbb9a8630ed4, branchId=6aaae1bdc8c8cbb9a8630ee3
[2026-09-17 00:09:23] [INFO] [Booking] Physical rooms marked as booked. bookingId=6aaae25ac8c8cbb9a8630ee7, hotelId=6aaae0bcc8c8cbb9a8630ed4, branchId=6aaae1bdc8c8cbb9a8630ee3
[2026-09-17 00:09:23] [INFO] [Booking] Create booking completed. bookingId=6aaae25ac8c8cbb9a8630ee7, hotelId=6aaae0bcc8c8cbb9a8630ed4, branchId=6aaae1bdc8c8cbb9a8630ee3
[2026-09-17 00:09:24] [INFO] INFO
[2026-09-17 00:09:24] [INFO] INFO
[2026-09-17 00:09:27] [INFO] [Permission Verify] Allowed. User: 6aaae1bdc8c8cbb9a8630ee4, Permission: roomsBooking
[2026-09-17 00:09:27] [INFO] [Booking] Get active bookings started. hotelId=6aaae0bcc8c8cbb9a8630ed4, branchId=6aaae1bdc8c8cbb9a8630ee3
[2026-09-17 00:09:28] [INFO] [Booking] Active bookings retrieved. hotelId=6aaae0bcc8c8cbb9a8630ed4, branchId=6aaae1bdc8c8cbb9a8630ee3, count=1
[2026-09-17 00:09:28] [INFO] [Permission Verify] Allowed. User: 6aaae1bdc8c8cbb9a8630ee4, Permission: roomsBooking
[2026-09-17 00:09:28] [INFO] [Booking] Get active bookings started. hotelId=6aaae0bcc8c8cbb9a8630ed4, branchId=6aaae1bdc8c8cbb9a8630ee3
[2026-09-17 00:09:28] [INFO] [Booking] Active bookings retrieved. hotelId=6aaae0bcc8c8cbb9a8630ed4, branchId=6aaae1bdc8c8cbb9a8630ee3, count=1
[2026-09-17 00:09:32] [INFO] [Permission Verify] Allowed. User: 6aaae1bdc8c8cbb9a8630ee4, Permission: reports
[2026-09-17 00:09:33] [INFO] [Permission Verify] Allowed. User: 6aaae1bdc8c8cbb9a8630ee4, Permission: reports
[2026-09-17 00:09:34] [INFO] [Permission Verify] Allowed. User: 6aaae1bdc8c8cbb9a8630ee4, Permission: serviceManagement
[2026-09-17 00:09:34] [INFO] INFO
[2026-09-17 00:09:35] [INFO] [Permission Verify] Allowed. User: 6aaae1bdc8c8cbb9a8630ee4, Permission: serviceManagement
[2026-09-17 00:09:35] [INFO] INFO
[2026-09-17 00:09:36] [INFO] [Permission Verify] Allowed. User: 6aaae1bdc8c8cbb9a8630ee4, Permission: settings
[2026-09-17 00:09:36] [INFO] [Settings] GET started. userId=6aaae1bdc8c8cbb9a8630ee4
[2026-09-17 00:09:36] [INFO] [Settings] Tenant resolved. hotelId=6aaae0bcc8c8cbb9a8630ed4, branchId=6aaae1bdc8c8cbb9a8630ee3
[2026-09-17 00:09:36] [INFO] [Settings] Verifying branch ownership. hotelId=6aaae0bcc8c8cbb9a8630ed4, branchId=6aaae1bdc8c8cbb9a8630ee3
[2026-09-17 00:09:36] [INFO] [Settings] Searching settings. hotelId=6aaae0bcc8c8cbb9a8630ed4, branchId=6aaae1bdc8c8cbb9a8630ee3
[2026-09-17 00:09:37] [INFO] [Settings] No exact settings found. Checking legacy settings. hotelId=6aaae0bcc8c8cbb9a8630ed4, branchId=6aaae1bdc8c8cbb9a8630ee3
[2026-09-17 00:09:37] [INFO] [Settings] No settings configured for branch. hotelId=6aaae0bcc8c8cbb9a8630ed4, branchId=6aaae1bdc8c8cbb9a8630ee3
[2026-09-17 00:09:37] [INFO] [Permission Verify] Allowed. User: 6aaae1bdc8c8cbb9a8630ee4, Permission: settings
[2026-09-17 00:09:37] [INFO] [Settings] GET started. userId=6aaae1bdc8c8cbb9a8630ee4
[2026-09-17 00:09:37] [INFO] [Settings] Tenant resolved. hotelId=6aaae0bcc8c8cbb9a8630ed4, branchId=6aaae1bdc8c8cbb9a8630ee3
[2026-09-17 00:09:37] [INFO] [Settings] Verifying branch ownership. hotelId=6aaae0bcc8c8cbb9a8630ed4, branchId=6aaae1bdc8c8cbb9a8630ee3
[2026-09-17 00:09:38] [INFO] [Settings] Searching settings. hotelId=6aaae0bcc8c8cbb9a8630ed4, branchId=6aaae1bdc8c8cbb9a8630ee3
[2026-09-17 00:09:38] [INFO] [Settings] No exact settings found. Checking legacy settings. hotelId=6aaae0bcc8c8cbb9a8630ed4, branchId=6aaae1bdc8c8cbb9a8630ee3
[2026-09-17 00:09:38] [INFO] [Settings] No settings configured for branch. hotelId=6aaae0bcc8c8cbb9a8630ed4, branchId=6aaae1bdc8c8cbb9a8630ee3
[2026-09-17 00:09:43] [INFO] [Permission Verify] Allowed. User: 6aaae1bdc8c8cbb9a8630ee4, Permission: users
[2026-09-17 00:09:43] [INFO] [getAllUsers] Loaded 1 users | Hotel ID: 6aaae0bcc8c8cbb9a8630ed4 | Branch ID: 6aaae1bdc8c8cbb9a8630ee3 | Subscription: 6aaae0bcc8c8cbb9a8630ed5
[2026-09-17 00:09:44] [INFO] [Permission Verify] Allowed. User: 6aaae1bdc8c8cbb9a8630ee4, Permission: users
[2026-09-17 00:09:44] [INFO] [Permission Verify] Allowed. User: 6aaae1bdc8c8cbb9a8630ee4, Permission: users
[2026-09-17 00:09:44] [INFO] [getAllUsers] Loaded 1 users | Hotel ID: 6aaae0bcc8c8cbb9a8630ed4 | Branch ID: 6aaae1bdc8c8cbb9a8630ee3 | Subscription: 6aaae0bcc8c8cbb9a8630ed5
[2026-09-17 00:09:44] [INFO] [getMySubscription] Loaded subscription 6aaae0bcc8c8cbb9a8630ed5 | Hotel ID: 6aaae0bcc8c8cbb9a8630ed4
[2026-09-17 00:09:45] [INFO] [Permission Verify] Forbidden. User: 6aaae1bdc8c8cbb9a8630ee4, Role: hotelOwner, Permission: plans
[2026-09-17 00:09:45] [INFO] [Permission Verify] Allowed. User: 6aaae1bdc8c8cbb9a8630ee4, Permission: users
[2026-09-17 00:09:45] [INFO] [getMySubscription] Loaded subscription 6aaae0bcc8c8cbb9a8630ed5 | Hotel ID: 6aaae0bcc8c8cbb9a8630ed4
[2026-09-17 00:09:46] [INFO] [Permission Verify] Forbidden. User: 6aaae1bdc8c8cbb9a8630ee4, Role: hotelOwner, Permission: plans
[2026-09-17 00:10:00] [INFO] [SUBSCRIPTION] Expiry cron triggered
[2026-09-17 00:10:00] [INFO] ==================================================
[2026-09-17 00:10:00] [INFO] SUBSCRIPTION EXPIRY CRON STARTED
[2026-09-17 00:10:00] [INFO] ==================================================
[2026-09-17 00:10:00] [INFO] [SUBSCRIPTION] Current India Date: 2026-09-17
[2026-09-17 00:10:00] [INFO] [OVERSTAY] Cron triggered
[2026-09-17 00:10:00] [INFO] ==================================================
[2026-09-17 00:10:00] [INFO] OVERSTAY CRON STARTED
[2026-09-17 00:10:00] [INFO] ==================================================
[2026-09-17 00:10:00] [INFO] [OVERSTAY] Current India Date/Time: 17/09/2026 00:10:00
[2026-09-17 00:10:00] [INFO] [OVERSTAY] Timezone: Asia/Kolkata
[2026-09-17 00:10:00] [INFO] [OVERSTAY] Staying customers found: 0
[2026-09-17 00:10:00] [INFO] ==================================================
[2026-09-17 00:10:00] [INFO] OVERSTAY CRON COMPLETED
[2026-09-17 00:10:00] [INFO] ==================================================
[2026-09-17 00:10:00] [INFO] [SUBSCRIPTION] Subscriptions found: 2
[2026-09-17 00:10:00] [INFO] [SUBSCRIPTION] mani hotel | Expiry: 2026-10-16 | Days Remaining: 29
[2026-09-17 00:10:01] [INFO] [SUBSCRIPTION] hotel 2 | Expiry: 2026-10-17 | Days Remaining: 30
[2026-09-17 00:10:01] [INFO] ==================================================
[2026-09-17 00:10:01] [INFO] SUBSCRIPTION EXPIRY CRON COMPLETED
[2026-09-17 00:10:01] [INFO] ==================================================
[2026-09-17 00:11:00] [INFO] [SUBSCRIPTION] Expiry cron triggered
[2026-09-17 00:11:00] [INFO] ==================================================
[2026-09-17 00:11:00] [INFO] SUBSCRIPTION EXPIRY CRON STARTED
[2026-09-17 00:11:00] [INFO] ==================================================
[2026-09-17 00:11:00] [INFO] [SUBSCRIPTION] Current India Date: 2026-09-17
[2026-09-17 00:11:00] [INFO] [OVERSTAY] Cron triggered
[2026-09-17 00:11:00] [INFO] ==================================================
[2026-09-17 00:11:00] [INFO] OVERSTAY CRON STARTED
[2026-09-17 00:11:00] [INFO] ==================================================
[2026-09-17 00:11:00] [INFO] [OVERSTAY] Current India Date/Time: 17/09/2026 00:11:00
[2026-09-17 00:11:00] [INFO] [OVERSTAY] Timezone: Asia/Kolkata
[2026-09-17 00:11:00] [INFO] [OVERSTAY] Staying customers found: 0
[2026-09-17 00:11:00] [INFO] ==================================================
[2026-09-17 00:11:00] [INFO] OVERSTAY CRON COMPLETED
[2026-09-17 00:11:00] [INFO] ==================================================
[2026-09-17 00:11:00] [INFO] [SUBSCRIPTION] Subscriptions found: 2
[2026-09-17 00:11:00] [INFO] [SUBSCRIPTION] mani hotel | Expiry: 2026-10-16 | Days Remaining: 29
[2026-09-17 00:11:00] [INFO] [SUBSCRIPTION] hotel 2 | Expiry: 2026-10-17 | Days Remaining: 30
[2026-09-17 00:11:00] [INFO] ==================================================
[2026-09-17 00:11:00] [INFO] SUBSCRIPTION EXPIRY CRON COMPLETED
[2026-09-17 00:11:01] [INFO] ==================================================
[2026-09-17 00:12:00] [INFO] [SUBSCRIPTION] Expiry cron triggered
[2026-09-17 00:12:00] [INFO] ==================================================
[2026-09-17 00:12:00] [INFO] SUBSCRIPTION EXPIRY CRON STARTED
[2026-09-17 00:12:00] [INFO] ==================================================
[2026-09-17 00:12:00] [INFO] [SUBSCRIPTION] Current India Date: 2026-09-17
[2026-09-17 00:12:00] [INFO] [OVERSTAY] Cron triggered
[2026-09-17 00:12:00] [INFO] ==================================================
[2026-09-17 00:12:00] [INFO] OVERSTAY CRON STARTED
[2026-09-17 00:12:00] [INFO] ==================================================
[2026-09-17 00:12:00] [INFO] [OVERSTAY] Current India Date/Time: 17/09/2026 00:12:00
[2026-09-17 00:12:00] [INFO] [OVERSTAY] Timezone: Asia/Kolkata
[2026-09-17 00:12:00] [INFO] [OVERSTAY] Staying customers found: 0
[2026-09-17 00:12:00] [INFO] ==================================================
[2026-09-17 00:12:00] [INFO] OVERSTAY CRON COMPLETED
[2026-09-17 00:12:00] [INFO] ==================================================
[2026-09-17 00:12:00] [INFO] [SUBSCRIPTION] Subscriptions found: 2
[2026-09-17 00:12:00] [INFO] [SUBSCRIPTION] mani hotel | Expiry: 2026-10-16 | Days Remaining: 29
[2026-09-17 00:12:01] [INFO] [SUBSCRIPTION] hotel 2 | Expiry: 2026-10-17 | Days Remaining: 30
[2026-09-17 00:12:01] [INFO] ==================================================
[2026-09-17 00:12:01] [INFO] SUBSCRIPTION EXPIRY CRON COMPLETED
[2026-09-17 00:12:01] [INFO] ==================================================
[2026-09-17 00:13:00] [INFO] [SUBSCRIPTION] Expiry cron triggered
[2026-09-17 00:13:00] [INFO] ==================================================
[2026-09-17 00:13:00] [INFO] SUBSCRIPTION EXPIRY CRON STARTED
[2026-09-17 00:13:00] [INFO] ==================================================
[2026-09-17 00:13:00] [INFO] [SUBSCRIPTION] Current India Date: 2026-09-17
[2026-09-17 00:13:00] [INFO] [OVERSTAY] Cron triggered
[2026-09-17 00:13:00] [INFO] ==================================================
[2026-09-17 00:13:00] [INFO] OVERSTAY CRON STARTED
[2026-09-17 00:13:00] [INFO] ==================================================
[2026-09-17 00:13:00] [INFO] [OVERSTAY] Current India Date/Time: 17/09/2026 00:13:00
[2026-09-17 00:13:00] [INFO] [OVERSTAY] Timezone: Asia/Kolkata
[2026-09-17 00:13:00] [INFO] [OVERSTAY] Staying customers found: 0
[2026-09-17 00:13:00] [INFO] ==================================================
[2026-09-17 00:13:00] [INFO] OVERSTAY CRON COMPLETED
[2026-09-17 00:13:00] [INFO] ==================================================
[2026-09-17 00:13:00] [INFO] [SUBSCRIPTION] Subscriptions found: 2
[2026-09-17 00:13:00] [INFO] [SUBSCRIPTION] mani hotel | Expiry: 2026-10-16 | Days Remaining: 29
[2026-09-17 00:13:01] [INFO] [SUBSCRIPTION] hotel 2 | Expiry: 2026-10-17 | Days Remaining: 30
[2026-09-17 00:13:01] [INFO] ==================================================
[2026-09-17 00:13:01] [INFO] SUBSCRIPTION EXPIRY CRON COMPLETED
[2026-09-17 00:13:01] [INFO] ==================================================
[2026-09-17 00:14:00] [INFO] [SUBSCRIPTION] Expiry cron triggered
[2026-09-17 00:14:00] [INFO] ==================================================
[2026-09-17 00:14:00] [INFO] SUBSCRIPTION EXPIRY CRON STARTED
[2026-09-17 00:14:00] [INFO] ==================================================
[2026-09-17 00:14:00] [INFO] [SUBSCRIPTION] Current India Date: 2026-09-17
[2026-09-17 00:14:00] [INFO] [OVERSTAY] Cron triggered
[2026-09-17 00:14:00] [INFO] ==================================================
[2026-09-17 00:14:00] [INFO] OVERSTAY CRON STARTED
[2026-09-17 00:14:00] [INFO] ==================================================
[2026-09-17 00:14:00] [INFO] [OVERSTAY] Current India Date/Time: 17/09/2026 00:14:00
[2026-09-17 00:14:00] [INFO] [OVERSTAY] Timezone: Asia/Kolkata
[2026-09-17 00:14:00] [INFO] [OVERSTAY] Staying customers found: 0
[2026-09-17 00:14:00] [INFO] ==================================================
[2026-09-17 00:14:00] [INFO] OVERSTAY CRON COMPLETED
[2026-09-17 00:14:00] [INFO] ==================================================
[2026-09-17 00:14:00] [INFO] [SUBSCRIPTION] Subscriptions found: 2
[2026-09-17 00:14:00] [INFO] [SUBSCRIPTION] mani hotel | Expiry: 2026-10-16 | Days Remaining: 29
[2026-09-17 00:14:00] [INFO] [SUBSCRIPTION] hotel 2 | Expiry: 2026-10-17 | Days Remaining: 30
[2026-09-17 00:14:00] [INFO] ==================================================
[2026-09-17 00:14:00] [INFO] SUBSCRIPTION EXPIRY CRON COMPLETED
[2026-09-17 00:14:00] [INFO] ==================================================
[2026-09-17 00:14:55] [INFO] [Permission Verify] Allowed. User: 6aaae1bdc8c8cbb9a8630ee4, Permission: users
[2026-09-17 00:14:56] [INFO] [createUser] Subscription verified | Hotel: 6aaae0bcc8c8cbb9a8630ed4 | Subscription: 6aaae0bcc8c8cbb9a8630ed5 | Status: active
[2026-09-17 00:14:56] [INFO] [createUser] Receptionist limit passed | Hotel: 6aaae0bcc8c8cbb9a8630ed4 | Current: 0 | Limit: 10
[2026-09-17 00:14:56] [INFO] [createUser] User created successfully | User ID: 6aaae3a8c8c8cbb9a8630ef0 | Hotel ID: 6aaae0bcc8c8cbb9a8630ed4 | Branch ID: 6aaae1bdc8c8cbb9a8630ee3 | Role: receptionist | Subscription: 6aaae0bcc8c8cbb9a8630ed5
[2026-09-17 00:14:57] [INFO] [Permission Verify] Allowed. User: 6aaae1bdc8c8cbb9a8630ee4, Permission: users
[2026-09-17 00:14:57] [INFO] [getAllUsers] Loaded 2 users | Hotel ID: 6aaae0bcc8c8cbb9a8630ed4 | Branch ID: 6aaae1bdc8c8cbb9a8630ee3 | Subscription: 6aaae0bcc8c8cbb9a8630ed5
[2026-09-17 00:14:57] [INFO] [Permission Verify] Allowed. User: 6aaae1bdc8c8cbb9a8630ee4, Permission: users
[2026-09-17 00:14:58] [INFO] [getMySubscription] Loaded subscription 6aaae0bcc8c8cbb9a8630ed5 | Hotel ID: 6aaae0bcc8c8cbb9a8630ed4
[2026-09-17 00:14:58] [INFO] [Permission Verify] Forbidden. User: 6aaae1bdc8c8cbb9a8630ee4, Role: hotelOwner, Permission: plans
[2026-09-17 00:15:00] [INFO] [SUBSCRIPTION] Expiry cron triggered
[2026-09-17 00:15:00] [INFO] ==================================================
[2026-09-17 00:15:00] [INFO] SUBSCRIPTION EXPIRY CRON STARTED
[2026-09-17 00:15:00] [INFO] ==================================================
[2026-09-17 00:15:00] [INFO] [SUBSCRIPTION] Current India Date: 2026-09-17
[2026-09-17 00:15:00] [INFO] [OVERSTAY] Cron triggered
[2026-09-17 00:15:00] [INFO] ==================================================
[2026-09-17 00:15:00] [INFO] OVERSTAY CRON STARTED
[2026-09-17 00:15:00] [INFO] ==================================================
[2026-09-17 00:15:00] [INFO] [OVERSTAY] Current India Date/Time: 17/09/2026 00:15:00
[2026-09-17 00:15:00] [INFO] [OVERSTAY] Timezone: Asia/Kolkata
[2026-09-17 00:15:00] [INFO] [OVERSTAY] Staying customers found: 0
[2026-09-17 00:15:00] [INFO] ==================================================
[2026-09-17 00:15:00] [INFO] OVERSTAY CRON COMPLETED
[2026-09-17 00:15:00] [INFO] ==================================================
[2026-09-17 00:15:00] [INFO] [SUBSCRIPTION] Subscriptions found: 2
[2026-09-17 00:15:00] [INFO] [SUBSCRIPTION] mani hotel | Expiry: 2026-10-16 | Days Remaining: 29
[2026-09-17 00:15:01] [INFO] [SUBSCRIPTION] hotel 2 | Expiry: 2026-10-17 | Days Remaining: 30
[2026-09-17 00:15:01] [INFO] ==================================================
[2026-09-17 00:15:01] [INFO] SUBSCRIPTION EXPIRY CRON COMPLETED
[2026-09-17 00:15:01] [INFO] ==================================================
[2026-09-17 00:15:02] [INFO] [Permission Verify] Allowed. User: 6aaae1bdc8c8cbb9a8630ee4, Permission: serviceManagement
[2026-09-17 00:15:02] [INFO] INFO
[2026-09-17 00:15:03] [INFO] [Permission Verify] Allowed. User: 6aaae1bdc8c8cbb9a8630ee4, Permission: serviceManagement
[2026-09-17 00:15:03] [INFO] INFO
[2026-09-17 00:15:05] [INFO] INFO
[2026-09-17 00:15:06] [INFO] INFO
[2026-09-17 00:15:11] [INFO] User logged out: siva hotel 2 sub branch hotel
[2026-09-17 00:15:14] [INFO] [LOGIN] Login request received for email: sivabranchreceptionist@gmail.com
[2026-09-17 00:15:19] [INFO] OTP sent to sivabranchreceptionist@gmail.com
[2026-09-17 00:15:19] [INFO] [LOGIN] OTP sent successfully to sivabranchreceptionist@gmail.com
[2026-09-17 00:15:26] [INFO] [LOGIN] OTP verified successfully. User: sivabranchreceptionist@gmail.com, Role: receptionist, Hotel: 6aaae0bcc8c8cbb9a8630ed4, Branch: 6aaae1bdc8c8cbb9a8630ee3
[2026-09-17 00:15:27] [INFO] [Permission Verify] Allowed. User: 6aaae3a8c8c8cbb9a8630ef0, Permission: dashboard
[2026-09-17 00:15:28] [INFO] [Permission Verify] Allowed. User: 6aaae3a8c8c8cbb9a8630ef0, Permission: dashboard
[2026-09-17 00:15:28] [INFO] [Permission Verify] Allowed. User: 6aaae3a8c8c8cbb9a8630ef0, Permission: dashboard
[2026-09-17 00:15:28] [INFO] [Permission Verify] Allowed. User: 6aaae3a8c8c8cbb9a8630ef0, Permission: dashboard
[2026-09-17 00:15:32] [INFO] [Permission Verify] Allowed. User: 6aaae3a8c8c8cbb9a8630ef0, Permission: serviceManagement
[2026-09-17 00:15:32] [INFO] INFO
[2026-09-17 00:15:32] [INFO] [Permission Verify] Allowed. User: 6aaae3a8c8c8cbb9a8630ef0, Permission: serviceManagement
[2026-09-17 00:15:33] [INFO] INFO
[2026-09-17 00:15:36] [INFO] [Permission Verify] Allowed. User: 6aaae3a8c8c8cbb9a8630ef0, Permission: reports
[2026-09-17 00:15:36] [INFO] [Permission Verify] Allowed. User: 6aaae3a8c8c8cbb9a8630ef0, Permission: reports
[2026-09-17 00:15:37] [INFO] [Permission Verify] Allowed. User: 6aaae3a8c8c8cbb9a8630ef0, Permission: settings
[2026-09-17 00:15:37] [INFO] [Settings] GET started. userId=6aaae3a8c8c8cbb9a8630ef0
[2026-09-17 00:15:37] [INFO] [Settings] Tenant resolved. hotelId=6aaae0bcc8c8cbb9a8630ed4, branchId=6aaae1bdc8c8cbb9a8630ee3
[2026-09-17 00:15:37] [INFO] [Settings] Verifying branch ownership. hotelId=6aaae0bcc8c8cbb9a8630ed4, branchId=6aaae1bdc8c8cbb9a8630ee3
[2026-09-17 00:15:37] [INFO] [Settings] Searching settings. hotelId=6aaae0bcc8c8cbb9a8630ed4, branchId=6aaae1bdc8c8cbb9a8630ee3
[2026-09-17 00:15:37] [INFO] [Settings] No exact settings found. Checking legacy settings. hotelId=6aaae0bcc8c8cbb9a8630ed4, branchId=6aaae1bdc8c8cbb9a8630ee3
[2026-09-17 00:15:38] [INFO] [Settings] No settings configured for branch. hotelId=6aaae0bcc8c8cbb9a8630ed4, branchId=6aaae1bdc8c8cbb9a8630ee3
[2026-09-17 00:15:38] [INFO] [Permission Verify] Allowed. User: 6aaae3a8c8c8cbb9a8630ef0, Permission: settings
[2026-09-17 00:15:38] [INFO] [Settings] GET started. userId=6aaae3a8c8c8cbb9a8630ef0
[2026-09-17 00:15:38] [INFO] [Settings] Tenant resolved. hotelId=6aaae0bcc8c8cbb9a8630ed4, branchId=6aaae1bdc8c8cbb9a8630ee3
[2026-09-17 00:15:38] [INFO] [Settings] Verifying branch ownership. hotelId=6aaae0bcc8c8cbb9a8630ed4, branchId=6aaae1bdc8c8cbb9a8630ee3
[2026-09-17 00:15:38] [INFO] [Settings] Searching settings. hotelId=6aaae0bcc8c8cbb9a8630ed4, branchId=6aaae1bdc8c8cbb9a8630ee3
[2026-09-17 00:15:39] [INFO] [Settings] No exact settings found. Checking legacy settings. hotelId=6aaae0bcc8c8cbb9a8630ed4, branchId=6aaae1bdc8c8cbb9a8630ee3
[2026-09-17 00:15:39] [INFO] [Settings] No settings configured for branch. hotelId=6aaae0bcc8c8cbb9a8630ed4, branchId=6aaae1bdc8c8cbb9a8630ee3
[2026-09-17 00:15:40] [INFO] [Permission Verify] Allowed. User: 6aaae3a8c8c8cbb9a8630ef0, Permission: users
[2026-09-17 00:15:40] [INFO] [getAllUsers] Loaded 2 users | Hotel ID: 6aaae0bcc8c8cbb9a8630ed4 | Branch ID: 6aaae1bdc8c8cbb9a8630ee3 | Subscription: 6aaae0bcc8c8cbb9a8630ed5
[2026-09-17 00:15:40] [INFO] [Permission Verify] Allowed. User: 6aaae3a8c8c8cbb9a8630ef0, Permission: users
[2026-09-17 00:15:40] [INFO] [Permission Verify] Allowed. User: 6aaae3a8c8c8cbb9a8630ef0, Permission: users
[2026-09-17 00:15:41] [INFO] [getAllUsers] Loaded 2 users | Hotel ID: 6aaae0bcc8c8cbb9a8630ed4 | Branch ID: 6aaae1bdc8c8cbb9a8630ee3 | Subscription: 6aaae0bcc8c8cbb9a8630ed5
[2026-09-17 00:15:41] [INFO] [getMySubscription] Loaded subscription 6aaae0bcc8c8cbb9a8630ed5 | Hotel ID: 6aaae0bcc8c8cbb9a8630ed4
[2026-09-17 00:15:41] [INFO] [Permission Verify] Allowed. User: 6aaae3a8c8c8cbb9a8630ef0, Permission: users
[2026-09-17 00:15:41] [INFO] [Permission Verify] Forbidden. User: 6aaae3a8c8c8cbb9a8630ef0, Role: receptionist, Permission: plans
[2026-09-17 00:15:42] [INFO] [getMySubscription] Loaded subscription 6aaae0bcc8c8cbb9a8630ed5 | Hotel ID: 6aaae0bcc8c8cbb9a8630ed4
[2026-09-17 00:15:42] [INFO] [Permission Verify] Forbidden. User: 6aaae3a8c8c8cbb9a8630ef0, Role: receptionist, Permission: plans
[2026-09-17 00:16:00] [INFO] [SUBSCRIPTION] Expiry cron triggered
[2026-09-17 00:16:00] [INFO] ==================================================
[2026-09-17 00:16:00] [INFO] SUBSCRIPTION EXPIRY CRON STARTED
[2026-09-17 00:16:00] [INFO] ==================================================
[2026-09-17 00:16:00] [INFO] [SUBSCRIPTION] Current India Date: 2026-09-17
[2026-09-17 00:16:00] [INFO] [OVERSTAY] Cron triggered
[2026-09-17 00:16:00] [INFO] ==================================================
[2026-09-17 00:16:00] [INFO] OVERSTAY CRON STARTED
[2026-09-17 00:16:00] [INFO] ==================================================
[2026-09-17 00:16:00] [INFO] [OVERSTAY] Current India Date/Time: 17/09/2026 00:16:00
[2026-09-17 00:16:00] [INFO] [OVERSTAY] Timezone: Asia/Kolkata
[2026-09-17 00:16:00] [INFO] [OVERSTAY] Staying customers found: 0
[2026-09-17 00:16:00] [INFO] ==================================================
[2026-09-17 00:16:00] [INFO] OVERSTAY CRON COMPLETED
[2026-09-17 00:16:00] [INFO] ==================================================
[2026-09-17 00:16:00] [INFO] [SUBSCRIPTION] Subscriptions found: 2
[2026-09-17 00:16:00] [INFO] [SUBSCRIPTION] mani hotel | Expiry: 2026-10-16 | Days Remaining: 29
[2026-09-17 00:16:01] [INFO] [SUBSCRIPTION] hotel 2 | Expiry: 2026-10-17 | Days Remaining: 30
[2026-09-17 00:16:01] [INFO] ==================================================
[2026-09-17 00:16:01] [INFO] SUBSCRIPTION EXPIRY CRON COMPLETED
[2026-09-17 00:16:01] [INFO] ==================================================
[2026-09-17 00:16:21] [INFO] [Permission Verify] Allowed. User: 6aaae3a8c8c8cbb9a8630ef0, Permission: users
[2026-09-17 00:16:22] [INFO] [getAllUsers] Loaded 2 users | Hotel ID: 6aaae0bcc8c8cbb9a8630ed4 | Branch ID: 6aaae1bdc8c8cbb9a8630ee3 | Subscription: 6aaae0bcc8c8cbb9a8630ed5
[2026-09-17 00:16:22] [INFO] [Permission Verify] Allowed. User: 6aaae3a8c8c8cbb9a8630ef0, Permission: users
[2026-09-17 00:16:23] [INFO] [getMySubscription] Loaded subscription 6aaae0bcc8c8cbb9a8630ed5 | Hotel ID: 6aaae0bcc8c8cbb9a8630ed4
[2026-09-17 00:16:23] [INFO] [Permission Verify] Forbidden. User: 6aaae3a8c8c8cbb9a8630ef0, Role: receptionist, Permission: plans
[2026-09-17 00:16:46] [INFO] [Permission Verify] Allowed. User: 6aaae3a8c8c8cbb9a8630ef0, Permission: users
[2026-09-17 00:16:47] [INFO] [updateUser] User updated successfully | User ID: 6aaae3a8c8c8cbb9a8630ef0 | Hotel ID: 6aaae0bcc8c8cbb9a8630ed4 | Branch ID: 6aaae1bdc8c8cbb9a8630ee3 | Subscription: 6aaae0bcc8c8cbb9a8630ed5
[2026-09-17 00:16:48] [INFO] [Permission Verify] Allowed. User: 6aaae3a8c8c8cbb9a8630ef0, Permission: users
[2026-09-17 00:16:48] [INFO] [getAllUsers] Loaded 2 users | Hotel ID: 6aaae0bcc8c8cbb9a8630ed4 | Branch ID: 6aaae1bdc8c8cbb9a8630ee3 | Subscription: 6aaae0bcc8c8cbb9a8630ed5
[2026-09-17 00:16:49] [INFO] [Permission Verify] Allowed. User: 6aaae3a8c8c8cbb9a8630ef0, Permission: users
[2026-09-17 00:16:50] [INFO] [getMySubscription] Loaded subscription 6aaae0bcc8c8cbb9a8630ed5 | Hotel ID: 6aaae0bcc8c8cbb9a8630ed4
[2026-09-17 00:16:50] [INFO] [Permission Verify] Forbidden. User: 6aaae3a8c8c8cbb9a8630ef0, Role: receptionist, Permission: plans
[2026-09-17 00:16:59] [INFO] [Permission Verify] Allowed. User: 6aaae3a8c8c8cbb9a8630ef0, Permission: users
[2026-09-17 00:16:59] [INFO] [getAllUsers] Loaded 2 users | Hotel ID: 6aaae0bcc8c8cbb9a8630ed4 | Branch ID: 6aaae1bdc8c8cbb9a8630ee3 | Subscription: 6aaae0bcc8c8cbb9a8630ed5
[2026-09-17 00:17:00] [INFO] [SUBSCRIPTION] Expiry cron triggered
[2026-09-17 00:17:00] [INFO] ==================================================
[2026-09-17 00:17:00] [INFO] SUBSCRIPTION EXPIRY CRON STARTED
[2026-09-17 00:17:00] [INFO] ==================================================
[2026-09-17 00:17:00] [INFO] [SUBSCRIPTION] Current India Date: 2026-09-17
[2026-09-17 00:17:00] [INFO] [OVERSTAY] Cron triggered
[2026-09-17 00:17:00] [INFO] ==================================================
[2026-09-17 00:17:00] [INFO] OVERSTAY CRON STARTED
[2026-09-17 00:17:00] [INFO] ==================================================
[2026-09-17 00:17:00] [INFO] [OVERSTAY] Current India Date/Time: 17/09/2026 00:17:00
[2026-09-17 00:17:00] [INFO] [OVERSTAY] Timezone: Asia/Kolkata
[2026-09-17 00:17:00] [INFO] [Permission Verify] Allowed. User: 6aaae3a8c8c8cbb9a8630ef0, Permission: users
[2026-09-17 00:17:00] [INFO] [Permission Verify] Allowed. User: 6aaae3a8c8c8cbb9a8630ef0, Permission: users
[2026-09-17 00:17:00] [INFO] [OVERSTAY] Staying customers found: 0
[2026-09-17 00:17:00] [INFO] ==================================================
[2026-09-17 00:17:00] [INFO] OVERSTAY CRON COMPLETED
[2026-09-17 00:17:00] [INFO] ==================================================
[2026-09-17 00:17:00] [INFO] [SUBSCRIPTION] Subscriptions found: 2
[2026-09-17 00:17:00] [INFO] [getAllUsers] Loaded 2 users | Hotel ID: 6aaae0bcc8c8cbb9a8630ed4 | Branch ID: 6aaae1bdc8c8cbb9a8630ee3 | Subscription: 6aaae0bcc8c8cbb9a8630ed5
[2026-09-17 00:17:00] [INFO] [SUBSCRIPTION] mani hotel | Expiry: 2026-10-16 | Days Remaining: 29
[2026-09-17 00:17:00] [INFO] [getMySubscription] Loaded subscription 6aaae0bcc8c8cbb9a8630ed5 | Hotel ID: 6aaae0bcc8c8cbb9a8630ed4
[2026-09-17 00:17:01] [INFO] [SUBSCRIPTION] hotel 2 | Expiry: 2026-10-17 | Days Remaining: 30
[2026-09-17 00:17:01] [INFO] ==================================================
[2026-09-17 00:17:01] [INFO] SUBSCRIPTION EXPIRY CRON COMPLETED
[2026-09-17 00:17:01] [INFO] ==================================================
[2026-09-17 00:17:01] [INFO] [Permission Verify] Allowed. User: 6aaae3a8c8c8cbb9a8630ef0, Permission: users
[2026-09-17 00:17:01] [INFO] [Permission Verify] Forbidden. User: 6aaae3a8c8c8cbb9a8630ef0, Role: receptionist, Permission: plans
[2026-09-17 00:17:01] [INFO] INFO
[2026-09-17 00:17:02] [INFO] [getMySubscription] Loaded subscription 6aaae0bcc8c8cbb9a8630ed5 | Hotel ID: 6aaae0bcc8c8cbb9a8630ed4
[2026-09-17 00:17:02] [INFO] [Permission Verify] Forbidden. User: 6aaae3a8c8c8cbb9a8630ef0, Role: receptionist, Permission: plans
[2026-09-17 00:17:02] [INFO] INFO
[2026-09-17 00:17:08] [INFO] INFO
[2026-09-17 00:17:08] [INFO] [Permission Verify] Allowed. User: 6aaae3a8c8c8cbb9a8630ef0, Permission: roomsBooking
[2026-09-17 00:17:08] [INFO] [Booking] Get active bookings started. hotelId=6aaae0bcc8c8cbb9a8630ed4, branchId=6aaae1bdc8c8cbb9a8630ee3
[2026-09-17 00:17:09] [INFO] [CUSTOMER] Fetched all customers | Hotel: 6aaae0bcc8c8cbb9a8630ed4 | Branch: 6aaae1bdc8c8cbb9a8630ee3 | Count: 1
[2026-09-17 00:17:09] [INFO] INFO
[2026-09-17 00:17:09] [INFO] [Booking] Active bookings retrieved. hotelId=6aaae0bcc8c8cbb9a8630ed4, branchId=6aaae1bdc8c8cbb9a8630ee3, count=1
[2026-09-17 00:17:10] [INFO] [Permission Verify] Allowed. User: 6aaae3a8c8c8cbb9a8630ef0, Permission: roomsBooking
[2026-09-17 00:17:10] [INFO] [Booking] Get active bookings started. hotelId=6aaae0bcc8c8cbb9a8630ed4, branchId=6aaae1bdc8c8cbb9a8630ee3
[2026-09-17 00:17:10] [INFO] [CUSTOMER] Fetched all customers | Hotel: 6aaae0bcc8c8cbb9a8630ed4 | Branch: 6aaae1bdc8c8cbb9a8630ee3 | Count: 1
[2026-09-17 00:17:10] [INFO] [Booking] Active bookings retrieved. hotelId=6aaae0bcc8c8cbb9a8630ed4, branchId=6aaae1bdc8c8cbb9a8630ee3, count=1
[2026-09-17 00:17:16] [INFO] [Permission Verify] Allowed. User: 6aaae3a8c8c8cbb9a8630ef0, Permission: users
[2026-09-17 00:17:17] [INFO] [getAllUsers] Loaded 2 users | Hotel ID: 6aaae0bcc8c8cbb9a8630ed4 | Branch ID: 6aaae1bdc8c8cbb9a8630ee3 | Subscription: 6aaae0bcc8c8cbb9a8630ed5
[2026-09-17 00:17:17] [INFO] [Permission Verify] Allowed. User: 6aaae3a8c8c8cbb9a8630ef0, Permission: users
[2026-09-17 00:17:17] [INFO] [Permission Verify] Allowed. User: 6aaae3a8c8c8cbb9a8630ef0, Permission: users
[2026-09-17 00:17:18] [INFO] [getAllUsers] Loaded 2 users | Hotel ID: 6aaae0bcc8c8cbb9a8630ed4 | Branch ID: 6aaae1bdc8c8cbb9a8630ee3 | Subscription: 6aaae0bcc8c8cbb9a8630ed5
[2026-09-17 00:17:18] [INFO] [getMySubscription] Loaded subscription 6aaae0bcc8c8cbb9a8630ed5 | Hotel ID: 6aaae0bcc8c8cbb9a8630ed4
[2026-09-17 00:17:18] [INFO] [Permission Verify] Allowed. User: 6aaae3a8c8c8cbb9a8630ef0, Permission: users
[2026-09-17 00:17:18] [INFO] [Permission Verify] Forbidden. User: 6aaae3a8c8c8cbb9a8630ef0, Role: receptionist, Permission: plans
[2026-09-17 00:17:19] [INFO] [getMySubscription] Loaded subscription 6aaae0bcc8c8cbb9a8630ed5 | Hotel ID: 6aaae0bcc8c8cbb9a8630ed4
[2026-09-17 00:17:19] [INFO] [Permission Verify] Forbidden. User: 6aaae3a8c8c8cbb9a8630ef0, Role: receptionist, Permission: plans
[2026-09-17 00:18:00] [INFO] [SUBSCRIPTION] Expiry cron triggered
[2026-09-17 00:18:00] [INFO] ==================================================
[2026-09-17 00:18:00] [INFO] SUBSCRIPTION EXPIRY CRON STARTED
[2026-09-17 00:18:00] [INFO] ==================================================
[2026-09-17 00:18:00] [INFO] [SUBSCRIPTION] Current India Date: 2026-09-17
[2026-09-17 00:18:00] [INFO] [OVERSTAY] Cron triggered
[2026-09-17 00:18:00] [INFO] ==================================================
[2026-09-17 00:18:00] [INFO] OVERSTAY CRON STARTED
[2026-09-17 00:18:00] [INFO] ==================================================
[2026-09-17 00:18:00] [INFO] [OVERSTAY] Current India Date/Time: 17/09/2026 00:18:00
[2026-09-17 00:18:00] [INFO] [OVERSTAY] Timezone: Asia/Kolkata
[2026-09-17 00:18:00] [INFO] [OVERSTAY] Staying customers found: 0
[2026-09-17 00:18:00] [INFO] ==================================================
[2026-09-17 00:18:00] [INFO] OVERSTAY CRON COMPLETED
[2026-09-17 00:18:00] [INFO] ==================================================
[2026-09-17 00:18:00] [INFO] [SUBSCRIPTION] Subscriptions found: 2
[2026-09-17 00:18:00] [INFO] [SUBSCRIPTION] mani hotel | Expiry: 2026-10-16 | Days Remaining: 29
[2026-09-17 00:18:01] [INFO] [SUBSCRIPTION] hotel 2 | Expiry: 2026-10-17 | Days Remaining: 30
[2026-09-17 00:18:01] [INFO] ==================================================
[2026-09-17 00:18:01] [INFO] SUBSCRIPTION EXPIRY CRON COMPLETED
[2026-09-17 00:18:01] [INFO] ==================================================
[2026-09-17 00:19:00] [INFO] [SUBSCRIPTION] Expiry cron triggered
[2026-09-17 00:19:00] [INFO] ==================================================
[2026-09-17 00:19:00] [INFO] SUBSCRIPTION EXPIRY CRON STARTED
[2026-09-17 00:19:00] [INFO] ==================================================
[2026-09-17 00:19:00] [INFO] [SUBSCRIPTION] Current India Date: 2026-09-17
[2026-09-17 00:19:00] [INFO] [OVERSTAY] Cron triggered
[2026-09-17 00:19:00] [INFO] ==================================================
[2026-09-17 00:19:00] [INFO] OVERSTAY CRON STARTED
[2026-09-17 00:19:00] [INFO] ==================================================
[2026-09-17 00:19:00] [INFO] [OVERSTAY] Current India Date/Time: 17/09/2026 00:19:00
[2026-09-17 00:19:00] [INFO] [OVERSTAY] Timezone: Asia/Kolkata
[2026-09-17 00:19:00] [INFO] [OVERSTAY] Staying customers found: 0
[2026-09-17 00:19:00] [INFO] ==================================================
[2026-09-17 00:19:00] [INFO] OVERSTAY CRON COMPLETED
[2026-09-17 00:19:00] [INFO] ==================================================
[2026-09-17 00:19:00] [INFO] [SUBSCRIPTION] Subscriptions found: 2
[2026-09-17 00:19:00] [INFO] [SUBSCRIPTION] mani hotel | Expiry: 2026-10-16 | Days Remaining: 29
[2026-09-17 00:19:00] [INFO] [SUBSCRIPTION] hotel 2 | Expiry: 2026-10-17 | Days Remaining: 30
[2026-09-17 00:19:00] [INFO] ==================================================
[2026-09-17 00:19:00] [INFO] SUBSCRIPTION EXPIRY CRON COMPLETED
[2026-09-17 00:19:00] [INFO] ==================================================
[2026-09-17 00:20:00] [INFO] [SUBSCRIPTION] Expiry cron triggered
[2026-09-17 00:20:00] [INFO] ==================================================
[2026-09-17 00:20:00] [INFO] SUBSCRIPTION EXPIRY CRON STARTED
[2026-09-17 00:20:00] [INFO] ==================================================
[2026-09-17 00:20:00] [INFO] [SUBSCRIPTION] Current India Date: 2026-09-17
[2026-09-17 00:20:00] [INFO] [OVERSTAY] Cron triggered
[2026-09-17 00:20:00] [INFO] ==================================================
[2026-09-17 00:20:00] [INFO] OVERSTAY CRON STARTED
[2026-09-17 00:20:00] [INFO] ==================================================
[2026-09-17 00:20:00] [INFO] [OVERSTAY] Current India Date/Time: 17/09/2026 00:20:00
[2026-09-17 00:20:00] [INFO] [OVERSTAY] Timezone: Asia/Kolkata
[2026-09-17 00:20:00] [INFO] [OVERSTAY] Staying customers found: 0
[2026-09-17 00:20:00] [INFO] ==================================================
[2026-09-17 00:20:00] [INFO] OVERSTAY CRON COMPLETED
[2026-09-17 00:20:00] [INFO] ==================================================
[2026-09-17 00:20:00] [INFO] [SUBSCRIPTION] Subscriptions found: 2
[2026-09-17 00:20:00] [INFO] [SUBSCRIPTION] mani hotel | Expiry: 2026-10-16 | Days Remaining: 29
[2026-09-17 00:20:01] [INFO] [SUBSCRIPTION] hotel 2 | Expiry: 2026-10-17 | Days Remaining: 30
[2026-09-17 00:20:01] [INFO] ==================================================
[2026-09-17 00:20:01] [INFO] SUBSCRIPTION EXPIRY CRON COMPLETED
[2026-09-17 00:20:01] [INFO] ==================================================
[2026-09-17 00:21:00] [INFO] [SUBSCRIPTION] Expiry cron triggered
[2026-09-17 00:21:00] [INFO] ==================================================
[2026-09-17 00:21:00] [INFO] SUBSCRIPTION EXPIRY CRON STARTED
[2026-09-17 00:21:00] [INFO] ==================================================
[2026-09-17 00:21:00] [INFO] [SUBSCRIPTION] Current India Date: 2026-09-17
[2026-09-17 00:21:00] [INFO] [OVERSTAY] Cron triggered
[2026-09-17 00:21:00] [INFO] ==================================================
[2026-09-17 00:21:00] [INFO] OVERSTAY CRON STARTED
[2026-09-17 00:21:00] [INFO] ==================================================
[2026-09-17 00:21:00] [INFO] [OVERSTAY] Current India Date/Time: 17/09/2026 00:21:00
[2026-09-17 00:21:00] [INFO] [OVERSTAY] Timezone: Asia/Kolkata
[2026-09-17 00:21:00] [INFO] [OVERSTAY] Staying customers found: 0
[2026-09-17 00:21:00] [INFO] ==================================================
[2026-09-17 00:21:00] [INFO] OVERSTAY CRON COMPLETED
[2026-09-17 00:21:00] [INFO] ==================================================
[2026-09-17 00:21:00] [INFO] [SUBSCRIPTION] Subscriptions found: 2
[2026-09-17 00:21:00] [INFO] [SUBSCRIPTION] mani hotel | Expiry: 2026-10-16 | Days Remaining: 29
[2026-09-17 00:21:01] [INFO] [SUBSCRIPTION] hotel 2 | Expiry: 2026-10-17 | Days Remaining: 30
[2026-09-17 00:21:01] [INFO] ==================================================
[2026-09-17 00:21:01] [INFO] SUBSCRIPTION EXPIRY CRON COMPLETED
[2026-09-17 00:21:01] [INFO] ==================================================
[2026-09-17 00:22:00] [INFO] [OVERSTAY] Cron triggered
[2026-09-17 00:22:00] [INFO] ==================================================
[2026-09-17 00:22:00] [INFO] OVERSTAY CRON STARTED
[2026-09-17 00:22:00] [INFO] ==================================================
[2026-09-17 00:22:00] [INFO] [OVERSTAY] Current India Date/Time: 17/09/2026 00:22:00
[2026-09-17 00:22:00] [INFO] [OVERSTAY] Timezone: Asia/Kolkata
[2026-09-17 00:22:00] [INFO] [SUBSCRIPTION] Expiry cron triggered
[2026-09-17 00:22:00] [INFO] ==================================================
[2026-09-17 00:22:00] [INFO] SUBSCRIPTION EXPIRY CRON STARTED
[2026-09-17 00:22:00] [INFO] ==================================================
[2026-09-17 00:22:00] [INFO] [SUBSCRIPTION] Current India Date: 2026-09-17
[2026-09-17 00:22:00] [INFO] [OVERSTAY] Staying customers found: 0
[2026-09-17 00:22:00] [INFO] ==================================================
[2026-09-17 00:22:00] [INFO] OVERSTAY CRON COMPLETED
[2026-09-17 00:22:00] [INFO] ==================================================
[2026-09-17 00:22:00] [INFO] [SUBSCRIPTION] Subscriptions found: 2
[2026-09-17 00:22:01] [INFO] [SUBSCRIPTION] mani hotel | Expiry: 2026-10-16 | Days Remaining: 29
[2026-09-17 00:22:01] [INFO] [SUBSCRIPTION] hotel 2 | Expiry: 2026-10-17 | Days Remaining: 30
[2026-09-17 00:22:01] [INFO] ==================================================
[2026-09-17 00:22:01] [INFO] SUBSCRIPTION EXPIRY CRON COMPLETED
[2026-09-17 00:22:01] [INFO] ==================================================
[2026-09-17 00:23:00] [INFO] [SUBSCRIPTION] Expiry cron triggered
[2026-09-17 00:23:00] [INFO] ==================================================
[2026-09-17 00:23:00] [INFO] SUBSCRIPTION EXPIRY CRON STARTED
[2026-09-17 00:23:00] [INFO] ==================================================
[2026-09-17 00:23:00] [INFO] [SUBSCRIPTION] Current India Date: 2026-09-17
[2026-09-17 00:23:00] [INFO] [OVERSTAY] Cron triggered
[2026-09-17 00:23:00] [INFO] ==================================================
[2026-09-17 00:23:00] [INFO] OVERSTAY CRON STARTED
[2026-09-17 00:23:00] [INFO] ==================================================
[2026-09-17 00:23:00] [INFO] [OVERSTAY] Current India Date/Time: 17/09/2026 00:23:00
[2026-09-17 00:23:00] [INFO] [OVERSTAY] Timezone: Asia/Kolkata
[2026-09-17 00:23:00] [INFO] [OVERSTAY] Staying customers found: 0
[2026-09-17 00:23:00] [INFO] ==================================================
[2026-09-17 00:23:00] [INFO] OVERSTAY CRON COMPLETED
[2026-09-17 00:23:00] [INFO] ==================================================
[2026-09-17 00:23:00] [INFO] [SUBSCRIPTION] Subscriptions found: 2
[2026-09-17 00:23:00] [INFO] [SUBSCRIPTION] mani hotel | Expiry: 2026-10-16 | Days Remaining: 29
[2026-09-17 00:23:01] [INFO] [SUBSCRIPTION] hotel 2 | Expiry: 2026-10-17 | Days Remaining: 30
[2026-09-17 00:23:01] [INFO] ==================================================
[2026-09-17 00:23:01] [INFO] SUBSCRIPTION EXPIRY CRON COMPLETED
[2026-09-17 00:23:01] [INFO] ==================================================
[2026-09-17 00:24:00] [INFO] [SUBSCRIPTION] Expiry cron triggered
[2026-09-17 00:24:00] [INFO] ==================================================
[2026-09-17 00:24:00] [INFO] SUBSCRIPTION EXPIRY CRON STARTED
[2026-09-17 00:24:00] [INFO] ==================================================
[2026-09-17 00:24:00] [INFO] [SUBSCRIPTION] Current India Date: 2026-09-17
[2026-09-17 00:24:00] [INFO] [OVERSTAY] Cron triggered
[2026-09-17 00:24:00] [INFO] ==================================================
[2026-09-17 00:24:00] [INFO] OVERSTAY CRON STARTED
[2026-09-17 00:24:00] [INFO] ==================================================
[2026-09-17 00:24:00] [INFO] [OVERSTAY] Current India Date/Time: 17/09/2026 00:24:00
[2026-09-17 00:24:00] [INFO] [OVERSTAY] Timezone: Asia/Kolkata
[2026-09-17 00:24:00] [INFO] [OVERSTAY] Staying customers found: 0
[2026-09-17 00:24:00] [INFO] ==================================================
[2026-09-17 00:24:00] [INFO] OVERSTAY CRON COMPLETED
[2026-09-17 00:24:00] [INFO] ==================================================
[2026-09-17 00:24:00] [INFO] [SUBSCRIPTION] Subscriptions found: 2
[2026-09-17 00:24:01] [INFO] [SUBSCRIPTION] mani hotel | Expiry: 2026-10-16 | Days Remaining: 29
[2026-09-17 00:24:01] [INFO] [SUBSCRIPTION] hotel 2 | Expiry: 2026-10-17 | Days Remaining: 30
[2026-09-17 00:24:01] [INFO] ==================================================
[2026-09-17 00:24:01] [INFO] SUBSCRIPTION EXPIRY CRON COMPLETED
[2026-09-17 00:24:01] [INFO] ==================================================
[2026-09-17 00:28:00] [INFO] [OVERSTAY] Cron triggered
[2026-09-17 00:28:00] [INFO] ==================================================
[2026-09-17 00:28:00] [INFO] OVERSTAY CRON STARTED
[2026-09-17 00:28:00] [INFO] ==================================================
[2026-09-17 00:28:00] [INFO] [OVERSTAY] Current India Date/Time: 17/09/2026 00:28:00
[2026-09-17 00:28:00] [INFO] [OVERSTAY] Timezone: Asia/Kolkata
[2026-09-17 00:28:00] [INFO] [SUBSCRIPTION] Expiry cron triggered
[2026-09-17 00:28:00] [INFO] ==================================================
[2026-09-17 00:28:00] [INFO] SUBSCRIPTION EXPIRY CRON STARTED
[2026-09-17 00:28:00] [INFO] ==================================================
[2026-09-17 00:28:00] [INFO] [SUBSCRIPTION] Current India Date: 2026-09-17
[2026-09-17 00:37:31] [INFO] [Auth Verify] Unexpected error: connect ENETUNREACH 76.13.244.61:27017
[2026-09-17 00:37:31] [ERROR] [OVERSTAY] CRON ERROR: connect ENETUNREACH 76.13.244.61:27017
[2026-09-17 00:37:31] [ERROR] [OVERSTAY] STACK: MongoServerSelectionError: connect ENETUNREACH 76.13.244.61:27017
    at Topology.selectServer (C:\Users\user\Desktop\Hotel Billing\Hotel-Billing\backend\node_modules\mongodb\lib\sdam\topology.js:348:38)
    at runNextTicks (node:internal/process/task_queues:60:5)
    at listOnTimeout (node:internal/timers:545:9)
    at process.processTimers (node:internal/timers:519:7)
    at async executeOperationWithRetries (C:\Users\user\Desktop\Hotel Billing\Hotel-Billing\backend\node_modules\mongodb\lib\operations\execute_operation.js:157:18)
    at async executeOperation (C:\Users\user\Desktop\Hotel Billing\Hotel-Billing\backend\node_modules\mongodb\lib\operations\execute_operation.js:83:16)
    at async FindCursor._initialize (C:\Users\user\Desktop\Hotel Billing\Hotel-Billing\backend\node_modules\mongodb\lib\cursor\find_cursor.js:62:26)
    at async FindCursor.cursorInit (C:\Users\user\Desktop\Hotel Billing\Hotel-Billing\backend\node_modules\mongodb\lib\cursor\abstract_cursor.js:619:27)
    at async FindCursor.fetchBatch (C:\Users\user\Desktop\Hotel Billing\Hotel-Billing\backend\node_modules\mongodb\lib\cursor\abstract_cursor.js:653:13)
    at async FindCursor.next (C:\Users\user\Desktop\Hotel Billing\Hotel-Billing\backend\node_modules\mongodb\lib\cursor\abstract_cursor.js:325:17)
[2026-09-17 00:37:32] [ERROR] [SUBSCRIPTION] CRON ERROR: connect ENETUNREACH 76.13.244.61:27017
[2026-09-17 00:37:32] [ERROR] [SUBSCRIPTION] STACK: MongoServerSelectionError: connect ENETUNREACH 76.13.244.61:27017
    at Topology.selectServer (C:\Users\user\Desktop\Hotel Billing\Hotel-Billing\backend\node_modules\mongodb\lib\sdam\topology.js:348:38)
    at runNextTicks (node:internal/process/task_queues:60:5)
    at listOnTimeout (node:internal/timers:545:9)
    at process.processTimers (node:internal/timers:519:7)
    at async executeOperationWithRetries (C:\Users\user\Desktop\Hotel Billing\Hotel-Billing\backend\node_modules\mongodb\lib\operations\execute_operation.js:157:18)
    at async executeOperation (C:\Users\user\Desktop\Hotel Billing\Hotel-Billing\backend\node_modules\mongodb\lib\operations\execute_operation.js:83:16)
    at async FindCursor._initialize (C:\Users\user\Desktop\Hotel Billing\Hotel-Billing\backend\node_modules\mongodb\lib\cursor\find_cursor.js:62:26)
    at async FindCursor.cursorInit (C:\Users\user\Desktop\Hotel Billing\Hotel-Billing\backend\node_modules\mongodb\lib\cursor\abstract_cursor.js:619:27)
    at async FindCursor.fetchBatch (C:\Users\user\Desktop\Hotel Billing\Hotel-Billing\backend\node_modules\mongodb\lib\cursor\abstract_cursor.js:653:13)
    at async FindCursor.next (C:\Users\user\Desktop\Hotel Billing\Hotel-Billing\backend\node_modules\mongodb\lib\cursor\abstract_cursor.js:325:17)
[2026-09-17 00:37:32] [INFO] [Auth Verify] Unexpected error: connect ENETUNREACH 76.13.244.61:27017
[2026-09-17 00:37:45] [INFO] [Permission Verify] Allowed. User: 6aaae3a8c8c8cbb9a8630ef0, Permission: dashboard
[2026-09-17 00:37:46] [INFO] Hotel registrations retrieved successfully. Total registrations: 2
[2026-09-17 00:37:46] [INFO] [Permission Verify] Allowed. User: 6aaae3a8c8c8cbb9a8630ef0, Permission: dashboard
[2026-09-17 00:37:48] [INFO] Hotel registrations retrieved successfully. Total registrations: 2
[2026-09-17 00:37:49] [INFO] Hotel registrations retrieved successfully. Total registrations: 2
[2026-09-17 00:38:00] [INFO] [OVERSTAY] Cron triggered
[2026-09-17 00:38:00] [INFO] ==================================================
[2026-09-17 00:38:00] [INFO] OVERSTAY CRON STARTED
[2026-09-17 00:38:00] [INFO] ==================================================
[2026-09-17 00:38:00] [INFO] [OVERSTAY] Current India Date/Time: 17/09/2026 00:38:00
[2026-09-17 00:38:00] [INFO] [OVERSTAY] Timezone: Asia/Kolkata
[2026-09-17 00:38:00] [INFO] [SUBSCRIPTION] Expiry cron triggered
[2026-09-17 00:38:00] [INFO] ==================================================
[2026-09-17 00:38:00] [INFO] SUBSCRIPTION EXPIRY CRON STARTED
[2026-09-17 00:38:00] [INFO] ==================================================
[2026-09-17 00:38:00] [INFO] [SUBSCRIPTION] Current India Date: 2026-09-17
[2026-09-17 00:38:00] [INFO] [OVERSTAY] Staying customers found: 0
[2026-09-17 00:38:00] [INFO] ==================================================
[2026-09-17 00:38:00] [INFO] OVERSTAY CRON COMPLETED
[2026-09-17 00:38:00] [INFO] ==================================================
[2026-09-17 00:38:00] [INFO] [SUBSCRIPTION] Subscriptions found: 2
[2026-09-17 00:38:01] [INFO] [SUBSCRIPTION] mani hotel | Expiry: 2026-10-16 | Days Remaining: 29
[2026-09-17 00:38:01] [INFO] [SUBSCRIPTION] hotel 2 | Expiry: 2026-10-17 | Days Remaining: 30
[2026-09-17 00:38:01] [INFO] ==================================================
[2026-09-17 00:38:01] [INFO] SUBSCRIPTION EXPIRY CRON COMPLETED
[2026-09-17 00:38:01] [INFO] ==================================================
[2026-09-17 00:39:00] [INFO] [OVERSTAY] Cron triggered
[2026-09-17 00:39:00] [INFO] ==================================================
[2026-09-17 00:39:00] [INFO] OVERSTAY CRON STARTED
[2026-09-17 00:39:00] [INFO] ==================================================
[2026-09-17 00:39:00] [INFO] [OVERSTAY] Current India Date/Time: 17/09/2026 00:39:00
[2026-09-17 00:39:00] [INFO] [OVERSTAY] Timezone: Asia/Kolkata
[2026-09-17 00:39:00] [INFO] [SUBSCRIPTION] Expiry cron triggered
[2026-09-17 00:39:00] [INFO] ==================================================
[2026-09-17 00:39:00] [INFO] SUBSCRIPTION EXPIRY CRON STARTED
[2026-09-17 00:39:00] [INFO] ==================================================
[2026-09-17 00:39:00] [INFO] [SUBSCRIPTION] Current India Date: 2026-09-17
[2026-09-17 00:39:00] [INFO] [OVERSTAY] Staying customers found: 0
[2026-09-17 00:39:00] [INFO] ==================================================
[2026-09-17 00:39:00] [INFO] OVERSTAY CRON COMPLETED
[2026-09-17 00:39:00] [INFO] ==================================================
[2026-09-17 00:39:00] [INFO] [SUBSCRIPTION] Subscriptions found: 2
[2026-09-17 00:39:01] [INFO] [SUBSCRIPTION] mani hotel | Expiry: 2026-10-16 | Days Remaining: 29
[2026-09-17 00:39:01] [INFO] [SUBSCRIPTION] hotel 2 | Expiry: 2026-10-17 | Days Remaining: 30
[2026-09-17 00:39:01] [INFO] ==================================================
[2026-09-17 00:39:01] [INFO] SUBSCRIPTION EXPIRY CRON COMPLETED
[2026-09-17 00:39:01] [INFO] ==================================================
[2026-09-17 00:40:00] [INFO] [OVERSTAY] Cron triggered
[2026-09-17 00:40:00] [INFO] ==================================================
[2026-09-17 00:40:00] [INFO] OVERSTAY CRON STARTED
[2026-09-17 00:40:00] [INFO] ==================================================
[2026-09-17 00:40:00] [INFO] [OVERSTAY] Current India Date/Time: 17/09/2026 00:40:00
[2026-09-17 00:40:00] [INFO] [OVERSTAY] Timezone: Asia/Kolkata
[2026-09-17 00:40:00] [INFO] [SUBSCRIPTION] Expiry cron triggered
[2026-09-17 00:40:00] [INFO] ==================================================
[2026-09-17 00:40:00] [INFO] SUBSCRIPTION EXPIRY CRON STARTED
[2026-09-17 00:40:00] [INFO] ==================================================
[2026-09-17 00:40:00] [INFO] [SUBSCRIPTION] Current India Date: 2026-09-17
[2026-09-17 00:40:00] [INFO] [OVERSTAY] Staying customers found: 0
[2026-09-17 00:40:00] [INFO] ==================================================
[2026-09-17 00:40:00] [INFO] OVERSTAY CRON COMPLETED
[2026-09-17 00:40:00] [INFO] ==================================================
[2026-09-17 00:40:00] [INFO] [SUBSCRIPTION] Subscriptions found: 2
[2026-09-17 00:40:00] [INFO] [SUBSCRIPTION] mani hotel | Expiry: 2026-10-16 | Days Remaining: 29
[2026-09-17 00:40:01] [INFO] [SUBSCRIPTION] hotel 2 | Expiry: 2026-10-17 | Days Remaining: 30
[2026-09-17 00:40:01] [INFO] ==================================================
[2026-09-17 00:40:01] [INFO] SUBSCRIPTION EXPIRY CRON COMPLETED
[2026-09-17 00:40:01] [INFO] ==================================================
[2026-09-17 00:41:00] [INFO] [SUBSCRIPTION] Expiry cron triggered
[2026-09-17 00:41:00] [INFO] ==================================================
[2026-09-17 00:41:00] [INFO] SUBSCRIPTION EXPIRY CRON STARTED
[2026-09-17 00:41:00] [INFO] ==================================================
[2026-09-17 00:41:00] [INFO] [SUBSCRIPTION] Current India Date: 2026-09-17
[2026-09-17 00:41:00] [INFO] [OVERSTAY] Cron triggered
[2026-09-17 00:41:00] [INFO] ==================================================
[2026-09-17 00:41:00] [INFO] OVERSTAY CRON STARTED
[2026-09-17 00:41:00] [INFO] ==================================================
[2026-09-17 00:41:00] [INFO] [OVERSTAY] Current India Date/Time: 17/09/2026 00:41:00
[2026-09-17 00:41:00] [INFO] [OVERSTAY] Timezone: Asia/Kolkata
[2026-09-17 00:41:00] [INFO] [OVERSTAY] Staying customers found: 0
[2026-09-17 00:41:00] [INFO] ==================================================
[2026-09-17 00:41:00] [INFO] OVERSTAY CRON COMPLETED
[2026-09-17 00:41:00] [INFO] ==================================================
[2026-09-17 00:41:00] [INFO] [SUBSCRIPTION] Subscriptions found: 2
[2026-09-17 00:41:01] [INFO] [SUBSCRIPTION] mani hotel | Expiry: 2026-10-16 | Days Remaining: 29
[2026-09-17 00:41:01] [INFO] [SUBSCRIPTION] hotel 2 | Expiry: 2026-10-17 | Days Remaining: 30
[2026-09-17 00:41:01] [INFO] ==================================================
[2026-09-17 00:41:01] [INFO] SUBSCRIPTION EXPIRY CRON COMPLETED
[2026-09-17 00:41:01] [INFO] ==================================================
[2026-09-17 00:42:00] [INFO] [SUBSCRIPTION] Expiry cron triggered
[2026-09-17 00:42:00] [INFO] ==================================================
[2026-09-17 00:42:00] [INFO] SUBSCRIPTION EXPIRY CRON STARTED
[2026-09-17 00:42:00] [INFO] ==================================================
[2026-09-17 00:42:00] [INFO] [SUBSCRIPTION] Current India Date: 2026-09-17
[2026-09-17 00:42:00] [INFO] [OVERSTAY] Cron triggered
[2026-09-17 00:42:00] [INFO] ==================================================
[2026-09-17 00:42:00] [INFO] OVERSTAY CRON STARTED
[2026-09-17 00:42:00] [INFO] ==================================================
[2026-09-17 00:42:00] [INFO] [OVERSTAY] Current India Date/Time: 17/09/2026 00:42:00
[2026-09-17 00:42:00] [INFO] [OVERSTAY] Timezone: Asia/Kolkata
[2026-09-17 00:42:00] [INFO] [OVERSTAY] Staying customers found: 0
[2026-09-17 00:42:00] [INFO] ==================================================
[2026-09-17 00:42:00] [INFO] OVERSTAY CRON COMPLETED
[2026-09-17 00:42:00] [INFO] ==================================================
[2026-09-17 00:42:00] [INFO] [SUBSCRIPTION] Subscriptions found: 2
[2026-09-17 00:42:01] [INFO] [SUBSCRIPTION] mani hotel | Expiry: 2026-10-16 | Days Remaining: 29
[2026-09-17 00:42:01] [INFO] [SUBSCRIPTION] hotel 2 | Expiry: 2026-10-17 | Days Remaining: 30
[2026-09-17 00:42:01] [INFO] ==================================================
[2026-09-17 00:42:01] [INFO] SUBSCRIPTION EXPIRY CRON COMPLETED
[2026-09-17 00:42:01] [INFO] ==================================================
[2026-09-17 00:42:47] [INFO] [Permission Verify] Allowed. User: 6aaae3a8c8c8cbb9a8630ef0, Permission: dashboard
[2026-09-17 00:42:48] [INFO] [Permission Verify] Allowed. User: 6aaae3a8c8c8cbb9a8630ef0, Permission: dashboard
[2026-09-17 00:42:48] [INFO] [Permission Verify] Allowed. User: 6aaae3a8c8c8cbb9a8630ef0, Permission: users
[2026-09-17 00:42:49] [INFO] [getAllUsers] Loaded 2 users | Hotel ID: 6aaae0bcc8c8cbb9a8630ed4 | Branch ID: 6aaae1bdc8c8cbb9a8630ee3 | Subscription: 6aaae0bcc8c8cbb9a8630ed5
[2026-09-17 00:42:49] [INFO] [Permission Verify] Allowed. User: 6aaae3a8c8c8cbb9a8630ef0, Permission: users
[2026-09-17 00:42:49] [INFO] [Permission Verify] Allowed. User: 6aaae3a8c8c8cbb9a8630ef0, Permission: users
[2026-09-17 00:42:50] [INFO] [getAllUsers] Loaded 2 users | Hotel ID: 6aaae0bcc8c8cbb9a8630ed4 | Branch ID: 6aaae1bdc8c8cbb9a8630ee3 | Subscription: 6aaae0bcc8c8cbb9a8630ed5
[2026-09-17 00:42:50] [INFO] [getMySubscription] Loaded subscription 6aaae0bcc8c8cbb9a8630ed5 | Hotel ID: 6aaae0bcc8c8cbb9a8630ed4
[2026-09-17 00:42:51] [INFO] [Permission Verify] Allowed. User: 6aaae3a8c8c8cbb9a8630ef0, Permission: users
[2026-09-17 00:42:51] [INFO] [Permission Verify] Forbidden. User: 6aaae3a8c8c8cbb9a8630ef0, Role: receptionist, Permission: plans
[2026-09-17 00:42:52] [INFO] [getMySubscription] Loaded subscription 6aaae0bcc8c8cbb9a8630ed5 | Hotel ID: 6aaae0bcc8c8cbb9a8630ed4
[2026-09-17 00:42:52] [INFO] [Permission Verify] Forbidden. User: 6aaae3a8c8c8cbb9a8630ef0, Role: receptionist, Permission: plans
[2026-09-17 00:42:57] [INFO] [Permission Verify] Allowed. User: 6aaae3a8c8c8cbb9a8630ef0, Permission: users
[2026-09-17 00:42:58] [INFO] [updateUser] User updated successfully | User ID: 6aaae3a8c8c8cbb9a8630ef0 | Hotel ID: 6aaae0bcc8c8cbb9a8630ed4 | Branch ID: 6aaae1bdc8c8cbb9a8630ee3 | Subscription: 6aaae0bcc8c8cbb9a8630ed5
[2026-09-17 00:42:58] [INFO] [Permission Verify] Allowed. User: 6aaae3a8c8c8cbb9a8630ef0, Permission: users
[2026-09-17 00:42:59] [INFO] [getAllUsers] Loaded 2 users | Hotel ID: 6aaae0bcc8c8cbb9a8630ed4 | Branch ID: 6aaae1bdc8c8cbb9a8630ee3 | Subscription: 6aaae0bcc8c8cbb9a8630ed5
[2026-09-17 00:42:59] [INFO] [Permission Verify] Allowed. User: 6aaae3a8c8c8cbb9a8630ef0, Permission: users
[2026-09-17 00:43:00] [INFO] [SUBSCRIPTION] Expiry cron triggered
[2026-09-17 00:43:00] [INFO] ==================================================
[2026-09-17 00:43:00] [INFO] SUBSCRIPTION EXPIRY CRON STARTED
[2026-09-17 00:43:00] [INFO] ==================================================
[2026-09-17 00:43:00] [INFO] [SUBSCRIPTION] Current India Date: 2026-09-17
[2026-09-17 00:43:00] [INFO] [OVERSTAY] Cron triggered
[2026-09-17 00:43:00] [INFO] ==================================================
[2026-09-17 00:43:00] [INFO] OVERSTAY CRON STARTED
[2026-09-17 00:43:00] [INFO] ==================================================
[2026-09-17 00:43:00] [INFO] [OVERSTAY] Current India Date/Time: 17/09/2026 00:43:00
[2026-09-17 00:43:00] [INFO] [OVERSTAY] Timezone: Asia/Kolkata
[2026-09-17 00:43:00] [INFO] [OVERSTAY] Staying customers found: 0
[2026-09-17 00:43:00] [INFO] ==================================================
[2026-09-17 00:43:00] [INFO] OVERSTAY CRON COMPLETED
[2026-09-17 00:43:00] [INFO] ==================================================
[2026-09-17 00:43:00] [INFO] [getMySubscription] Loaded subscription 6aaae0bcc8c8cbb9a8630ed5 | Hotel ID: 6aaae0bcc8c8cbb9a8630ed4
[2026-09-17 00:43:00] [INFO] [SUBSCRIPTION] Subscriptions found: 2
[2026-09-17 00:43:01] [INFO] [Permission Verify] Forbidden. User: 6aaae3a8c8c8cbb9a8630ef0, Role: receptionist, Permission: plans
[2026-09-17 00:43:01] [INFO] [SUBSCRIPTION] mani hotel | Expiry: 2026-10-16 | Days Remaining: 29
[2026-09-17 00:43:01] [INFO] [SUBSCRIPTION] hotel 2 | Expiry: 2026-10-17 | Days Remaining: 30
[2026-09-17 00:43:01] [INFO] ==================================================
[2026-09-17 00:43:01] [INFO] SUBSCRIPTION EXPIRY CRON COMPLETED
[2026-09-17 00:43:01] [INFO] ==================================================
[2026-09-17 00:43:04] [INFO] [Permission Verify] Allowed. User: 6aaae3a8c8c8cbb9a8630ef0, Permission: users
[2026-09-17 00:43:04] [INFO] [getAllUsers] Loaded 2 users | Hotel ID: 6aaae0bcc8c8cbb9a8630ed4 | Branch ID: 6aaae1bdc8c8cbb9a8630ee3 | Subscription: 6aaae0bcc8c8cbb9a8630ed5
[2026-09-17 00:43:04] [INFO] [Permission Verify] Allowed. User: 6aaae3a8c8c8cbb9a8630ef0, Permission: users
[2026-09-17 00:43:04] [INFO] [Permission Verify] Allowed. User: 6aaae3a8c8c8cbb9a8630ef0, Permission: users
[2026-09-17 00:43:05] [INFO] [getAllUsers] Loaded 2 users | Hotel ID: 6aaae0bcc8c8cbb9a8630ed4 | Branch ID: 6aaae1bdc8c8cbb9a8630ee3 | Subscription: 6aaae0bcc8c8cbb9a8630ed5
[2026-09-17 00:43:06] [INFO] [getMySubscription] Loaded subscription 6aaae0bcc8c8cbb9a8630ed5 | Hotel ID: 6aaae0bcc8c8cbb9a8630ed4
[2026-09-17 00:43:06] [INFO] [Permission Verify] Forbidden. User: 6aaae3a8c8c8cbb9a8630ef0, Role: receptionist, Permission: plans
[2026-09-17 00:43:06] [INFO] [Permission Verify] Allowed. User: 6aaae3a8c8c8cbb9a8630ef0, Permission: users
[2026-09-17 00:43:07] [INFO] [getMySubscription] Loaded subscription 6aaae0bcc8c8cbb9a8630ed5 | Hotel ID: 6aaae0bcc8c8cbb9a8630ed4
[2026-09-17 00:43:08] [INFO] [Permission Verify] Forbidden. User: 6aaae3a8c8c8cbb9a8630ef0, Role: receptionist, Permission: plans
[2026-09-17 00:43:32] [INFO] [OVERSTAY] Overstay cron initialized successfully
[2026-09-17 00:43:32] [INFO] [OVERSTAY] Cron schedule: Every minute
[2026-09-17 00:43:32] [INFO] [OVERSTAY] Cron timezone: Asia/Kolkata
[2026-09-17 00:43:32] [INFO] ==================================================
[2026-09-17 00:43:32] [INFO] OVERSTAY CRON STARTED
[2026-09-17 00:43:32] [INFO] ==================================================
[2026-09-17 00:43:32] [INFO] [OVERSTAY] Current India Date/Time: 17/09/2026 00:43:32
[2026-09-17 00:43:32] [INFO] [OVERSTAY] Timezone: Asia/Kolkata
[2026-09-17 00:43:32] [INFO] [SUBSCRIPTION] Subscription expiry cron initialized successfully
[2026-09-17 00:43:32] [INFO] [SUBSCRIPTION] Cron schedule: Every minute
[2026-09-17 00:43:32] [INFO] [SUBSCRIPTION] Cron timezone: Asia/Kolkata
[2026-09-17 00:43:32] [INFO] ==================================================
[2026-09-17 00:43:32] [INFO] SUBSCRIPTION EXPIRY CRON STARTED
[2026-09-17 00:43:32] [INFO] ==================================================
[2026-09-17 00:43:32] [INFO] [SUBSCRIPTION] Current India Date: 2026-09-17
[2026-09-17 00:43:32] [INFO] [Logger] Running log cleanup check. Retention limit: 30 days.
[2026-09-17 00:43:32] [INFO] [Logger] Cleanup completed. No expired log files found.
[2026-09-17 00:43:32] [INFO] [Logger] Automated log cleanup scheduler started (runs every 24 hours).
[2026-09-17 00:43:32] [INFO] [Server] Server started and listening on port 5000
[2026-09-17 00:43:34] [INFO] [Database] MongoDB Connected successfully: 76.13.244.61
[2026-09-17 00:43:35] [INFO] [OVERSTAY] Staying customers found: 0
[2026-09-17 00:43:35] [INFO] ==================================================
[2026-09-17 00:43:35] [INFO] OVERSTAY CRON COMPLETED
[2026-09-17 00:43:35] [INFO] ==================================================
[2026-09-17 00:43:36] [INFO] Admin user already exists
[2026-09-17 00:43:37] [INFO] [SUBSCRIPTION] Subscriptions found: 2
[2026-09-17 00:43:37] [INFO] [SUBSCRIPTION] mani hotel | Expiry: 2026-10-16 | Days Remaining: 29
[2026-09-17 00:43:37] [INFO] [SUBSCRIPTION] hotel 2 | Expiry: 2026-10-17 | Days Remaining: 30
[2026-09-17 00:43:37] [INFO] ==================================================
[2026-09-17 00:43:37] [INFO] SUBSCRIPTION EXPIRY CRON COMPLETED
[2026-09-17 00:43:37] [INFO] ==================================================
[2026-09-17 00:43:58] [INFO] [Permission Verify] Allowed. User: 6aaae3a8c8c8cbb9a8630ef0, Permission: users
[2026-09-17 00:43:59] [INFO] [getAllUsers] Loaded 2 users | Hotel ID: 6aaae0bcc8c8cbb9a8630ed4 | Branch ID: 6aaae1bdc8c8cbb9a8630ee3 | Subscription: 6aaae0bcc8c8cbb9a8630ed5
[2026-09-17 00:43:59] [INFO] [Permission Verify] Allowed. User: 6aaae3a8c8c8cbb9a8630ef0, Permission: users
[2026-09-17 00:43:59] [INFO] [Permission Verify] Allowed. User: 6aaae3a8c8c8cbb9a8630ef0, Permission: users
[2026-09-17 00:44:00] [INFO] [OVERSTAY] Cron triggered
[2026-09-17 00:44:00] [INFO] ==================================================
[2026-09-17 00:44:00] [INFO] OVERSTAY CRON STARTED
[2026-09-17 00:44:00] [INFO] ==================================================
[2026-09-17 00:44:00] [INFO] [OVERSTAY] Current India Date/Time: 17/09/2026 00:44:00
[2026-09-17 00:44:00] [INFO] [OVERSTAY] Timezone: Asia/Kolkata
[2026-09-17 00:44:00] [INFO] [SUBSCRIPTION] Expiry cron triggered
[2026-09-17 00:44:00] [INFO] ==================================================
[2026-09-17 00:44:00] [INFO] SUBSCRIPTION EXPIRY CRON STARTED
[2026-09-17 00:44:00] [INFO] ==================================================
[2026-09-17 00:44:00] [INFO] [SUBSCRIPTION] Current India Date: 2026-09-17
[2026-09-17 00:44:00] [INFO] [getAllUsers] Loaded 2 users | Hotel ID: 6aaae0bcc8c8cbb9a8630ed4 | Branch ID: 6aaae1bdc8c8cbb9a8630ee3 | Subscription: 6aaae0bcc8c8cbb9a8630ed5
[2026-09-17 00:44:00] [INFO] [OVERSTAY] Staying customers found: 0
[2026-09-17 00:44:00] [INFO] ==================================================
[2026-09-17 00:44:00] [INFO] OVERSTAY CRON COMPLETED
[2026-09-17 00:44:00] [INFO] ==================================================
[2026-09-17 00:44:00] [INFO] [getMySubscription] Loaded subscription 6aaae0bcc8c8cbb9a8630ed5 | Hotel ID: 6aaae0bcc8c8cbb9a8630ed4
[2026-09-17 00:44:00] [INFO] [SUBSCRIPTION] Subscriptions found: 2
[2026-09-17 00:44:00] [INFO] [Permission Verify] Allowed. User: 6aaae3a8c8c8cbb9a8630ef0, Permission: users
[2026-09-17 00:44:00] [INFO] [Permission Verify] Forbidden. User: 6aaae3a8c8c8cbb9a8630ef0, Role: receptionist, Permission: plans
[2026-09-17 00:44:00] [INFO] [SUBSCRIPTION] mani hotel | Expiry: 2026-10-16 | Days Remaining: 29
[2026-09-17 00:44:01] [INFO] [SUBSCRIPTION] hotel 2 | Expiry: 2026-10-17 | Days Remaining: 30
[2026-09-17 00:44:01] [INFO] ==================================================
[2026-09-17 00:44:01] [INFO] SUBSCRIPTION EXPIRY CRON COMPLETED
[2026-09-17 00:44:01] [INFO] ==================================================
[2026-09-17 00:44:01] [INFO] [getMySubscription] Loaded subscription 6aaae0bcc8c8cbb9a8630ed5 | Hotel ID: 6aaae0bcc8c8cbb9a8630ed4
[2026-09-17 00:44:01] [INFO] [Permission Verify] Forbidden. User: 6aaae3a8c8c8cbb9a8630ef0, Role: receptionist, Permission: plans
[2026-09-17 00:44:16] [INFO] [Permission Verify] Allowed. User: 6aaae3a8c8c8cbb9a8630ef0, Permission: users
[2026-09-17 00:44:17] [INFO] [getAllUsers] Loaded 2 users | Hotel ID: 6aaae0bcc8c8cbb9a8630ed4 | Branch ID: 6aaae1bdc8c8cbb9a8630ee3 | Subscription: 6aaae0bcc8c8cbb9a8630ed5
[2026-09-17 00:44:17] [INFO] [Permission Verify] Allowed. User: 6aaae3a8c8c8cbb9a8630ef0, Permission: users
[2026-09-17 00:44:17] [INFO] [Permission Verify] Allowed. User: 6aaae3a8c8c8cbb9a8630ef0, Permission: users
[2026-09-17 00:44:18] [INFO] [getAllUsers] Loaded 2 users | Hotel ID: 6aaae0bcc8c8cbb9a8630ed4 | Branch ID: 6aaae1bdc8c8cbb9a8630ee3 | Subscription: 6aaae0bcc8c8cbb9a8630ed5
[2026-09-17 00:44:18] [INFO] [getMySubscription] Loaded subscription 6aaae0bcc8c8cbb9a8630ed5 | Hotel ID: 6aaae0bcc8c8cbb9a8630ed4
[2026-09-17 00:44:18] [INFO] [Permission Verify] Allowed. User: 6aaae3a8c8c8cbb9a8630ef0, Permission: users
[2026-09-17 00:44:18] [INFO] [Permission Verify] Forbidden. User: 6aaae3a8c8c8cbb9a8630ef0, Role: receptionist, Permission: plans
[2026-09-17 00:44:20] [INFO] [getMySubscription] Loaded subscription 6aaae0bcc8c8cbb9a8630ed5 | Hotel ID: 6aaae0bcc8c8cbb9a8630ed4
[2026-09-17 00:44:20] [INFO] [Permission Verify] Forbidden. User: 6aaae3a8c8c8cbb9a8630ef0, Role: receptionist, Permission: plans
[2026-09-17 00:45:00] [INFO] [OVERSTAY] Cron triggered
[2026-09-17 00:45:00] [INFO] ==================================================
[2026-09-17 00:45:00] [INFO] OVERSTAY CRON STARTED
[2026-09-17 00:45:00] [INFO] ==================================================
[2026-09-17 00:45:00] [INFO] [OVERSTAY] Current India Date/Time: 17/09/2026 00:45:00
[2026-09-17 00:45:00] [INFO] [OVERSTAY] Timezone: Asia/Kolkata
[2026-09-17 00:45:00] [INFO] [SUBSCRIPTION] Expiry cron triggered
[2026-09-17 00:45:00] [INFO] ==================================================
[2026-09-17 00:45:00] [INFO] SUBSCRIPTION EXPIRY CRON STARTED
[2026-09-17 00:45:00] [INFO] ==================================================
[2026-09-17 00:45:00] [INFO] [SUBSCRIPTION] Current India Date: 2026-09-17
[2026-09-17 00:45:00] [INFO] [OVERSTAY] Staying customers found: 0
[2026-09-17 00:45:00] [INFO] ==================================================
[2026-09-17 00:45:00] [INFO] OVERSTAY CRON COMPLETED
[2026-09-17 00:45:00] [INFO] ==================================================
[2026-09-17 00:45:01] [INFO] [SUBSCRIPTION] Subscriptions found: 2
[2026-09-17 00:45:01] [INFO] [SUBSCRIPTION] mani hotel | Expiry: 2026-10-16 | Days Remaining: 29
[2026-09-17 00:45:01] [INFO] [SUBSCRIPTION] hotel 2 | Expiry: 2026-10-17 | Days Remaining: 30
[2026-09-17 00:45:01] [INFO] ==================================================
[2026-09-17 00:45:01] [INFO] SUBSCRIPTION EXPIRY CRON COMPLETED
[2026-09-17 00:45:01] [INFO] ==================================================
[2026-09-17 00:46:00] [INFO] [SUBSCRIPTION] Expiry cron triggered
[2026-09-17 00:46:00] [INFO] ==================================================
[2026-09-17 00:46:00] [INFO] SUBSCRIPTION EXPIRY CRON STARTED
[2026-09-17 00:46:00] [INFO] ==================================================
[2026-09-17 00:46:00] [INFO] [SUBSCRIPTION] Current India Date: 2026-09-17
[2026-09-17 00:46:00] [INFO] [OVERSTAY] Cron triggered
[2026-09-17 00:46:00] [INFO] ==================================================
[2026-09-17 00:46:00] [INFO] OVERSTAY CRON STARTED
[2026-09-17 00:46:00] [INFO] ==================================================
[2026-09-17 00:46:00] [INFO] [OVERSTAY] Current India Date/Time: 17/09/2026 00:46:00
[2026-09-17 00:46:00] [INFO] [OVERSTAY] Timezone: Asia/Kolkata
[2026-09-17 00:46:00] [INFO] [OVERSTAY] Staying customers found: 0
[2026-09-17 00:46:00] [INFO] ==================================================
[2026-09-17 00:46:00] [INFO] OVERSTAY CRON COMPLETED
[2026-09-17 00:46:00] [INFO] ==================================================
[2026-09-17 00:46:00] [INFO] [SUBSCRIPTION] Subscriptions found: 2
[2026-09-17 00:46:01] [INFO] [SUBSCRIPTION] mani hotel | Expiry: 2026-10-16 | Days Remaining: 29
[2026-09-17 00:46:01] [INFO] [SUBSCRIPTION] hotel 2 | Expiry: 2026-10-17 | Days Remaining: 30
[2026-09-17 00:46:01] [INFO] ==================================================
[2026-09-17 00:46:01] [INFO] SUBSCRIPTION EXPIRY CRON COMPLETED
[2026-09-17 00:46:01] [INFO] ==================================================
[2026-09-17 00:46:39] [INFO] User logged out: siva subbranch receptionist
[2026-09-17 00:46:41] [INFO] [Auth Verify] Authentication token not found
[2026-09-17 00:46:41] [INFO] [Auth Verify] Authentication token not found
[2026-09-17 00:47:00] [INFO] [SUBSCRIPTION] Expiry cron triggered
[2026-09-17 00:47:00] [INFO] ==================================================
[2026-09-17 00:47:00] [INFO] SUBSCRIPTION EXPIRY CRON STARTED
[2026-09-17 00:47:00] [INFO] ==================================================
[2026-09-17 00:47:00] [INFO] [SUBSCRIPTION] Current India Date: 2026-09-17
[2026-09-17 00:47:00] [INFO] [OVERSTAY] Cron triggered
[2026-09-17 00:47:00] [INFO] ==================================================
[2026-09-17 00:47:00] [INFO] OVERSTAY CRON STARTED
[2026-09-17 00:47:00] [INFO] ==================================================
[2026-09-17 00:47:00] [INFO] [OVERSTAY] Current India Date/Time: 17/09/2026 00:47:00
[2026-09-17 00:47:00] [INFO] [OVERSTAY] Timezone: Asia/Kolkata
[2026-09-17 00:47:00] [INFO] [OVERSTAY] Staying customers found: 0
[2026-09-17 00:47:00] [INFO] ==================================================
[2026-09-17 00:47:00] [INFO] OVERSTAY CRON COMPLETED
[2026-09-17 00:47:00] [INFO] ==================================================
[2026-09-17 00:47:00] [INFO] [Auth Verify] Authentication token not found
[2026-09-17 00:47:00] [INFO] [Auth Verify] Authentication token not found
[2026-09-17 00:47:00] [INFO] [SUBSCRIPTION] Subscriptions found: 2
[2026-09-17 00:47:01] [INFO] [SUBSCRIPTION] mani hotel | Expiry: 2026-10-16 | Days Remaining: 29
[2026-09-17 00:47:01] [INFO] [SUBSCRIPTION] hotel 2 | Expiry: 2026-10-17 | Days Remaining: 30
[2026-09-17 00:47:01] [INFO] ==================================================
[2026-09-17 00:47:01] [INFO] SUBSCRIPTION EXPIRY CRON COMPLETED
[2026-09-17 00:47:01] [INFO] ==================================================
[2026-09-17 00:47:03] [INFO] [LOGIN] Login request received for email: sivabranchreceptionist@gmail.com
[2026-09-17 00:47:08] [INFO] OTP sent to sivabranchreceptionist@gmail.com
[2026-09-17 00:47:08] [INFO] [LOGIN] OTP sent successfully to sivabranchreceptionist@gmail.com
[2026-09-17 00:47:17] [INFO] [LOGIN] OTP verified successfully. User: sivabranchreceptionist@gmail.com, Role: receptionist, Hotel: 6aaae0bcc8c8cbb9a8630ed4, Branch: 6aaae1bdc8c8cbb9a8630ee3
[2026-09-17 00:47:17] [INFO] [Permission Verify] Allowed. User: 6aaae3a8c8c8cbb9a8630ef0, Permission: dashboard
[2026-09-17 00:47:18] [INFO] [Permission Verify] Allowed. User: 6aaae3a8c8c8cbb9a8630ef0, Permission: dashboard
[2026-09-17 00:47:19] [INFO] [Permission Verify] Allowed. User: 6aaae3a8c8c8cbb9a8630ef0, Permission: dashboard
[2026-09-17 00:47:19] [INFO] [Permission Verify] Allowed. User: 6aaae3a8c8c8cbb9a8630ef0, Permission: dashboard
[2026-09-17 00:47:21] [INFO] [Permission Verify] Allowed. User: 6aaae3a8c8c8cbb9a8630ef0, Permission: users
[2026-09-17 00:47:21] [INFO] [getAllUsers] Loaded 2 users | Hotel ID: 6aaae0bcc8c8cbb9a8630ed4 | Branch ID: 6aaae1bdc8c8cbb9a8630ee3 | Subscription: 6aaae0bcc8c8cbb9a8630ed5
[2026-09-17 00:47:22] [INFO] [Permission Verify] Allowed. User: 6aaae3a8c8c8cbb9a8630ef0, Permission: users
[2026-09-17 00:47:22] [INFO] [Permission Verify] Allowed. User: 6aaae3a8c8c8cbb9a8630ef0, Permission: users
[2026-09-17 00:47:22] [INFO] [getAllUsers] Loaded 2 users | Hotel ID: 6aaae0bcc8c8cbb9a8630ed4 | Branch ID: 6aaae1bdc8c8cbb9a8630ee3 | Subscription: 6aaae0bcc8c8cbb9a8630ed5
[2026-09-17 00:47:23] [INFO] [getMySubscription] Loaded subscription 6aaae0bcc8c8cbb9a8630ed5 | Hotel ID: 6aaae0bcc8c8cbb9a8630ed4
[2026-09-17 00:47:23] [INFO] [Permission Verify] Allowed. User: 6aaae3a8c8c8cbb9a8630ef0, Permission: users
[2026-09-17 00:47:23] [INFO] [Permission Verify] Forbidden. User: 6aaae3a8c8c8cbb9a8630ef0, Role: receptionist, Permission: plans
[2026-09-17 00:47:24] [INFO] [getMySubscription] Loaded subscription 6aaae0bcc8c8cbb9a8630ed5 | Hotel ID: 6aaae0bcc8c8cbb9a8630ed4
[2026-09-17 00:47:24] [INFO] [Permission Verify] Forbidden. User: 6aaae3a8c8c8cbb9a8630ef0, Role: receptionist, Permission: plans
[2026-09-17 00:48:00] [INFO] [SUBSCRIPTION] Expiry cron triggered
[2026-09-17 00:48:00] [INFO] ==================================================
[2026-09-17 00:48:00] [INFO] SUBSCRIPTION EXPIRY CRON STARTED
[2026-09-17 00:48:00] [INFO] ==================================================
[2026-09-17 00:48:00] [INFO] [SUBSCRIPTION] Current India Date: 2026-09-17
[2026-09-17 00:48:00] [INFO] [OVERSTAY] Cron triggered
[2026-09-17 00:48:00] [INFO] ==================================================
[2026-09-17 00:48:00] [INFO] OVERSTAY CRON STARTED
[2026-09-17 00:48:00] [INFO] ==================================================
[2026-09-17 00:48:00] [INFO] [OVERSTAY] Current India Date/Time: 17/09/2026 00:48:00
[2026-09-17 00:48:00] [INFO] [OVERSTAY] Timezone: Asia/Kolkata
[2026-09-17 00:48:00] [INFO] [OVERSTAY] Staying customers found: 0
[2026-09-17 00:48:00] [INFO] ==================================================
[2026-09-17 00:48:00] [INFO] OVERSTAY CRON COMPLETED
[2026-09-17 00:48:00] [INFO] ==================================================
[2026-09-17 00:48:00] [INFO] [SUBSCRIPTION] Subscriptions found: 2
[2026-09-17 00:48:01] [INFO] [SUBSCRIPTION] mani hotel | Expiry: 2026-10-16 | Days Remaining: 29
[2026-09-17 00:48:01] [INFO] [SUBSCRIPTION] hotel 2 | Expiry: 2026-10-17 | Days Remaining: 30
[2026-09-17 00:48:01] [INFO] ==================================================
[2026-09-17 00:48:01] [INFO] SUBSCRIPTION EXPIRY CRON COMPLETED
[2026-09-17 00:48:01] [INFO] ==================================================
[2026-09-17 00:49:00] [INFO] [SUBSCRIPTION] Expiry cron triggered
[2026-09-17 00:49:00] [INFO] ==================================================
[2026-09-17 00:49:00] [INFO] SUBSCRIPTION EXPIRY CRON STARTED
[2026-09-17 00:49:00] [INFO] ==================================================
[2026-09-17 00:49:00] [INFO] [SUBSCRIPTION] Current India Date: 2026-09-17
[2026-09-17 00:49:00] [INFO] [OVERSTAY] Cron triggered
[2026-09-17 00:49:00] [INFO] ==================================================
[2026-09-17 00:49:00] [INFO] OVERSTAY CRON STARTED
[2026-09-17 00:49:00] [INFO] ==================================================
[2026-09-17 00:49:00] [INFO] [OVERSTAY] Current India Date/Time: 17/09/2026 00:49:00
[2026-09-17 00:49:00] [INFO] [OVERSTAY] Timezone: Asia/Kolkata
[2026-09-17 00:49:00] [INFO] [OVERSTAY] Staying customers found: 0
[2026-09-17 00:49:00] [INFO] ==================================================
[2026-09-17 00:49:00] [INFO] OVERSTAY CRON COMPLETED
[2026-09-17 00:49:00] [INFO] ==================================================
[2026-09-17 00:49:00] [INFO] [SUBSCRIPTION] Subscriptions found: 2
[2026-09-17 00:49:00] [INFO] [SUBSCRIPTION] mani hotel | Expiry: 2026-10-16 | Days Remaining: 29
[2026-09-17 00:49:01] [INFO] [SUBSCRIPTION] hotel 2 | Expiry: 2026-10-17 | Days Remaining: 30
[2026-09-17 00:49:01] [INFO] ==================================================
[2026-09-17 00:49:01] [INFO] SUBSCRIPTION EXPIRY CRON COMPLETED
[2026-09-17 00:49:01] [INFO] ==================================================
[2026-09-17 00:50:00] [INFO] [SUBSCRIPTION] Expiry cron triggered
[2026-09-17 00:50:00] [INFO] ==================================================
[2026-09-17 00:50:00] [INFO] SUBSCRIPTION EXPIRY CRON STARTED
[2026-09-17 00:50:00] [INFO] ==================================================
[2026-09-17 00:50:00] [INFO] [SUBSCRIPTION] Current India Date: 2026-09-17
[2026-09-17 00:50:00] [INFO] [OVERSTAY] Cron triggered
[2026-09-17 00:50:00] [INFO] ==================================================
[2026-09-17 00:50:00] [INFO] OVERSTAY CRON STARTED
[2026-09-17 00:50:00] [INFO] ==================================================
[2026-09-17 00:50:00] [INFO] [OVERSTAY] Current India Date/Time: 17/09/2026 00:50:00
[2026-09-17 00:50:00] [INFO] [OVERSTAY] Timezone: Asia/Kolkata
[2026-09-17 00:50:00] [INFO] [OVERSTAY] Staying customers found: 0
[2026-09-17 00:50:00] [INFO] ==================================================
[2026-09-17 00:50:00] [INFO] OVERSTAY CRON COMPLETED
[2026-09-17 00:50:00] [INFO] ==================================================
[2026-09-17 00:50:00] [INFO] [SUBSCRIPTION] Subscriptions found: 2
[2026-09-17 00:50:00] [INFO] [SUBSCRIPTION] mani hotel | Expiry: 2026-10-16 | Days Remaining: 29
[2026-09-17 00:50:01] [INFO] [SUBSCRIPTION] hotel 2 | Expiry: 2026-10-17 | Days Remaining: 30
[2026-09-17 00:50:01] [INFO] ==================================================
[2026-09-17 00:50:01] [INFO] SUBSCRIPTION EXPIRY CRON COMPLETED
[2026-09-17 00:50:01] [INFO] ==================================================
[2026-09-17 00:51:00] [INFO] [SUBSCRIPTION] Expiry cron triggered
[2026-09-17 00:51:00] [INFO] ==================================================
[2026-09-17 00:51:00] [INFO] SUBSCRIPTION EXPIRY CRON STARTED
[2026-09-17 00:51:00] [INFO] ==================================================
[2026-09-17 00:51:00] [INFO] [SUBSCRIPTION] Current India Date: 2026-09-17
[2026-09-17 00:51:00] [INFO] [OVERSTAY] Cron triggered
[2026-09-17 00:51:00] [INFO] ==================================================
[2026-09-17 00:51:00] [INFO] OVERSTAY CRON STARTED
[2026-09-17 00:51:00] [INFO] ==================================================
[2026-09-17 00:51:00] [INFO] [OVERSTAY] Current India Date/Time: 17/09/2026 00:51:00
[2026-09-17 00:51:00] [INFO] [OVERSTAY] Timezone: Asia/Kolkata
[2026-09-17 00:51:00] [INFO] [OVERSTAY] Staying customers found: 0
[2026-09-17 00:51:00] [INFO] ==================================================
[2026-09-17 00:51:00] [INFO] OVERSTAY CRON COMPLETED
[2026-09-17 00:51:00] [INFO] ==================================================
[2026-09-17 00:51:00] [INFO] [SUBSCRIPTION] Subscriptions found: 2
[2026-09-17 00:51:01] [INFO] [SUBSCRIPTION] mani hotel | Expiry: 2026-10-16 | Days Remaining: 29
[2026-09-17 00:51:01] [INFO] [SUBSCRIPTION] hotel 2 | Expiry: 2026-10-17 | Days Remaining: 30
[2026-09-17 00:51:01] [INFO] ==================================================
[2026-09-17 00:51:01] [INFO] SUBSCRIPTION EXPIRY CRON COMPLETED
[2026-09-17 00:51:01] [INFO] ==================================================
[2026-09-17 00:51:57] [INFO] [Permission Verify] Allowed. User: 6aaae3a8c8c8cbb9a8630ef0, Permission: users
[2026-09-17 00:51:57] [INFO] [getAllUsers] Loaded 2 users | Hotel ID: 6aaae0bcc8c8cbb9a8630ed4 | Branch ID: 6aaae1bdc8c8cbb9a8630ee3 | Subscription: 6aaae0bcc8c8cbb9a8630ed5
[2026-09-17 00:51:58] [INFO] [Permission Verify] Allowed. User: 6aaae3a8c8c8cbb9a8630ef0, Permission: users
[2026-09-17 00:51:58] [INFO] [Permission Verify] Allowed. User: 6aaae3a8c8c8cbb9a8630ef0, Permission: users
[2026-09-17 00:51:58] [INFO] [getAllUsers] Loaded 2 users | Hotel ID: 6aaae0bcc8c8cbb9a8630ed4 | Branch ID: 6aaae1bdc8c8cbb9a8630ee3 | Subscription: 6aaae0bcc8c8cbb9a8630ed5
[2026-09-17 00:51:59] [INFO] [getMySubscription] Loaded subscription 6aaae0bcc8c8cbb9a8630ed5 | Hotel ID: 6aaae0bcc8c8cbb9a8630ed4
[2026-09-17 00:51:59] [INFO] [Permission Verify] Allowed. User: 6aaae3a8c8c8cbb9a8630ef0, Permission: users
[2026-09-17 00:51:59] [INFO] [Permission Verify] Forbidden. User: 6aaae3a8c8c8cbb9a8630ef0, Role: receptionist, Permission: plans
[2026-09-17 00:52:00] [INFO] [SUBSCRIPTION] Expiry cron triggered
[2026-09-17 00:52:00] [INFO] ==================================================
[2026-09-17 00:52:00] [INFO] SUBSCRIPTION EXPIRY CRON STARTED
[2026-09-17 00:52:00] [INFO] ==================================================
[2026-09-17 00:52:00] [INFO] [SUBSCRIPTION] Current India Date: 2026-09-17
[2026-09-17 00:52:00] [INFO] [OVERSTAY] Cron triggered
[2026-09-17 00:52:00] [INFO] ==================================================
[2026-09-17 00:52:00] [INFO] OVERSTAY CRON STARTED
[2026-09-17 00:52:00] [INFO] ==================================================
[2026-09-17 00:52:00] [INFO] [OVERSTAY] Current India Date/Time: 17/09/2026 00:52:00
[2026-09-17 00:52:00] [INFO] [OVERSTAY] Timezone: Asia/Kolkata
[2026-09-17 00:52:00] [INFO] [getMySubscription] Loaded subscription 6aaae0bcc8c8cbb9a8630ed5 | Hotel ID: 6aaae0bcc8c8cbb9a8630ed4
[2026-09-17 00:52:00] [INFO] [OVERSTAY] Staying customers found: 0
[2026-09-17 00:52:00] [INFO] ==================================================
[2026-09-17 00:52:00] [INFO] OVERSTAY CRON COMPLETED
[2026-09-17 00:52:00] [INFO] ==================================================
[2026-09-17 00:52:00] [INFO] [Permission Verify] Forbidden. User: 6aaae3a8c8c8cbb9a8630ef0, Role: receptionist, Permission: plans
[2026-09-17 00:52:00] [INFO] [SUBSCRIPTION] Subscriptions found: 2
[2026-09-17 00:52:00] [INFO] [SUBSCRIPTION] mani hotel | Expiry: 2026-10-16 | Days Remaining: 29
[2026-09-17 00:52:01] [INFO] [SUBSCRIPTION] hotel 2 | Expiry: 2026-10-17 | Days Remaining: 30
[2026-09-17 00:52:01] [INFO] ==================================================
[2026-09-17 00:52:01] [INFO] SUBSCRIPTION EXPIRY CRON COMPLETED
[2026-09-17 00:52:01] [INFO] ==================================================
[2026-09-17 00:52:13] [INFO] Hotel registrations retrieved successfully. Total registrations: 2
[2026-09-17 00:52:13] [INFO] Hotel registrations retrieved successfully. Total registrations: 2
[2026-09-17 00:52:32] [INFO] User logged out: siva subbranch receptionist
[2026-09-17 00:52:33] [INFO] [Auth Verify] Authentication token not found
[2026-09-17 00:52:34] [INFO] [Auth Verify] Authentication token not found
[2026-09-17 00:52:57] [INFO] [Auth Verify] Authentication token not found
[2026-09-17 00:52:57] [INFO] [Auth Verify] Authentication token not found
[2026-09-17 00:53:00] [INFO] [SUBSCRIPTION] Expiry cron triggered
[2026-09-17 00:53:00] [INFO] ==================================================
[2026-09-17 00:53:00] [INFO] SUBSCRIPTION EXPIRY CRON STARTED
[2026-09-17 00:53:00] [INFO] ==================================================
[2026-09-17 00:53:00] [INFO] [SUBSCRIPTION] Current India Date: 2026-09-17
[2026-09-17 00:53:00] [INFO] [OVERSTAY] Cron triggered
[2026-09-17 00:53:00] [INFO] ==================================================
[2026-09-17 00:53:00] [INFO] OVERSTAY CRON STARTED
[2026-09-17 00:53:00] [INFO] ==================================================
[2026-09-17 00:53:00] [INFO] [OVERSTAY] Current India Date/Time: 17/09/2026 00:53:00
[2026-09-17 00:53:00] [INFO] [OVERSTAY] Timezone: Asia/Kolkata
[2026-09-17 00:53:00] [INFO] [OVERSTAY] Staying customers found: 0
[2026-09-17 00:53:00] [INFO] ==================================================
[2026-09-17 00:53:00] [INFO] OVERSTAY CRON COMPLETED
[2026-09-17 00:53:00] [INFO] ==================================================
[2026-09-17 00:53:00] [INFO] [SUBSCRIPTION] Subscriptions found: 2
[2026-09-17 00:53:00] [INFO] [SUBSCRIPTION] mani hotel | Expiry: 2026-10-16 | Days Remaining: 29
[2026-09-17 00:53:01] [INFO] [SUBSCRIPTION] hotel 2 | Expiry: 2026-10-17 | Days Remaining: 30
[2026-09-17 00:53:01] [INFO] ==================================================
[2026-09-17 00:53:01] [INFO] SUBSCRIPTION EXPIRY CRON COMPLETED
[2026-09-17 00:53:01] [INFO] ==================================================
[2026-09-17 00:53:07] [INFO] [LOGIN] Login request received for email: sivabranchreceptionist@gmail.com
[2026-09-17 00:53:11] [INFO] OTP sent to sivabranchreceptionist@gmail.com
[2026-09-17 00:53:11] [INFO] [LOGIN] OTP sent successfully to sivabranchreceptionist@gmail.com
[2026-09-17 00:53:23] [INFO] [LOGIN] OTP verified successfully. User: sivabranchreceptionist@gmail.com, Role: receptionist, Hotel: 6aaae0bcc8c8cbb9a8630ed4, Branch: 6aaae1bdc8c8cbb9a8630ee3
[2026-09-17 00:53:24] [INFO] [Permission Verify] Allowed. User: 6aaae3a8c8c8cbb9a8630ef0, Permission: dashboard
[2026-09-17 00:53:24] [INFO] [Permission Verify] Allowed. User: 6aaae3a8c8c8cbb9a8630ef0, Permission: dashboard
[2026-09-17 00:53:25] [INFO] [Permission Verify] Allowed. User: 6aaae3a8c8c8cbb9a8630ef0, Permission: dashboard
[2026-09-17 00:53:25] [INFO] [Permission Verify] Allowed. User: 6aaae3a8c8c8cbb9a8630ef0, Permission: dashboard
[2026-09-17 00:53:26] [INFO] [Permission Verify] Allowed. User: 6aaae3a8c8c8cbb9a8630ef0, Permission: users
[2026-09-17 00:53:27] [INFO] [getAllUsers] Loaded 2 users | Hotel ID: 6aaae0bcc8c8cbb9a8630ed4 | Branch ID: 6aaae1bdc8c8cbb9a8630ee3 | Subscription: 6aaae0bcc8c8cbb9a8630ed5
[2026-09-17 00:53:27] [INFO] [Permission Verify] Allowed. User: 6aaae3a8c8c8cbb9a8630ef0, Permission: users
[2026-09-17 00:53:27] [INFO] [Permission Verify] Allowed. User: 6aaae3a8c8c8cbb9a8630ef0, Permission: users
[2026-09-17 00:53:28] [INFO] [getAllUsers] Loaded 2 users | Hotel ID: 6aaae0bcc8c8cbb9a8630ed4 | Branch ID: 6aaae1bdc8c8cbb9a8630ee3 | Subscription: 6aaae0bcc8c8cbb9a8630ed5
[2026-09-17 00:53:28] [INFO] [getMySubscription] Loaded subscription 6aaae0bcc8c8cbb9a8630ed5 | Hotel ID: 6aaae0bcc8c8cbb9a8630ed4
[2026-09-17 00:53:28] [INFO] [Permission Verify] Allowed. User: 6aaae3a8c8c8cbb9a8630ef0, Permission: users
[2026-09-17 00:53:28] [INFO] [Permission Verify] Forbidden. User: 6aaae3a8c8c8cbb9a8630ef0, Role: receptionist, Permission: plans
[2026-09-17 00:53:29] [INFO] [getMySubscription] Loaded subscription 6aaae0bcc8c8cbb9a8630ed5 | Hotel ID: 6aaae0bcc8c8cbb9a8630ed4
[2026-09-17 00:53:30] [INFO] [Permission Verify] Forbidden. User: 6aaae3a8c8c8cbb9a8630ef0, Role: receptionist, Permission: plans
[2026-09-17 00:53:56] [INFO] [Permission Verify] Allowed. User: 6aaae3a8c8c8cbb9a8630ef0, Permission: users
[2026-09-17 00:53:56] [INFO] [createUser] Subscription verified | Hotel: 6aaae0bcc8c8cbb9a8630ed4 | Subscription: 6aaae0bcc8c8cbb9a8630ed5 | Status: active
[2026-09-17 00:53:56] [INFO] [createUser] Receptionist limit passed | Hotel: 6aaae0bcc8c8cbb9a8630ed4 | Current: 1 | Limit: 10
[2026-09-17 00:53:57] [INFO] [createUser] User created successfully | User ID: 6aaaecccd81834cab1cdac94 | Hotel ID: 6aaae0bcc8c8cbb9a8630ed4 | Branch ID: 6aaae1bdc8c8cbb9a8630ee3 | Role: receptionist | Subscription: 6aaae0bcc8c8cbb9a8630ed5
[2026-09-17 00:53:57] [INFO] [Permission Verify] Allowed. User: 6aaae3a8c8c8cbb9a8630ef0, Permission: users
[2026-09-17 00:53:58] [INFO] [getAllUsers] Loaded 3 users | Hotel ID: 6aaae0bcc8c8cbb9a8630ed4 | Branch ID: 6aaae1bdc8c8cbb9a8630ee3 | Subscription: 6aaae0bcc8c8cbb9a8630ed5
[2026-09-17 00:53:58] [INFO] [Permission Verify] Allowed. User: 6aaae3a8c8c8cbb9a8630ef0, Permission: users
[2026-09-17 00:53:59] [INFO] [getMySubscription] Loaded subscription 6aaae0bcc8c8cbb9a8630ed5 | Hotel ID: 6aaae0bcc8c8cbb9a8630ed4
[2026-09-17 00:53:59] [INFO] [Permission Verify] Forbidden. User: 6aaae3a8c8c8cbb9a8630ef0, Role: receptionist, Permission: plans
[2026-09-17 00:54:00] [INFO] [SUBSCRIPTION] Expiry cron triggered
[2026-09-17 00:54:00] [INFO] ==================================================
[2026-09-17 00:54:00] [INFO] SUBSCRIPTION EXPIRY CRON STARTED
[2026-09-17 00:54:00] [INFO] ==================================================
[2026-09-17 00:54:00] [INFO] [SUBSCRIPTION] Current India Date: 2026-09-17
[2026-09-17 00:54:00] [INFO] [OVERSTAY] Cron triggered
[2026-09-17 00:54:00] [INFO] ==================================================
[2026-09-17 00:54:00] [INFO] OVERSTAY CRON STARTED
[2026-09-17 00:54:00] [INFO] ==================================================
[2026-09-17 00:54:00] [INFO] [OVERSTAY] Current India Date/Time: 17/09/2026 00:54:00
[2026-09-17 00:54:00] [INFO] [OVERSTAY] Timezone: Asia/Kolkata
[2026-09-17 00:54:00] [INFO] [OVERSTAY] Staying customers found: 0
[2026-09-17 00:54:00] [INFO] ==================================================
[2026-09-17 00:54:00] [INFO] OVERSTAY CRON COMPLETED
[2026-09-17 00:54:00] [INFO] ==================================================
[2026-09-17 00:54:00] [INFO] [SUBSCRIPTION] Subscriptions found: 2
[2026-09-17 00:54:00] [INFO] [SUBSCRIPTION] mani hotel | Expiry: 2026-10-16 | Days Remaining: 29
[2026-09-17 00:54:01] [INFO] [SUBSCRIPTION] hotel 2 | Expiry: 2026-10-17 | Days Remaining: 30
[2026-09-17 00:54:01] [INFO] ==================================================
[2026-09-17 00:54:01] [INFO] SUBSCRIPTION EXPIRY CRON COMPLETED
[2026-09-17 00:54:01] [INFO] ==================================================
[2026-09-17 00:54:17] [INFO] [Permission Verify] Allowed. User: 6aaae3a8c8c8cbb9a8630ef0, Permission: users
[2026-09-17 00:54:18] [INFO] [deleteUser] User deleted successfully | User ID: 6aaaecccd81834cab1cdac94 | Hotel ID: 6aaae0bcc8c8cbb9a8630ed4 | Branch ID: 6aaae1bdc8c8cbb9a8630ee3
[2026-09-17 00:54:18] [INFO] [Permission Verify] Allowed. User: 6aaae3a8c8c8cbb9a8630ef0, Permission: users
[2026-09-17 00:54:19] [INFO] [getAllUsers] Loaded 2 users | Hotel ID: 6aaae0bcc8c8cbb9a8630ed4 | Branch ID: 6aaae1bdc8c8cbb9a8630ee3 | Subscription: 6aaae0bcc8c8cbb9a8630ed5
[2026-09-17 00:54:19] [INFO] [Permission Verify] Allowed. User: 6aaae3a8c8c8cbb9a8630ef0, Permission: users
[2026-09-17 00:54:20] [INFO] [getMySubscription] Loaded subscription 6aaae0bcc8c8cbb9a8630ed5 | Hotel ID: 6aaae0bcc8c8cbb9a8630ed4
[2026-09-17 00:54:20] [INFO] [Permission Verify] Forbidden. User: 6aaae3a8c8c8cbb9a8630ef0, Role: receptionist, Permission: plans
[2026-09-17 00:54:33] [INFO] [Permission Verify] Allowed. User: 6aaae3a8c8c8cbb9a8630ef0, Permission: users
[2026-09-17 00:54:34] [INFO] [getAllUsers] Loaded 2 users | Hotel ID: 6aaae0bcc8c8cbb9a8630ed4 | Branch ID: 6aaae1bdc8c8cbb9a8630ee3 | Subscription: 6aaae0bcc8c8cbb9a8630ed5
[2026-09-17 00:54:34] [INFO] [Permission Verify] Allowed. User: 6aaae3a8c8c8cbb9a8630ef0, Permission: users
[2026-09-17 00:54:34] [INFO] [Permission Verify] Allowed. User: 6aaae3a8c8c8cbb9a8630ef0, Permission: users
[2026-09-17 00:54:35] [INFO] [getAllUsers] Loaded 2 users | Hotel ID: 6aaae0bcc8c8cbb9a8630ed4 | Branch ID: 6aaae1bdc8c8cbb9a8630ee3 | Subscription: 6aaae0bcc8c8cbb9a8630ed5
[2026-09-17 00:54:35] [INFO] [getMySubscription] Loaded subscription 6aaae0bcc8c8cbb9a8630ed5 | Hotel ID: 6aaae0bcc8c8cbb9a8630ed4
[2026-09-17 00:54:35] [INFO] [Permission Verify] Allowed. User: 6aaae3a8c8c8cbb9a8630ef0, Permission: users
[2026-09-17 00:54:35] [INFO] [Permission Verify] Forbidden. User: 6aaae3a8c8c8cbb9a8630ef0, Role: receptionist, Permission: plans
[2026-09-17 00:54:36] [INFO] [getMySubscription] Loaded subscription 6aaae0bcc8c8cbb9a8630ed5 | Hotel ID: 6aaae0bcc8c8cbb9a8630ed4
[2026-09-17 00:54:36] [INFO] [Permission Verify] Forbidden. User: 6aaae3a8c8c8cbb9a8630ef0, Role: receptionist, Permission: plans
[2026-09-17 00:54:37] [INFO] [Permission Verify] Allowed. User: 6aaae3a8c8c8cbb9a8630ef0, Permission: users
[2026-09-17 00:54:38] [INFO] [getAllUsers] Loaded 2 users | Hotel ID: 6aaae0bcc8c8cbb9a8630ed4 | Branch ID: 6aaae1bdc8c8cbb9a8630ee3 | Subscription: 6aaae0bcc8c8cbb9a8630ed5
[2026-09-17 00:54:38] [INFO] [Permission Verify] Allowed. User: 6aaae3a8c8c8cbb9a8630ef0, Permission: users
[2026-09-17 00:54:39] [INFO] [getMySubscription] Loaded subscription 6aaae0bcc8c8cbb9a8630ed5 | Hotel ID: 6aaae0bcc8c8cbb9a8630ed4
[2026-09-17 00:54:40] [INFO] [Permission Verify] Forbidden. User: 6aaae3a8c8c8cbb9a8630ef0, Role: receptionist, Permission: plans
[2026-09-17 00:55:00] [INFO] [SUBSCRIPTION] Expiry cron triggered
[2026-09-17 00:55:00] [INFO] ==================================================
[2026-09-17 00:55:00] [INFO] SUBSCRIPTION EXPIRY CRON STARTED
[2026-09-17 00:55:00] [INFO] ==================================================
[2026-09-17 00:55:00] [INFO] [SUBSCRIPTION] Current India Date: 2026-09-17
[2026-09-17 00:55:00] [INFO] [OVERSTAY] Cron triggered
[2026-09-17 00:55:00] [INFO] ==================================================
[2026-09-17 00:55:00] [INFO] OVERSTAY CRON STARTED
[2026-09-17 00:55:00] [INFO] ==================================================
[2026-09-17 00:55:00] [INFO] [OVERSTAY] Current India Date/Time: 17/09/2026 00:55:00
[2026-09-17 00:55:00] [INFO] [OVERSTAY] Timezone: Asia/Kolkata
[2026-09-17 00:55:00] [INFO] [OVERSTAY] Staying customers found: 0
[2026-09-17 00:55:00] [INFO] ==================================================
[2026-09-17 00:55:00] [INFO] OVERSTAY CRON COMPLETED
[2026-09-17 00:55:00] [INFO] ==================================================
[2026-09-17 00:55:00] [INFO] [SUBSCRIPTION] Subscriptions found: 2
[2026-09-17 00:55:00] [INFO] [SUBSCRIPTION] mani hotel | Expiry: 2026-10-16 | Days Remaining: 29
[2026-09-17 00:55:00] [INFO] [SUBSCRIPTION] hotel 2 | Expiry: 2026-10-17 | Days Remaining: 30
[2026-09-17 00:55:00] [INFO] ==================================================
[2026-09-17 00:55:00] [INFO] SUBSCRIPTION EXPIRY CRON COMPLETED
[2026-09-17 00:55:00] [INFO] ==================================================
[2026-09-17 00:55:25] [INFO] [OVERSTAY] Overstay cron initialized successfully
[2026-09-17 00:55:25] [INFO] [OVERSTAY] Cron schedule: Every minute
[2026-09-17 00:55:25] [INFO] [OVERSTAY] Cron timezone: Asia/Kolkata
[2026-09-17 00:55:25] [INFO] ==================================================
[2026-09-17 00:55:25] [INFO] OVERSTAY CRON STARTED
[2026-09-17 00:55:25] [INFO] ==================================================
[2026-09-17 00:55:25] [INFO] [OVERSTAY] Current India Date/Time: 17/09/2026 00:55:25
[2026-09-17 00:55:25] [INFO] [OVERSTAY] Timezone: Asia/Kolkata
[2026-09-17 00:55:25] [INFO] [SUBSCRIPTION] Subscription expiry cron initialized successfully
[2026-09-17 00:55:25] [INFO] [SUBSCRIPTION] Cron schedule: Every minute
[2026-09-17 00:55:25] [INFO] [SUBSCRIPTION] Cron timezone: Asia/Kolkata
[2026-09-17 00:55:25] [INFO] ==================================================
[2026-09-17 00:55:25] [INFO] SUBSCRIPTION EXPIRY CRON STARTED
[2026-09-17 00:55:25] [INFO] ==================================================
[2026-09-17 00:55:25] [INFO] [SUBSCRIPTION] Current India Date: 2026-09-17
[2026-09-17 00:55:26] [INFO] [Logger] Running log cleanup check. Retention limit: 30 days.
[2026-09-17 00:55:26] [INFO] [Logger] Cleanup completed. No expired log files found.
[2026-09-17 00:55:26] [INFO] [Logger] Automated log cleanup scheduler started (runs every 24 hours).
[2026-09-17 00:55:26] [INFO] [Server] Server started and listening on port 5000
[2026-09-17 00:55:27] [INFO] [Database] MongoDB Connected successfully: 76.13.244.61
[2026-09-17 10:29:54] [INFO] [OVERSTAY] Overstay cron initialized successfully
[2026-09-17 10:29:54] [INFO] [OVERSTAY] Cron schedule: Every minute
[2026-09-17 10:29:54] [INFO] [OVERSTAY] Cron timezone: Asia/Kolkata
[2026-09-17 10:29:54] [INFO] ==================================================
[2026-09-17 10:29:54] [INFO] OVERSTAY CRON STARTED
[2026-09-17 10:29:54] [INFO] ==================================================
[2026-09-17 10:29:54] [INFO] [OVERSTAY] Current India Date/Time: 17/09/2026 10:29:54
[2026-09-17 10:29:54] [INFO] [OVERSTAY] Timezone: Asia/Kolkata
[2026-09-17 10:29:55] [INFO] [SUBSCRIPTION] Subscription expiry cron initialized successfully
[2026-09-17 10:29:55] [INFO] [SUBSCRIPTION] Cron schedule: Every minute
[2026-09-17 10:29:55] [INFO] [SUBSCRIPTION] Cron timezone: Asia/Kolkata
[2026-09-17 10:29:55] [INFO] ==================================================
[2026-09-17 10:29:55] [INFO] SUBSCRIPTION EXPIRY CRON STARTED
[2026-09-17 10:29:55] [INFO] ==================================================
[2026-09-17 10:29:55] [INFO] [SUBSCRIPTION] Current India Date: 2026-09-17
[2026-09-17 10:29:56] [INFO] [Logger] Running log cleanup check. Retention limit: 30 days.
[2026-09-17 10:29:56] [INFO] [Logger] Cleanup completed. No expired log files found.
[2026-09-17 10:29:56] [INFO] [Logger] Automated log cleanup scheduler started (runs every 24 hours).
[2026-09-17 10:29:56] [INFO] [Server] Server started and listening on port 5000
[2026-09-17 10:29:56] [INFO] [Database] MongoDB Connected successfully: 76.13.244.61
[2026-09-17 10:29:57] [INFO] Admin user already exists
[2026-09-17 10:29:57] [INFO] [OVERSTAY] Staying customers found: 0
[2026-09-17 10:29:57] [INFO] ==================================================
[2026-09-17 10:29:57] [INFO] OVERSTAY CRON COMPLETED
[2026-09-17 10:29:57] [INFO] ==================================================
[2026-09-17 10:29:57] [INFO] [SUBSCRIPTION] Subscriptions found: 2
[2026-09-17 10:29:57] [INFO] [SUBSCRIPTION] mani hotel | Expiry: 2026-10-16 | Days Remaining: 29
[2026-09-17 10:29:57] [INFO] [SUBSCRIPTION] hotel 2 | Expiry: 2026-10-17 | Days Remaining: 30
[2026-09-17 10:29:57] [INFO] ==================================================
[2026-09-17 10:29:57] [INFO] SUBSCRIPTION EXPIRY CRON COMPLETED
[2026-09-17 10:29:57] [INFO] ==================================================
[2026-09-17 10:30:00] [INFO] [OVERSTAY] Cron triggered
[2026-09-17 10:30:00] [INFO] ==================================================
[2026-09-17 10:30:00] [INFO] OVERSTAY CRON STARTED
[2026-09-17 10:30:00] [INFO] ==================================================
[2026-09-17 10:30:00] [INFO] [OVERSTAY] Current India Date/Time: 17/09/2026 10:30:00
[2026-09-17 10:30:00] [INFO] [OVERSTAY] Timezone: Asia/Kolkata
[2026-09-17 10:30:00] [INFO] [SUBSCRIPTION] Expiry cron triggered
[2026-09-17 10:30:00] [INFO] ==================================================
[2026-09-17 10:30:00] [INFO] SUBSCRIPTION EXPIRY CRON STARTED
[2026-09-17 10:30:00] [INFO] ==================================================
[2026-09-17 10:30:00] [INFO] [SUBSCRIPTION] Current India Date: 2026-09-17
[2026-09-17 10:30:00] [INFO] [OVERSTAY] Staying customers found: 0
[2026-09-17 10:30:00] [INFO] ==================================================
[2026-09-17 10:30:00] [INFO] OVERSTAY CRON COMPLETED
[2026-09-17 10:30:00] [INFO] ==================================================
[2026-09-17 10:30:00] [INFO] [SUBSCRIPTION] Subscriptions found: 2
[2026-09-17 10:30:00] [INFO] [SUBSCRIPTION] mani hotel | Expiry: 2026-10-16 | Days Remaining: 29
[2026-09-17 10:30:00] [INFO] [SUBSCRIPTION] hotel 2 | Expiry: 2026-10-17 | Days Remaining: 30
[2026-09-17 10:30:00] [INFO] ==================================================
[2026-09-17 10:30:00] [INFO] SUBSCRIPTION EXPIRY CRON COMPLETED
[2026-09-17 10:30:00] [INFO] ==================================================
[2026-09-17 10:31:00] [INFO] [OVERSTAY] Cron triggered
[2026-09-17 10:31:00] [INFO] ==================================================
[2026-09-17 10:31:00] [INFO] OVERSTAY CRON STARTED
[2026-09-17 10:31:00] [INFO] ==================================================
[2026-09-17 10:31:00] [INFO] [OVERSTAY] Current India Date/Time: 17/09/2026 10:31:00
[2026-09-17 10:31:00] [INFO] [OVERSTAY] Timezone: Asia/Kolkata
[2026-09-17 10:31:00] [INFO] [SUBSCRIPTION] Expiry cron triggered
[2026-09-17 10:31:00] [INFO] ==================================================
[2026-09-17 10:31:00] [INFO] SUBSCRIPTION EXPIRY CRON STARTED
[2026-09-17 10:31:00] [INFO] ==================================================
[2026-09-17 10:31:00] [INFO] [SUBSCRIPTION] Current India Date: 2026-09-17
[2026-09-17 10:31:00] [INFO] [OVERSTAY] Staying customers found: 0
[2026-09-17 10:31:00] [INFO] ==================================================
[2026-09-17 10:31:00] [INFO] OVERSTAY CRON COMPLETED
[2026-09-17 10:31:00] [INFO] ==================================================
[2026-09-17 10:31:00] [INFO] [SUBSCRIPTION] Subscriptions found: 2
[2026-09-17 10:31:00] [INFO] [SUBSCRIPTION] mani hotel | Expiry: 2026-10-16 | Days Remaining: 29
[2026-09-17 10:31:00] [INFO] [SUBSCRIPTION] hotel 2 | Expiry: 2026-10-17 | Days Remaining: 30
[2026-09-17 10:31:00] [INFO] ==================================================
[2026-09-17 10:31:00] [INFO] SUBSCRIPTION EXPIRY CRON COMPLETED
[2026-09-17 10:31:00] [INFO] ==================================================
[2026-09-17 10:31:00] [INFO] [Auth Verify] Authentication token not found
[2026-09-17 10:31:00] [INFO] [Auth Verify] Authentication token not found
[2026-09-17 10:32:00] [INFO] [SUBSCRIPTION] Expiry cron triggered
[2026-09-17 10:32:00] [INFO] ==================================================
[2026-09-17 10:32:00] [INFO] SUBSCRIPTION EXPIRY CRON STARTED
[2026-09-17 10:32:00] [INFO] ==================================================
[2026-09-17 10:32:00] [INFO] [SUBSCRIPTION] Current India Date: 2026-09-17
[2026-09-17 10:32:00] [INFO] [OVERSTAY] Cron triggered
[2026-09-17 10:32:00] [INFO] ==================================================
[2026-09-17 10:32:00] [INFO] OVERSTAY CRON STARTED
[2026-09-17 10:32:00] [INFO] ==================================================
[2026-09-17 10:32:00] [INFO] [OVERSTAY] Current India Date/Time: 17/09/2026 10:32:00
[2026-09-17 10:32:00] [INFO] [OVERSTAY] Timezone: Asia/Kolkata
[2026-09-17 10:32:00] [INFO] [OVERSTAY] Staying customers found: 0
[2026-09-17 10:32:00] [INFO] ==================================================
[2026-09-17 10:32:00] [INFO] OVERSTAY CRON COMPLETED
[2026-09-17 10:32:00] [INFO] ==================================================
[2026-09-17 10:32:00] [INFO] [SUBSCRIPTION] Subscriptions found: 2
[2026-09-17 10:32:00] [INFO] [SUBSCRIPTION] mani hotel | Expiry: 2026-10-16 | Days Remaining: 29
[2026-09-17 10:32:00] [INFO] [SUBSCRIPTION] hotel 2 | Expiry: 2026-10-17 | Days Remaining: 30
[2026-09-17 10:32:00] [INFO] ==================================================
[2026-09-17 10:32:00] [INFO] SUBSCRIPTION EXPIRY CRON COMPLETED
[2026-09-17 10:32:00] [INFO] ==================================================
[2026-09-17 10:32:02] [INFO] [Auth Verify] Authentication token not found
[2026-09-17 10:32:02] [INFO] [Auth Verify] Authentication token not found
[2026-09-17 10:33:00] [INFO] [SUBSCRIPTION] Expiry cron triggered
[2026-09-17 10:33:00] [INFO] ==================================================
[2026-09-17 10:33:00] [INFO] SUBSCRIPTION EXPIRY CRON STARTED
[2026-09-17 10:33:00] [INFO] ==================================================
[2026-09-17 10:33:00] [INFO] [SUBSCRIPTION] Current India Date: 2026-09-17
[2026-09-17 10:33:00] [INFO] [OVERSTAY] Cron triggered
[2026-09-17 10:33:00] [INFO] ==================================================
[2026-09-17 10:33:00] [INFO] OVERSTAY CRON STARTED
[2026-09-17 10:33:00] [INFO] ==================================================
[2026-09-17 10:33:00] [INFO] [OVERSTAY] Current India Date/Time: 17/09/2026 10:33:00
[2026-09-17 10:33:00] [INFO] [OVERSTAY] Timezone: Asia/Kolkata
[2026-09-17 10:33:00] [INFO] [OVERSTAY] Staying customers found: 0
[2026-09-17 10:33:00] [INFO] ==================================================
[2026-09-17 10:33:00] [INFO] OVERSTAY CRON COMPLETED
[2026-09-17 10:33:00] [INFO] ==================================================
[2026-09-17 10:33:00] [INFO] [SUBSCRIPTION] Subscriptions found: 2
[2026-09-17 10:33:00] [INFO] [SUBSCRIPTION] mani hotel | Expiry: 2026-10-16 | Days Remaining: 29
[2026-09-17 10:33:00] [INFO] [SUBSCRIPTION] hotel 2 | Expiry: 2026-10-17 | Days Remaining: 30
[2026-09-17 10:33:00] [INFO] ==================================================
[2026-09-17 10:33:00] [INFO] SUBSCRIPTION EXPIRY CRON COMPLETED
[2026-09-17 10:33:00] [INFO] ==================================================
[2026-09-17 10:33:26] [INFO] [LOGIN] Login request received for email: abdmani1718@gmail.com
[2026-09-17 10:33:27] [INFO] OTP sent to abdmani1718@gmail.com
[2026-09-17 10:33:27] [INFO] [LOGIN] OTP sent successfully to abdmani1718@gmail.com
[2026-09-17 10:33:35] [INFO] [LOGIN] OTP verified successfully. User: abdmani1718@gmail.com, Role: hotelOwner, Hotel: 6aaa540d5c80eba3c908a921, Branch: 6aaa540d5c80eba3c908a923
[2026-09-17 10:33:36] [INFO] [Permission Verify] Allowed. User: 6aaa540e5c80eba3c908a924, Permission: dashboard
[2026-09-17 10:33:36] [INFO] [Permission Verify] Allowed. User: 6aaa540e5c80eba3c908a924, Permission: dashboard
[2026-09-17 10:33:39] [INFO] INFO
[2026-09-17 10:33:39] [INFO] INFO
[2026-09-17 10:33:40] [INFO] INFO
[2026-09-17 10:33:40] [INFO] INFO
[2026-09-17 10:33:43] [INFO] INFO
[2026-09-17 10:33:43] [INFO] INFO
[2026-09-17 10:33:43] [INFO] [CUSTOMER] Fetched all customers | Hotel: 6aaa540d5c80eba3c908a921 | Branch: 6aaa540d5c80eba3c908a923 | Count: 0
[2026-09-17 10:33:43] [INFO] [CUSTOMER] Fetched all customers | Hotel: 6aaa540d5c80eba3c908a921 | Branch: 6aaa540d5c80eba3c908a923 | Count: 0
[2026-09-17 10:33:44] [INFO] [Permission Verify] Allowed. User: 6aaa540e5c80eba3c908a924, Permission: roomsBooking
[2026-09-17 10:33:44] [INFO] [Booking] Get active bookings started. hotelId=6aaa540d5c80eba3c908a921, branchId=6aaa540d5c80eba3c908a923
[2026-09-17 10:33:44] [INFO] [Booking] Active bookings retrieved. hotelId=6aaa540d5c80eba3c908a921, branchId=6aaa540d5c80eba3c908a923, count=0
[2026-09-17 10:33:44] [INFO] [Permission Verify] Allowed. User: 6aaa540e5c80eba3c908a924, Permission: roomsBooking
[2026-09-17 10:33:44] [INFO] [Booking] Get active bookings started. hotelId=6aaa540d5c80eba3c908a921, branchId=6aaa540d5c80eba3c908a923
[2026-09-17 10:33:44] [INFO] [Booking] Active bookings retrieved. hotelId=6aaa540d5c80eba3c908a921, branchId=6aaa540d5c80eba3c908a923, count=0
[2026-09-17 10:33:45] [INFO] INFO
[2026-09-17 10:33:45] [INFO] INFO
[2026-09-17 10:33:48] [INFO] [Permission Verify] Allowed. User: 6aaa540e5c80eba3c908a924, Permission: serviceManagement
[2026-09-17 10:33:48] [INFO] INFO
[2026-09-17 10:33:48] [INFO] [Permission Verify] Allowed. User: 6aaa540e5c80eba3c908a924, Permission: serviceManagement
[2026-09-17 10:33:48] [INFO] INFO
[2026-09-17 10:33:49] [INFO] [Permission Verify] Allowed. User: 6aaa540e5c80eba3c908a924, Permission: reports
[2026-09-17 10:33:49] [INFO] [Permission Verify] Allowed. User: 6aaa540e5c80eba3c908a924, Permission: reports
[2026-09-17 10:33:50] [INFO] [Permission Verify] Allowed. User: 6aaa540e5c80eba3c908a924, Permission: customer
[2026-09-17 10:33:50] [INFO] [Permission Verify] Allowed. User: 6aaa540e5c80eba3c908a924, Permission: customer
[2026-09-17 10:33:51] [INFO] [Permission Verify] Allowed. User: 6aaa540e5c80eba3c908a924, Permission: invoice
[2026-09-17 10:33:51] [INFO] [Invoice] Get all invoices started. hotelId=6aaa540d5c80eba3c908a921, branchId=6aaa540d5c80eba3c908a923
[2026-09-17 10:33:51] [INFO] [Invoice] Get all invoices completed. hotelId=6aaa540d5c80eba3c908a921, branchId=6aaa540d5c80eba3c908a923, count=0
[2026-09-17 10:33:51] [INFO] [Permission Verify] Allowed. User: 6aaa540e5c80eba3c908a924, Permission: invoice
[2026-09-17 10:33:51] [INFO] [Invoice] Get all invoices started. hotelId=6aaa540d5c80eba3c908a921, branchId=6aaa540d5c80eba3c908a923
[2026-09-17 10:33:51] [INFO] [Invoice] Get all invoices completed. hotelId=6aaa540d5c80eba3c908a921, branchId=6aaa540d5c80eba3c908a923, count=0
[2026-09-17 10:33:52] [INFO] [Permission Verify] Allowed. User: 6aaa540e5c80eba3c908a924, Permission: dashboard
[2026-09-17 10:33:52] [INFO] [Permission Verify] Allowed. User: 6aaa540e5c80eba3c908a924, Permission: dashboard
[2026-09-17 10:34:00] [INFO] [SUBSCRIPTION] Expiry cron triggered
[2026-09-17 10:34:00] [INFO] ==================================================
[2026-09-17 10:34:00] [INFO] SUBSCRIPTION EXPIRY CRON STARTED
[2026-09-17 10:34:00] [INFO] ==================================================
[2026-09-17 10:34:00] [INFO] [SUBSCRIPTION] Current India Date: 2026-09-17
[2026-09-17 10:34:00] [INFO] [OVERSTAY] Cron triggered
[2026-09-17 10:34:00] [INFO] ==================================================
[2026-09-17 10:34:00] [INFO] OVERSTAY CRON STARTED
[2026-09-17 10:34:00] [INFO] ==================================================
[2026-09-17 10:34:00] [INFO] [OVERSTAY] Current India Date/Time: 17/09/2026 10:34:00
[2026-09-17 10:34:00] [INFO] [OVERSTAY] Timezone: Asia/Kolkata
[2026-09-17 10:34:00] [INFO] [OVERSTAY] Staying customers found: 0
[2026-09-17 10:34:00] [INFO] ==================================================
[2026-09-17 10:34:00] [INFO] OVERSTAY CRON COMPLETED
[2026-09-17 10:34:00] [INFO] ==================================================
[2026-09-17 10:34:00] [INFO] [SUBSCRIPTION] Subscriptions found: 2
[2026-09-17 10:34:00] [INFO] [SUBSCRIPTION] mani hotel | Expiry: 2026-10-16 | Days Remaining: 29
[2026-09-17 10:34:00] [INFO] [SUBSCRIPTION] hotel 2 | Expiry: 2026-10-17 | Days Remaining: 30
[2026-09-17 10:34:00] [INFO] ==================================================
[2026-09-17 10:34:00] [INFO] SUBSCRIPTION EXPIRY CRON COMPLETED
[2026-09-17 10:34:00] [INFO] ==================================================
[2026-09-17 10:34:14] [INFO] User logged out: manikandan
[2026-09-17 10:34:31] [INFO] [LOGIN] Login request received for email: manikandan110305@gmail.com
[2026-09-17 10:34:32] [INFO] OTP sent to manikandan110305@gmail.com
[2026-09-17 10:34:32] [INFO] [LOGIN] OTP sent successfully to manikandan110305@gmail.com
[2026-09-17 10:34:40] [INFO] [LOGIN] OTP verified successfully. User: manikandan110305@gmail.com, Role: admin, Hotel: N/A, Branch: N/A
[2026-09-17 10:34:41] [INFO] Hotel registrations retrieved successfully. Total registrations: 2
[2026-09-17 10:34:41] [INFO] Hotel registrations retrieved successfully. Total registrations: 2
[2026-09-17 10:34:41] [INFO] Hotel registrations retrieved successfully. Total registrations: 2
[2026-09-17 10:34:41] [INFO] Hotel registrations retrieved successfully. Total registrations: 2
[2026-09-17 10:34:48] [INFO] Hotel registrations retrieved successfully. Total registrations: 2
[2026-09-17 10:34:49] [INFO] Hotel registrations retrieved successfully. Total registrations: 2
[2026-09-17 10:34:51] [INFO] Hotel registrations retrieved successfully. Total registrations: 2
[2026-09-17 10:34:51] [INFO] Hotel registrations retrieved successfully. Total registrations: 2
[2026-09-17 10:34:51] [INFO] Hotel registrations retrieved successfully. Total registrations: 2
[2026-09-17 10:34:52] [INFO] Hotel registrations retrieved successfully. Total registrations: 2
[2026-09-17 10:35:00] [INFO] [SUBSCRIPTION] Expiry cron triggered
[2026-09-17 10:35:00] [INFO] ==================================================
[2026-09-17 10:35:00] [INFO] SUBSCRIPTION EXPIRY CRON STARTED
[2026-09-17 10:35:00] [INFO] ==================================================
[2026-09-17 10:35:00] [INFO] [SUBSCRIPTION] Current India Date: 2026-09-17
[2026-09-17 10:35:00] [INFO] [OVERSTAY] Cron triggered
[2026-09-17 10:35:00] [INFO] ==================================================
[2026-09-17 10:35:00] [INFO] OVERSTAY CRON STARTED
[2026-09-17 10:35:00] [INFO] ==================================================
[2026-09-17 10:35:00] [INFO] [OVERSTAY] Current India Date/Time: 17/09/2026 10:35:00
[2026-09-17 10:35:00] [INFO] [OVERSTAY] Timezone: Asia/Kolkata
[2026-09-17 10:35:00] [INFO] [OVERSTAY] Staying customers found: 0
[2026-09-17 10:35:00] [INFO] ==================================================
[2026-09-17 10:35:00] [INFO] OVERSTAY CRON COMPLETED
[2026-09-17 10:35:00] [INFO] ==================================================
[2026-09-17 10:35:00] [INFO] [SUBSCRIPTION] Subscriptions found: 2
[2026-09-17 10:35:00] [INFO] [SUBSCRIPTION] mani hotel | Expiry: 2026-10-16 | Days Remaining: 29
[2026-09-17 10:35:00] [INFO] [SUBSCRIPTION] hotel 2 | Expiry: 2026-10-17 | Days Remaining: 30
[2026-09-17 10:35:00] [INFO] ==================================================
[2026-09-17 10:35:00] [INFO] SUBSCRIPTION EXPIRY CRON COMPLETED
[2026-09-17 10:35:00] [INFO] ==================================================
[2026-09-17 10:36:00] [INFO] [SUBSCRIPTION] Expiry cron triggered
[2026-09-17 10:36:00] [INFO] ==================================================
[2026-09-17 10:36:00] [INFO] SUBSCRIPTION EXPIRY CRON STARTED
[2026-09-17 10:36:00] [INFO] ==================================================
[2026-09-17 10:36:00] [INFO] [SUBSCRIPTION] Current India Date: 2026-09-17
[2026-09-17 10:36:00] [INFO] [OVERSTAY] Cron triggered
[2026-09-17 10:36:00] [INFO] ==================================================
[2026-09-17 10:36:00] [INFO] OVERSTAY CRON STARTED
[2026-09-17 10:36:00] [INFO] ==================================================
[2026-09-17 10:36:00] [INFO] [OVERSTAY] Current India Date/Time: 17/09/2026 10:36:00
[2026-09-17 10:36:00] [INFO] [OVERSTAY] Timezone: Asia/Kolkata
[2026-09-17 10:36:00] [INFO] [OVERSTAY] Staying customers found: 0
[2026-09-17 10:36:00] [INFO] ==================================================
[2026-09-17 10:36:00] [INFO] OVERSTAY CRON COMPLETED
[2026-09-17 10:36:00] [INFO] ==================================================
[2026-09-17 10:36:00] [INFO] [SUBSCRIPTION] Subscriptions found: 2
[2026-09-17 10:36:00] [INFO] [SUBSCRIPTION] mani hotel | Expiry: 2026-10-16 | Days Remaining: 29
[2026-09-17 10:36:00] [INFO] [SUBSCRIPTION] hotel 2 | Expiry: 2026-10-17 | Days Remaining: 30
[2026-09-17 10:36:00] [INFO] ==================================================
[2026-09-17 10:36:00] [INFO] SUBSCRIPTION EXPIRY CRON COMPLETED
[2026-09-17 10:36:00] [INFO] ==================================================
[2026-09-17 10:37:00] [INFO] [SUBSCRIPTION] Expiry cron triggered
[2026-09-17 10:37:00] [INFO] ==================================================
[2026-09-17 10:37:00] [INFO] SUBSCRIPTION EXPIRY CRON STARTED
[2026-09-17 10:37:00] [INFO] ==================================================
[2026-09-17 10:37:00] [INFO] [SUBSCRIPTION] Current India Date: 2026-09-17
[2026-09-17 10:37:00] [INFO] [OVERSTAY] Cron triggered
[2026-09-17 10:37:00] [INFO] ==================================================
[2026-09-17 10:37:00] [INFO] OVERSTAY CRON STARTED
[2026-09-17 10:37:00] [INFO] ==================================================
[2026-09-17 10:37:00] [INFO] [OVERSTAY] Current India Date/Time: 17/09/2026 10:37:00
[2026-09-17 10:37:00] [INFO] [OVERSTAY] Timezone: Asia/Kolkata
[2026-09-17 10:37:00] [INFO] [OVERSTAY] Staying customers found: 0
[2026-09-17 10:37:00] [INFO] ==================================================
[2026-09-17 10:37:00] [INFO] OVERSTAY CRON COMPLETED
[2026-09-17 10:37:00] [INFO] ==================================================
[2026-09-17 10:37:00] [INFO] [SUBSCRIPTION] Subscriptions found: 2
[2026-09-17 10:37:00] [INFO] [SUBSCRIPTION] mani hotel | Expiry: 2026-10-16 | Days Remaining: 29
[2026-09-17 10:37:00] [INFO] [SUBSCRIPTION] hotel 2 | Expiry: 2026-10-17 | Days Remaining: 30
[2026-09-17 10:37:00] [INFO] ==================================================
[2026-09-17 10:37:00] [INFO] SUBSCRIPTION EXPIRY CRON COMPLETED
[2026-09-17 10:37:00] [INFO] ==================================================
[2026-09-17 10:38:00] [INFO] [OVERSTAY] Cron triggered
[2026-09-17 10:38:00] [INFO] ==================================================
[2026-09-17 10:38:00] [INFO] OVERSTAY CRON STARTED
[2026-09-17 10:38:00] [INFO] ==================================================
[2026-09-17 10:38:00] [INFO] [OVERSTAY] Current India Date/Time: 17/09/2026 10:38:00
[2026-09-17 10:38:00] [INFO] [OVERSTAY] Timezone: Asia/Kolkata
[2026-09-17 10:38:00] [INFO] [SUBSCRIPTION] Expiry cron triggered
[2026-09-17 10:38:00] [INFO] ==================================================
[2026-09-17 10:38:00] [INFO] SUBSCRIPTION EXPIRY CRON STARTED
[2026-09-17 10:38:00] [INFO] ==================================================
[2026-09-17 10:38:00] [INFO] [SUBSCRIPTION] Current India Date: 2026-09-17
[2026-09-17 10:38:00] [INFO] [OVERSTAY] Staying customers found: 0
[2026-09-17 10:38:00] [INFO] ==================================================
[2026-09-17 10:38:00] [INFO] OVERSTAY CRON COMPLETED
[2026-09-17 10:38:00] [INFO] ==================================================
[2026-09-17 10:38:00] [INFO] [SUBSCRIPTION] Subscriptions found: 2
[2026-09-17 10:38:00] [INFO] [SUBSCRIPTION] mani hotel | Expiry: 2026-10-16 | Days Remaining: 29
[2026-09-17 10:38:00] [INFO] [SUBSCRIPTION] hotel 2 | Expiry: 2026-10-17 | Days Remaining: 30
[2026-09-17 10:38:00] [INFO] ==================================================
[2026-09-17 10:38:00] [INFO] SUBSCRIPTION EXPIRY CRON COMPLETED
[2026-09-17 10:38:00] [INFO] ==================================================
[2026-09-17 10:39:00] [INFO] [OVERSTAY] Cron triggered
[2026-09-17 10:39:00] [INFO] ==================================================
[2026-09-17 10:39:00] [INFO] OVERSTAY CRON STARTED
[2026-09-17 10:39:00] [INFO] ==================================================
[2026-09-17 10:39:00] [INFO] [OVERSTAY] Current India Date/Time: 17/09/2026 10:39:00
[2026-09-17 10:39:00] [INFO] [OVERSTAY] Timezone: Asia/Kolkata
[2026-09-17 10:39:00] [INFO] [SUBSCRIPTION] Expiry cron triggered
[2026-09-17 10:39:00] [INFO] ==================================================
[2026-09-17 10:39:00] [INFO] SUBSCRIPTION EXPIRY CRON STARTED
[2026-09-17 10:39:00] [INFO] ==================================================
[2026-09-17 10:39:00] [INFO] [SUBSCRIPTION] Current India Date: 2026-09-17
[2026-09-17 10:39:00] [INFO] [OVERSTAY] Staying customers found: 0
[2026-09-17 10:39:00] [INFO] ==================================================
[2026-09-17 10:39:00] [INFO] OVERSTAY CRON COMPLETED
[2026-09-17 10:39:00] [INFO] ==================================================
[2026-09-17 10:39:00] [INFO] [SUBSCRIPTION] Subscriptions found: 2
[2026-09-17 10:39:00] [INFO] [SUBSCRIPTION] mani hotel | Expiry: 2026-10-16 | Days Remaining: 29
[2026-09-17 10:39:00] [INFO] [SUBSCRIPTION] hotel 2 | Expiry: 2026-10-17 | Days Remaining: 30
[2026-09-17 10:39:00] [INFO] ==================================================
[2026-09-17 10:39:00] [INFO] SUBSCRIPTION EXPIRY CRON COMPLETED
[2026-09-17 10:39:00] [INFO] ==================================================
[2026-09-17 10:40:00] [INFO] [OVERSTAY] Cron triggered
[2026-09-17 10:40:00] [INFO] ==================================================
[2026-09-17 10:40:00] [INFO] OVERSTAY CRON STARTED
[2026-09-17 10:40:00] [INFO] ==================================================
[2026-09-17 10:40:00] [INFO] [OVERSTAY] Current India Date/Time: 17/09/2026 10:40:00
[2026-09-17 10:40:00] [INFO] [OVERSTAY] Timezone: Asia/Kolkata
[2026-09-17 10:40:00] [INFO] [SUBSCRIPTION] Expiry cron triggered
[2026-09-17 10:40:00] [INFO] ==================================================
[2026-09-17 10:40:00] [INFO] SUBSCRIPTION EXPIRY CRON STARTED
[2026-09-17 10:40:00] [INFO] ==================================================
[2026-09-17 10:40:00] [INFO] [SUBSCRIPTION] Current India Date: 2026-09-17
[2026-09-17 10:40:00] [INFO] [OVERSTAY] Staying customers found: 0
[2026-09-17 10:40:00] [INFO] ==================================================
[2026-09-17 10:40:00] [INFO] OVERSTAY CRON COMPLETED
[2026-09-17 10:40:00] [INFO] ==================================================
[2026-09-17 10:40:00] [INFO] [SUBSCRIPTION] Subscriptions found: 2
[2026-09-17 10:40:00] [INFO] [SUBSCRIPTION] mani hotel | Expiry: 2026-10-16 | Days Remaining: 29
[2026-09-17 10:40:00] [INFO] [SUBSCRIPTION] hotel 2 | Expiry: 2026-10-17 | Days Remaining: 30
[2026-09-17 10:40:00] [INFO] ==================================================
[2026-09-17 10:40:00] [INFO] SUBSCRIPTION EXPIRY CRON COMPLETED
[2026-09-17 10:40:00] [INFO] ==================================================
[2026-09-17 10:41:00] [INFO] [OVERSTAY] Cron triggered
[2026-09-17 10:41:00] [INFO] ==================================================
[2026-09-17 10:41:00] [INFO] OVERSTAY CRON STARTED
[2026-09-17 10:41:00] [INFO] ==================================================
[2026-09-17 10:41:00] [INFO] [OVERSTAY] Current India Date/Time: 17/09/2026 10:41:00
[2026-09-17 10:41:00] [INFO] [OVERSTAY] Timezone: Asia/Kolkata
[2026-09-17 10:41:00] [INFO] [SUBSCRIPTION] Expiry cron triggered
[2026-09-17 10:41:00] [INFO] ==================================================
[2026-09-17 10:41:00] [INFO] SUBSCRIPTION EXPIRY CRON STARTED
[2026-09-17 10:41:00] [INFO] ==================================================
[2026-09-17 10:41:00] [INFO] [SUBSCRIPTION] Current India Date: 2026-09-17
[2026-09-17 10:41:00] [INFO] [OVERSTAY] Staying customers found: 0
[2026-09-17 10:41:00] [INFO] ==================================================
[2026-09-17 10:41:00] [INFO] OVERSTAY CRON COMPLETED
[2026-09-17 10:41:00] [INFO] ==================================================
[2026-09-17 10:41:00] [INFO] [SUBSCRIPTION] Subscriptions found: 2
[2026-09-17 10:41:00] [INFO] [SUBSCRIPTION] mani hotel | Expiry: 2026-10-16 | Days Remaining: 29
[2026-09-17 10:41:00] [INFO] [SUBSCRIPTION] hotel 2 | Expiry: 2026-10-17 | Days Remaining: 30
[2026-09-17 10:41:00] [INFO] ==================================================
[2026-09-17 10:41:00] [INFO] SUBSCRIPTION EXPIRY CRON COMPLETED
[2026-09-17 10:41:00] [INFO] ==================================================
[2026-09-17 10:42:00] [INFO] [OVERSTAY] Cron triggered
[2026-09-17 10:42:00] [INFO] ==================================================
[2026-09-17 10:42:00] [INFO] OVERSTAY CRON STARTED
[2026-09-17 10:42:00] [INFO] ==================================================
[2026-09-17 10:42:00] [INFO] [OVERSTAY] Current India Date/Time: 17/09/2026 10:42:00
[2026-09-17 10:42:00] [INFO] [OVERSTAY] Timezone: Asia/Kolkata
[2026-09-17 10:42:00] [INFO] [SUBSCRIPTION] Expiry cron triggered
[2026-09-17 10:42:00] [INFO] ==================================================
[2026-09-17 10:42:00] [INFO] SUBSCRIPTION EXPIRY CRON STARTED
[2026-09-17 10:42:00] [INFO] ==================================================
[2026-09-17 10:42:00] [INFO] [SUBSCRIPTION] Current India Date: 2026-09-17
[2026-09-17 10:42:00] [INFO] [OVERSTAY] Staying customers found: 0
[2026-09-17 10:42:00] [INFO] ==================================================
[2026-09-17 10:42:00] [INFO] OVERSTAY CRON COMPLETED
[2026-09-17 10:42:00] [INFO] ==================================================
[2026-09-17 10:42:00] [INFO] [SUBSCRIPTION] Subscriptions found: 2
[2026-09-17 10:42:00] [INFO] [SUBSCRIPTION] mani hotel | Expiry: 2026-10-16 | Days Remaining: 29
[2026-09-17 10:42:00] [INFO] [SUBSCRIPTION] hotel 2 | Expiry: 2026-10-17 | Days Remaining: 30
[2026-09-17 10:42:00] [INFO] ==================================================
[2026-09-17 10:42:00] [INFO] SUBSCRIPTION EXPIRY CRON COMPLETED
[2026-09-17 10:42:00] [INFO] ==================================================
[2026-09-17 10:43:00] [INFO] [OVERSTAY] Cron triggered
[2026-09-17 10:43:00] [INFO] ==================================================
[2026-09-17 10:43:00] [INFO] OVERSTAY CRON STARTED
[2026-09-17 10:43:00] [INFO] ==================================================
[2026-09-17 10:43:00] [INFO] [OVERSTAY] Current India Date/Time: 17/09/2026 10:43:00
[2026-09-17 10:43:00] [INFO] [OVERSTAY] Timezone: Asia/Kolkata
[2026-09-17 10:43:00] [INFO] [SUBSCRIPTION] Expiry cron triggered
[2026-09-17 10:43:00] [INFO] ==================================================
[2026-09-17 10:43:00] [INFO] SUBSCRIPTION EXPIRY CRON STARTED
[2026-09-17 10:43:00] [INFO] ==================================================
[2026-09-17 10:43:00] [INFO] [SUBSCRIPTION] Current India Date: 2026-09-17
[2026-09-17 10:43:00] [INFO] [OVERSTAY] Staying customers found: 0
[2026-09-17 10:43:00] [INFO] ==================================================
[2026-09-17 10:43:00] [INFO] OVERSTAY CRON COMPLETED
[2026-09-17 10:43:00] [INFO] ==================================================
[2026-09-17 10:43:00] [INFO] [SUBSCRIPTION] Subscriptions found: 2
[2026-09-17 10:43:00] [INFO] [SUBSCRIPTION] mani hotel | Expiry: 2026-10-16 | Days Remaining: 29
[2026-09-17 10:43:00] [INFO] [SUBSCRIPTION] hotel 2 | Expiry: 2026-10-17 | Days Remaining: 30
[2026-09-17 10:43:00] [INFO] ==================================================
[2026-09-17 10:43:00] [INFO] SUBSCRIPTION EXPIRY CRON COMPLETED
[2026-09-17 10:43:00] [INFO] ==================================================
[2026-09-17 10:44:00] [INFO] [SUBSCRIPTION] Expiry cron triggered
[2026-09-17 10:44:00] [INFO] ==================================================
[2026-09-17 10:44:00] [INFO] SUBSCRIPTION EXPIRY CRON STARTED
[2026-09-17 10:44:00] [INFO] ==================================================
[2026-09-17 10:44:00] [INFO] [SUBSCRIPTION] Current India Date: 2026-09-17
[2026-09-17 10:44:00] [INFO] [OVERSTAY] Cron triggered
[2026-09-17 10:44:00] [INFO] ==================================================
[2026-09-17 10:44:00] [INFO] OVERSTAY CRON STARTED
[2026-09-17 10:44:00] [INFO] ==================================================
[2026-09-17 10:44:00] [INFO] [OVERSTAY] Current India Date/Time: 17/09/2026 10:44:00
[2026-09-17 10:44:00] [INFO] [OVERSTAY] Timezone: Asia/Kolkata
[2026-09-17 10:44:00] [INFO] [OVERSTAY] Staying customers found: 0
[2026-09-17 10:44:00] [INFO] ==================================================
[2026-09-17 10:44:00] [INFO] OVERSTAY CRON COMPLETED
[2026-09-17 10:44:00] [INFO] ==================================================
[2026-09-17 10:44:00] [INFO] [SUBSCRIPTION] Subscriptions found: 2
[2026-09-17 10:44:00] [INFO] [SUBSCRIPTION] mani hotel | Expiry: 2026-10-16 | Days Remaining: 29
[2026-09-17 10:44:00] [INFO] [SUBSCRIPTION] hotel 2 | Expiry: 2026-10-17 | Days Remaining: 30
[2026-09-17 10:44:00] [INFO] ==================================================
[2026-09-17 10:44:00] [INFO] SUBSCRIPTION EXPIRY CRON COMPLETED
[2026-09-17 10:44:00] [INFO] ==================================================
[2026-09-17 10:45:00] [INFO] [SUBSCRIPTION] Expiry cron triggered
[2026-09-17 10:45:00] [INFO] ==================================================
[2026-09-17 10:45:00] [INFO] SUBSCRIPTION EXPIRY CRON STARTED
[2026-09-17 10:45:00] [INFO] ==================================================
[2026-09-17 10:45:00] [INFO] [SUBSCRIPTION] Current India Date: 2026-09-17
[2026-09-17 10:45:00] [INFO] [OVERSTAY] Cron triggered
[2026-09-17 10:45:00] [INFO] ==================================================
[2026-09-17 10:45:00] [INFO] OVERSTAY CRON STARTED
[2026-09-17 10:45:00] [INFO] ==================================================
[2026-09-17 10:45:00] [INFO] [OVERSTAY] Current India Date/Time: 17/09/2026 10:45:00
[2026-09-17 10:45:00] [INFO] [OVERSTAY] Timezone: Asia/Kolkata
[2026-09-17 10:45:00] [INFO] [OVERSTAY] Staying customers found: 0
[2026-09-17 10:45:00] [INFO] ==================================================
[2026-09-17 10:45:00] [INFO] OVERSTAY CRON COMPLETED
[2026-09-17 10:45:00] [INFO] ==================================================
[2026-09-17 10:45:00] [INFO] [SUBSCRIPTION] Subscriptions found: 2
[2026-09-17 10:45:00] [INFO] [SUBSCRIPTION] mani hotel | Expiry: 2026-10-16 | Days Remaining: 29
[2026-09-17 10:45:00] [INFO] [SUBSCRIPTION] hotel 2 | Expiry: 2026-10-17 | Days Remaining: 30
[2026-09-17 10:45:00] [INFO] ==================================================
[2026-09-17 10:45:00] [INFO] SUBSCRIPTION EXPIRY CRON COMPLETED
[2026-09-17 10:45:00] [INFO] ==================================================
[2026-09-17 10:45:14] [INFO] [OVERSTAY] Overstay cron initialized successfully
[2026-09-17 10:45:14] [INFO] [OVERSTAY] Cron schedule: Every minute
[2026-09-17 10:45:14] [INFO] [OVERSTAY] Cron timezone: Asia/Kolkata
[2026-09-17 10:45:14] [INFO] ==================================================
[2026-09-17 10:45:14] [INFO] OVERSTAY CRON STARTED
[2026-09-17 10:45:14] [INFO] ==================================================
[2026-09-17 10:45:14] [INFO] [OVERSTAY] Current India Date/Time: 17/09/2026 10:45:14
[2026-09-17 10:45:14] [INFO] [OVERSTAY] Timezone: Asia/Kolkata
[2026-09-17 10:45:14] [INFO] [SUBSCRIPTION] Subscription expiry cron initialized successfully
[2026-09-17 10:45:14] [INFO] [SUBSCRIPTION] Cron schedule: Every minute
[2026-09-17 10:45:14] [INFO] [SUBSCRIPTION] Cron timezone: Asia/Kolkata
[2026-09-17 10:45:14] [INFO] ==================================================
[2026-09-17 10:45:14] [INFO] SUBSCRIPTION EXPIRY CRON STARTED
[2026-09-17 10:45:14] [INFO] ==================================================
[2026-09-17 10:45:14] [INFO] [SUBSCRIPTION] Current India Date: 2026-09-17
[2026-09-17 10:45:14] [INFO] [Logger] Running log cleanup check. Retention limit: 30 days.
[2026-09-17 10:45:14] [INFO] [Logger] Cleanup completed. No expired log files found.
[2026-09-17 10:45:14] [INFO] [Logger] Automated log cleanup scheduler started (runs every 24 hours).
[2026-09-17 10:45:14] [INFO] [Server] Server started and listening on port 5000
[2026-09-17 10:45:14] [INFO] [Database] MongoDB Connected successfully: 76.13.244.61
[2026-09-17 10:45:15] [INFO] Admin user already exists
[2026-09-17 10:45:15] [INFO] [OVERSTAY] Staying customers found: 0
[2026-09-17 10:45:15] [INFO] ==================================================
[2026-09-17 10:45:15] [INFO] OVERSTAY CRON COMPLETED
[2026-09-17 10:45:15] [INFO] ==================================================
[2026-09-17 10:45:15] [INFO] [SUBSCRIPTION] Subscriptions found: 2
[2026-09-17 10:45:15] [INFO] [SUBSCRIPTION] mani hotel | Expiry: 2026-10-16 | Days Remaining: 29
[2026-09-17 10:45:15] [INFO] [SUBSCRIPTION] hotel 2 | Expiry: 2026-10-17 | Days Remaining: 30
[2026-09-17 10:45:15] [INFO] ==================================================
[2026-09-17 10:45:15] [INFO] SUBSCRIPTION EXPIRY CRON COMPLETED
[2026-09-17 10:45:15] [INFO] ==================================================
[2026-09-17 12:42:17] [INFO] [OVERSTAY] Overstay cron initialized successfully
[2026-09-17 12:42:17] [INFO] [OVERSTAY] Cron schedule: Every minute
[2026-09-17 12:42:17] [INFO] [OVERSTAY] Cron timezone: Asia/Kolkata
[2026-09-17 12:42:17] [INFO] ==================================================
[2026-09-17 12:42:17] [INFO] OVERSTAY CRON STARTED
[2026-09-17 12:42:17] [INFO] ==================================================
[2026-09-17 12:42:17] [INFO] [OVERSTAY] Current India Date/Time: 17/09/2026 12:42:17
[2026-09-17 12:42:17] [INFO] [OVERSTAY] Timezone: Asia/Kolkata
[2026-09-17 12:42:17] [INFO] [SUBSCRIPTION] Subscription expiry cron initialized successfully
[2026-09-17 12:42:17] [INFO] [SUBSCRIPTION] Cron schedule: Every minute
[2026-09-17 12:42:17] [INFO] [SUBSCRIPTION] Cron timezone: Asia/Kolkata
[2026-09-17 12:42:17] [INFO] ==================================================
[2026-09-17 12:42:17] [INFO] SUBSCRIPTION EXPIRY CRON STARTED
[2026-09-17 12:42:17] [INFO] ==================================================
[2026-09-17 12:42:17] [INFO] [SUBSCRIPTION] Current India Date: 2026-09-17
[2026-09-17 12:42:18] [INFO] [Logger] Running log cleanup check. Retention limit: 30 days.
[2026-09-17 12:42:18] [INFO] [Logger] Cleanup completed. No expired log files found.
[2026-09-17 12:42:18] [INFO] [Logger] Automated log cleanup scheduler started (runs every 24 hours).
[2026-09-17 12:42:18] [INFO] [Server] Server started and listening on port 5000
[2026-09-17 12:42:18] [INFO] [Database] MongoDB Connected successfully: 76.13.244.61
[2026-09-17 12:42:19] [INFO] [OVERSTAY] Staying customers found: 0
[2026-09-17 12:42:19] [INFO] ==================================================
[2026-09-17 12:42:19] [INFO] OVERSTAY CRON COMPLETED
[2026-09-17 12:42:19] [INFO] ==================================================
[2026-09-17 12:42:19] [INFO] Admin user already exists
[2026-09-17 12:42:19] [INFO] [SUBSCRIPTION] Subscriptions found: 2
[2026-09-17 12:42:19] [INFO] [SUBSCRIPTION] mani hotel | Expiry: 2026-10-16 | Days Remaining: 29
[2026-09-17 12:42:19] [INFO] [SUBSCRIPTION] hotel 2 | Expiry: 2026-10-17 | Days Remaining: 30
[2026-09-17 12:42:19] [INFO] ==================================================
[2026-09-17 12:42:19] [INFO] SUBSCRIPTION EXPIRY CRON COMPLETED
[2026-09-17 12:42:19] [INFO] ==================================================
[2026-09-17 12:42:52] [INFO] Hotel registrations retrieved successfully. Total registrations: 2
[2026-09-17 12:42:52] [INFO] Hotel registrations retrieved successfully. Total registrations: 2
[2026-09-17 12:43:00] [INFO] [OVERSTAY] Cron triggered
[2026-09-17 12:43:00] [INFO] ==================================================
[2026-09-17 12:43:00] [INFO] OVERSTAY CRON STARTED
[2026-09-17 12:43:00] [INFO] ==================================================
[2026-09-17 12:43:00] [INFO] [OVERSTAY] Current India Date/Time: 17/09/2026 12:43:00
[2026-09-17 12:43:00] [INFO] [OVERSTAY] Timezone: Asia/Kolkata
[2026-09-17 12:43:00] [INFO] [SUBSCRIPTION] Expiry cron triggered
[2026-09-17 12:43:00] [INFO] ==================================================
[2026-09-17 12:43:00] [INFO] SUBSCRIPTION EXPIRY CRON STARTED
[2026-09-17 12:43:00] [INFO] ==================================================
[2026-09-17 12:43:00] [INFO] [SUBSCRIPTION] Current India Date: 2026-09-17
[2026-09-17 12:43:00] [INFO] [OVERSTAY] Staying customers found: 0
[2026-09-17 12:43:00] [INFO] ==================================================
[2026-09-17 12:43:00] [INFO] OVERSTAY CRON COMPLETED
[2026-09-17 12:43:00] [INFO] ==================================================
[2026-09-17 12:43:00] [INFO] [SUBSCRIPTION] Subscriptions found: 2
[2026-09-17 12:43:00] [INFO] [SUBSCRIPTION] mani hotel | Expiry: 2026-10-16 | Days Remaining: 29
[2026-09-17 12:43:00] [INFO] [SUBSCRIPTION] hotel 2 | Expiry: 2026-10-17 | Days Remaining: 30
[2026-09-17 12:43:00] [INFO] ==================================================
[2026-09-17 12:43:00] [INFO] SUBSCRIPTION EXPIRY CRON COMPLETED
[2026-09-17 12:43:00] [INFO] ==================================================
[2026-09-17 12:43:06] [INFO] User logged out: Manikandan
[2026-09-17 12:43:11] [INFO] [LOGIN] Login request received for email: manikandan@jayamwebsolutions.com
[2026-09-17 12:43:11] [INFO] [LOGIN] User not found in users collection. Checking BranchHotels for: manikandan@jayamwebsolutions.com
[2026-09-17 12:43:44] [INFO] [LOGIN] Login request received for email: manikandan@jayamwebsolutions.com
[2026-09-17 12:43:53] [INFO] OTP sent to manikandan@jayamwebsolutions.com
[2026-09-17 12:43:53] [INFO] [LOGIN] OTP sent successfully to manikandan@jayamwebsolutions.com
[2026-09-17 12:44:00] [INFO] [OVERSTAY] Cron triggered
[2026-09-17 12:44:00] [INFO] ==================================================
[2026-09-17 12:44:00] [INFO] OVERSTAY CRON STARTED
[2026-09-17 12:44:00] [INFO] ==================================================
[2026-09-17 12:44:00] [INFO] [OVERSTAY] Current India Date/Time: 17/09/2026 12:44:00
[2026-09-17 12:44:00] [INFO] [OVERSTAY] Timezone: Asia/Kolkata
[2026-09-17 12:44:00] [INFO] [SUBSCRIPTION] Expiry cron triggered
[2026-09-17 12:44:00] [INFO] ==================================================
[2026-09-17 12:44:00] [INFO] SUBSCRIPTION EXPIRY CRON STARTED
[2026-09-17 12:44:00] [INFO] ==================================================
[2026-09-17 12:44:00] [INFO] [SUBSCRIPTION] Current India Date: 2026-09-17
[2026-09-17 12:44:00] [INFO] [OVERSTAY] Staying customers found: 0
[2026-09-17 12:44:00] [INFO] ==================================================
[2026-09-17 12:44:00] [INFO] OVERSTAY CRON COMPLETED
[2026-09-17 12:44:00] [INFO] ==================================================
[2026-09-17 12:44:00] [INFO] [SUBSCRIPTION] Subscriptions found: 2
[2026-09-17 12:44:00] [INFO] [SUBSCRIPTION] mani hotel | Expiry: 2026-10-16 | Days Remaining: 29
[2026-09-17 12:44:00] [INFO] [SUBSCRIPTION] hotel 2 | Expiry: 2026-10-17 | Days Remaining: 30
[2026-09-17 12:44:00] [INFO] ==================================================
[2026-09-17 12:44:00] [INFO] SUBSCRIPTION EXPIRY CRON COMPLETED
[2026-09-17 12:44:00] [INFO] ==================================================
[2026-09-17 12:45:00] [INFO] [OVERSTAY] Cron triggered
[2026-09-17 12:45:00] [INFO] ==================================================
[2026-09-17 12:45:00] [INFO] OVERSTAY CRON STARTED
[2026-09-17 12:45:00] [INFO] ==================================================
[2026-09-17 12:45:00] [INFO] [OVERSTAY] Current India Date/Time: 17/09/2026 12:45:00
[2026-09-17 12:45:00] [INFO] [OVERSTAY] Timezone: Asia/Kolkata
[2026-09-17 12:45:00] [INFO] [SUBSCRIPTION] Expiry cron triggered
[2026-09-17 12:45:00] [INFO] ==================================================
[2026-09-17 12:45:00] [INFO] SUBSCRIPTION EXPIRY CRON STARTED
[2026-09-17 12:45:00] [INFO] ==================================================
[2026-09-17 12:45:00] [INFO] [SUBSCRIPTION] Current India Date: 2026-09-17
[2026-09-17 12:45:00] [INFO] [OVERSTAY] Staying customers found: 0
[2026-09-17 12:45:00] [INFO] ==================================================
[2026-09-17 12:45:00] [INFO] OVERSTAY CRON COMPLETED
[2026-09-17 12:45:00] [INFO] ==================================================
[2026-09-17 12:45:00] [INFO] [SUBSCRIPTION] Subscriptions found: 2
[2026-09-17 12:45:00] [INFO] [SUBSCRIPTION] mani hotel | Expiry: 2026-10-16 | Days Remaining: 29
[2026-09-17 12:45:00] [INFO] [SUBSCRIPTION] hotel 2 | Expiry: 2026-10-17 | Days Remaining: 30
[2026-09-17 12:45:00] [INFO] ==================================================
[2026-09-17 12:45:00] [INFO] SUBSCRIPTION EXPIRY CRON COMPLETED
[2026-09-17 12:45:00] [INFO] ==================================================
[2026-09-17 12:46:00] [INFO] [OVERSTAY] Cron triggered
[2026-09-17 12:46:00] [INFO] ==================================================
[2026-09-17 12:46:00] [INFO] OVERSTAY CRON STARTED
[2026-09-17 12:46:00] [INFO] ==================================================
[2026-09-17 12:46:00] [INFO] [OVERSTAY] Current India Date/Time: 17/09/2026 12:46:00
[2026-09-17 12:46:00] [INFO] [OVERSTAY] Timezone: Asia/Kolkata
[2026-09-17 12:46:00] [INFO] [SUBSCRIPTION] Expiry cron triggered
[2026-09-17 12:46:00] [INFO] ==================================================
[2026-09-17 12:46:00] [INFO] SUBSCRIPTION EXPIRY CRON STARTED
[2026-09-17 12:46:00] [INFO] ==================================================
[2026-09-17 12:46:00] [INFO] [SUBSCRIPTION] Current India Date: 2026-09-17
[2026-09-17 12:46:00] [INFO] [OVERSTAY] Staying customers found: 0
[2026-09-17 12:46:00] [INFO] ==================================================
[2026-09-17 12:46:00] [INFO] OVERSTAY CRON COMPLETED
[2026-09-17 12:46:00] [INFO] ==================================================
[2026-09-17 12:46:00] [INFO] [SUBSCRIPTION] Subscriptions found: 2
[2026-09-17 12:46:00] [INFO] [SUBSCRIPTION] mani hotel | Expiry: 2026-10-16 | Days Remaining: 29
[2026-09-17 12:46:00] [INFO] [SUBSCRIPTION] hotel 2 | Expiry: 2026-10-17 | Days Remaining: 30
[2026-09-17 12:46:00] [INFO] ==================================================
[2026-09-17 12:46:00] [INFO] SUBSCRIPTION EXPIRY CRON COMPLETED
[2026-09-17 12:46:00] [INFO] ==================================================
[2026-09-17 12:46:40] [INFO] [LOGIN] OTP verified successfully. User: manikandan@jayamwebsolutions.com, Role: admin, Hotel: N/A, Branch: N/A
[2026-09-17 12:46:41] [INFO] Hotel registrations retrieved successfully. Total registrations: 2
[2026-09-17 12:46:41] [INFO] Hotel registrations retrieved successfully. Total registrations: 2
[2026-09-17 12:46:41] [INFO] Hotel registrations retrieved successfully. Total registrations: 2
[2026-09-17 12:46:41] [INFO] Hotel registrations retrieved successfully. Total registrations: 2
[2026-09-17 12:47:00] [INFO] [OVERSTAY] Cron triggered
[2026-09-17 12:47:00] [INFO] ==================================================
[2026-09-17 12:47:00] [INFO] OVERSTAY CRON STARTED
[2026-09-17 12:47:00] [INFO] ==================================================
[2026-09-17 12:47:00] [INFO] [OVERSTAY] Current India Date/Time: 17/09/2026 12:47:00
[2026-09-17 12:47:00] [INFO] [OVERSTAY] Timezone: Asia/Kolkata
[2026-09-17 12:47:00] [INFO] [SUBSCRIPTION] Expiry cron triggered
[2026-09-17 12:47:00] [INFO] ==================================================
[2026-09-17 12:47:00] [INFO] SUBSCRIPTION EXPIRY CRON STARTED
[2026-09-17 12:47:00] [INFO] ==================================================
[2026-09-17 12:47:00] [INFO] [SUBSCRIPTION] Current India Date: 2026-09-17
[2026-09-17 12:47:00] [INFO] [OVERSTAY] Staying customers found: 0
[2026-09-17 12:47:00] [INFO] ==================================================
[2026-09-17 12:47:00] [INFO] OVERSTAY CRON COMPLETED
[2026-09-17 12:47:00] [INFO] ==================================================
[2026-09-17 12:47:00] [INFO] [SUBSCRIPTION] Subscriptions found: 2
[2026-09-17 12:47:00] [INFO] [SUBSCRIPTION] mani hotel | Expiry: 2026-10-16 | Days Remaining: 29
[2026-09-17 12:47:00] [INFO] [SUBSCRIPTION] hotel 2 | Expiry: 2026-10-17 | Days Remaining: 30
[2026-09-17 12:47:00] [INFO] ==================================================
[2026-09-17 12:47:00] [INFO] SUBSCRIPTION EXPIRY CRON COMPLETED
[2026-09-17 12:47:00] [INFO] ==================================================
[2026-09-17 12:47:04] [INFO] Hotel registrations retrieved successfully. Total registrations: 2
[2026-09-17 12:47:04] [INFO] Hotel registrations retrieved successfully. Total registrations: 2
[2026-09-17 12:47:09] [INFO] Hotel registrations retrieved successfully. Total registrations: 2
[2026-09-17 12:47:10] [INFO] Hotel registrations retrieved successfully. Total registrations: 2
[2026-09-17 12:47:13] [INFO] Hotel registrations retrieved successfully. Total registrations: 2
[2026-09-17 12:47:13] [INFO] Hotel registrations retrieved successfully. Total registrations: 2
[2026-09-17 12:47:43] [INFO] Hotel registrations retrieved successfully. Total registrations: 2
[2026-09-17 12:47:43] [INFO] Hotel registrations retrieved successfully. Total registrations: 2
[2026-09-17 12:48:00] [INFO] [OVERSTAY] Cron triggered
[2026-09-17 12:48:00] [INFO] ==================================================
[2026-09-17 12:48:00] [INFO] OVERSTAY CRON STARTED
[2026-09-17 12:48:00] [INFO] ==================================================
[2026-09-17 12:48:00] [INFO] [OVERSTAY] Current India Date/Time: 17/09/2026 12:48:00
[2026-09-17 12:48:00] [INFO] [OVERSTAY] Timezone: Asia/Kolkata
[2026-09-17 12:48:00] [INFO] [SUBSCRIPTION] Expiry cron triggered
[2026-09-17 12:48:00] [INFO] ==================================================
[2026-09-17 12:48:00] [INFO] SUBSCRIPTION EXPIRY CRON STARTED
[2026-09-17 12:48:00] [INFO] ==================================================
[2026-09-17 12:48:00] [INFO] [SUBSCRIPTION] Current India Date: 2026-09-17
[2026-09-17 12:48:00] [INFO] [OVERSTAY] Staying customers found: 0
[2026-09-17 12:48:00] [INFO] ==================================================
[2026-09-17 12:48:00] [INFO] OVERSTAY CRON COMPLETED
[2026-09-17 12:48:00] [INFO] ==================================================
[2026-09-17 12:48:00] [INFO] [SUBSCRIPTION] Subscriptions found: 2
[2026-09-17 12:48:00] [INFO] [SUBSCRIPTION] mani hotel | Expiry: 2026-10-16 | Days Remaining: 29
[2026-09-17 12:48:00] [INFO] [SUBSCRIPTION] hotel 2 | Expiry: 2026-10-17 | Days Remaining: 30
[2026-09-17 12:48:00] [INFO] ==================================================
[2026-09-17 12:48:00] [INFO] SUBSCRIPTION EXPIRY CRON COMPLETED
[2026-09-17 12:48:00] [INFO] ==================================================
[2026-09-17 12:49:00] [INFO] [OVERSTAY] Cron triggered
[2026-09-17 12:49:00] [INFO] ==================================================
[2026-09-17 12:49:00] [INFO] OVERSTAY CRON STARTED
[2026-09-17 12:49:00] [INFO] ==================================================
[2026-09-17 12:49:00] [INFO] [OVERSTAY] Current India Date/Time: 17/09/2026 12:49:00
[2026-09-17 12:49:00] [INFO] [OVERSTAY] Timezone: Asia/Kolkata
[2026-09-17 12:49:00] [INFO] [SUBSCRIPTION] Expiry cron triggered
[2026-09-17 12:49:00] [INFO] ==================================================
[2026-09-17 12:49:00] [INFO] SUBSCRIPTION EXPIRY CRON STARTED
[2026-09-17 12:49:00] [INFO] ==================================================
[2026-09-17 12:49:00] [INFO] [SUBSCRIPTION] Current India Date: 2026-09-17
[2026-09-17 12:49:00] [INFO] [OVERSTAY] Staying customers found: 0
[2026-09-17 12:49:00] [INFO] ==================================================
[2026-09-17 12:49:00] [INFO] OVERSTAY CRON COMPLETED
[2026-09-17 12:49:00] [INFO] ==================================================
[2026-09-17 12:49:00] [INFO] [SUBSCRIPTION] Subscriptions found: 2
[2026-09-17 12:49:00] [INFO] [SUBSCRIPTION] mani hotel | Expiry: 2026-10-16 | Days Remaining: 29
[2026-09-17 12:49:00] [INFO] [SUBSCRIPTION] hotel 2 | Expiry: 2026-10-17 | Days Remaining: 30
[2026-09-17 12:49:00] [INFO] ==================================================
[2026-09-17 12:49:00] [INFO] SUBSCRIPTION EXPIRY CRON COMPLETED
[2026-09-17 12:49:00] [INFO] ==================================================
[2026-09-17 12:50:00] [INFO] [OVERSTAY] Cron triggered
[2026-09-17 12:50:00] [INFO] ==================================================
[2026-09-17 12:50:00] [INFO] OVERSTAY CRON STARTED
[2026-09-17 12:50:00] [INFO] ==================================================
[2026-09-17 12:50:00] [INFO] [OVERSTAY] Current India Date/Time: 17/09/2026 12:50:00
[2026-09-17 12:50:00] [INFO] [OVERSTAY] Timezone: Asia/Kolkata
[2026-09-17 12:50:00] [INFO] [SUBSCRIPTION] Expiry cron triggered
[2026-09-17 12:50:00] [INFO] ==================================================
[2026-09-17 12:50:00] [INFO] SUBSCRIPTION EXPIRY CRON STARTED
[2026-09-17 12:50:00] [INFO] ==================================================
[2026-09-17 12:50:00] [INFO] [SUBSCRIPTION] Current India Date: 2026-09-17
[2026-09-17 12:50:00] [INFO] [OVERSTAY] Staying customers found: 0
[2026-09-17 12:50:00] [INFO] ==================================================
[2026-09-17 12:50:00] [INFO] OVERSTAY CRON COMPLETED
[2026-09-17 12:50:00] [INFO] ==================================================
[2026-09-17 12:50:00] [INFO] [SUBSCRIPTION] Subscriptions found: 2
[2026-09-17 12:50:00] [INFO] [SUBSCRIPTION] mani hotel | Expiry: 2026-10-16 | Days Remaining: 29
[2026-09-17 12:50:00] [INFO] [SUBSCRIPTION] hotel 2 | Expiry: 2026-10-17 | Days Remaining: 30
[2026-09-17 12:50:00] [INFO] ==================================================
[2026-09-17 12:50:00] [INFO] SUBSCRIPTION EXPIRY CRON COMPLETED
[2026-09-17 12:50:00] [INFO] ==================================================
[2026-09-17 12:51:00] [INFO] [SUBSCRIPTION] Expiry cron triggered
[2026-09-17 12:51:00] [INFO] ==================================================
[2026-09-17 12:51:00] [INFO] SUBSCRIPTION EXPIRY CRON STARTED
[2026-09-17 12:51:00] [INFO] ==================================================
[2026-09-17 12:51:00] [INFO] [SUBSCRIPTION] Current India Date: 2026-09-17
[2026-09-17 12:51:00] [INFO] [OVERSTAY] Cron triggered
[2026-09-17 12:51:00] [INFO] ==================================================
[2026-09-17 12:51:00] [INFO] OVERSTAY CRON STARTED
[2026-09-17 12:51:00] [INFO] ==================================================
[2026-09-17 12:51:00] [INFO] [OVERSTAY] Current India Date/Time: 17/09/2026 12:51:00
[2026-09-17 12:51:00] [INFO] [OVERSTAY] Timezone: Asia/Kolkata
[2026-09-17 12:51:00] [INFO] [OVERSTAY] Staying customers found: 0
[2026-09-17 12:51:00] [INFO] ==================================================
[2026-09-17 12:51:00] [INFO] OVERSTAY CRON COMPLETED
[2026-09-17 12:51:00] [INFO] ==================================================
[2026-09-17 12:51:00] [INFO] [SUBSCRIPTION] Subscriptions found: 2
[2026-09-17 12:51:00] [INFO] [SUBSCRIPTION] mani hotel | Expiry: 2026-10-16 | Days Remaining: 29
[2026-09-17 12:51:00] [INFO] [SUBSCRIPTION] hotel 2 | Expiry: 2026-10-17 | Days Remaining: 30
[2026-09-17 12:51:00] [INFO] ==================================================
[2026-09-17 12:51:00] [INFO] SUBSCRIPTION EXPIRY CRON COMPLETED
[2026-09-17 12:51:00] [INFO] ==================================================
[2026-09-17 12:52:00] [INFO] [SUBSCRIPTION] Expiry cron triggered
[2026-09-17 12:52:00] [INFO] ==================================================
[2026-09-17 12:52:00] [INFO] SUBSCRIPTION EXPIRY CRON STARTED
[2026-09-17 12:52:00] [INFO] ==================================================
[2026-09-17 12:52:00] [INFO] [SUBSCRIPTION] Current India Date: 2026-09-17
[2026-09-17 12:52:00] [INFO] [OVERSTAY] Cron triggered
[2026-09-17 12:52:00] [INFO] ==================================================
[2026-09-17 12:52:00] [INFO] OVERSTAY CRON STARTED
[2026-09-17 12:52:00] [INFO] ==================================================
[2026-09-17 12:52:00] [INFO] [OVERSTAY] Current India Date/Time: 17/09/2026 12:52:00
[2026-09-17 12:52:00] [INFO] [OVERSTAY] Timezone: Asia/Kolkata
[2026-09-17 12:52:00] [INFO] [OVERSTAY] Staying customers found: 0
[2026-09-17 12:52:00] [INFO] ==================================================
[2026-09-17 12:52:00] [INFO] OVERSTAY CRON COMPLETED
[2026-09-17 12:52:00] [INFO] ==================================================
[2026-09-17 12:52:00] [INFO] [SUBSCRIPTION] Subscriptions found: 2
[2026-09-17 12:52:00] [INFO] [SUBSCRIPTION] mani hotel | Expiry: 2026-10-16 | Days Remaining: 29
[2026-09-17 12:52:00] [INFO] [SUBSCRIPTION] hotel 2 | Expiry: 2026-10-17 | Days Remaining: 30
[2026-09-17 12:52:00] [INFO] ==================================================
[2026-09-17 12:52:00] [INFO] SUBSCRIPTION EXPIRY CRON COMPLETED
[2026-09-17 12:52:00] [INFO] ==================================================
[2026-09-17 12:53:00] [INFO] [OVERSTAY] Cron triggered
[2026-09-17 12:53:00] [INFO] ==================================================
[2026-09-17 12:53:00] [INFO] OVERSTAY CRON STARTED
[2026-09-17 12:53:00] [INFO] ==================================================
[2026-09-17 12:53:00] [INFO] [OVERSTAY] Current India Date/Time: 17/09/2026 12:53:00
[2026-09-17 12:53:00] [INFO] [OVERSTAY] Timezone: Asia/Kolkata
[2026-09-17 12:53:00] [INFO] [SUBSCRIPTION] Expiry cron triggered
[2026-09-17 12:53:00] [INFO] ==================================================
[2026-09-17 12:53:00] [INFO] SUBSCRIPTION EXPIRY CRON STARTED
[2026-09-17 12:53:00] [INFO] ==================================================
[2026-09-17 12:53:00] [INFO] [SUBSCRIPTION] Current India Date: 2026-09-17
[2026-09-17 12:53:00] [INFO] [OVERSTAY] Staying customers found: 0
[2026-09-17 12:53:00] [INFO] ==================================================
[2026-09-17 12:53:00] [INFO] OVERSTAY CRON COMPLETED
[2026-09-17 12:53:00] [INFO] ==================================================
[2026-09-17 12:53:00] [INFO] [SUBSCRIPTION] Subscriptions found: 2
[2026-09-17 12:53:00] [INFO] [SUBSCRIPTION] mani hotel | Expiry: 2026-10-16 | Days Remaining: 29
[2026-09-17 12:53:00] [INFO] [SUBSCRIPTION] hotel 2 | Expiry: 2026-10-17 | Days Remaining: 30
[2026-09-17 12:53:00] [INFO] ==================================================
[2026-09-17 12:53:00] [INFO] SUBSCRIPTION EXPIRY CRON COMPLETED
[2026-09-17 12:53:00] [INFO] ==================================================
[2026-09-17 12:53:00] [INFO] Hotel registrations retrieved successfully. Total registrations: 2
[2026-09-17 12:53:00] [INFO] Hotel registrations retrieved successfully. Total registrations: 2
[2026-09-17 12:53:01] [INFO] Hotel registrations retrieved successfully. Total registrations: 2
[2026-09-17 12:53:01] [INFO] Hotel registrations retrieved successfully. Total registrations: 2
[2026-09-17 12:53:15] [INFO] SaaS notification marked as read: 6aaae095c8c8cbb9a8630ed3
[2026-09-17 12:53:40] [INFO] Hotel registrations retrieved successfully. Total registrations: 2
[2026-09-17 12:53:40] [INFO] Hotel registrations retrieved successfully. Total registrations: 2
[2026-09-17 12:53:50] [INFO] Hotel registrations retrieved successfully. Total registrations: 2
[2026-09-17 12:53:50] [INFO] Hotel registrations retrieved successfully. Total registrations: 2
[2026-09-17 12:53:53] [INFO] Hotel registrations retrieved successfully. Total registrations: 2
[2026-09-17 12:53:53] [INFO] Hotel registrations retrieved successfully. Total registrations: 2
[2026-09-17 12:54:00] [INFO] [OVERSTAY] Cron triggered
[2026-09-17 12:54:00] [INFO] ==================================================
[2026-09-17 12:54:00] [INFO] OVERSTAY CRON STARTED
[2026-09-17 12:54:00] [INFO] ==================================================
[2026-09-17 12:54:00] [INFO] [OVERSTAY] Current India Date/Time: 17/09/2026 12:54:00
[2026-09-17 12:54:00] [INFO] [OVERSTAY] Timezone: Asia/Kolkata
[2026-09-17 12:54:00] [INFO] [SUBSCRIPTION] Expiry cron triggered
[2026-09-17 12:54:00] [INFO] ==================================================
[2026-09-17 12:54:00] [INFO] SUBSCRIPTION EXPIRY CRON STARTED
[2026-09-17 12:54:00] [INFO] ==================================================
[2026-09-17 12:54:00] [INFO] [SUBSCRIPTION] Current India Date: 2026-09-17
[2026-09-17 12:54:00] [INFO] [OVERSTAY] Staying customers found: 0
[2026-09-17 12:54:00] [INFO] ==================================================
[2026-09-17 12:54:00] [INFO] OVERSTAY CRON COMPLETED
[2026-09-17 12:54:00] [INFO] ==================================================
[2026-09-17 12:54:00] [INFO] [SUBSCRIPTION] Subscriptions found: 2
[2026-09-17 12:54:00] [INFO] [SUBSCRIPTION] mani hotel | Expiry: 2026-10-16 | Days Remaining: 29
[2026-09-17 12:54:00] [INFO] [SUBSCRIPTION] hotel 2 | Expiry: 2026-10-17 | Days Remaining: 30
[2026-09-17 12:54:00] [INFO] ==================================================
[2026-09-17 12:54:00] [INFO] SUBSCRIPTION EXPIRY CRON COMPLETED
[2026-09-17 12:54:00] [INFO] ==================================================
[2026-09-17 12:54:44] [INFO] Hotel registrations retrieved successfully. Total registrations: 2
[2026-09-17 12:54:44] [INFO] Hotel registrations retrieved successfully. Total registrations: 2
[2026-09-17 12:54:46] [INFO] User logged out: Manikandan
[2026-09-17 12:55:00] [INFO] [OVERSTAY] Cron triggered
[2026-09-17 12:55:00] [INFO] ==================================================
[2026-09-17 12:55:00] [INFO] OVERSTAY CRON STARTED
[2026-09-17 12:55:00] [INFO] ==================================================
[2026-09-17 12:55:00] [INFO] [OVERSTAY] Current India Date/Time: 17/09/2026 12:55:00
[2026-09-17 12:55:00] [INFO] [OVERSTAY] Timezone: Asia/Kolkata
[2026-09-17 12:55:00] [INFO] [SUBSCRIPTION] Expiry cron triggered
[2026-09-17 12:55:00] [INFO] ==================================================
[2026-09-17 12:55:00] [INFO] SUBSCRIPTION EXPIRY CRON STARTED
[2026-09-17 12:55:00] [INFO] ==================================================
[2026-09-17 12:55:00] [INFO] [SUBSCRIPTION] Current India Date: 2026-09-17
[2026-09-17 12:55:00] [INFO] [OVERSTAY] Staying customers found: 0
[2026-09-17 12:55:00] [INFO] ==================================================
[2026-09-17 12:55:00] [INFO] OVERSTAY CRON COMPLETED
[2026-09-17 12:55:00] [INFO] ==================================================
[2026-09-17 12:55:00] [INFO] [SUBSCRIPTION] Subscriptions found: 2
[2026-09-17 12:55:00] [INFO] [SUBSCRIPTION] mani hotel | Expiry: 2026-10-16 | Days Remaining: 29
[2026-09-17 12:55:00] [INFO] [SUBSCRIPTION] hotel 2 | Expiry: 2026-10-17 | Days Remaining: 30
[2026-09-17 12:55:00] [INFO] ==================================================
[2026-09-17 12:55:00] [INFO] SUBSCRIPTION EXPIRY CRON COMPLETED
[2026-09-17 12:55:00] [INFO] ==================================================
[2026-09-17 12:55:22] [INFO] [Auth Verify] Authentication token not found
[2026-09-17 12:55:22] [INFO] [Auth Verify] Authentication token not found
[2026-09-17 12:55:39] [INFO] [LOGIN] Login request received for email: sivabranchreceptionist@gmail.com
[2026-09-17 12:55:42] [INFO] OTP sent to sivabranchreceptionist@gmail.com
[2026-09-17 12:55:42] [INFO] [LOGIN] OTP sent successfully to sivabranchreceptionist@gmail.com
[2026-09-17 12:55:48] [INFO] [LOGIN] OTP verified successfully. User: sivabranchreceptionist@gmail.com, Role: receptionist, Hotel: 6aaae0bcc8c8cbb9a8630ed4, Branch: 6aaae1bdc8c8cbb9a8630ee3
[2026-09-17 12:55:48] [INFO] [Permission Verify] Allowed. User: 6aaae3a8c8c8cbb9a8630ef0, Permission: dashboard
[2026-09-17 12:55:48] [INFO] [Permission Verify] Allowed. User: 6aaae3a8c8c8cbb9a8630ef0, Permission: dashboard
[2026-09-17 12:55:48] [INFO] [Permission Verify] Allowed. User: 6aaae3a8c8c8cbb9a8630ef0, Permission: dashboard
[2026-09-17 12:55:48] [INFO] [Permission Verify] Allowed. User: 6aaae3a8c8c8cbb9a8630ef0, Permission: dashboard
[2026-09-17 12:55:53] [INFO] INFO
[2026-09-17 12:55:53] [INFO] INFO
[2026-09-17 12:55:55] [INFO] [Permission Verify] Allowed. User: 6aaae3a8c8c8cbb9a8630ef0, Permission: serviceManagement
[2026-09-17 12:55:55] [INFO] INFO
[2026-09-17 12:55:55] [INFO] [Permission Verify] Allowed. User: 6aaae3a8c8c8cbb9a8630ef0, Permission: serviceManagement
[2026-09-17 12:55:55] [INFO] INFO
[2026-09-17 12:55:56] [INFO] INFO
[2026-09-17 12:55:57] [INFO] INFO
[2026-09-17 12:55:59] [INFO] [Permission Verify] Allowed. User: 6aaae3a8c8c8cbb9a8630ef0, Permission: serviceManagement
[2026-09-17 12:55:59] [INFO] INFO
[2026-09-17 12:55:59] [INFO] [Permission Verify] Allowed. User: 6aaae3a8c8c8cbb9a8630ef0, Permission: serviceManagement
[2026-09-17 12:55:59] [INFO] INFO
[2026-09-17 12:56:00] [INFO] [OVERSTAY] Cron triggered
[2026-09-17 12:56:00] [INFO] ==================================================
[2026-09-17 12:56:00] [INFO] OVERSTAY CRON STARTED
[2026-09-17 12:56:00] [INFO] ==================================================
[2026-09-17 12:56:00] [INFO] [OVERSTAY] Current India Date/Time: 17/09/2026 12:56:00
[2026-09-17 12:56:00] [INFO] [OVERSTAY] Timezone: Asia/Kolkata
[2026-09-17 12:56:00] [INFO] [SUBSCRIPTION] Expiry cron triggered
[2026-09-17 12:56:00] [INFO] ==================================================
[2026-09-17 12:56:00] [INFO] SUBSCRIPTION EXPIRY CRON STARTED
[2026-09-17 12:56:00] [INFO] ==================================================
[2026-09-17 12:56:00] [INFO] [SUBSCRIPTION] Current India Date: 2026-09-17
[2026-09-17 12:56:00] [INFO] [Permission Verify] Allowed. User: 6aaae3a8c8c8cbb9a8630ef0, Permission: settings
[2026-09-17 12:56:00] [INFO] [Settings] GET started. userId=6aaae3a8c8c8cbb9a8630ef0
[2026-09-17 12:56:00] [INFO] [Settings] Tenant resolved. hotelId=6aaae0bcc8c8cbb9a8630ed4, branchId=6aaae1bdc8c8cbb9a8630ee3
[2026-09-17 12:56:00] [INFO] [Settings] Verifying branch ownership. hotelId=6aaae0bcc8c8cbb9a8630ed4, branchId=6aaae1bdc8c8cbb9a8630ee3
[2026-09-17 12:56:00] [INFO] [OVERSTAY] Staying customers found: 0
[2026-09-17 12:56:00] [INFO] ==================================================
[2026-09-17 12:56:00] [INFO] OVERSTAY CRON COMPLETED
[2026-09-17 12:56:00] [INFO] ==================================================
[2026-09-17 12:56:00] [INFO] [Settings] Searching settings. hotelId=6aaae0bcc8c8cbb9a8630ed4, branchId=6aaae1bdc8c8cbb9a8630ee3
[2026-09-17 12:56:00] [INFO] [SUBSCRIPTION] Subscriptions found: 2
[2026-09-17 12:56:00] [INFO] [Settings] No exact settings found. Checking legacy settings. hotelId=6aaae0bcc8c8cbb9a8630ed4, branchId=6aaae1bdc8c8cbb9a8630ee3
[2026-09-17 12:56:00] [INFO] [SUBSCRIPTION] mani hotel | Expiry: 2026-10-16 | Days Remaining: 29
[2026-09-17 12:56:00] [INFO] [Settings] No settings configured for branch. hotelId=6aaae0bcc8c8cbb9a8630ed4, branchId=6aaae1bdc8c8cbb9a8630ee3
[2026-09-17 12:56:00] [INFO] [SUBSCRIPTION] hotel 2 | Expiry: 2026-10-17 | Days Remaining: 30
[2026-09-17 12:56:00] [INFO] ==================================================
[2026-09-17 12:56:00] [INFO] SUBSCRIPTION EXPIRY CRON COMPLETED
[2026-09-17 12:56:00] [INFO] ==================================================
[2026-09-17 12:56:00] [INFO] [Permission Verify] Allowed. User: 6aaae3a8c8c8cbb9a8630ef0, Permission: settings
[2026-09-17 12:56:00] [INFO] [Settings] GET started. userId=6aaae3a8c8c8cbb9a8630ef0
[2026-09-17 12:56:00] [INFO] [Settings] Tenant resolved. hotelId=6aaae0bcc8c8cbb9a8630ed4, branchId=6aaae1bdc8c8cbb9a8630ee3
[2026-09-17 12:56:00] [INFO] [Settings] Verifying branch ownership. hotelId=6aaae0bcc8c8cbb9a8630ed4, branchId=6aaae1bdc8c8cbb9a8630ee3
[2026-09-17 12:56:00] [INFO] [Settings] Searching settings. hotelId=6aaae0bcc8c8cbb9a8630ed4, branchId=6aaae1bdc8c8cbb9a8630ee3
[2026-09-17 12:56:00] [INFO] [Settings] No exact settings found. Checking legacy settings. hotelId=6aaae0bcc8c8cbb9a8630ed4, branchId=6aaae1bdc8c8cbb9a8630ee3
[2026-09-17 12:56:00] [INFO] [Settings] No settings configured for branch. hotelId=6aaae0bcc8c8cbb9a8630ed4, branchId=6aaae1bdc8c8cbb9a8630ee3
[2026-09-17 12:56:01] [INFO] [Permission Verify] Allowed. User: 6aaae3a8c8c8cbb9a8630ef0, Permission: serviceManagement
[2026-09-17 12:56:01] [INFO] INFO
[2026-09-17 12:56:01] [INFO] [Permission Verify] Allowed. User: 6aaae3a8c8c8cbb9a8630ef0, Permission: serviceManagement
[2026-09-17 12:56:01] [INFO] INFO
[2026-09-17 12:56:01] [INFO] INFO
[2026-09-17 12:56:02] [INFO] INFO
[2026-09-17 12:56:03] [INFO] [Permission Verify] Allowed. User: 6aaae3a8c8c8cbb9a8630ef0, Permission: dashboard
[2026-09-17 12:56:03] [INFO] [Permission Verify] Allowed. User: 6aaae3a8c8c8cbb9a8630ef0, Permission: dashboard
[2026-09-17 12:56:05] [INFO] INFO
[2026-09-17 12:56:05] [INFO] INFO
[2026-09-17 12:56:06] [INFO] INFO
[2026-09-17 12:56:06] [INFO] INFO
[2026-09-17 12:56:06] [INFO] [CUSTOMER] Fetched all customers | Hotel: 6aaae0bcc8c8cbb9a8630ed4 | Branch: 6aaae1bdc8c8cbb9a8630ee3 | Count: 1
[2026-09-17 12:56:06] [INFO] [CUSTOMER] Fetched all customers | Hotel: 6aaae0bcc8c8cbb9a8630ed4 | Branch: 6aaae1bdc8c8cbb9a8630ee3 | Count: 1
[2026-09-17 12:56:08] [INFO] [Permission Verify] Allowed. User: 6aaae3a8c8c8cbb9a8630ef0, Permission: roomsBooking
[2026-09-17 12:56:08] [INFO] [Booking] Get active bookings started. hotelId=6aaae0bcc8c8cbb9a8630ed4, branchId=6aaae1bdc8c8cbb9a8630ee3
[2026-09-17 12:56:08] [INFO] [Booking] Active bookings retrieved. hotelId=6aaae0bcc8c8cbb9a8630ed4, branchId=6aaae1bdc8c8cbb9a8630ee3, count=1
[2026-09-17 12:56:08] [INFO] [Permission Verify] Allowed. User: 6aaae3a8c8c8cbb9a8630ef0, Permission: roomsBooking
[2026-09-17 12:56:08] [INFO] [Booking] Get active bookings started. hotelId=6aaae0bcc8c8cbb9a8630ed4, branchId=6aaae1bdc8c8cbb9a8630ee3
[2026-09-17 12:56:08] [INFO] [Booking] Active bookings retrieved. hotelId=6aaae0bcc8c8cbb9a8630ed4, branchId=6aaae1bdc8c8cbb9a8630ee3, count=1
[2026-09-17 12:56:11] [INFO] [Permission Verify] Allowed. User: 6aaae3a8c8c8cbb9a8630ef0, Permission: settings
[2026-09-17 12:56:11] [INFO] [Settings] GET started. userId=6aaae3a8c8c8cbb9a8630ef0
[2026-09-17 12:56:11] [INFO] [Settings] Tenant resolved. hotelId=6aaae0bcc8c8cbb9a8630ed4, branchId=6aaae1bdc8c8cbb9a8630ee3
[2026-09-17 12:56:11] [INFO] [Settings] Verifying branch ownership. hotelId=6aaae0bcc8c8cbb9a8630ed4, branchId=6aaae1bdc8c8cbb9a8630ee3
[2026-09-17 12:56:11] [INFO] [Settings] Searching settings. hotelId=6aaae0bcc8c8cbb9a8630ed4, branchId=6aaae1bdc8c8cbb9a8630ee3
[2026-09-17 12:56:11] [INFO] [Settings] No exact settings found. Checking legacy settings. hotelId=6aaae0bcc8c8cbb9a8630ed4, branchId=6aaae1bdc8c8cbb9a8630ee3
[2026-09-17 12:56:11] [INFO] [Settings] No settings configured for branch. hotelId=6aaae0bcc8c8cbb9a8630ed4, branchId=6aaae1bdc8c8cbb9a8630ee3
[2026-09-17 12:56:11] [INFO] [Permission Verify] Allowed. User: 6aaae3a8c8c8cbb9a8630ef0, Permission: settings
[2026-09-17 12:56:11] [INFO] [Settings] GET started. userId=6aaae3a8c8c8cbb9a8630ef0
[2026-09-17 12:56:11] [INFO] [Settings] Tenant resolved. hotelId=6aaae0bcc8c8cbb9a8630ed4, branchId=6aaae1bdc8c8cbb9a8630ee3
[2026-09-17 12:56:11] [INFO] [Settings] Verifying branch ownership. hotelId=6aaae0bcc8c8cbb9a8630ed4, branchId=6aaae1bdc8c8cbb9a8630ee3
[2026-09-17 12:56:11] [INFO] [Settings] Searching settings. hotelId=6aaae0bcc8c8cbb9a8630ed4, branchId=6aaae1bdc8c8cbb9a8630ee3
[2026-09-17 12:56:11] [INFO] [Settings] No exact settings found. Checking legacy settings. hotelId=6aaae0bcc8c8cbb9a8630ed4, branchId=6aaae1bdc8c8cbb9a8630ee3
[2026-09-17 12:56:11] [INFO] [Settings] No settings configured for branch. hotelId=6aaae0bcc8c8cbb9a8630ed4, branchId=6aaae1bdc8c8cbb9a8630ee3
[2026-09-17 12:57:00] [INFO] [OVERSTAY] Cron triggered
[2026-09-17 12:57:00] [INFO] ==================================================
[2026-09-17 12:57:00] [INFO] OVERSTAY CRON STARTED
[2026-09-17 12:57:00] [INFO] ==================================================
[2026-09-17 12:57:00] [INFO] [OVERSTAY] Current India Date/Time: 17/09/2026 12:57:00
[2026-09-17 12:57:00] [INFO] [OVERSTAY] Timezone: Asia/Kolkata
[2026-09-17 12:57:00] [INFO] [SUBSCRIPTION] Expiry cron triggered
[2026-09-17 12:57:00] [INFO] ==================================================
[2026-09-17 12:57:00] [INFO] SUBSCRIPTION EXPIRY CRON STARTED
[2026-09-17 12:57:00] [INFO] ==================================================
[2026-09-17 12:57:00] [INFO] [SUBSCRIPTION] Current India Date: 2026-09-17
[2026-09-17 12:57:00] [INFO] [OVERSTAY] Staying customers found: 0
[2026-09-17 12:57:00] [INFO] ==================================================
[2026-09-17 12:57:00] [INFO] OVERSTAY CRON COMPLETED
[2026-09-17 12:57:00] [INFO] ==================================================
[2026-09-17 12:57:00] [INFO] [SUBSCRIPTION] Subscriptions found: 2
[2026-09-17 12:57:00] [INFO] [SUBSCRIPTION] mani hotel | Expiry: 2026-10-16 | Days Remaining: 29
[2026-09-17 12:57:00] [INFO] [SUBSCRIPTION] hotel 2 | Expiry: 2026-10-17 | Days Remaining: 30
[2026-09-17 12:57:00] [INFO] ==================================================
[2026-09-17 12:57:00] [INFO] SUBSCRIPTION EXPIRY CRON COMPLETED
[2026-09-17 12:57:00] [INFO] ==================================================
[2026-09-17 12:58:00] [INFO] [OVERSTAY] Cron triggered
[2026-09-17 12:58:00] [INFO] ==================================================
[2026-09-17 12:58:00] [INFO] OVERSTAY CRON STARTED
[2026-09-17 12:58:00] [INFO] ==================================================
[2026-09-17 12:58:00] [INFO] [OVERSTAY] Current India Date/Time: 17/09/2026 12:58:00
[2026-09-17 12:58:00] [INFO] [OVERSTAY] Timezone: Asia/Kolkata
[2026-09-17 12:58:00] [INFO] [SUBSCRIPTION] Expiry cron triggered
[2026-09-17 12:58:00] [INFO] ==================================================
[2026-09-17 12:58:00] [INFO] SUBSCRIPTION EXPIRY CRON STARTED
[2026-09-17 12:58:00] [INFO] ==================================================
[2026-09-17 12:58:00] [INFO] [SUBSCRIPTION] Current India Date: 2026-09-17
[2026-09-17 12:58:00] [INFO] [OVERSTAY] Staying customers found: 0
[2026-09-17 12:58:00] [INFO] ==================================================
[2026-09-17 12:58:00] [INFO] OVERSTAY CRON COMPLETED
[2026-09-17 12:58:00] [INFO] ==================================================
[2026-09-17 12:58:00] [INFO] [SUBSCRIPTION] Subscriptions found: 2
[2026-09-17 12:58:00] [INFO] [SUBSCRIPTION] mani hotel | Expiry: 2026-10-16 | Days Remaining: 29
[2026-09-17 12:58:00] [INFO] [SUBSCRIPTION] hotel 2 | Expiry: 2026-10-17 | Days Remaining: 30
[2026-09-17 12:58:00] [INFO] ==================================================
[2026-09-17 12:58:00] [INFO] SUBSCRIPTION EXPIRY CRON COMPLETED
[2026-09-17 12:58:00] [INFO] ==================================================
[2026-09-17 12:59:00] [INFO] [SUBSCRIPTION] Expiry cron triggered
[2026-09-17 12:59:00] [INFO] ==================================================
[2026-09-17 12:59:00] [INFO] SUBSCRIPTION EXPIRY CRON STARTED
[2026-09-17 12:59:00] [INFO] ==================================================
[2026-09-17 12:59:00] [INFO] [SUBSCRIPTION] Current India Date: 2026-09-17
[2026-09-17 12:59:00] [INFO] [OVERSTAY] Cron triggered
[2026-09-17 12:59:00] [INFO] ==================================================
[2026-09-17 12:59:00] [INFO] OVERSTAY CRON STARTED
[2026-09-17 12:59:00] [INFO] ==================================================
[2026-09-17 12:59:00] [INFO] [OVERSTAY] Current India Date/Time: 17/09/2026 12:59:00
[2026-09-17 12:59:00] [INFO] [OVERSTAY] Timezone: Asia/Kolkata
[2026-09-17 12:59:00] [INFO] [OVERSTAY] Staying customers found: 0
[2026-09-17 12:59:00] [INFO] ==================================================
[2026-09-17 12:59:00] [INFO] OVERSTAY CRON COMPLETED
[2026-09-17 12:59:00] [INFO] ==================================================
[2026-09-17 12:59:00] [INFO] [SUBSCRIPTION] Subscriptions found: 2
[2026-09-17 12:59:00] [INFO] [SUBSCRIPTION] mani hotel | Expiry: 2026-10-16 | Days Remaining: 29
[2026-09-17 12:59:00] [INFO] [SUBSCRIPTION] hotel 2 | Expiry: 2026-10-17 | Days Remaining: 30
[2026-09-17 12:59:00] [INFO] ==================================================
[2026-09-17 12:59:00] [INFO] SUBSCRIPTION EXPIRY CRON COMPLETED
[2026-09-17 12:59:00] [INFO] ==================================================
[2026-09-17 13:00:00] [INFO] [OVERSTAY] Cron triggered
[2026-09-17 13:00:00] [INFO] ==================================================
[2026-09-17 13:00:00] [INFO] OVERSTAY CRON STARTED
[2026-09-17 13:00:00] [INFO] ==================================================
[2026-09-17 13:00:00] [INFO] [OVERSTAY] Current India Date/Time: 17/09/2026 13:00:00
[2026-09-17 13:00:00] [INFO] [OVERSTAY] Timezone: Asia/Kolkata
[2026-09-17 13:00:00] [INFO] [SUBSCRIPTION] Expiry cron triggered
[2026-09-17 13:00:00] [INFO] ==================================================
[2026-09-17 13:00:00] [INFO] SUBSCRIPTION EXPIRY CRON STARTED
[2026-09-17 13:00:00] [INFO] ==================================================
[2026-09-17 13:00:00] [INFO] [SUBSCRIPTION] Current India Date: 2026-09-17
[2026-09-17 13:00:00] [INFO] [OVERSTAY] Staying customers found: 0
[2026-09-17 13:00:00] [INFO] ==================================================
[2026-09-17 13:00:00] [INFO] OVERSTAY CRON COMPLETED
[2026-09-17 13:00:00] [INFO] ==================================================
[2026-09-17 13:00:00] [INFO] [SUBSCRIPTION] Subscriptions found: 2
[2026-09-17 13:00:00] [INFO] [SUBSCRIPTION] mani hotel | Expiry: 2026-10-16 | Days Remaining: 29
[2026-09-17 13:00:00] [INFO] [SUBSCRIPTION] hotel 2 | Expiry: 2026-10-17 | Days Remaining: 30
[2026-09-17 13:00:00] [INFO] ==================================================
[2026-09-17 13:00:00] [INFO] SUBSCRIPTION EXPIRY CRON COMPLETED
[2026-09-17 13:00:00] [INFO] ==================================================
[2026-09-17 13:01:00] [INFO] [OVERSTAY] Cron triggered
[2026-09-17 13:01:00] [INFO] ==================================================
[2026-09-17 13:01:00] [INFO] OVERSTAY CRON STARTED
[2026-09-17 13:01:00] [INFO] ==================================================
[2026-09-17 13:01:00] [INFO] [OVERSTAY] Current India Date/Time: 17/09/2026 13:01:00
[2026-09-17 13:01:00] [INFO] [OVERSTAY] Timezone: Asia/Kolkata
[2026-09-17 13:01:00] [INFO] [SUBSCRIPTION] Expiry cron triggered
[2026-09-17 13:01:00] [INFO] ==================================================
[2026-09-17 13:01:00] [INFO] SUBSCRIPTION EXPIRY CRON STARTED
[2026-09-17 13:01:00] [INFO] ==================================================
[2026-09-17 13:01:00] [INFO] [SUBSCRIPTION] Current India Date: 2026-09-17
[2026-09-17 13:01:00] [INFO] [OVERSTAY] Staying customers found: 0
[2026-09-17 13:01:00] [INFO] ==================================================
[2026-09-17 13:01:00] [INFO] OVERSTAY CRON COMPLETED
[2026-09-17 13:01:00] [INFO] ==================================================
[2026-09-17 13:01:00] [INFO] [SUBSCRIPTION] Subscriptions found: 2
[2026-09-17 13:01:00] [INFO] [SUBSCRIPTION] mani hotel | Expiry: 2026-10-16 | Days Remaining: 29
[2026-09-17 13:01:00] [INFO] [SUBSCRIPTION] hotel 2 | Expiry: 2026-10-17 | Days Remaining: 30
[2026-09-17 13:01:00] [INFO] ==================================================
[2026-09-17 13:01:00] [INFO] SUBSCRIPTION EXPIRY CRON COMPLETED
[2026-09-17 13:01:00] [INFO] ==================================================
[2026-09-17 13:02:00] [INFO] [OVERSTAY] Cron triggered
[2026-09-17 13:02:00] [INFO] ==================================================
[2026-09-17 13:02:00] [INFO] OVERSTAY CRON STARTED
[2026-09-17 13:02:00] [INFO] ==================================================
[2026-09-17 13:02:00] [INFO] [OVERSTAY] Current India Date/Time: 17/09/2026 13:02:00
[2026-09-17 13:02:00] [INFO] [OVERSTAY] Timezone: Asia/Kolkata
[2026-09-17 13:02:00] [INFO] [SUBSCRIPTION] Expiry cron triggered
[2026-09-17 13:02:00] [INFO] ==================================================
[2026-09-17 13:02:00] [INFO] SUBSCRIPTION EXPIRY CRON STARTED
[2026-09-17 13:02:00] [INFO] ==================================================
[2026-09-17 13:02:00] [INFO] [SUBSCRIPTION] Current India Date: 2026-09-17
[2026-09-17 13:02:00] [INFO] [OVERSTAY] Staying customers found: 0
[2026-09-17 13:02:00] [INFO] ==================================================
[2026-09-17 13:02:00] [INFO] OVERSTAY CRON COMPLETED
[2026-09-17 13:02:00] [INFO] ==================================================
[2026-09-17 13:02:00] [INFO] [SUBSCRIPTION] Subscriptions found: 2
[2026-09-17 13:02:00] [INFO] [SUBSCRIPTION] mani hotel | Expiry: 2026-10-16 | Days Remaining: 29
[2026-09-17 13:02:00] [INFO] [SUBSCRIPTION] hotel 2 | Expiry: 2026-10-17 | Days Remaining: 30
[2026-09-17 13:02:00] [INFO] ==================================================
[2026-09-17 13:02:00] [INFO] SUBSCRIPTION EXPIRY CRON COMPLETED
[2026-09-17 13:02:00] [INFO] ==================================================
[2026-09-17 13:03:00] [INFO] [OVERSTAY] Cron triggered
[2026-09-17 13:03:00] [INFO] ==================================================
[2026-09-17 13:03:00] [INFO] OVERSTAY CRON STARTED
[2026-09-17 13:03:00] [INFO] ==================================================
[2026-09-17 13:03:00] [INFO] [OVERSTAY] Current India Date/Time: 17/09/2026 13:03:00
[2026-09-17 13:03:00] [INFO] [OVERSTAY] Timezone: Asia/Kolkata
[2026-09-17 13:03:00] [INFO] [SUBSCRIPTION] Expiry cron triggered
[2026-09-17 13:03:00] [INFO] ==================================================
[2026-09-17 13:03:00] [INFO] SUBSCRIPTION EXPIRY CRON STARTED
[2026-09-17 13:03:00] [INFO] ==================================================
[2026-09-17 13:03:00] [INFO] [SUBSCRIPTION] Current India Date: 2026-09-17
[2026-09-17 13:03:00] [INFO] [OVERSTAY] Staying customers found: 0
[2026-09-17 13:03:00] [INFO] ==================================================
[2026-09-17 13:03:00] [INFO] OVERSTAY CRON COMPLETED
[2026-09-17 13:03:00] [INFO] ==================================================
[2026-09-17 13:03:00] [INFO] [SUBSCRIPTION] Subscriptions found: 2
[2026-09-17 13:03:00] [INFO] [SUBSCRIPTION] mani hotel | Expiry: 2026-10-16 | Days Remaining: 29
[2026-09-17 13:03:00] [INFO] [SUBSCRIPTION] hotel 2 | Expiry: 2026-10-17 | Days Remaining: 30
[2026-09-17 13:03:00] [INFO] ==================================================
[2026-09-17 13:03:00] [INFO] SUBSCRIPTION EXPIRY CRON COMPLETED
[2026-09-17 13:03:00] [INFO] ==================================================
[2026-09-17 13:04:00] [INFO] [SUBSCRIPTION] Expiry cron triggered
[2026-09-17 13:04:00] [INFO] ==================================================
[2026-09-17 13:04:00] [INFO] SUBSCRIPTION EXPIRY CRON STARTED
[2026-09-17 13:04:00] [INFO] ==================================================
[2026-09-17 13:04:00] [INFO] [SUBSCRIPTION] Current India Date: 2026-09-17
[2026-09-17 13:04:00] [INFO] [OVERSTAY] Cron triggered
[2026-09-17 13:04:00] [INFO] ==================================================
[2026-09-17 13:04:00] [INFO] OVERSTAY CRON STARTED
[2026-09-17 13:04:00] [INFO] ==================================================
[2026-09-17 13:04:00] [INFO] [OVERSTAY] Current India Date/Time: 17/09/2026 13:04:00
[2026-09-17 13:04:00] [INFO] [OVERSTAY] Timezone: Asia/Kolkata
[2026-09-17 13:04:00] [INFO] [OVERSTAY] Staying customers found: 0
[2026-09-17 13:04:00] [INFO] ==================================================
[2026-09-17 13:04:00] [INFO] OVERSTAY CRON COMPLETED
[2026-09-17 13:04:00] [INFO] ==================================================
[2026-09-17 13:04:00] [INFO] [SUBSCRIPTION] Subscriptions found: 2
[2026-09-17 13:04:00] [INFO] [SUBSCRIPTION] mani hotel | Expiry: 2026-10-16 | Days Remaining: 29
[2026-09-17 13:04:00] [INFO] [SUBSCRIPTION] hotel 2 | Expiry: 2026-10-17 | Days Remaining: 30
[2026-09-17 13:04:00] [INFO] ==================================================
[2026-09-17 13:04:00] [INFO] SUBSCRIPTION EXPIRY CRON COMPLETED
[2026-09-17 13:04:00] [INFO] ==================================================
[2026-09-17 13:05:00] [INFO] [OVERSTAY] Cron triggered
[2026-09-17 13:05:00] [INFO] ==================================================
[2026-09-17 13:05:00] [INFO] OVERSTAY CRON STARTED
[2026-09-17 13:05:00] [INFO] ==================================================
[2026-09-17 13:05:00] [INFO] [OVERSTAY] Current India Date/Time: 17/09/2026 13:05:00
[2026-09-17 13:05:00] [INFO] [OVERSTAY] Timezone: Asia/Kolkata
[2026-09-17 13:05:00] [INFO] [SUBSCRIPTION] Expiry cron triggered
[2026-09-17 13:05:00] [INFO] ==================================================
[2026-09-17 13:05:00] [INFO] SUBSCRIPTION EXPIRY CRON STARTED
[2026-09-17 13:05:00] [INFO] ==================================================
[2026-09-17 13:05:00] [INFO] [SUBSCRIPTION] Current India Date: 2026-09-17
[2026-09-17 13:05:00] [INFO] [OVERSTAY] Staying customers found: 0
[2026-09-17 13:05:00] [INFO] ==================================================
[2026-09-17 13:05:00] [INFO] OVERSTAY CRON COMPLETED
[2026-09-17 13:05:00] [INFO] ==================================================
[2026-09-17 13:05:00] [INFO] [SUBSCRIPTION] Subscriptions found: 2
[2026-09-17 13:05:00] [INFO] [SUBSCRIPTION] mani hotel | Expiry: 2026-10-16 | Days Remaining: 29
[2026-09-17 13:05:00] [INFO] [SUBSCRIPTION] hotel 2 | Expiry: 2026-10-17 | Days Remaining: 30
[2026-09-17 13:05:00] [INFO] ==================================================
[2026-09-17 13:05:00] [INFO] SUBSCRIPTION EXPIRY CRON COMPLETED
[2026-09-17 13:05:00] [INFO] ==================================================
[2026-09-17 13:06:00] [INFO] [OVERSTAY] Cron triggered
[2026-09-17 13:06:00] [INFO] ==================================================
[2026-09-17 13:06:00] [INFO] OVERSTAY CRON STARTED
[2026-09-17 13:06:00] [INFO] ==================================================
[2026-09-17 13:06:00] [INFO] [OVERSTAY] Current India Date/Time: 17/09/2026 13:06:00
[2026-09-17 13:06:00] [INFO] [OVERSTAY] Timezone: Asia/Kolkata
[2026-09-17 13:06:00] [INFO] [SUBSCRIPTION] Expiry cron triggered
[2026-09-17 13:06:00] [INFO] ==================================================
[2026-09-17 13:06:00] [INFO] SUBSCRIPTION EXPIRY CRON STARTED
[2026-09-17 13:06:00] [INFO] ==================================================
[2026-09-17 13:06:00] [INFO] [SUBSCRIPTION] Current India Date: 2026-09-17
[2026-09-17 13:06:00] [INFO] [OVERSTAY] Staying customers found: 0
[2026-09-17 13:06:00] [INFO] ==================================================
[2026-09-17 13:06:00] [INFO] OVERSTAY CRON COMPLETED
[2026-09-17 13:06:00] [INFO] ==================================================
[2026-09-17 13:06:00] [INFO] [SUBSCRIPTION] Subscriptions found: 2
[2026-09-17 13:06:00] [INFO] [SUBSCRIPTION] mani hotel | Expiry: 2026-10-16 | Days Remaining: 29
[2026-09-17 13:06:00] [INFO] [SUBSCRIPTION] hotel 2 | Expiry: 2026-10-17 | Days Remaining: 30
[2026-09-17 13:06:00] [INFO] ==================================================
[2026-09-17 13:06:00] [INFO] SUBSCRIPTION EXPIRY CRON COMPLETED
[2026-09-17 13:06:00] [INFO] ==================================================
[2026-09-17 13:07:00] [INFO] [OVERSTAY] Cron triggered
[2026-09-17 13:07:00] [INFO] ==================================================
[2026-09-17 13:07:00] [INFO] OVERSTAY CRON STARTED
[2026-09-17 13:07:00] [INFO] ==================================================
[2026-09-17 13:07:00] [INFO] [OVERSTAY] Current India Date/Time: 17/09/2026 13:07:00
[2026-09-17 13:07:00] [INFO] [OVERSTAY] Timezone: Asia/Kolkata
[2026-09-17 13:07:00] [INFO] [SUBSCRIPTION] Expiry cron triggered
[2026-09-17 13:07:00] [INFO] ==================================================
[2026-09-17 13:07:00] [INFO] SUBSCRIPTION EXPIRY CRON STARTED
[2026-09-17 13:07:00] [INFO] ==================================================
[2026-09-17 13:07:00] [INFO] [SUBSCRIPTION] Current India Date: 2026-09-17
[2026-09-17 13:07:00] [INFO] [OVERSTAY] Staying customers found: 0
[2026-09-17 13:07:00] [INFO] ==================================================
[2026-09-17 13:07:00] [INFO] OVERSTAY CRON COMPLETED
[2026-09-17 13:07:00] [INFO] ==================================================
[2026-09-17 13:07:00] [INFO] [SUBSCRIPTION] Subscriptions found: 2
[2026-09-17 13:07:00] [INFO] [SUBSCRIPTION] mani hotel | Expiry: 2026-10-16 | Days Remaining: 29
[2026-09-17 13:07:00] [INFO] [SUBSCRIPTION] hotel 2 | Expiry: 2026-10-17 | Days Remaining: 30
[2026-09-17 13:07:00] [INFO] ==================================================
[2026-09-17 13:07:00] [INFO] SUBSCRIPTION EXPIRY CRON COMPLETED
[2026-09-17 13:07:00] [INFO] ==================================================
[2026-09-17 13:08:00] [INFO] [OVERSTAY] Cron triggered
[2026-09-17 13:08:00] [INFO] ==================================================
[2026-09-17 13:08:00] [INFO] OVERSTAY CRON STARTED
[2026-09-17 13:08:00] [INFO] ==================================================
[2026-09-17 13:08:00] [INFO] [OVERSTAY] Current India Date/Time: 17/09/2026 13:08:00
[2026-09-17 13:08:00] [INFO] [OVERSTAY] Timezone: Asia/Kolkata
[2026-09-17 13:08:00] [INFO] [SUBSCRIPTION] Expiry cron triggered
[2026-09-17 13:08:00] [INFO] ==================================================
[2026-09-17 13:08:00] [INFO] SUBSCRIPTION EXPIRY CRON STARTED
[2026-09-17 13:08:00] [INFO] ==================================================
[2026-09-17 13:08:00] [INFO] [SUBSCRIPTION] Current India Date: 2026-09-17
[2026-09-17 13:08:00] [INFO] [OVERSTAY] Staying customers found: 0
[2026-09-17 13:08:00] [INFO] ==================================================
[2026-09-17 13:08:00] [INFO] OVERSTAY CRON COMPLETED
[2026-09-17 13:08:00] [INFO] ==================================================
[2026-09-17 13:08:00] [INFO] [SUBSCRIPTION] Subscriptions found: 2
[2026-09-17 13:08:00] [INFO] [SUBSCRIPTION] mani hotel | Expiry: 2026-10-16 | Days Remaining: 29
[2026-09-17 13:08:00] [INFO] [SUBSCRIPTION] hotel 2 | Expiry: 2026-10-17 | Days Remaining: 30
[2026-09-17 13:08:00] [INFO] ==================================================
[2026-09-17 13:08:00] [INFO] SUBSCRIPTION EXPIRY CRON COMPLETED
[2026-09-17 13:08:00] [INFO] ==================================================
[2026-09-17 13:09:00] [INFO] [OVERSTAY] Cron triggered
[2026-09-17 13:09:00] [INFO] ==================================================
[2026-09-17 13:09:00] [INFO] OVERSTAY CRON STARTED
[2026-09-17 13:09:00] [INFO] ==================================================
[2026-09-17 13:09:00] [INFO] [OVERSTAY] Current India Date/Time: 17/09/2026 13:09:00
[2026-09-17 13:09:00] [INFO] [OVERSTAY] Timezone: Asia/Kolkata
[2026-09-17 13:09:00] [INFO] [SUBSCRIPTION] Expiry cron triggered
[2026-09-17 13:09:00] [INFO] ==================================================
[2026-09-17 13:09:00] [INFO] SUBSCRIPTION EXPIRY CRON STARTED
[2026-09-17 13:09:00] [INFO] ==================================================
[2026-09-17 13:09:00] [INFO] [SUBSCRIPTION] Current India Date: 2026-09-17
[2026-09-17 13:09:00] [INFO] [OVERSTAY] Staying customers found: 0
[2026-09-17 13:09:00] [INFO] ==================================================
[2026-09-17 13:09:00] [INFO] OVERSTAY CRON COMPLETED
[2026-09-17 13:09:00] [INFO] ==================================================
[2026-09-17 13:09:00] [INFO] [SUBSCRIPTION] Subscriptions found: 2
[2026-09-17 13:09:00] [INFO] [SUBSCRIPTION] mani hotel | Expiry: 2026-10-16 | Days Remaining: 29
[2026-09-17 13:09:00] [INFO] [SUBSCRIPTION] hotel 2 | Expiry: 2026-10-17 | Days Remaining: 30
[2026-09-17 13:09:00] [INFO] ==================================================
[2026-09-17 13:09:00] [INFO] SUBSCRIPTION EXPIRY CRON COMPLETED
[2026-09-17 13:09:00] [INFO] ==================================================
[2026-09-17 13:10:00] [INFO] [OVERSTAY] Cron triggered
[2026-09-17 13:10:00] [INFO] ==================================================
[2026-09-17 13:10:00] [INFO] OVERSTAY CRON STARTED
[2026-09-17 13:10:00] [INFO] ==================================================
[2026-09-17 13:10:00] [INFO] [OVERSTAY] Current India Date/Time: 17/09/2026 13:10:00
[2026-09-17 13:10:00] [INFO] [OVERSTAY] Timezone: Asia/Kolkata
[2026-09-17 13:10:00] [INFO] [SUBSCRIPTION] Expiry cron triggered
[2026-09-17 13:10:00] [INFO] ==================================================
[2026-09-17 13:10:00] [INFO] SUBSCRIPTION EXPIRY CRON STARTED
[2026-09-17 13:10:00] [INFO] ==================================================
[2026-09-17 13:10:00] [INFO] [SUBSCRIPTION] Current India Date: 2026-09-17
[2026-09-17 13:10:00] [INFO] [OVERSTAY] Staying customers found: 0
[2026-09-17 13:10:00] [INFO] ==================================================
[2026-09-17 13:10:00] [INFO] OVERSTAY CRON COMPLETED
[2026-09-17 13:10:00] [INFO] ==================================================
[2026-09-17 13:10:00] [INFO] [SUBSCRIPTION] Subscriptions found: 2
[2026-09-17 13:10:00] [INFO] [SUBSCRIPTION] mani hotel | Expiry: 2026-10-16 | Days Remaining: 29
[2026-09-17 13:10:00] [INFO] [SUBSCRIPTION] hotel 2 | Expiry: 2026-10-17 | Days Remaining: 30
[2026-09-17 13:10:00] [INFO] ==================================================
[2026-09-17 13:10:00] [INFO] SUBSCRIPTION EXPIRY CRON COMPLETED
[2026-09-17 13:10:00] [INFO] ==================================================
[2026-09-17 13:32:00] [INFO] [SUBSCRIPTION] Expiry cron triggered
[2026-09-17 13:32:00] [INFO] ==================================================
[2026-09-17 13:32:00] [INFO] SUBSCRIPTION EXPIRY CRON STARTED
[2026-09-17 13:32:00] [INFO] ==================================================
[2026-09-17 13:32:00] [INFO] [SUBSCRIPTION] Current India Date: 2026-09-17
[2026-09-17 13:32:00] [INFO] [OVERSTAY] Cron triggered
[2026-09-17 13:32:00] [INFO] ==================================================
[2026-09-17 13:32:00] [INFO] OVERSTAY CRON STARTED
[2026-09-17 13:32:00] [INFO] ==================================================
[2026-09-17 13:32:00] [INFO] [OVERSTAY] Current India Date/Time: 17/09/2026 13:32:00
[2026-09-17 13:32:00] [INFO] [OVERSTAY] Timezone: Asia/Kolkata
[2026-09-17 13:32:07] [INFO] [OVERSTAY] Staying customers found: 0
[2026-09-17 13:32:07] [INFO] ==================================================
[2026-09-17 13:32:07] [INFO] OVERSTAY CRON COMPLETED
[2026-09-17 13:32:07] [INFO] ==================================================
[2026-09-17 13:32:07] [INFO] [SUBSCRIPTION] Subscriptions found: 2
[2026-09-17 13:32:07] [INFO] [SUBSCRIPTION] mani hotel | Expiry: 2026-10-16 | Days Remaining: 29
[2026-09-17 13:32:07] [INFO] [SUBSCRIPTION] hotel 2 | Expiry: 2026-10-17 | Days Remaining: 30
[2026-09-17 13:32:07] [INFO] ==================================================
[2026-09-17 13:32:07] [INFO] SUBSCRIPTION EXPIRY CRON COMPLETED
[2026-09-17 13:32:07] [INFO] ==================================================
[2026-09-17 13:33:00] [INFO] [SUBSCRIPTION] Expiry cron triggered
[2026-09-17 13:33:00] [INFO] ==================================================
[2026-09-17 13:33:00] [INFO] SUBSCRIPTION EXPIRY CRON STARTED
[2026-09-17 13:33:00] [INFO] ==================================================
[2026-09-17 13:33:00] [INFO] [SUBSCRIPTION] Current India Date: 2026-09-17
[2026-09-17 13:33:00] [INFO] [OVERSTAY] Cron triggered
[2026-09-17 13:33:00] [INFO] ==================================================
[2026-09-17 13:33:00] [INFO] OVERSTAY CRON STARTED
[2026-09-17 13:33:00] [INFO] ==================================================
[2026-09-17 13:33:00] [INFO] [OVERSTAY] Current India Date/Time: 17/09/2026 13:33:00
[2026-09-17 13:33:00] [INFO] [OVERSTAY] Timezone: Asia/Kolkata
[2026-09-17 13:33:00] [INFO] [OVERSTAY] Staying customers found: 0
[2026-09-17 13:33:00] [INFO] ==================================================
[2026-09-17 13:33:00] [INFO] OVERSTAY CRON COMPLETED
[2026-09-17 13:33:00] [INFO] ==================================================
[2026-09-17 13:33:00] [INFO] [SUBSCRIPTION] Subscriptions found: 2
[2026-09-17 13:33:00] [INFO] [SUBSCRIPTION] mani hotel | Expiry: 2026-10-16 | Days Remaining: 29
[2026-09-17 13:33:00] [INFO] [SUBSCRIPTION] hotel 2 | Expiry: 2026-10-17 | Days Remaining: 30
[2026-09-17 13:33:00] [INFO] ==================================================
[2026-09-17 13:33:00] [INFO] SUBSCRIPTION EXPIRY CRON COMPLETED
[2026-09-17 13:33:00] [INFO] ==================================================
[2026-09-17 13:34:00] [INFO] [SUBSCRIPTION] Expiry cron triggered
[2026-09-17 13:34:00] [INFO] ==================================================
[2026-09-17 13:34:00] [INFO] SUBSCRIPTION EXPIRY CRON STARTED
[2026-09-17 13:34:00] [INFO] ==================================================
[2026-09-17 13:34:00] [INFO] [SUBSCRIPTION] Current India Date: 2026-09-17
[2026-09-17 13:34:00] [INFO] [OVERSTAY] Cron triggered
[2026-09-17 13:34:00] [INFO] ==================================================
[2026-09-17 13:34:00] [INFO] OVERSTAY CRON STARTED
[2026-09-17 13:34:00] [INFO] ==================================================
[2026-09-17 13:34:00] [INFO] [OVERSTAY] Current India Date/Time: 17/09/2026 13:34:00
[2026-09-17 13:34:00] [INFO] [OVERSTAY] Timezone: Asia/Kolkata
[2026-09-17 13:34:00] [INFO] [OVERSTAY] Staying customers found: 0
[2026-09-17 13:34:00] [INFO] ==================================================
[2026-09-17 13:34:00] [INFO] OVERSTAY CRON COMPLETED
[2026-09-17 13:34:00] [INFO] ==================================================
[2026-09-17 13:34:00] [INFO] [SUBSCRIPTION] Subscriptions found: 2
[2026-09-17 13:34:00] [INFO] [SUBSCRIPTION] mani hotel | Expiry: 2026-10-16 | Days Remaining: 29
[2026-09-17 13:34:00] [INFO] [SUBSCRIPTION] hotel 2 | Expiry: 2026-10-17 | Days Remaining: 30
[2026-09-17 13:34:00] [INFO] ==================================================
[2026-09-17 13:34:00] [INFO] SUBSCRIPTION EXPIRY CRON COMPLETED
[2026-09-17 13:34:00] [INFO] ==================================================
[2026-09-17 13:35:00] [INFO] [SUBSCRIPTION] Expiry cron triggered
[2026-09-17 13:35:00] [INFO] ==================================================
[2026-09-17 13:35:00] [INFO] SUBSCRIPTION EXPIRY CRON STARTED
[2026-09-17 13:35:00] [INFO] ==================================================
[2026-09-17 13:35:00] [INFO] [SUBSCRIPTION] Current India Date: 2026-09-17
[2026-09-17 13:35:00] [INFO] [OVERSTAY] Cron triggered
[2026-09-17 13:35:00] [INFO] ==================================================
[2026-09-17 13:35:00] [INFO] OVERSTAY CRON STARTED
[2026-09-17 13:35:00] [INFO] ==================================================
[2026-09-17 13:35:00] [INFO] [OVERSTAY] Current India Date/Time: 17/09/2026 13:35:00
[2026-09-17 13:35:00] [INFO] [OVERSTAY] Timezone: Asia/Kolkata
[2026-09-17 13:35:00] [INFO] [OVERSTAY] Staying customers found: 0
[2026-09-17 13:35:00] [INFO] ==================================================
[2026-09-17 13:35:00] [INFO] OVERSTAY CRON COMPLETED
[2026-09-17 13:35:00] [INFO] ==================================================
[2026-09-17 13:35:00] [INFO] [SUBSCRIPTION] Subscriptions found: 2
[2026-09-17 13:35:00] [INFO] [SUBSCRIPTION] mani hotel | Expiry: 2026-10-16 | Days Remaining: 29
[2026-09-17 13:35:00] [INFO] [SUBSCRIPTION] hotel 2 | Expiry: 2026-10-17 | Days Remaining: 30
[2026-09-17 13:35:00] [INFO] ==================================================
[2026-09-17 13:35:00] [INFO] SUBSCRIPTION EXPIRY CRON COMPLETED
[2026-09-17 13:35:00] [INFO] ==================================================
[2026-09-17 13:36:00] [INFO] [OVERSTAY] Cron triggered
[2026-09-17 13:36:00] [INFO] ==================================================
[2026-09-17 13:36:00] [INFO] OVERSTAY CRON STARTED
[2026-09-17 13:36:00] [INFO] ==================================================
[2026-09-17 13:36:00] [INFO] [OVERSTAY] Current India Date/Time: 17/09/2026 13:36:00
[2026-09-17 13:36:00] [INFO] [OVERSTAY] Timezone: Asia/Kolkata
[2026-09-17 13:36:00] [INFO] [SUBSCRIPTION] Expiry cron triggered
[2026-09-17 13:36:00] [INFO] ==================================================
[2026-09-17 13:36:00] [INFO] SUBSCRIPTION EXPIRY CRON STARTED
[2026-09-17 13:36:00] [INFO] ==================================================
[2026-09-17 13:36:00] [INFO] [SUBSCRIPTION] Current India Date: 2026-09-17
[2026-09-17 13:36:00] [INFO] [OVERSTAY] Staying customers found: 0
[2026-09-17 13:36:00] [INFO] ==================================================
[2026-09-17 13:36:00] [INFO] OVERSTAY CRON COMPLETED
[2026-09-17 13:36:00] [INFO] ==================================================
[2026-09-17 13:36:00] [INFO] [SUBSCRIPTION] Subscriptions found: 2
[2026-09-17 13:36:00] [INFO] [SUBSCRIPTION] mani hotel | Expiry: 2026-10-16 | Days Remaining: 29
[2026-09-17 13:36:00] [INFO] [SUBSCRIPTION] hotel 2 | Expiry: 2026-10-17 | Days Remaining: 30
[2026-09-17 13:36:00] [INFO] ==================================================
[2026-09-17 13:36:00] [INFO] SUBSCRIPTION EXPIRY CRON COMPLETED
[2026-09-17 13:36:00] [INFO] ==================================================
[2026-09-17 13:37:00] [INFO] [OVERSTAY] Cron triggered
[2026-09-17 13:37:00] [INFO] ==================================================
[2026-09-17 13:37:00] [INFO] OVERSTAY CRON STARTED
[2026-09-17 13:37:00] [INFO] ==================================================
[2026-09-17 13:37:00] [INFO] [OVERSTAY] Current India Date/Time: 17/09/2026 13:37:00
[2026-09-17 13:37:00] [INFO] [OVERSTAY] Timezone: Asia/Kolkata
[2026-09-17 13:37:00] [INFO] [SUBSCRIPTION] Expiry cron triggered
[2026-09-17 13:37:00] [INFO] ==================================================
[2026-09-17 13:37:00] [INFO] SUBSCRIPTION EXPIRY CRON STARTED
[2026-09-17 13:37:00] [INFO] ==================================================
[2026-09-17 13:37:00] [INFO] [SUBSCRIPTION] Current India Date: 2026-09-17
[2026-09-17 13:37:00] [INFO] [OVERSTAY] Staying customers found: 0
[2026-09-17 13:37:00] [INFO] ==================================================
[2026-09-17 13:37:00] [INFO] OVERSTAY CRON COMPLETED
[2026-09-17 13:37:00] [INFO] ==================================================
[2026-09-17 13:37:00] [INFO] [SUBSCRIPTION] Subscriptions found: 2
[2026-09-17 13:37:00] [INFO] [SUBSCRIPTION] mani hotel | Expiry: 2026-10-16 | Days Remaining: 29
[2026-09-17 13:37:00] [INFO] [SUBSCRIPTION] hotel 2 | Expiry: 2026-10-17 | Days Remaining: 30
[2026-09-17 13:37:00] [INFO] ==================================================
[2026-09-17 13:37:00] [INFO] SUBSCRIPTION EXPIRY CRON COMPLETED
[2026-09-17 13:37:00] [INFO] ==================================================
[2026-09-17 13:38:00] [INFO] [OVERSTAY] Cron triggered
[2026-09-17 13:38:00] [INFO] ==================================================
[2026-09-17 13:38:00] [INFO] OVERSTAY CRON STARTED
[2026-09-17 13:38:00] [INFO] ==================================================
[2026-09-17 13:38:00] [INFO] [OVERSTAY] Current India Date/Time: 17/09/2026 13:38:00
[2026-09-17 13:38:00] [INFO] [OVERSTAY] Timezone: Asia/Kolkata
[2026-09-17 13:38:00] [INFO] [SUBSCRIPTION] Expiry cron triggered
[2026-09-17 13:38:00] [INFO] ==================================================
[2026-09-17 13:38:00] [INFO] SUBSCRIPTION EXPIRY CRON STARTED
[2026-09-17 13:38:00] [INFO] ==================================================
[2026-09-17 13:38:00] [INFO] [SUBSCRIPTION] Current India Date: 2026-09-17
[2026-09-17 13:38:00] [INFO] [OVERSTAY] Staying customers found: 0
[2026-09-17 13:38:00] [INFO] ==================================================
[2026-09-17 13:38:00] [INFO] OVERSTAY CRON COMPLETED
[2026-09-17 13:38:00] [INFO] ==================================================
[2026-09-17 13:38:00] [INFO] [SUBSCRIPTION] Subscriptions found: 2
[2026-09-17 13:38:00] [INFO] [SUBSCRIPTION] mani hotel | Expiry: 2026-10-16 | Days Remaining: 29
[2026-09-17 13:38:00] [INFO] [SUBSCRIPTION] hotel 2 | Expiry: 2026-10-17 | Days Remaining: 30
[2026-09-17 13:38:00] [INFO] ==================================================
[2026-09-17 13:38:00] [INFO] SUBSCRIPTION EXPIRY CRON COMPLETED
[2026-09-17 13:38:00] [INFO] ==================================================
[2026-09-17 13:39:00] [INFO] [OVERSTAY] Cron triggered
[2026-09-17 13:39:00] [INFO] ==================================================
[2026-09-17 13:39:00] [INFO] OVERSTAY CRON STARTED
[2026-09-17 13:39:00] [INFO] ==================================================
[2026-09-17 13:39:00] [INFO] [OVERSTAY] Current India Date/Time: 17/09/2026 13:39:00
[2026-09-17 13:39:00] [INFO] [OVERSTAY] Timezone: Asia/Kolkata
[2026-09-17 13:39:00] [INFO] [SUBSCRIPTION] Expiry cron triggered
[2026-09-17 13:39:00] [INFO] ==================================================
[2026-09-17 13:39:00] [INFO] SUBSCRIPTION EXPIRY CRON STARTED
[2026-09-17 13:39:00] [INFO] ==================================================
[2026-09-17 13:39:00] [INFO] [SUBSCRIPTION] Current India Date: 2026-09-17
[2026-09-17 13:39:00] [INFO] [OVERSTAY] Staying customers found: 0
[2026-09-17 13:39:00] [INFO] ==================================================
[2026-09-17 13:39:00] [INFO] OVERSTAY CRON COMPLETED
[2026-09-17 13:39:00] [INFO] ==================================================
[2026-09-17 13:39:00] [INFO] [SUBSCRIPTION] Subscriptions found: 2
[2026-09-17 13:39:00] [INFO] [SUBSCRIPTION] mani hotel | Expiry: 2026-10-16 | Days Remaining: 29
[2026-09-17 13:39:00] [INFO] [SUBSCRIPTION] hotel 2 | Expiry: 2026-10-17 | Days Remaining: 30
[2026-09-17 13:39:00] [INFO] ==================================================
[2026-09-17 13:39:00] [INFO] SUBSCRIPTION EXPIRY CRON COMPLETED
[2026-09-17 13:39:00] [INFO] ==================================================
[2026-09-17 13:40:00] [INFO] [OVERSTAY] Cron triggered
[2026-09-17 13:40:00] [INFO] ==================================================
[2026-09-17 13:40:00] [INFO] OVERSTAY CRON STARTED
[2026-09-17 13:40:00] [INFO] ==================================================
[2026-09-17 13:40:00] [INFO] [OVERSTAY] Current India Date/Time: 17/09/2026 13:40:00
[2026-09-17 13:40:00] [INFO] [OVERSTAY] Timezone: Asia/Kolkata
[2026-09-17 13:40:00] [INFO] [SUBSCRIPTION] Expiry cron triggered
[2026-09-17 13:40:00] [INFO] ==================================================
[2026-09-17 13:40:00] [INFO] SUBSCRIPTION EXPIRY CRON STARTED
[2026-09-17 13:40:00] [INFO] ==================================================
[2026-09-17 13:40:00] [INFO] [SUBSCRIPTION] Current India Date: 2026-09-17
[2026-09-17 13:40:00] [INFO] [OVERSTAY] Staying customers found: 0
[2026-09-17 13:40:00] [INFO] ==================================================
[2026-09-17 13:40:00] [INFO] OVERSTAY CRON COMPLETED
[2026-09-17 13:40:00] [INFO] ==================================================
[2026-09-17 13:40:00] [INFO] [SUBSCRIPTION] Subscriptions found: 2
[2026-09-17 13:40:00] [INFO] [SUBSCRIPTION] mani hotel | Expiry: 2026-10-16 | Days Remaining: 29
[2026-09-17 13:40:00] [INFO] [SUBSCRIPTION] hotel 2 | Expiry: 2026-10-17 | Days Remaining: 30
[2026-09-17 13:40:00] [INFO] ==================================================
[2026-09-17 13:40:00] [INFO] SUBSCRIPTION EXPIRY CRON COMPLETED
[2026-09-17 13:40:00] [INFO] ==================================================
[2026-09-17 13:41:00] [INFO] [OVERSTAY] Cron triggered
[2026-09-17 13:41:00] [INFO] ==================================================
[2026-09-17 13:41:00] [INFO] OVERSTAY CRON STARTED
[2026-09-17 13:41:00] [INFO] ==================================================
[2026-09-17 13:41:00] [INFO] [OVERSTAY] Current India Date/Time: 17/09/2026 13:41:00
[2026-09-17 13:41:00] [INFO] [OVERSTAY] Timezone: Asia/Kolkata
[2026-09-17 13:41:00] [INFO] [SUBSCRIPTION] Expiry cron triggered
[2026-09-17 13:41:00] [INFO] ==================================================
[2026-09-17 13:41:00] [INFO] SUBSCRIPTION EXPIRY CRON STARTED
[2026-09-17 13:41:00] [INFO] ==================================================
[2026-09-17 13:41:00] [INFO] [SUBSCRIPTION] Current India Date: 2026-09-17
[2026-09-17 13:41:00] [INFO] [OVERSTAY] Staying customers found: 0
[2026-09-17 13:41:00] [INFO] ==================================================
[2026-09-17 13:41:00] [INFO] OVERSTAY CRON COMPLETED
[2026-09-17 13:41:00] [INFO] ==================================================
[2026-09-17 13:41:00] [INFO] [SUBSCRIPTION] Subscriptions found: 2
[2026-09-17 13:41:00] [INFO] [SUBSCRIPTION] mani hotel | Expiry: 2026-10-16 | Days Remaining: 29
[2026-09-17 13:41:00] [INFO] [SUBSCRIPTION] hotel 2 | Expiry: 2026-10-17 | Days Remaining: 30
[2026-09-17 13:41:00] [INFO] ==================================================
[2026-09-17 13:41:00] [INFO] SUBSCRIPTION EXPIRY CRON COMPLETED
[2026-09-17 13:41:00] [INFO] ==================================================
[2026-09-17 13:42:00] [INFO] [OVERSTAY] Cron triggered
[2026-09-17 13:42:00] [INFO] ==================================================
[2026-09-17 13:42:00] [INFO] OVERSTAY CRON STARTED
[2026-09-17 13:42:00] [INFO] ==================================================
[2026-09-17 13:42:00] [INFO] [OVERSTAY] Current India Date/Time: 17/09/2026 13:42:00
[2026-09-17 13:42:00] [INFO] [OVERSTAY] Timezone: Asia/Kolkata
[2026-09-17 13:42:00] [INFO] [SUBSCRIPTION] Expiry cron triggered
[2026-09-17 13:42:00] [INFO] ==================================================
[2026-09-17 13:42:00] [INFO] SUBSCRIPTION EXPIRY CRON STARTED
[2026-09-17 13:42:00] [INFO] ==================================================
[2026-09-17 13:42:00] [INFO] [SUBSCRIPTION] Current India Date: 2026-09-17
[2026-09-17 13:42:00] [INFO] [OVERSTAY] Staying customers found: 0
[2026-09-17 13:42:00] [INFO] ==================================================
[2026-09-17 13:42:00] [INFO] OVERSTAY CRON COMPLETED
[2026-09-17 13:42:00] [INFO] ==================================================
[2026-09-17 13:42:00] [INFO] [SUBSCRIPTION] Subscriptions found: 2
[2026-09-17 13:42:00] [INFO] [SUBSCRIPTION] mani hotel | Expiry: 2026-10-16 | Days Remaining: 29
[2026-09-17 13:42:00] [INFO] [SUBSCRIPTION] hotel 2 | Expiry: 2026-10-17 | Days Remaining: 30
[2026-09-17 13:42:00] [INFO] ==================================================
[2026-09-17 13:42:00] [INFO] SUBSCRIPTION EXPIRY CRON COMPLETED
[2026-09-17 13:42:00] [INFO] ==================================================
[2026-09-17 13:43:00] [INFO] [OVERSTAY] Cron triggered
[2026-09-17 13:43:00] [INFO] ==================================================
[2026-09-17 13:43:00] [INFO] OVERSTAY CRON STARTED
[2026-09-17 13:43:00] [INFO] ==================================================
[2026-09-17 13:43:00] [INFO] [OVERSTAY] Current India Date/Time: 17/09/2026 13:43:00
[2026-09-17 13:43:00] [INFO] [OVERSTAY] Timezone: Asia/Kolkata
[2026-09-17 13:43:00] [INFO] [SUBSCRIPTION] Expiry cron triggered
[2026-09-17 13:43:00] [INFO] ==================================================
[2026-09-17 13:43:00] [INFO] SUBSCRIPTION EXPIRY CRON STARTED
[2026-09-17 13:43:00] [INFO] ==================================================
[2026-09-17 13:43:00] [INFO] [SUBSCRIPTION] Current India Date: 2026-09-17
[2026-09-17 13:43:00] [INFO] [OVERSTAY] Staying customers found: 0
[2026-09-17 13:43:00] [INFO] ==================================================
[2026-09-17 13:43:00] [INFO] OVERSTAY CRON COMPLETED
[2026-09-17 13:43:00] [INFO] ==================================================
[2026-09-17 13:43:00] [INFO] [SUBSCRIPTION] Subscriptions found: 2
[2026-09-17 13:43:00] [INFO] [SUBSCRIPTION] mani hotel | Expiry: 2026-10-16 | Days Remaining: 29
[2026-09-17 13:43:00] [INFO] [SUBSCRIPTION] hotel 2 | Expiry: 2026-10-17 | Days Remaining: 30
[2026-09-17 13:43:00] [INFO] ==================================================
[2026-09-17 13:43:00] [INFO] SUBSCRIPTION EXPIRY CRON COMPLETED
[2026-09-17 13:43:00] [INFO] ==================================================
[2026-09-17 13:44:00] [INFO] [OVERSTAY] Cron triggered
[2026-09-17 13:44:00] [INFO] ==================================================
[2026-09-17 13:44:00] [INFO] OVERSTAY CRON STARTED
[2026-09-17 13:44:00] [INFO] ==================================================
[2026-09-17 13:44:00] [INFO] [OVERSTAY] Current India Date/Time: 17/09/2026 13:44:00
[2026-09-17 13:44:00] [INFO] [OVERSTAY] Timezone: Asia/Kolkata
[2026-09-17 13:44:00] [INFO] [SUBSCRIPTION] Expiry cron triggered
[2026-09-17 13:44:00] [INFO] ==================================================
[2026-09-17 13:44:00] [INFO] SUBSCRIPTION EXPIRY CRON STARTED
[2026-09-17 13:44:00] [INFO] ==================================================
[2026-09-17 13:44:00] [INFO] [SUBSCRIPTION] Current India Date: 2026-09-17
[2026-09-17 13:44:00] [INFO] [OVERSTAY] Staying customers found: 0
[2026-09-17 13:44:00] [INFO] ==================================================
[2026-09-17 13:44:00] [INFO] OVERSTAY CRON COMPLETED
[2026-09-17 13:44:00] [INFO] ==================================================
[2026-09-17 13:44:00] [INFO] [SUBSCRIPTION] Subscriptions found: 2
[2026-09-17 13:44:00] [INFO] [SUBSCRIPTION] mani hotel | Expiry: 2026-10-16 | Days Remaining: 29
[2026-09-17 13:44:00] [INFO] [SUBSCRIPTION] hotel 2 | Expiry: 2026-10-17 | Days Remaining: 30
[2026-09-17 13:44:00] [INFO] ==================================================
[2026-09-17 13:44:00] [INFO] SUBSCRIPTION EXPIRY CRON COMPLETED
[2026-09-17 13:44:00] [INFO] ==================================================
[2026-09-17 13:45:00] [INFO] [OVERSTAY] Cron triggered
[2026-09-17 13:45:00] [INFO] ==================================================
[2026-09-17 13:45:00] [INFO] OVERSTAY CRON STARTED
[2026-09-17 13:45:00] [INFO] ==================================================
[2026-09-17 13:45:00] [INFO] [OVERSTAY] Current India Date/Time: 17/09/2026 13:45:00
[2026-09-17 13:45:00] [INFO] [OVERSTAY] Timezone: Asia/Kolkata
[2026-09-17 13:45:00] [INFO] [SUBSCRIPTION] Expiry cron triggered
[2026-09-17 13:45:00] [INFO] ==================================================
[2026-09-17 13:45:00] [INFO] SUBSCRIPTION EXPIRY CRON STARTED
[2026-09-17 13:45:00] [INFO] ==================================================
[2026-09-17 13:45:00] [INFO] [SUBSCRIPTION] Current India Date: 2026-09-17
[2026-09-17 13:45:00] [INFO] [OVERSTAY] Staying customers found: 0
[2026-09-17 13:45:00] [INFO] ==================================================
[2026-09-17 13:45:00] [INFO] OVERSTAY CRON COMPLETED
[2026-09-17 13:45:00] [INFO] ==================================================
[2026-09-17 13:45:00] [INFO] [SUBSCRIPTION] Subscriptions found: 2
[2026-09-17 13:45:00] [INFO] [SUBSCRIPTION] mani hotel | Expiry: 2026-10-16 | Days Remaining: 29
[2026-09-17 13:45:00] [INFO] [SUBSCRIPTION] hotel 2 | Expiry: 2026-10-17 | Days Remaining: 30
[2026-09-17 13:45:00] [INFO] ==================================================
[2026-09-17 13:45:00] [INFO] SUBSCRIPTION EXPIRY CRON COMPLETED
[2026-09-17 13:45:00] [INFO] ==================================================
[2026-09-17 13:46:00] [INFO] [OVERSTAY] Cron triggered
[2026-09-17 13:46:00] [INFO] ==================================================
[2026-09-17 13:46:00] [INFO] OVERSTAY CRON STARTED
[2026-09-17 13:46:00] [INFO] ==================================================
[2026-09-17 13:46:00] [INFO] [OVERSTAY] Current India Date/Time: 17/09/2026 13:46:00
[2026-09-17 13:46:00] [INFO] [OVERSTAY] Timezone: Asia/Kolkata
[2026-09-17 13:46:00] [INFO] [SUBSCRIPTION] Expiry cron triggered
[2026-09-17 13:46:00] [INFO] ==================================================
[2026-09-17 13:46:00] [INFO] SUBSCRIPTION EXPIRY CRON STARTED
[2026-09-17 13:46:00] [INFO] ==================================================
[2026-09-17 13:46:00] [INFO] [SUBSCRIPTION] Current India Date: 2026-09-17
[2026-09-17 13:46:00] [INFO] [OVERSTAY] Staying customers found: 0
[2026-09-17 13:46:00] [INFO] ==================================================
[2026-09-17 13:46:00] [INFO] OVERSTAY CRON COMPLETED
[2026-09-17 13:46:00] [INFO] ==================================================
[2026-09-17 13:46:00] [INFO] [SUBSCRIPTION] Subscriptions found: 2
[2026-09-17 13:46:00] [INFO] [SUBSCRIPTION] mani hotel | Expiry: 2026-10-16 | Days Remaining: 29
[2026-09-17 13:46:00] [INFO] [SUBSCRIPTION] hotel 2 | Expiry: 2026-10-17 | Days Remaining: 30
[2026-09-17 13:46:00] [INFO] ==================================================
[2026-09-17 13:46:00] [INFO] SUBSCRIPTION EXPIRY CRON COMPLETED
[2026-09-17 13:46:00] [INFO] ==================================================
[2026-09-17 13:47:00] [INFO] [OVERSTAY] Cron triggered
[2026-09-17 13:47:00] [INFO] ==================================================
[2026-09-17 13:47:00] [INFO] OVERSTAY CRON STARTED
[2026-09-17 13:47:00] [INFO] ==================================================
[2026-09-17 13:47:00] [INFO] [OVERSTAY] Current India Date/Time: 17/09/2026 13:47:00
[2026-09-17 13:47:00] [INFO] [OVERSTAY] Timezone: Asia/Kolkata
[2026-09-17 13:47:00] [INFO] [SUBSCRIPTION] Expiry cron triggered
[2026-09-17 13:47:00] [INFO] ==================================================
[2026-09-17 13:47:00] [INFO] SUBSCRIPTION EXPIRY CRON STARTED
[2026-09-17 13:47:00] [INFO] ==================================================
[2026-09-17 13:47:00] [INFO] [SUBSCRIPTION] Current India Date: 2026-09-17
[2026-09-17 13:47:00] [INFO] [OVERSTAY] Staying customers found: 0
[2026-09-17 13:47:00] [INFO] ==================================================
[2026-09-17 13:47:00] [INFO] OVERSTAY CRON COMPLETED
[2026-09-17 13:47:00] [INFO] ==================================================
[2026-09-17 13:47:00] [INFO] [SUBSCRIPTION] Subscriptions found: 2
[2026-09-17 13:47:00] [INFO] [SUBSCRIPTION] mani hotel | Expiry: 2026-10-16 | Days Remaining: 29
[2026-09-17 13:47:00] [INFO] [SUBSCRIPTION] hotel 2 | Expiry: 2026-10-17 | Days Remaining: 30
[2026-09-17 13:47:00] [INFO] ==================================================
[2026-09-17 13:47:00] [INFO] SUBSCRIPTION EXPIRY CRON COMPLETED
[2026-09-17 13:47:00] [INFO] ==================================================
[2026-09-17 13:48:00] [INFO] [SUBSCRIPTION] Expiry cron triggered
[2026-09-17 13:48:00] [INFO] ==================================================
[2026-09-17 13:48:00] [INFO] SUBSCRIPTION EXPIRY CRON STARTED
[2026-09-17 13:48:00] [INFO] ==================================================
[2026-09-17 13:48:00] [INFO] [SUBSCRIPTION] Current India Date: 2026-09-17
[2026-09-17 13:48:00] [INFO] [OVERSTAY] Cron triggered
[2026-09-17 13:48:00] [INFO] ==================================================
[2026-09-17 13:48:00] [INFO] OVERSTAY CRON STARTED
[2026-09-17 13:48:00] [INFO] ==================================================
[2026-09-17 13:48:00] [INFO] [OVERSTAY] Current India Date/Time: 17/09/2026 13:48:00
[2026-09-17 13:48:00] [INFO] [OVERSTAY] Timezone: Asia/Kolkata
[2026-09-17 13:48:00] [INFO] [OVERSTAY] Staying customers found: 0
[2026-09-17 13:48:00] [INFO] ==================================================
[2026-09-17 13:48:00] [INFO] OVERSTAY CRON COMPLETED
[2026-09-17 13:48:00] [INFO] ==================================================
[2026-09-17 13:48:00] [INFO] [SUBSCRIPTION] Subscriptions found: 2
[2026-09-17 13:48:00] [INFO] [SUBSCRIPTION] mani hotel | Expiry: 2026-10-16 | Days Remaining: 29
[2026-09-17 13:48:00] [INFO] [SUBSCRIPTION] hotel 2 | Expiry: 2026-10-17 | Days Remaining: 30
[2026-09-17 13:48:00] [INFO] ==================================================
[2026-09-17 13:48:00] [INFO] SUBSCRIPTION EXPIRY CRON COMPLETED
[2026-09-17 13:48:00] [INFO] ==================================================
[2026-09-17 13:49:00] [INFO] [SUBSCRIPTION] Expiry cron triggered
[2026-09-17 13:49:00] [INFO] ==================================================
[2026-09-17 13:49:00] [INFO] SUBSCRIPTION EXPIRY CRON STARTED
[2026-09-17 13:49:00] [INFO] ==================================================
[2026-09-17 13:49:00] [INFO] [SUBSCRIPTION] Current India Date: 2026-09-17
[2026-09-17 13:49:00] [INFO] [OVERSTAY] Cron triggered
[2026-09-17 13:49:00] [INFO] ==================================================
[2026-09-17 13:49:00] [INFO] OVERSTAY CRON STARTED
[2026-09-17 13:49:00] [INFO] ==================================================
[2026-09-17 13:49:00] [INFO] [OVERSTAY] Current India Date/Time: 17/09/2026 13:49:00
[2026-09-17 13:49:00] [INFO] [OVERSTAY] Timezone: Asia/Kolkata
[2026-09-17 13:49:00] [INFO] [OVERSTAY] Staying customers found: 0
[2026-09-17 13:49:00] [INFO] ==================================================
[2026-09-17 13:49:00] [INFO] OVERSTAY CRON COMPLETED
[2026-09-17 13:49:00] [INFO] ==================================================
[2026-09-17 13:49:00] [INFO] [SUBSCRIPTION] Subscriptions found: 2
[2026-09-17 13:49:00] [INFO] [SUBSCRIPTION] mani hotel | Expiry: 2026-10-16 | Days Remaining: 29
[2026-09-17 13:49:00] [INFO] [SUBSCRIPTION] hotel 2 | Expiry: 2026-10-17 | Days Remaining: 30
[2026-09-17 13:49:00] [INFO] ==================================================
[2026-09-17 13:49:00] [INFO] SUBSCRIPTION EXPIRY CRON COMPLETED
[2026-09-17 13:49:00] [INFO] ==================================================
[2026-09-17 13:50:00] [INFO] [SUBSCRIPTION] Expiry cron triggered
[2026-09-17 13:50:00] [INFO] ==================================================
[2026-09-17 13:50:00] [INFO] SUBSCRIPTION EXPIRY CRON STARTED
[2026-09-17 13:50:00] [INFO] ==================================================
[2026-09-17 13:50:00] [INFO] [SUBSCRIPTION] Current India Date: 2026-09-17
[2026-09-17 13:50:00] [INFO] [OVERSTAY] Cron triggered
[2026-09-17 13:50:00] [INFO] ==================================================
[2026-09-17 13:50:00] [INFO] OVERSTAY CRON STARTED
[2026-09-17 13:50:00] [INFO] ==================================================
[2026-09-17 13:50:00] [INFO] [OVERSTAY] Current India Date/Time: 17/09/2026 13:50:00
[2026-09-17 13:50:00] [INFO] [OVERSTAY] Timezone: Asia/Kolkata
[2026-09-17 13:50:00] [INFO] [OVERSTAY] Staying customers found: 0
[2026-09-17 13:50:00] [INFO] ==================================================
[2026-09-17 13:50:00] [INFO] OVERSTAY CRON COMPLETED
[2026-09-17 13:50:00] [INFO] ==================================================
[2026-09-17 13:50:00] [INFO] [SUBSCRIPTION] Subscriptions found: 2
[2026-09-17 13:50:00] [INFO] [SUBSCRIPTION] mani hotel | Expiry: 2026-10-16 | Days Remaining: 29
[2026-09-17 13:50:00] [INFO] [SUBSCRIPTION] hotel 2 | Expiry: 2026-10-17 | Days Remaining: 30
[2026-09-17 13:50:00] [INFO] ==================================================
[2026-09-17 13:50:00] [INFO] SUBSCRIPTION EXPIRY CRON COMPLETED
[2026-09-17 13:50:00] [INFO] ==================================================
[2026-09-17 13:51:00] [INFO] [SUBSCRIPTION] Expiry cron triggered
[2026-09-17 13:51:00] [INFO] ==================================================
[2026-09-17 13:51:00] [INFO] SUBSCRIPTION EXPIRY CRON STARTED
[2026-09-17 13:51:00] [INFO] ==================================================
[2026-09-17 13:51:00] [INFO] [SUBSCRIPTION] Current India Date: 2026-09-17
[2026-09-17 13:51:00] [INFO] [OVERSTAY] Cron triggered
[2026-09-17 13:51:00] [INFO] ==================================================
[2026-09-17 13:51:00] [INFO] OVERSTAY CRON STARTED
[2026-09-17 13:51:00] [INFO] ==================================================
[2026-09-17 13:51:00] [INFO] [OVERSTAY] Current India Date/Time: 17/09/2026 13:51:00
[2026-09-17 13:51:00] [INFO] [OVERSTAY] Timezone: Asia/Kolkata
[2026-09-17 13:51:00] [INFO] [OVERSTAY] Staying customers found: 0
[2026-09-17 13:51:00] [INFO] ==================================================
[2026-09-17 13:51:00] [INFO] OVERSTAY CRON COMPLETED
[2026-09-17 13:51:00] [INFO] ==================================================
[2026-09-17 13:51:00] [INFO] [SUBSCRIPTION] Subscriptions found: 2
[2026-09-17 13:51:00] [INFO] [SUBSCRIPTION] mani hotel | Expiry: 2026-10-16 | Days Remaining: 29
[2026-09-17 13:51:00] [INFO] [SUBSCRIPTION] hotel 2 | Expiry: 2026-10-17 | Days Remaining: 30
[2026-09-17 13:51:00] [INFO] ==================================================
[2026-09-17 13:51:00] [INFO] SUBSCRIPTION EXPIRY CRON COMPLETED
[2026-09-17 13:51:00] [INFO] ==================================================
[2026-09-17 13:52:00] [INFO] [SUBSCRIPTION] Expiry cron triggered
[2026-09-17 13:52:00] [INFO] ==================================================
[2026-09-17 13:52:00] [INFO] SUBSCRIPTION EXPIRY CRON STARTED
[2026-09-17 13:52:00] [INFO] ==================================================
[2026-09-17 13:52:00] [INFO] [SUBSCRIPTION] Current India Date: 2026-09-17
[2026-09-17 13:52:00] [INFO] [OVERSTAY] Cron triggered
[2026-09-17 13:52:00] [INFO] ==================================================
[2026-09-17 13:52:00] [INFO] OVERSTAY CRON STARTED
[2026-09-17 13:52:00] [INFO] ==================================================
[2026-09-17 13:52:00] [INFO] [OVERSTAY] Current India Date/Time: 17/09/2026 13:52:00
[2026-09-17 13:52:00] [INFO] [OVERSTAY] Timezone: Asia/Kolkata
[2026-09-17 13:52:00] [INFO] [OVERSTAY] Staying customers found: 0
[2026-09-17 13:52:00] [INFO] ==================================================
[2026-09-17 13:52:00] [INFO] OVERSTAY CRON COMPLETED
[2026-09-17 13:52:00] [INFO] ==================================================
[2026-09-17 13:52:00] [INFO] [SUBSCRIPTION] Subscriptions found: 2
[2026-09-17 13:52:00] [INFO] [SUBSCRIPTION] mani hotel | Expiry: 2026-10-16 | Days Remaining: 29
[2026-09-17 13:52:00] [INFO] [SUBSCRIPTION] hotel 2 | Expiry: 2026-10-17 | Days Remaining: 30
[2026-09-17 13:52:00] [INFO] ==================================================
[2026-09-17 13:52:00] [INFO] SUBSCRIPTION EXPIRY CRON COMPLETED
[2026-09-17 13:52:00] [INFO] ==================================================
[2026-09-17 13:53:00] [INFO] [SUBSCRIPTION] Expiry cron triggered
[2026-09-17 13:53:00] [INFO] ==================================================
[2026-09-17 13:53:00] [INFO] SUBSCRIPTION EXPIRY CRON STARTED
[2026-09-17 13:53:00] [INFO] ==================================================
[2026-09-17 13:53:00] [INFO] [SUBSCRIPTION] Current India Date: 2026-09-17
[2026-09-17 13:53:00] [INFO] [OVERSTAY] Cron triggered
[2026-09-17 13:53:00] [INFO] ==================================================
[2026-09-17 13:53:00] [INFO] OVERSTAY CRON STARTED
[2026-09-17 13:53:00] [INFO] ==================================================
[2026-09-17 13:53:00] [INFO] [OVERSTAY] Current India Date/Time: 17/09/2026 13:53:00
[2026-09-17 13:53:00] [INFO] [OVERSTAY] Timezone: Asia/Kolkata
[2026-09-17 13:53:00] [INFO] [OVERSTAY] Staying customers found: 0
[2026-09-17 13:53:00] [INFO] ==================================================
[2026-09-17 13:53:00] [INFO] OVERSTAY CRON COMPLETED
[2026-09-17 13:53:00] [INFO] ==================================================
[2026-09-17 13:53:00] [INFO] [SUBSCRIPTION] Subscriptions found: 2
[2026-09-17 13:53:00] [INFO] [SUBSCRIPTION] mani hotel | Expiry: 2026-10-16 | Days Remaining: 29
[2026-09-17 13:53:00] [INFO] [SUBSCRIPTION] hotel 2 | Expiry: 2026-10-17 | Days Remaining: 30
[2026-09-17 13:53:00] [INFO] ==================================================
[2026-09-17 13:53:00] [INFO] SUBSCRIPTION EXPIRY CRON COMPLETED
[2026-09-17 13:53:00] [INFO] ==================================================
[2026-09-17 13:54:00] [INFO] [OVERSTAY] Cron triggered
[2026-09-17 13:54:00] [INFO] ==================================================
[2026-09-17 13:54:00] [INFO] OVERSTAY CRON STARTED
[2026-09-17 13:54:00] [INFO] ==================================================
[2026-09-17 13:54:00] [INFO] [OVERSTAY] Current India Date/Time: 17/09/2026 13:54:00
[2026-09-17 13:54:00] [INFO] [OVERSTAY] Timezone: Asia/Kolkata
[2026-09-17 13:54:00] [INFO] [SUBSCRIPTION] Expiry cron triggered
[2026-09-17 13:54:00] [INFO] ==================================================
[2026-09-17 13:54:00] [INFO] SUBSCRIPTION EXPIRY CRON STARTED
[2026-09-17 13:54:00] [INFO] ==================================================
[2026-09-17 13:54:00] [INFO] [SUBSCRIPTION] Current India Date: 2026-09-17
[2026-09-17 13:54:00] [INFO] [OVERSTAY] Staying customers found: 0
[2026-09-17 13:54:00] [INFO] ==================================================
[2026-09-17 13:54:00] [INFO] OVERSTAY CRON COMPLETED
[2026-09-17 13:54:00] [INFO] ==================================================
[2026-09-17 13:54:00] [INFO] [SUBSCRIPTION] Subscriptions found: 2
[2026-09-17 13:54:00] [INFO] [SUBSCRIPTION] mani hotel | Expiry: 2026-10-16 | Days Remaining: 29
[2026-09-17 13:54:00] [INFO] [SUBSCRIPTION] hotel 2 | Expiry: 2026-10-17 | Days Remaining: 30
[2026-09-17 13:54:00] [INFO] ==================================================
[2026-09-17 13:54:00] [INFO] SUBSCRIPTION EXPIRY CRON COMPLETED
[2026-09-17 13:54:00] [INFO] ==================================================
[2026-09-17 13:55:00] [INFO] [SUBSCRIPTION] Expiry cron triggered
[2026-09-17 13:55:00] [INFO] ==================================================
[2026-09-17 13:55:00] [INFO] SUBSCRIPTION EXPIRY CRON STARTED
[2026-09-17 13:55:00] [INFO] ==================================================
[2026-09-17 13:55:00] [INFO] [SUBSCRIPTION] Current India Date: 2026-09-17
[2026-09-17 13:55:00] [INFO] [OVERSTAY] Cron triggered
[2026-09-17 13:55:00] [INFO] ==================================================
[2026-09-17 13:55:00] [INFO] OVERSTAY CRON STARTED
[2026-09-17 13:55:00] [INFO] ==================================================
[2026-09-17 13:55:00] [INFO] [OVERSTAY] Current India Date/Time: 17/09/2026 13:55:00
[2026-09-17 13:55:00] [INFO] [OVERSTAY] Timezone: Asia/Kolkata
[2026-09-17 13:55:00] [INFO] [OVERSTAY] Staying customers found: 0
[2026-09-17 13:55:00] [INFO] ==================================================
[2026-09-17 13:55:00] [INFO] OVERSTAY CRON COMPLETED
[2026-09-17 13:55:00] [INFO] ==================================================
[2026-09-17 13:55:00] [INFO] [SUBSCRIPTION] Subscriptions found: 2
[2026-09-17 13:55:00] [INFO] [SUBSCRIPTION] mani hotel | Expiry: 2026-10-16 | Days Remaining: 29
[2026-09-17 13:55:00] [INFO] [SUBSCRIPTION] hotel 2 | Expiry: 2026-10-17 | Days Remaining: 30
[2026-09-17 13:55:00] [INFO] ==================================================
[2026-09-17 13:55:00] [INFO] SUBSCRIPTION EXPIRY CRON COMPLETED
[2026-09-17 13:55:00] [INFO] ==================================================
[2026-09-17 13:56:00] [INFO] [SUBSCRIPTION] Expiry cron triggered
[2026-09-17 13:56:00] [INFO] ==================================================
[2026-09-17 13:56:00] [INFO] SUBSCRIPTION EXPIRY CRON STARTED
[2026-09-17 13:56:00] [INFO] ==================================================
[2026-09-17 13:56:00] [INFO] [SUBSCRIPTION] Current India Date: 2026-09-17
[2026-09-17 13:56:00] [INFO] [OVERSTAY] Cron triggered
[2026-09-17 13:56:00] [INFO] ==================================================
[2026-09-17 13:56:00] [INFO] OVERSTAY CRON STARTED
[2026-09-17 13:56:00] [INFO] ==================================================
[2026-09-17 13:56:00] [INFO] [OVERSTAY] Current India Date/Time: 17/09/2026 13:56:00
[2026-09-17 13:56:00] [INFO] [OVERSTAY] Timezone: Asia/Kolkata
[2026-09-17 13:56:00] [INFO] [OVERSTAY] Staying customers found: 0
[2026-09-17 13:56:00] [INFO] ==================================================
[2026-09-17 13:56:00] [INFO] OVERSTAY CRON COMPLETED
[2026-09-17 13:56:00] [INFO] ==================================================
[2026-09-17 13:56:00] [INFO] [SUBSCRIPTION] Subscriptions found: 2
[2026-09-17 13:56:00] [INFO] [SUBSCRIPTION] mani hotel | Expiry: 2026-10-16 | Days Remaining: 29
[2026-09-17 13:56:00] [INFO] [SUBSCRIPTION] hotel 2 | Expiry: 2026-10-17 | Days Remaining: 30
[2026-09-17 13:56:00] [INFO] ==================================================
[2026-09-17 13:56:00] [INFO] SUBSCRIPTION EXPIRY CRON COMPLETED
[2026-09-17 13:56:00] [INFO] ==================================================
[2026-09-17 13:57:00] [INFO] [SUBSCRIPTION] Expiry cron triggered
[2026-09-17 13:57:00] [INFO] ==================================================
[2026-09-17 13:57:00] [INFO] SUBSCRIPTION EXPIRY CRON STARTED
[2026-09-17 13:57:00] [INFO] ==================================================
[2026-09-17 13:57:00] [INFO] [SUBSCRIPTION] Current India Date: 2026-09-17
[2026-09-17 13:57:00] [INFO] [OVERSTAY] Cron triggered
[2026-09-17 13:57:00] [INFO] ==================================================
[2026-09-17 13:57:00] [INFO] OVERSTAY CRON STARTED
[2026-09-17 13:57:00] [INFO] ==================================================
[2026-09-17 13:57:00] [INFO] [OVERSTAY] Current India Date/Time: 17/09/2026 13:57:00
[2026-09-17 13:57:00] [INFO] [OVERSTAY] Timezone: Asia/Kolkata
[2026-09-17 13:57:00] [INFO] [OVERSTAY] Staying customers found: 0
[2026-09-17 13:57:00] [INFO] ==================================================
[2026-09-17 13:57:00] [INFO] OVERSTAY CRON COMPLETED
[2026-09-17 13:57:00] [INFO] ==================================================
[2026-09-17 13:57:00] [INFO] [SUBSCRIPTION] Subscriptions found: 2
[2026-09-17 13:57:00] [INFO] [SUBSCRIPTION] mani hotel | Expiry: 2026-10-16 | Days Remaining: 29
[2026-09-17 13:57:00] [INFO] [SUBSCRIPTION] hotel 2 | Expiry: 2026-10-17 | Days Remaining: 30
[2026-09-17 13:57:00] [INFO] ==================================================
[2026-09-17 13:57:00] [INFO] SUBSCRIPTION EXPIRY CRON COMPLETED
[2026-09-17 13:57:00] [INFO] ==================================================
[2026-09-17 13:58:00] [INFO] [SUBSCRIPTION] Expiry cron triggered
[2026-09-17 13:58:00] [INFO] ==================================================
[2026-09-17 13:58:00] [INFO] SUBSCRIPTION EXPIRY CRON STARTED
[2026-09-17 13:58:00] [INFO] ==================================================
[2026-09-17 13:58:00] [INFO] [SUBSCRIPTION] Current India Date: 2026-09-17
[2026-09-17 13:58:00] [INFO] [OVERSTAY] Cron triggered
[2026-09-17 13:58:00] [INFO] ==================================================
[2026-09-17 13:58:00] [INFO] OVERSTAY CRON STARTED
[2026-09-17 13:58:00] [INFO] ==================================================
[2026-09-17 13:58:00] [INFO] [OVERSTAY] Current India Date/Time: 17/09/2026 13:58:00
[2026-09-17 13:58:00] [INFO] [OVERSTAY] Timezone: Asia/Kolkata
[2026-09-17 13:58:00] [INFO] [OVERSTAY] Staying customers found: 0
[2026-09-17 13:58:00] [INFO] ==================================================
[2026-09-17 13:58:00] [INFO] OVERSTAY CRON COMPLETED
[2026-09-17 13:58:00] [INFO] ==================================================
[2026-09-17 13:58:00] [INFO] [SUBSCRIPTION] Subscriptions found: 2
[2026-09-17 13:58:00] [INFO] [SUBSCRIPTION] mani hotel | Expiry: 2026-10-16 | Days Remaining: 29
[2026-09-17 13:58:00] [INFO] [SUBSCRIPTION] hotel 2 | Expiry: 2026-10-17 | Days Remaining: 30
[2026-09-17 13:58:00] [INFO] ==================================================
[2026-09-17 13:58:00] [INFO] SUBSCRIPTION EXPIRY CRON COMPLETED
[2026-09-17 13:58:00] [INFO] ==================================================
[2026-09-17 13:59:00] [INFO] [SUBSCRIPTION] Expiry cron triggered
[2026-09-17 13:59:00] [INFO] ==================================================
[2026-09-17 13:59:00] [INFO] SUBSCRIPTION EXPIRY CRON STARTED
[2026-09-17 13:59:00] [INFO] ==================================================
[2026-09-17 13:59:00] [INFO] [SUBSCRIPTION] Current India Date: 2026-09-17
[2026-09-17 13:59:00] [INFO] [OVERSTAY] Cron triggered
[2026-09-17 13:59:00] [INFO] ==================================================
[2026-09-17 13:59:00] [INFO] OVERSTAY CRON STARTED
[2026-09-17 13:59:00] [INFO] ==================================================
[2026-09-17 13:59:00] [INFO] [OVERSTAY] Current India Date/Time: 17/09/2026 13:59:00
[2026-09-17 13:59:00] [INFO] [OVERSTAY] Timezone: Asia/Kolkata
[2026-09-17 13:59:00] [INFO] [OVERSTAY] Staying customers found: 0
[2026-09-17 13:59:00] [INFO] ==================================================
[2026-09-17 13:59:00] [INFO] OVERSTAY CRON COMPLETED
[2026-09-17 13:59:00] [INFO] ==================================================
[2026-09-17 13:59:00] [INFO] [SUBSCRIPTION] Subscriptions found: 2
[2026-09-17 13:59:00] [INFO] [SUBSCRIPTION] mani hotel | Expiry: 2026-10-16 | Days Remaining: 29
[2026-09-17 13:59:00] [INFO] [SUBSCRIPTION] hotel 2 | Expiry: 2026-10-17 | Days Remaining: 30
[2026-09-17 13:59:00] [INFO] ==================================================
[2026-09-17 13:59:00] [INFO] SUBSCRIPTION EXPIRY CRON COMPLETED
[2026-09-17 13:59:00] [INFO] ==================================================
[2026-09-17 14:00:00] [INFO] [SUBSCRIPTION] Expiry cron triggered
[2026-09-17 14:00:00] [INFO] ==================================================
[2026-09-17 14:00:00] [INFO] SUBSCRIPTION EXPIRY CRON STARTED
[2026-09-17 14:00:00] [INFO] ==================================================
[2026-09-17 14:00:00] [INFO] [SUBSCRIPTION] Current India Date: 2026-09-17
[2026-09-17 14:00:00] [INFO] [OVERSTAY] Cron triggered
[2026-09-17 14:00:00] [INFO] ==================================================
[2026-09-17 14:00:00] [INFO] OVERSTAY CRON STARTED
[2026-09-17 14:00:00] [INFO] ==================================================
[2026-09-17 14:00:00] [INFO] [OVERSTAY] Current India Date/Time: 17/09/2026 14:00:00
[2026-09-17 14:00:00] [INFO] [OVERSTAY] Timezone: Asia/Kolkata
[2026-09-17 14:00:00] [INFO] [OVERSTAY] Staying customers found: 0
[2026-09-17 14:00:00] [INFO] ==================================================
[2026-09-17 14:00:00] [INFO] OVERSTAY CRON COMPLETED
[2026-09-17 14:00:00] [INFO] ==================================================
[2026-09-17 14:00:00] [INFO] [SUBSCRIPTION] Subscriptions found: 2
[2026-09-17 14:00:00] [INFO] [SUBSCRIPTION] mani hotel | Expiry: 2026-10-16 | Days Remaining: 29
[2026-09-17 14:00:00] [INFO] [SUBSCRIPTION] hotel 2 | Expiry: 2026-10-17 | Days Remaining: 30
[2026-09-17 14:00:00] [INFO] ==================================================
[2026-09-17 14:00:00] [INFO] SUBSCRIPTION EXPIRY CRON COMPLETED
[2026-09-17 14:00:00] [INFO] ==================================================
[2026-09-17 14:01:00] [INFO] [OVERSTAY] Cron triggered
[2026-09-17 14:01:00] [INFO] ==================================================
[2026-09-17 14:01:00] [INFO] OVERSTAY CRON STARTED
[2026-09-17 14:01:00] [INFO] ==================================================
[2026-09-17 14:01:00] [INFO] [OVERSTAY] Current India Date/Time: 17/09/2026 14:01:00
[2026-09-17 14:01:00] [INFO] [OVERSTAY] Timezone: Asia/Kolkata
[2026-09-17 14:01:00] [INFO] [SUBSCRIPTION] Expiry cron triggered
[2026-09-17 14:01:00] [INFO] ==================================================
[2026-09-17 14:01:00] [INFO] SUBSCRIPTION EXPIRY CRON STARTED
[2026-09-17 14:01:00] [INFO] ==================================================
[2026-09-17 14:01:00] [INFO] [SUBSCRIPTION] Current India Date: 2026-09-17
[2026-09-17 14:01:00] [INFO] [OVERSTAY] Staying customers found: 0
[2026-09-17 14:01:00] [INFO] ==================================================
[2026-09-17 14:01:00] [INFO] OVERSTAY CRON COMPLETED
[2026-09-17 14:01:00] [INFO] ==================================================
[2026-09-17 14:01:00] [INFO] [SUBSCRIPTION] Subscriptions found: 2
[2026-09-17 14:01:00] [INFO] [SUBSCRIPTION] mani hotel | Expiry: 2026-10-16 | Days Remaining: 29
[2026-09-17 14:01:00] [INFO] [SUBSCRIPTION] hotel 2 | Expiry: 2026-10-17 | Days Remaining: 30
[2026-09-17 14:01:00] [INFO] ==================================================
[2026-09-17 14:01:00] [INFO] SUBSCRIPTION EXPIRY CRON COMPLETED
[2026-09-17 14:01:00] [INFO] ==================================================
[2026-09-17 14:02:00] [INFO] [OVERSTAY] Cron triggered
[2026-09-17 14:02:00] [INFO] ==================================================
[2026-09-17 14:02:00] [INFO] OVERSTAY CRON STARTED
[2026-09-17 14:02:00] [INFO] ==================================================
[2026-09-17 14:02:00] [INFO] [OVERSTAY] Current India Date/Time: 17/09/2026 14:02:00
[2026-09-17 14:02:00] [INFO] [OVERSTAY] Timezone: Asia/Kolkata
[2026-09-17 14:02:00] [INFO] [SUBSCRIPTION] Expiry cron triggered
[2026-09-17 14:02:00] [INFO] ==================================================
[2026-09-17 14:02:00] [INFO] SUBSCRIPTION EXPIRY CRON STARTED
[2026-09-17 14:02:00] [INFO] ==================================================
[2026-09-17 14:02:00] [INFO] [SUBSCRIPTION] Current India Date: 2026-09-17
[2026-09-17 14:02:00] [INFO] [OVERSTAY] Staying customers found: 0
[2026-09-17 14:02:00] [INFO] ==================================================
[2026-09-17 14:02:00] [INFO] OVERSTAY CRON COMPLETED
[2026-09-17 14:02:00] [INFO] ==================================================
[2026-09-17 14:02:00] [INFO] [SUBSCRIPTION] Subscriptions found: 2
[2026-09-17 14:02:00] [INFO] [SUBSCRIPTION] mani hotel | Expiry: 2026-10-16 | Days Remaining: 29
[2026-09-17 14:02:00] [INFO] [SUBSCRIPTION] hotel 2 | Expiry: 2026-10-17 | Days Remaining: 30
[2026-09-17 14:02:00] [INFO] ==================================================
[2026-09-17 14:02:00] [INFO] SUBSCRIPTION EXPIRY CRON COMPLETED
[2026-09-17 14:02:00] [INFO] ==================================================
[2026-09-17 14:03:00] [INFO] [OVERSTAY] Cron triggered
[2026-09-17 14:03:00] [INFO] ==================================================
[2026-09-17 14:03:00] [INFO] OVERSTAY CRON STARTED
[2026-09-17 14:03:00] [INFO] ==================================================
[2026-09-17 14:03:00] [INFO] [OVERSTAY] Current India Date/Time: 17/09/2026 14:03:00
[2026-09-17 14:03:00] [INFO] [OVERSTAY] Timezone: Asia/Kolkata
[2026-09-17 14:03:00] [INFO] [SUBSCRIPTION] Expiry cron triggered
[2026-09-17 14:03:00] [INFO] ==================================================
[2026-09-17 14:03:00] [INFO] SUBSCRIPTION EXPIRY CRON STARTED
[2026-09-17 14:03:00] [INFO] ==================================================
[2026-09-17 14:03:00] [INFO] [SUBSCRIPTION] Current India Date: 2026-09-17
[2026-09-17 14:03:00] [INFO] [OVERSTAY] Staying customers found: 0
[2026-09-17 14:03:00] [INFO] ==================================================
[2026-09-17 14:03:00] [INFO] OVERSTAY CRON COMPLETED
[2026-09-17 14:03:00] [INFO] ==================================================
[2026-09-17 14:03:00] [INFO] [SUBSCRIPTION] Subscriptions found: 2
[2026-09-17 14:03:00] [INFO] [SUBSCRIPTION] mani hotel | Expiry: 2026-10-16 | Days Remaining: 29
[2026-09-17 14:03:00] [INFO] [SUBSCRIPTION] hotel 2 | Expiry: 2026-10-17 | Days Remaining: 30
[2026-09-17 14:03:00] [INFO] ==================================================
[2026-09-17 14:03:00] [INFO] SUBSCRIPTION EXPIRY CRON COMPLETED
[2026-09-17 14:03:00] [INFO] ==================================================
[2026-09-17 14:04:00] [INFO] [SUBSCRIPTION] Expiry cron triggered
[2026-09-17 14:04:00] [INFO] ==================================================
[2026-09-17 14:04:00] [INFO] SUBSCRIPTION EXPIRY CRON STARTED
[2026-09-17 14:04:00] [INFO] ==================================================
[2026-09-17 14:04:00] [INFO] [SUBSCRIPTION] Current India Date: 2026-09-17
[2026-09-17 14:04:00] [INFO] [OVERSTAY] Cron triggered
[2026-09-17 14:04:00] [INFO] ==================================================
[2026-09-17 14:04:00] [INFO] OVERSTAY CRON STARTED
[2026-09-17 14:04:00] [INFO] ==================================================
[2026-09-17 14:04:00] [INFO] [OVERSTAY] Current India Date/Time: 17/09/2026 14:04:00
[2026-09-17 14:04:00] [INFO] [OVERSTAY] Timezone: Asia/Kolkata
[2026-09-17 14:04:00] [INFO] [OVERSTAY] Staying customers found: 0
[2026-09-17 14:04:00] [INFO] ==================================================
[2026-09-17 14:04:00] [INFO] OVERSTAY CRON COMPLETED
[2026-09-17 14:04:00] [INFO] ==================================================
[2026-09-17 14:04:00] [INFO] [SUBSCRIPTION] Subscriptions found: 2
[2026-09-17 14:04:00] [INFO] [SUBSCRIPTION] mani hotel | Expiry: 2026-10-16 | Days Remaining: 29
[2026-09-17 14:04:00] [INFO] [SUBSCRIPTION] hotel 2 | Expiry: 2026-10-17 | Days Remaining: 30
[2026-09-17 14:04:00] [INFO] ==================================================
[2026-09-17 14:04:00] [INFO] SUBSCRIPTION EXPIRY CRON COMPLETED
[2026-09-17 14:04:00] [INFO] ==================================================
[2026-09-17 14:05:00] [INFO] [SUBSCRIPTION] Expiry cron triggered
[2026-09-17 14:05:00] [INFO] ==================================================
[2026-09-17 14:05:00] [INFO] SUBSCRIPTION EXPIRY CRON STARTED
[2026-09-17 14:05:00] [INFO] ==================================================
[2026-09-17 14:05:00] [INFO] [SUBSCRIPTION] Current India Date: 2026-09-17
[2026-09-17 14:05:00] [INFO] [OVERSTAY] Cron triggered
[2026-09-17 14:05:00] [INFO] ==================================================
[2026-09-17 14:05:00] [INFO] OVERSTAY CRON STARTED
[2026-09-17 14:05:00] [INFO] ==================================================
[2026-09-17 14:05:00] [INFO] [OVERSTAY] Current India Date/Time: 17/09/2026 14:05:00
[2026-09-17 14:05:00] [INFO] [OVERSTAY] Timezone: Asia/Kolkata
[2026-09-17 14:05:00] [INFO] [OVERSTAY] Staying customers found: 0
[2026-09-17 14:05:00] [INFO] ==================================================
[2026-09-17 14:05:00] [INFO] OVERSTAY CRON COMPLETED
[2026-09-17 14:05:00] [INFO] ==================================================
[2026-09-17 14:05:00] [INFO] [SUBSCRIPTION] Subscriptions found: 2
[2026-09-17 14:05:00] [INFO] [SUBSCRIPTION] mani hotel | Expiry: 2026-10-16 | Days Remaining: 29
[2026-09-17 14:05:00] [INFO] [SUBSCRIPTION] hotel 2 | Expiry: 2026-10-17 | Days Remaining: 30
[2026-09-17 14:05:00] [INFO] ==================================================
[2026-09-17 14:05:00] [INFO] SUBSCRIPTION EXPIRY CRON COMPLETED
[2026-09-17 14:05:00] [INFO] ==================================================
[2026-09-17 14:05:22] [INFO] [Permission Verify] Allowed. User: 6aaae3a8c8c8cbb9a8630ef0, Permission: dashboard
[2026-09-17 14:05:22] [INFO] [Permission Verify] Allowed. User: 6aaae3a8c8c8cbb9a8630ef0, Permission: dashboard
[2026-09-17 14:05:26] [INFO] INFO
[2026-09-17 14:05:26] [INFO] INFO
[2026-09-17 14:05:31] [INFO] [Permission Verify] Allowed. User: 6aaae3a8c8c8cbb9a8630ef0, Permission: roomsBooking
[2026-09-17 14:05:31] [INFO] [Booking] Get active bookings started. hotelId=6aaae0bcc8c8cbb9a8630ed4, branchId=6aaae1bdc8c8cbb9a8630ee3
[2026-09-17 14:05:31] [INFO] [Booking] Active bookings retrieved. hotelId=6aaae0bcc8c8cbb9a8630ed4, branchId=6aaae1bdc8c8cbb9a8630ee3, count=1
[2026-09-17 14:05:31] [INFO] [Permission Verify] Allowed. User: 6aaae3a8c8c8cbb9a8630ef0, Permission: roomsBooking
[2026-09-17 14:05:31] [INFO] [Booking] Get active bookings started. hotelId=6aaae0bcc8c8cbb9a8630ed4, branchId=6aaae1bdc8c8cbb9a8630ee3
[2026-09-17 14:05:31] [INFO] [Booking] Active bookings retrieved. hotelId=6aaae0bcc8c8cbb9a8630ed4, branchId=6aaae1bdc8c8cbb9a8630ee3, count=1
[2026-09-17 14:06:00] [INFO] [SUBSCRIPTION] Expiry cron triggered
[2026-09-17 14:06:00] [INFO] ==================================================
[2026-09-17 14:06:00] [INFO] SUBSCRIPTION EXPIRY CRON STARTED
[2026-09-17 14:06:00] [INFO] ==================================================
[2026-09-17 14:06:00] [INFO] [SUBSCRIPTION] Current India Date: 2026-09-17
[2026-09-17 14:06:00] [INFO] [OVERSTAY] Cron triggered
[2026-09-17 14:06:00] [INFO] ==================================================
[2026-09-17 14:06:00] [INFO] OVERSTAY CRON STARTED
[2026-09-17 14:06:00] [INFO] ==================================================
[2026-09-17 14:06:00] [INFO] [OVERSTAY] Current India Date/Time: 17/09/2026 14:06:00
[2026-09-17 14:06:00] [INFO] [OVERSTAY] Timezone: Asia/Kolkata
[2026-09-17 14:06:00] [INFO] [OVERSTAY] Staying customers found: 0
[2026-09-17 14:06:00] [INFO] ==================================================
[2026-09-17 14:06:00] [INFO] OVERSTAY CRON COMPLETED
[2026-09-17 14:06:00] [INFO] ==================================================
[2026-09-17 14:06:00] [INFO] [SUBSCRIPTION] Subscriptions found: 2
[2026-09-17 14:06:00] [INFO] [SUBSCRIPTION] mani hotel | Expiry: 2026-10-16 | Days Remaining: 29
[2026-09-17 14:06:00] [INFO] [SUBSCRIPTION] hotel 2 | Expiry: 2026-10-17 | Days Remaining: 30
[2026-09-17 14:06:00] [INFO] ==================================================
[2026-09-17 14:06:00] [INFO] SUBSCRIPTION EXPIRY CRON COMPLETED
[2026-09-17 14:06:00] [INFO] ==================================================
[2026-09-17 14:06:32] [INFO] [Permission Verify] Allowed. User: 6aaae3a8c8c8cbb9a8630ef0, Permission: roomsBooking
[2026-09-17 14:06:32] [INFO] [Booking] Get active bookings started. hotelId=6aaae0bcc8c8cbb9a8630ed4, branchId=6aaae1bdc8c8cbb9a8630ee3
[2026-09-17 14:06:32] [INFO] [Booking] Active bookings retrieved. hotelId=6aaae0bcc8c8cbb9a8630ed4, branchId=6aaae1bdc8c8cbb9a8630ee3, count=1
[2026-09-17 14:07:00] [INFO] [OVERSTAY] Cron triggered
[2026-09-17 14:07:00] [INFO] ==================================================
[2026-09-17 14:07:00] [INFO] OVERSTAY CRON STARTED
[2026-09-17 14:07:00] [INFO] ==================================================
[2026-09-17 14:07:00] [INFO] [OVERSTAY] Current India Date/Time: 17/09/2026 14:07:00
[2026-09-17 14:07:00] [INFO] [OVERSTAY] Timezone: Asia/Kolkata
[2026-09-17 14:07:00] [INFO] [SUBSCRIPTION] Expiry cron triggered
[2026-09-17 14:07:00] [INFO] ==================================================
[2026-09-17 14:07:00] [INFO] SUBSCRIPTION EXPIRY CRON STARTED
[2026-09-17 14:07:00] [INFO] ==================================================
[2026-09-17 14:07:00] [INFO] [SUBSCRIPTION] Current India Date: 2026-09-17
[2026-09-17 14:07:00] [INFO] [OVERSTAY] Staying customers found: 0
[2026-09-17 14:07:00] [INFO] ==================================================
[2026-09-17 14:07:00] [INFO] OVERSTAY CRON COMPLETED
[2026-09-17 14:07:00] [INFO] ==================================================
[2026-09-17 14:07:00] [INFO] [SUBSCRIPTION] Subscriptions found: 2
[2026-09-17 14:07:00] [INFO] [SUBSCRIPTION] mani hotel | Expiry: 2026-10-16 | Days Remaining: 29
[2026-09-17 14:07:00] [INFO] [SUBSCRIPTION] hotel 2 | Expiry: 2026-10-17 | Days Remaining: 30
[2026-09-17 14:07:00] [INFO] ==================================================
[2026-09-17 14:07:00] [INFO] SUBSCRIPTION EXPIRY CRON COMPLETED
[2026-09-17 14:07:00] [INFO] ==================================================
[2026-09-17 14:07:42] [INFO] [Permission Verify] Allowed. User: 6aaae3a8c8c8cbb9a8630ef0, Permission: roomsBooking
[2026-09-17 14:07:42] [INFO] [Booking] Get active bookings started. hotelId=6aaae0bcc8c8cbb9a8630ed4, branchId=6aaae1bdc8c8cbb9a8630ee3
[2026-09-17 14:07:42] [INFO] [Booking] Active bookings retrieved. hotelId=6aaae0bcc8c8cbb9a8630ed4, branchId=6aaae1bdc8c8cbb9a8630ee3, count=1
[2026-09-17 14:08:00] [INFO] [OVERSTAY] Cron triggered
[2026-09-17 14:08:00] [INFO] ==================================================
[2026-09-17 14:08:00] [INFO] OVERSTAY CRON STARTED
[2026-09-17 14:08:00] [INFO] ==================================================
[2026-09-17 14:08:00] [INFO] [OVERSTAY] Current India Date/Time: 17/09/2026 14:08:00
[2026-09-17 14:08:00] [INFO] [OVERSTAY] Timezone: Asia/Kolkata
[2026-09-17 14:08:00] [INFO] [SUBSCRIPTION] Expiry cron triggered
[2026-09-17 14:08:00] [INFO] ==================================================
[2026-09-17 14:08:00] [INFO] SUBSCRIPTION EXPIRY CRON STARTED
[2026-09-17 14:08:00] [INFO] ==================================================
[2026-09-17 14:08:00] [INFO] [SUBSCRIPTION] Current India Date: 2026-09-17
[2026-09-17 14:08:00] [INFO] [OVERSTAY] Staying customers found: 0
[2026-09-17 14:08:00] [INFO] ==================================================
[2026-09-17 14:08:00] [INFO] OVERSTAY CRON COMPLETED
[2026-09-17 14:08:00] [INFO] ==================================================
[2026-09-17 14:08:00] [INFO] [SUBSCRIPTION] Subscriptions found: 2
[2026-09-17 14:08:00] [INFO] [SUBSCRIPTION] mani hotel | Expiry: 2026-10-16 | Days Remaining: 29
[2026-09-17 14:08:00] [INFO] [SUBSCRIPTION] hotel 2 | Expiry: 2026-10-17 | Days Remaining: 30
[2026-09-17 14:08:00] [INFO] ==================================================
[2026-09-17 14:08:00] [INFO] SUBSCRIPTION EXPIRY CRON COMPLETED
[2026-09-17 14:08:00] [INFO] ==================================================
[2026-09-17 14:08:32] [INFO] [Permission Verify] Allowed. User: 6aaae3a8c8c8cbb9a8630ef0, Permission: roomsBooking
[2026-09-17 14:08:32] [INFO] [Booking] Get active bookings started. hotelId=6aaae0bcc8c8cbb9a8630ed4, branchId=6aaae1bdc8c8cbb9a8630ee3
[2026-09-17 14:08:32] [INFO] [Booking] Active bookings retrieved. hotelId=6aaae0bcc8c8cbb9a8630ed4, branchId=6aaae1bdc8c8cbb9a8630ee3, count=1
[2026-09-17 14:08:45] [INFO] INFO
[2026-09-17 14:08:45] [INFO] INFO
[2026-09-17 14:08:46] [INFO] [Permission Verify] Allowed. User: 6aaae3a8c8c8cbb9a8630ef0, Permission: roomsBooking
[2026-09-17 14:08:46] [INFO] [Booking] Get active bookings started. hotelId=6aaae0bcc8c8cbb9a8630ed4, branchId=6aaae1bdc8c8cbb9a8630ee3
[2026-09-17 14:08:46] [INFO] [Booking] Active bookings retrieved. hotelId=6aaae0bcc8c8cbb9a8630ed4, branchId=6aaae1bdc8c8cbb9a8630ee3, count=1
[2026-09-17 14:08:46] [INFO] [Permission Verify] Allowed. User: 6aaae3a8c8c8cbb9a8630ef0, Permission: roomsBooking
[2026-09-17 14:08:46] [INFO] [Booking] Get active bookings started. hotelId=6aaae0bcc8c8cbb9a8630ed4, branchId=6aaae1bdc8c8cbb9a8630ee3
[2026-09-17 14:08:47] [INFO] [Booking] Active bookings retrieved. hotelId=6aaae0bcc8c8cbb9a8630ed4, branchId=6aaae1bdc8c8cbb9a8630ee3, count=1
[2026-09-17 14:08:49] [INFO] [Permission Verify] Allowed. User: 6aaae3a8c8c8cbb9a8630ef0, Permission: settings
[2026-09-17 14:08:49] [INFO] [Settings] GET started. userId=6aaae3a8c8c8cbb9a8630ef0
[2026-09-17 14:08:49] [INFO] [Settings] Tenant resolved. hotelId=6aaae0bcc8c8cbb9a8630ed4, branchId=6aaae1bdc8c8cbb9a8630ee3
[2026-09-17 14:08:49] [INFO] [Settings] Verifying branch ownership. hotelId=6aaae0bcc8c8cbb9a8630ed4, branchId=6aaae1bdc8c8cbb9a8630ee3
[2026-09-17 14:08:49] [INFO] [Settings] Searching settings. hotelId=6aaae0bcc8c8cbb9a8630ed4, branchId=6aaae1bdc8c8cbb9a8630ee3
[2026-09-17 14:08:49] [INFO] [Settings] No exact settings found. Checking legacy settings. hotelId=6aaae0bcc8c8cbb9a8630ed4, branchId=6aaae1bdc8c8cbb9a8630ee3
[2026-09-17 14:08:50] [INFO] [Settings] No settings configured for branch. hotelId=6aaae0bcc8c8cbb9a8630ed4, branchId=6aaae1bdc8c8cbb9a8630ee3
[2026-09-17 14:08:50] [INFO] [Permission Verify] Allowed. User: 6aaae3a8c8c8cbb9a8630ef0, Permission: settings
[2026-09-17 14:08:50] [INFO] [Settings] GET started. userId=6aaae3a8c8c8cbb9a8630ef0
[2026-09-17 14:08:50] [INFO] [Settings] Tenant resolved. hotelId=6aaae0bcc8c8cbb9a8630ed4, branchId=6aaae1bdc8c8cbb9a8630ee3
[2026-09-17 14:08:50] [INFO] [Settings] Verifying branch ownership. hotelId=6aaae0bcc8c8cbb9a8630ed4, branchId=6aaae1bdc8c8cbb9a8630ee3
[2026-09-17 14:08:50] [INFO] [Settings] Searching settings. hotelId=6aaae0bcc8c8cbb9a8630ed4, branchId=6aaae1bdc8c8cbb9a8630ee3
[2026-09-17 14:08:50] [INFO] [Settings] No exact settings found. Checking legacy settings. hotelId=6aaae0bcc8c8cbb9a8630ed4, branchId=6aaae1bdc8c8cbb9a8630ee3
[2026-09-17 14:08:50] [INFO] [Settings] No settings configured for branch. hotelId=6aaae0bcc8c8cbb9a8630ed4, branchId=6aaae1bdc8c8cbb9a8630ee3
[2026-09-17 14:09:00] [INFO] [SUBSCRIPTION] Expiry cron triggered
[2026-09-17 14:09:00] [INFO] ==================================================
[2026-09-17 14:09:00] [INFO] SUBSCRIPTION EXPIRY CRON STARTED
[2026-09-17 14:09:00] [INFO] ==================================================
[2026-09-17 14:09:00] [INFO] [SUBSCRIPTION] Current India Date: 2026-09-17
[2026-09-17 14:09:00] [INFO] [OVERSTAY] Cron triggered
[2026-09-17 14:09:00] [INFO] ==================================================
[2026-09-17 14:09:00] [INFO] OVERSTAY CRON STARTED
[2026-09-17 14:09:00] [INFO] ==================================================
[2026-09-17 14:09:00] [INFO] [OVERSTAY] Current India Date/Time: 17/09/2026 14:09:00
[2026-09-17 14:09:00] [INFO] [OVERSTAY] Timezone: Asia/Kolkata
[2026-09-17 14:09:00] [INFO] [SUBSCRIPTION] Subscriptions found: 2
[2026-09-17 14:09:00] [INFO] [OVERSTAY] Staying customers found: 0
[2026-09-17 14:09:00] [INFO] ==================================================
[2026-09-17 14:09:00] [INFO] OVERSTAY CRON COMPLETED
[2026-09-17 14:09:00] [INFO] ==================================================
[2026-09-17 14:09:00] [INFO] [SUBSCRIPTION] mani hotel | Expiry: 2026-10-16 | Days Remaining: 29
[2026-09-17 14:09:00] [INFO] [SUBSCRIPTION] hotel 2 | Expiry: 2026-10-17 | Days Remaining: 30
[2026-09-17 14:09:00] [INFO] ==================================================
[2026-09-17 14:09:00] [INFO] SUBSCRIPTION EXPIRY CRON COMPLETED
[2026-09-17 14:09:00] [INFO] ==================================================
[2026-09-17 14:10:00] [INFO] [SUBSCRIPTION] Expiry cron triggered
[2026-09-17 14:10:00] [INFO] ==================================================
[2026-09-17 14:10:00] [INFO] SUBSCRIPTION EXPIRY CRON STARTED
[2026-09-17 14:10:00] [INFO] ==================================================
[2026-09-17 14:10:00] [INFO] [SUBSCRIPTION] Current India Date: 2026-09-17
[2026-09-17 14:10:00] [INFO] [OVERSTAY] Cron triggered
[2026-09-17 14:10:00] [INFO] ==================================================
[2026-09-17 14:10:00] [INFO] OVERSTAY CRON STARTED
[2026-09-17 14:10:00] [INFO] ==================================================
[2026-09-17 14:10:00] [INFO] [OVERSTAY] Current India Date/Time: 17/09/2026 14:10:00
[2026-09-17 14:10:00] [INFO] [OVERSTAY] Timezone: Asia/Kolkata
[2026-09-17 14:10:00] [INFO] [OVERSTAY] Staying customers found: 0
[2026-09-17 14:10:00] [INFO] ==================================================
[2026-09-17 14:10:00] [INFO] OVERSTAY CRON COMPLETED
[2026-09-17 14:10:00] [INFO] ==================================================
[2026-09-17 14:10:00] [INFO] [SUBSCRIPTION] Subscriptions found: 2
[2026-09-17 14:10:00] [INFO] [SUBSCRIPTION] mani hotel | Expiry: 2026-10-16 | Days Remaining: 29
[2026-09-17 14:10:00] [INFO] [SUBSCRIPTION] hotel 2 | Expiry: 2026-10-17 | Days Remaining: 30
[2026-09-17 14:10:00] [INFO] ==================================================
[2026-09-17 14:10:00] [INFO] SUBSCRIPTION EXPIRY CRON COMPLETED
[2026-09-17 14:10:00] [INFO] ==================================================
[2026-09-17 14:10:45] [INFO] [Permission Verify] Forbidden. User: 6aaae3a8c8c8cbb9a8630ef0, Role: receptionist, Permission: invoice
[2026-09-17 14:10:55] [INFO] [Permission Verify] Forbidden. User: 6aaae3a8c8c8cbb9a8630ef0, Role: receptionist, Permission: invoice
[2026-09-17 14:11:00] [INFO] [SUBSCRIPTION] Expiry cron triggered
[2026-09-17 14:11:00] [INFO] ==================================================
[2026-09-17 14:11:00] [INFO] SUBSCRIPTION EXPIRY CRON STARTED
[2026-09-17 14:11:00] [INFO] ==================================================
[2026-09-17 14:11:00] [INFO] [SUBSCRIPTION] Current India Date: 2026-09-17
[2026-09-17 14:11:00] [INFO] [OVERSTAY] Cron triggered
[2026-09-17 14:11:00] [INFO] ==================================================
[2026-09-17 14:11:00] [INFO] OVERSTAY CRON STARTED
[2026-09-17 14:11:00] [INFO] ==================================================
[2026-09-17 14:11:00] [INFO] [OVERSTAY] Current India Date/Time: 17/09/2026 14:11:00
[2026-09-17 14:11:00] [INFO] [OVERSTAY] Timezone: Asia/Kolkata
[2026-09-17 14:11:00] [INFO] [OVERSTAY] Staying customers found: 0
[2026-09-17 14:11:00] [INFO] ==================================================
[2026-09-17 14:11:00] [INFO] OVERSTAY CRON COMPLETED
[2026-09-17 14:11:00] [INFO] ==================================================
[2026-09-17 14:11:00] [INFO] [SUBSCRIPTION] Subscriptions found: 2
[2026-09-17 14:11:00] [INFO] [SUBSCRIPTION] mani hotel | Expiry: 2026-10-16 | Days Remaining: 29
[2026-09-17 14:11:00] [INFO] [SUBSCRIPTION] hotel 2 | Expiry: 2026-10-17 | Days Remaining: 30
[2026-09-17 14:11:00] [INFO] ==================================================
[2026-09-17 14:11:00] [INFO] SUBSCRIPTION EXPIRY CRON COMPLETED
[2026-09-17 14:11:00] [INFO] ==================================================
[2026-09-17 14:12:00] [INFO] [SUBSCRIPTION] Expiry cron triggered
[2026-09-17 14:12:00] [INFO] ==================================================
[2026-09-17 14:12:00] [INFO] SUBSCRIPTION EXPIRY CRON STARTED
[2026-09-17 14:12:00] [INFO] ==================================================
[2026-09-17 14:12:00] [INFO] [SUBSCRIPTION] Current India Date: 2026-09-17
[2026-09-17 14:12:00] [INFO] [OVERSTAY] Cron triggered
[2026-09-17 14:12:00] [INFO] ==================================================
[2026-09-17 14:12:00] [INFO] OVERSTAY CRON STARTED
[2026-09-17 14:12:00] [INFO] ==================================================
[2026-09-17 14:12:00] [INFO] [OVERSTAY] Current India Date/Time: 17/09/2026 14:12:00
[2026-09-17 14:12:00] [INFO] [OVERSTAY] Timezone: Asia/Kolkata
[2026-09-17 14:12:00] [INFO] [OVERSTAY] Staying customers found: 0
[2026-09-17 14:12:00] [INFO] ==================================================
[2026-09-17 14:12:00] [INFO] OVERSTAY CRON COMPLETED
[2026-09-17 14:12:00] [INFO] ==================================================
[2026-09-17 14:12:00] [INFO] [SUBSCRIPTION] Subscriptions found: 2
[2026-09-17 14:12:00] [INFO] [SUBSCRIPTION] mani hotel | Expiry: 2026-10-16 | Days Remaining: 29
[2026-09-17 14:12:00] [INFO] [SUBSCRIPTION] hotel 2 | Expiry: 2026-10-17 | Days Remaining: 30
[2026-09-17 14:12:00] [INFO] ==================================================
[2026-09-17 14:12:00] [INFO] SUBSCRIPTION EXPIRY CRON COMPLETED
[2026-09-17 14:12:00] [INFO] ==================================================
[2026-09-17 14:13:00] [INFO] [SUBSCRIPTION] Expiry cron triggered
[2026-09-17 14:13:00] [INFO] ==================================================
[2026-09-17 14:13:00] [INFO] SUBSCRIPTION EXPIRY CRON STARTED
[2026-09-17 14:13:00] [INFO] ==================================================
[2026-09-17 14:13:00] [INFO] [SUBSCRIPTION] Current India Date: 2026-09-17
[2026-09-17 14:13:00] [INFO] [OVERSTAY] Cron triggered
[2026-09-17 14:13:00] [INFO] ==================================================
[2026-09-17 14:13:00] [INFO] OVERSTAY CRON STARTED
[2026-09-17 14:13:00] [INFO] ==================================================
[2026-09-17 14:13:00] [INFO] [OVERSTAY] Current India Date/Time: 17/09/2026 14:13:00
[2026-09-17 14:13:00] [INFO] [OVERSTAY] Timezone: Asia/Kolkata
[2026-09-17 14:13:00] [INFO] [OVERSTAY] Staying customers found: 0
[2026-09-17 14:13:00] [INFO] ==================================================
[2026-09-17 14:13:00] [INFO] OVERSTAY CRON COMPLETED
[2026-09-17 14:13:00] [INFO] ==================================================
[2026-09-17 14:13:00] [INFO] [SUBSCRIPTION] Subscriptions found: 2
[2026-09-17 14:13:00] [INFO] [SUBSCRIPTION] mani hotel | Expiry: 2026-10-16 | Days Remaining: 29
[2026-09-17 14:13:00] [INFO] [SUBSCRIPTION] hotel 2 | Expiry: 2026-10-17 | Days Remaining: 30
[2026-09-17 14:13:00] [INFO] ==================================================
[2026-09-17 14:13:00] [INFO] SUBSCRIPTION EXPIRY CRON COMPLETED
[2026-09-17 14:13:00] [INFO] ==================================================
[2026-09-17 14:14:00] [INFO] [OVERSTAY] Cron triggered
[2026-09-17 14:14:00] [INFO] ==================================================
[2026-09-17 14:14:00] [INFO] OVERSTAY CRON STARTED
[2026-09-17 14:14:00] [INFO] ==================================================
[2026-09-17 14:14:00] [INFO] [OVERSTAY] Current India Date/Time: 17/09/2026 14:14:00
[2026-09-17 14:14:00] [INFO] [OVERSTAY] Timezone: Asia/Kolkata
[2026-09-17 14:14:00] [INFO] [SUBSCRIPTION] Expiry cron triggered
[2026-09-17 14:14:00] [INFO] ==================================================
[2026-09-17 14:14:00] [INFO] SUBSCRIPTION EXPIRY CRON STARTED
[2026-09-17 14:14:00] [INFO] ==================================================
[2026-09-17 14:14:00] [INFO] [SUBSCRIPTION] Current India Date: 2026-09-17
[2026-09-17 14:14:00] [INFO] [OVERSTAY] Staying customers found: 0
[2026-09-17 14:14:00] [INFO] ==================================================
[2026-09-17 14:14:00] [INFO] OVERSTAY CRON COMPLETED
[2026-09-17 14:14:00] [INFO] ==================================================
[2026-09-17 14:14:00] [INFO] [SUBSCRIPTION] Subscriptions found: 2
[2026-09-17 14:14:00] [INFO] [SUBSCRIPTION] mani hotel | Expiry: 2026-10-16 | Days Remaining: 29
[2026-09-17 14:14:00] [INFO] [SUBSCRIPTION] hotel 2 | Expiry: 2026-10-17 | Days Remaining: 30
[2026-09-17 14:14:00] [INFO] ==================================================
[2026-09-17 14:14:00] [INFO] SUBSCRIPTION EXPIRY CRON COMPLETED
[2026-09-17 14:14:00] [INFO] ==================================================
[2026-09-17 14:15:00] [INFO] [OVERSTAY] Cron triggered
[2026-09-17 14:15:00] [INFO] ==================================================
[2026-09-17 14:15:00] [INFO] OVERSTAY CRON STARTED
[2026-09-17 14:15:00] [INFO] ==================================================
[2026-09-17 14:15:00] [INFO] [OVERSTAY] Current India Date/Time: 17/09/2026 14:15:00
[2026-09-17 14:15:00] [INFO] [OVERSTAY] Timezone: Asia/Kolkata
[2026-09-17 14:15:00] [INFO] [SUBSCRIPTION] Expiry cron triggered
[2026-09-17 14:15:00] [INFO] ==================================================
[2026-09-17 14:15:00] [INFO] SUBSCRIPTION EXPIRY CRON STARTED
[2026-09-17 14:15:00] [INFO] ==================================================
[2026-09-17 14:15:00] [INFO] [SUBSCRIPTION] Current India Date: 2026-09-17
[2026-09-17 14:15:00] [INFO] [OVERSTAY] Staying customers found: 0
[2026-09-17 14:15:00] [INFO] ==================================================
[2026-09-17 14:15:00] [INFO] OVERSTAY CRON COMPLETED
[2026-09-17 14:15:00] [INFO] ==================================================
[2026-09-17 14:15:00] [INFO] [SUBSCRIPTION] Subscriptions found: 2
[2026-09-17 14:15:00] [INFO] [SUBSCRIPTION] mani hotel | Expiry: 2026-10-16 | Days Remaining: 29
[2026-09-17 14:15:00] [INFO] [SUBSCRIPTION] hotel 2 | Expiry: 2026-10-17 | Days Remaining: 30
[2026-09-17 14:15:00] [INFO] ==================================================
[2026-09-17 14:15:00] [INFO] SUBSCRIPTION EXPIRY CRON COMPLETED
[2026-09-17 14:15:00] [INFO] ==================================================
[2026-09-17 14:16:00] [INFO] [OVERSTAY] Cron triggered
[2026-09-17 14:16:00] [INFO] ==================================================
[2026-09-17 14:16:00] [INFO] OVERSTAY CRON STARTED
[2026-09-17 14:16:00] [INFO] ==================================================
[2026-09-17 14:16:00] [INFO] [OVERSTAY] Current India Date/Time: 17/09/2026 14:16:00
[2026-09-17 14:16:00] [INFO] [OVERSTAY] Timezone: Asia/Kolkata
[2026-09-17 14:16:00] [INFO] [SUBSCRIPTION] Expiry cron triggered
[2026-09-17 14:16:00] [INFO] ==================================================
[2026-09-17 14:16:00] [INFO] SUBSCRIPTION EXPIRY CRON STARTED
[2026-09-17 14:16:00] [INFO] ==================================================
[2026-09-17 14:16:00] [INFO] [SUBSCRIPTION] Current India Date: 2026-09-17
[2026-09-17 14:16:00] [INFO] [OVERSTAY] Staying customers found: 0
[2026-09-17 14:16:00] [INFO] ==================================================
[2026-09-17 14:16:00] [INFO] OVERSTAY CRON COMPLETED
[2026-09-17 14:16:00] [INFO] ==================================================
[2026-09-17 14:16:00] [INFO] [SUBSCRIPTION] Subscriptions found: 2
[2026-09-17 14:16:00] [INFO] [SUBSCRIPTION] mani hotel | Expiry: 2026-10-16 | Days Remaining: 29
[2026-09-17 14:16:00] [INFO] [SUBSCRIPTION] hotel 2 | Expiry: 2026-10-17 | Days Remaining: 30
[2026-09-17 14:16:00] [INFO] ==================================================
[2026-09-17 14:16:00] [INFO] SUBSCRIPTION EXPIRY CRON COMPLETED
[2026-09-17 14:16:00] [INFO] ==================================================
[2026-09-17 14:17:00] [INFO] [OVERSTAY] Cron triggered
[2026-09-17 14:17:00] [INFO] ==================================================
[2026-09-17 14:17:00] [INFO] OVERSTAY CRON STARTED
[2026-09-17 14:17:00] [INFO] ==================================================
[2026-09-17 14:17:00] [INFO] [OVERSTAY] Current India Date/Time: 17/09/2026 14:17:00
[2026-09-17 14:17:00] [INFO] [OVERSTAY] Timezone: Asia/Kolkata
[2026-09-17 14:17:00] [INFO] [SUBSCRIPTION] Expiry cron triggered
[2026-09-17 14:17:00] [INFO] ==================================================
[2026-09-17 14:17:00] [INFO] SUBSCRIPTION EXPIRY CRON STARTED
[2026-09-17 14:17:00] [INFO] ==================================================
[2026-09-17 14:17:00] [INFO] [SUBSCRIPTION] Current India Date: 2026-09-17
[2026-09-17 14:17:00] [INFO] [OVERSTAY] Staying customers found: 0
[2026-09-17 14:17:00] [INFO] ==================================================
[2026-09-17 14:17:00] [INFO] OVERSTAY CRON COMPLETED
[2026-09-17 14:17:00] [INFO] ==================================================
[2026-09-17 14:17:00] [INFO] [SUBSCRIPTION] Subscriptions found: 2
[2026-09-17 14:17:00] [INFO] [SUBSCRIPTION] mani hotel | Expiry: 2026-10-16 | Days Remaining: 29
[2026-09-17 14:17:00] [INFO] [SUBSCRIPTION] hotel 2 | Expiry: 2026-10-17 | Days Remaining: 30
[2026-09-17 14:17:00] [INFO] ==================================================
[2026-09-17 14:17:00] [INFO] SUBSCRIPTION EXPIRY CRON COMPLETED
[2026-09-17 14:17:00] [INFO] ==================================================
[2026-09-17 14:18:00] [INFO] [OVERSTAY] Cron triggered
[2026-09-17 14:18:00] [INFO] ==================================================
[2026-09-17 14:18:00] [INFO] OVERSTAY CRON STARTED
[2026-09-17 14:18:00] [INFO] ==================================================
[2026-09-17 14:18:00] [INFO] [OVERSTAY] Current India Date/Time: 17/09/2026 14:18:00
[2026-09-17 14:18:00] [INFO] [OVERSTAY] Timezone: Asia/Kolkata
[2026-09-17 14:18:00] [INFO] [SUBSCRIPTION] Expiry cron triggered
[2026-09-17 14:18:00] [INFO] ==================================================
[2026-09-17 14:18:00] [INFO] SUBSCRIPTION EXPIRY CRON STARTED
[2026-09-17 14:18:00] [INFO] ==================================================
[2026-09-17 14:18:00] [INFO] [SUBSCRIPTION] Current India Date: 2026-09-17
[2026-09-17 14:18:00] [INFO] [OVERSTAY] Staying customers found: 0
[2026-09-17 14:18:00] [INFO] ==================================================
[2026-09-17 14:18:00] [INFO] OVERSTAY CRON COMPLETED
[2026-09-17 14:18:00] [INFO] ==================================================
[2026-09-17 14:18:00] [INFO] [SUBSCRIPTION] Subscriptions found: 2
[2026-09-17 14:18:00] [INFO] [SUBSCRIPTION] mani hotel | Expiry: 2026-10-16 | Days Remaining: 29
[2026-09-17 14:18:00] [INFO] [SUBSCRIPTION] hotel 2 | Expiry: 2026-10-17 | Days Remaining: 30
[2026-09-17 14:18:00] [INFO] ==================================================
[2026-09-17 14:18:00] [INFO] SUBSCRIPTION EXPIRY CRON COMPLETED
[2026-09-17 14:18:00] [INFO] ==================================================
[2026-09-17 14:19:00] [INFO] [OVERSTAY] Cron triggered
[2026-09-17 14:19:00] [INFO] ==================================================
[2026-09-17 14:19:00] [INFO] OVERSTAY CRON STARTED
[2026-09-17 14:19:00] [INFO] ==================================================
[2026-09-17 14:19:00] [INFO] [OVERSTAY] Current India Date/Time: 17/09/2026 14:19:00
[2026-09-17 14:19:00] [INFO] [OVERSTAY] Timezone: Asia/Kolkata
[2026-09-17 14:19:00] [INFO] [SUBSCRIPTION] Expiry cron triggered
[2026-09-17 14:19:00] [INFO] ==================================================
[2026-09-17 14:19:00] [INFO] SUBSCRIPTION EXPIRY CRON STARTED
[2026-09-17 14:19:00] [INFO] ==================================================
[2026-09-17 14:19:00] [INFO] [SUBSCRIPTION] Current India Date: 2026-09-17
[2026-09-17 14:19:00] [INFO] [OVERSTAY] Staying customers found: 0
[2026-09-17 14:19:00] [INFO] ==================================================
[2026-09-17 14:19:00] [INFO] OVERSTAY CRON COMPLETED
[2026-09-17 14:19:00] [INFO] ==================================================
[2026-09-17 14:19:00] [INFO] [SUBSCRIPTION] Subscriptions found: 2
[2026-09-17 14:19:00] [INFO] [SUBSCRIPTION] mani hotel | Expiry: 2026-10-16 | Days Remaining: 29
[2026-09-17 14:19:00] [INFO] [SUBSCRIPTION] hotel 2 | Expiry: 2026-10-17 | Days Remaining: 30
[2026-09-17 14:19:00] [INFO] ==================================================
[2026-09-17 14:19:00] [INFO] SUBSCRIPTION EXPIRY CRON COMPLETED
[2026-09-17 14:19:00] [INFO] ==================================================
[2026-09-17 14:19:05] [INFO] INFO
[2026-09-17 14:19:05] [INFO] INFO
[2026-09-17 14:19:05] [INFO] [CUSTOMER] Fetched all customers | Hotel: 6aaae0bcc8c8cbb9a8630ed4 | Branch: 6aaae1bdc8c8cbb9a8630ee3 | Count: 1
[2026-09-17 14:19:05] [INFO] [CUSTOMER] Fetched all customers | Hotel: 6aaae0bcc8c8cbb9a8630ed4 | Branch: 6aaae1bdc8c8cbb9a8630ee3 | Count: 1
[2026-09-17 14:19:11] [INFO] INFO
[2026-09-17 14:19:11] [INFO] INFO
[2026-09-17 14:19:15] [INFO] INFO
[2026-09-17 14:19:15] [INFO] INFO
[2026-09-17 14:19:15] [INFO] [CUSTOMER] Fetched all customers | Hotel: 6aaae0bcc8c8cbb9a8630ed4 | Branch: 6aaae1bdc8c8cbb9a8630ee3 | Count: 1
[2026-09-17 14:19:15] [INFO] [CUSTOMER] Fetched all customers | Hotel: 6aaae0bcc8c8cbb9a8630ed4 | Branch: 6aaae1bdc8c8cbb9a8630ee3 | Count: 1
[2026-09-17 14:19:16] [INFO] [Permission Verify] Allowed. User: 6aaae3a8c8c8cbb9a8630ef0, Permission: roomsBooking
[2026-09-17 14:19:16] [INFO] [Booking] Get active bookings started. hotelId=6aaae0bcc8c8cbb9a8630ed4, branchId=6aaae1bdc8c8cbb9a8630ee3
[2026-09-17 14:19:16] [INFO] [Booking] Active bookings retrieved. hotelId=6aaae0bcc8c8cbb9a8630ed4, branchId=6aaae1bdc8c8cbb9a8630ee3, count=1
[2026-09-17 14:19:16] [INFO] [Permission Verify] Allowed. User: 6aaae3a8c8c8cbb9a8630ef0, Permission: roomsBooking
[2026-09-17 14:19:16] [INFO] [Booking] Get active bookings started. hotelId=6aaae0bcc8c8cbb9a8630ed4, branchId=6aaae1bdc8c8cbb9a8630ee3
[2026-09-17 14:19:16] [INFO] [Booking] Active bookings retrieved. hotelId=6aaae0bcc8c8cbb9a8630ed4, branchId=6aaae1bdc8c8cbb9a8630ee3, count=1
[2026-09-17 14:19:22] [INFO] [Permission Verify] Allowed. User: 6aaae3a8c8c8cbb9a8630ef0, Permission: settings
[2026-09-17 14:19:22] [INFO] [Settings] GET started. userId=6aaae3a8c8c8cbb9a8630ef0
[2026-09-17 14:19:22] [INFO] [Settings] Tenant resolved. hotelId=6aaae0bcc8c8cbb9a8630ed4, branchId=6aaae1bdc8c8cbb9a8630ee3
[2026-09-17 14:19:22] [INFO] [Settings] Verifying branch ownership. hotelId=6aaae0bcc8c8cbb9a8630ed4, branchId=6aaae1bdc8c8cbb9a8630ee3
[2026-09-17 14:19:22] [INFO] [Settings] Searching settings. hotelId=6aaae0bcc8c8cbb9a8630ed4, branchId=6aaae1bdc8c8cbb9a8630ee3
[2026-09-17 14:19:22] [INFO] [Settings] No exact settings found. Checking legacy settings. hotelId=6aaae0bcc8c8cbb9a8630ed4, branchId=6aaae1bdc8c8cbb9a8630ee3
[2026-09-17 14:19:22] [INFO] [Settings] No settings configured for branch. hotelId=6aaae0bcc8c8cbb9a8630ed4, branchId=6aaae1bdc8c8cbb9a8630ee3
[2026-09-17 14:19:22] [INFO] [Permission Verify] Allowed. User: 6aaae3a8c8c8cbb9a8630ef0, Permission: settings
[2026-09-17 14:19:22] [INFO] [Settings] GET started. userId=6aaae3a8c8c8cbb9a8630ef0
[2026-09-17 14:19:22] [INFO] [Settings] Tenant resolved. hotelId=6aaae0bcc8c8cbb9a8630ed4, branchId=6aaae1bdc8c8cbb9a8630ee3
[2026-09-17 14:19:22] [INFO] [Settings] Verifying branch ownership. hotelId=6aaae0bcc8c8cbb9a8630ed4, branchId=6aaae1bdc8c8cbb9a8630ee3
[2026-09-17 14:19:22] [INFO] [Settings] Searching settings. hotelId=6aaae0bcc8c8cbb9a8630ed4, branchId=6aaae1bdc8c8cbb9a8630ee3
[2026-09-17 14:19:22] [INFO] [Settings] No exact settings found. Checking legacy settings. hotelId=6aaae0bcc8c8cbb9a8630ed4, branchId=6aaae1bdc8c8cbb9a8630ee3
[2026-09-17 14:19:22] [INFO] [Settings] No settings configured for branch. hotelId=6aaae0bcc8c8cbb9a8630ed4, branchId=6aaae1bdc8c8cbb9a8630ee3
[2026-09-17 14:19:36] [INFO] INFO
[2026-09-17 14:19:36] [INFO] INFO
[2026-09-17 14:19:36] [INFO] [CUSTOMER] Fetched all customers | Hotel: 6aaae0bcc8c8cbb9a8630ed4 | Branch: 6aaae1bdc8c8cbb9a8630ee3 | Count: 1
[2026-09-17 14:19:36] [INFO] [CUSTOMER] Fetched all customers | Hotel: 6aaae0bcc8c8cbb9a8630ed4 | Branch: 6aaae1bdc8c8cbb9a8630ee3 | Count: 1
[2026-09-17 14:19:40] [INFO] INFO
[2026-09-17 14:19:40] [INFO] INFO
[2026-09-17 14:19:43] [INFO] INFO
[2026-09-17 14:19:43] [INFO] INFO
[2026-09-17 14:19:43] [INFO] [CUSTOMER] Fetched all customers | Hotel: 6aaae0bcc8c8cbb9a8630ed4 | Branch: 6aaae1bdc8c8cbb9a8630ee3 | Count: 1
[2026-09-17 14:19:43] [INFO] [CUSTOMER] Fetched all customers | Hotel: 6aaae0bcc8c8cbb9a8630ed4 | Branch: 6aaae1bdc8c8cbb9a8630ee3 | Count: 1
[2026-09-17 14:19:44] [INFO] [Permission Verify] Allowed. User: 6aaae3a8c8c8cbb9a8630ef0, Permission: roomsBooking
[2026-09-17 14:19:44] [INFO] [Booking] Get active bookings started. hotelId=6aaae0bcc8c8cbb9a8630ed4, branchId=6aaae1bdc8c8cbb9a8630ee3
[2026-09-17 14:19:44] [INFO] [Booking] Active bookings retrieved. hotelId=6aaae0bcc8c8cbb9a8630ed4, branchId=6aaae1bdc8c8cbb9a8630ee3, count=1
[2026-09-17 14:19:44] [INFO] [Permission Verify] Allowed. User: 6aaae3a8c8c8cbb9a8630ef0, Permission: roomsBooking
[2026-09-17 14:19:44] [INFO] [Booking] Get active bookings started. hotelId=6aaae0bcc8c8cbb9a8630ed4, branchId=6aaae1bdc8c8cbb9a8630ee3
[2026-09-17 14:19:44] [INFO] [Booking] Active bookings retrieved. hotelId=6aaae0bcc8c8cbb9a8630ed4, branchId=6aaae1bdc8c8cbb9a8630ee3, count=1
[2026-09-17 14:19:47] [INFO] [Permission Verify] Allowed. User: 6aaae3a8c8c8cbb9a8630ef0, Permission: settings
[2026-09-17 14:19:47] [INFO] [Settings] GET started. userId=6aaae3a8c8c8cbb9a8630ef0
[2026-09-17 14:19:47] [INFO] [Settings] Tenant resolved. hotelId=6aaae0bcc8c8cbb9a8630ed4, branchId=6aaae1bdc8c8cbb9a8630ee3
[2026-09-17 14:19:47] [INFO] [Settings] Verifying branch ownership. hotelId=6aaae0bcc8c8cbb9a8630ed4, branchId=6aaae1bdc8c8cbb9a8630ee3
[2026-09-17 14:19:47] [INFO] [Settings] Searching settings. hotelId=6aaae0bcc8c8cbb9a8630ed4, branchId=6aaae1bdc8c8cbb9a8630ee3
[2026-09-17 14:19:47] [INFO] [Settings] No exact settings found. Checking legacy settings. hotelId=6aaae0bcc8c8cbb9a8630ed4, branchId=6aaae1bdc8c8cbb9a8630ee3
[2026-09-17 14:19:47] [INFO] [Settings] No settings configured for branch. hotelId=6aaae0bcc8c8cbb9a8630ed4, branchId=6aaae1bdc8c8cbb9a8630ee3
[2026-09-17 14:19:47] [INFO] [Permission Verify] Allowed. User: 6aaae3a8c8c8cbb9a8630ef0, Permission: settings
[2026-09-17 14:19:47] [INFO] [Settings] GET started. userId=6aaae3a8c8c8cbb9a8630ef0
[2026-09-17 14:19:47] [INFO] [Settings] Tenant resolved. hotelId=6aaae0bcc8c8cbb9a8630ed4, branchId=6aaae1bdc8c8cbb9a8630ee3
[2026-09-17 14:19:47] [INFO] [Settings] Verifying branch ownership. hotelId=6aaae0bcc8c8cbb9a8630ed4, branchId=6aaae1bdc8c8cbb9a8630ee3
[2026-09-17 14:19:47] [INFO] [Settings] Searching settings. hotelId=6aaae0bcc8c8cbb9a8630ed4, branchId=6aaae1bdc8c8cbb9a8630ee3
[2026-09-17 14:19:47] [INFO] [Settings] No exact settings found. Checking legacy settings. hotelId=6aaae0bcc8c8cbb9a8630ed4, branchId=6aaae1bdc8c8cbb9a8630ee3
[2026-09-17 14:19:47] [INFO] [Settings] No settings configured for branch. hotelId=6aaae0bcc8c8cbb9a8630ed4, branchId=6aaae1bdc8c8cbb9a8630ee3
[2026-09-17 14:20:00] [INFO] [OVERSTAY] Cron triggered
[2026-09-17 14:20:00] [INFO] ==================================================
[2026-09-17 14:20:00] [INFO] OVERSTAY CRON STARTED
[2026-09-17 14:20:00] [INFO] ==================================================
[2026-09-17 14:20:00] [INFO] [OVERSTAY] Current India Date/Time: 17/09/2026 14:20:00
[2026-09-17 14:20:00] [INFO] [OVERSTAY] Timezone: Asia/Kolkata
[2026-09-17 14:20:00] [INFO] [SUBSCRIPTION] Expiry cron triggered
[2026-09-17 14:20:00] [INFO] ==================================================
[2026-09-17 14:20:00] [INFO] SUBSCRIPTION EXPIRY CRON STARTED
[2026-09-17 14:20:00] [INFO] ==================================================
[2026-09-17 14:20:00] [INFO] [SUBSCRIPTION] Current India Date: 2026-09-17
[2026-09-17 14:20:00] [INFO] [OVERSTAY] Staying customers found: 0
[2026-09-17 14:20:00] [INFO] ==================================================
[2026-09-17 14:20:00] [INFO] OVERSTAY CRON COMPLETED
[2026-09-17 14:20:00] [INFO] ==================================================
[2026-09-17 14:20:00] [INFO] [SUBSCRIPTION] Subscriptions found: 2
[2026-09-17 14:20:00] [INFO] [SUBSCRIPTION] mani hotel | Expiry: 2026-10-16 | Days Remaining: 29
[2026-09-17 14:20:00] [INFO] [SUBSCRIPTION] hotel 2 | Expiry: 2026-10-17 | Days Remaining: 30
[2026-09-17 14:20:00] [INFO] ==================================================
[2026-09-17 14:20:00] [INFO] SUBSCRIPTION EXPIRY CRON COMPLETED
[2026-09-17 14:20:00] [INFO] ==================================================
[2026-09-17 14:21:00] [INFO] [SUBSCRIPTION] Expiry cron triggered
[2026-09-17 14:21:00] [INFO] ==================================================
[2026-09-17 14:21:00] [INFO] SUBSCRIPTION EXPIRY CRON STARTED
[2026-09-17 14:21:00] [INFO] ==================================================
[2026-09-17 14:21:00] [INFO] [SUBSCRIPTION] Current India Date: 2026-09-17
[2026-09-17 14:21:00] [INFO] [OVERSTAY] Cron triggered
[2026-09-17 14:21:00] [INFO] ==================================================
[2026-09-17 14:21:00] [INFO] OVERSTAY CRON STARTED
[2026-09-17 14:21:00] [INFO] ==================================================
[2026-09-17 14:21:00] [INFO] [OVERSTAY] Current India Date/Time: 17/09/2026 14:21:00
[2026-09-17 14:21:00] [INFO] [OVERSTAY] Timezone: Asia/Kolkata
[2026-09-17 14:21:00] [INFO] [OVERSTAY] Staying customers found: 0
[2026-09-17 14:21:00] [INFO] ==================================================
[2026-09-17 14:21:00] [INFO] OVERSTAY CRON COMPLETED
[2026-09-17 14:21:00] [INFO] ==================================================
[2026-09-17 14:21:00] [INFO] [SUBSCRIPTION] Subscriptions found: 2
[2026-09-17 14:21:00] [INFO] [SUBSCRIPTION] mani hotel | Expiry: 2026-10-16 | Days Remaining: 29
[2026-09-17 14:21:00] [INFO] [SUBSCRIPTION] hotel 2 | Expiry: 2026-10-17 | Days Remaining: 30
[2026-09-17 14:21:00] [INFO] ==================================================
[2026-09-17 14:21:00] [INFO] SUBSCRIPTION EXPIRY CRON COMPLETED
[2026-09-17 14:21:00] [INFO] ==================================================
[2026-09-17 14:21:35] [INFO] [Permission Verify] Allowed. User: 6aaae3a8c8c8cbb9a8630ef0, Permission: settings
[2026-09-17 14:21:35] [INFO] [Settings] GET started. userId=6aaae3a8c8c8cbb9a8630ef0
[2026-09-17 14:21:35] [INFO] [Settings] Tenant resolved. hotelId=6aaae0bcc8c8cbb9a8630ed4, branchId=6aaae1bdc8c8cbb9a8630ee3
[2026-09-17 14:21:35] [INFO] [Settings] Verifying branch ownership. hotelId=6aaae0bcc8c8cbb9a8630ed4, branchId=6aaae1bdc8c8cbb9a8630ee3
[2026-09-17 14:21:35] [INFO] [Settings] Searching settings. hotelId=6aaae0bcc8c8cbb9a8630ed4, branchId=6aaae1bdc8c8cbb9a8630ee3
[2026-09-17 14:21:35] [INFO] [Settings] No exact settings found. Checking legacy settings. hotelId=6aaae0bcc8c8cbb9a8630ed4, branchId=6aaae1bdc8c8cbb9a8630ee3
[2026-09-17 14:21:35] [INFO] [Settings] No settings configured for branch. hotelId=6aaae0bcc8c8cbb9a8630ed4, branchId=6aaae1bdc8c8cbb9a8630ee3
[2026-09-17 14:21:35] [INFO] [Permission Verify] Allowed. User: 6aaae3a8c8c8cbb9a8630ef0, Permission: settings
[2026-09-17 14:21:35] [INFO] [Settings] GET started. userId=6aaae3a8c8c8cbb9a8630ef0
[2026-09-17 14:21:35] [INFO] [Settings] Tenant resolved. hotelId=6aaae0bcc8c8cbb9a8630ed4, branchId=6aaae1bdc8c8cbb9a8630ee3
[2026-09-17 14:21:35] [INFO] [Settings] Verifying branch ownership. hotelId=6aaae0bcc8c8cbb9a8630ed4, branchId=6aaae1bdc8c8cbb9a8630ee3
[2026-09-17 14:21:35] [INFO] [Settings] Searching settings. hotelId=6aaae0bcc8c8cbb9a8630ed4, branchId=6aaae1bdc8c8cbb9a8630ee3
[2026-09-17 14:21:35] [INFO] [Settings] No exact settings found. Checking legacy settings. hotelId=6aaae0bcc8c8cbb9a8630ed4, branchId=6aaae1bdc8c8cbb9a8630ee3
[2026-09-17 14:21:35] [INFO] [Settings] No settings configured for branch. hotelId=6aaae0bcc8c8cbb9a8630ed4, branchId=6aaae1bdc8c8cbb9a8630ee3
[2026-09-17 14:22:00] [INFO] [SUBSCRIPTION] Expiry cron triggered
[2026-09-17 14:22:00] [INFO] ==================================================
[2026-09-17 14:22:00] [INFO] SUBSCRIPTION EXPIRY CRON STARTED
[2026-09-17 14:22:00] [INFO] ==================================================
[2026-09-17 14:22:00] [INFO] [SUBSCRIPTION] Current India Date: 2026-09-17
[2026-09-17 14:22:00] [INFO] [OVERSTAY] Cron triggered
[2026-09-17 14:22:00] [INFO] ==================================================
[2026-09-17 14:22:00] [INFO] OVERSTAY CRON STARTED
[2026-09-17 14:22:00] [INFO] ==================================================
[2026-09-17 14:22:00] [INFO] [OVERSTAY] Current India Date/Time: 17/09/2026 14:22:00
[2026-09-17 14:22:00] [INFO] [OVERSTAY] Timezone: Asia/Kolkata
[2026-09-17 14:22:00] [INFO] [OVERSTAY] Staying customers found: 0
[2026-09-17 14:22:00] [INFO] ==================================================
[2026-09-17 14:22:00] [INFO] OVERSTAY CRON COMPLETED
[2026-09-17 14:22:00] [INFO] ==================================================
[2026-09-17 14:22:00] [INFO] [SUBSCRIPTION] Subscriptions found: 2
[2026-09-17 14:22:00] [INFO] [SUBSCRIPTION] mani hotel | Expiry: 2026-10-16 | Days Remaining: 29
[2026-09-17 14:22:00] [INFO] [SUBSCRIPTION] hotel 2 | Expiry: 2026-10-17 | Days Remaining: 30
[2026-09-17 14:22:00] [INFO] ==================================================
[2026-09-17 14:22:00] [INFO] SUBSCRIPTION EXPIRY CRON COMPLETED
[2026-09-17 14:22:00] [INFO] ==================================================
[2026-09-17 14:22:34] [INFO] [Permission Verify] Allowed. User: 6aaae3a8c8c8cbb9a8630ef0, Permission: settings
[2026-09-17 14:22:34] [INFO] [Settings] UPDATE started. userId=6aaae3a8c8c8cbb9a8630ef0
[2026-09-17 14:22:34] [INFO] [Settings] Tenant resolved. hotelId=6aaae0bcc8c8cbb9a8630ed4, branchId=6aaae1bdc8c8cbb9a8630ee3
[2026-09-17 14:22:34] [INFO] [Settings] Verifying branch ownership. hotelId=6aaae0bcc8c8cbb9a8630ed4, branchId=6aaae1bdc8c8cbb9a8630ee3
[2026-09-17 14:22:34] [INFO] [Settings] No settings found. New settings will be created. hotelId=6aaae0bcc8c8cbb9a8630ed4, branchId=6aaae1bdc8c8cbb9a8630ee3
[2026-09-17 14:22:34] [INFO] [Settings] Creating settings. hotelId=6aaae0bcc8c8cbb9a8630ed4, branchId=6aaae1bdc8c8cbb9a8630ee3
[2026-09-17 14:22:34] [INFO] [Settings] Settings created successfully. settingsId=6aabaa52a793d7393065347b, hotelId=6aaae0bcc8c8cbb9a8630ed4, branchId=6aaae1bdc8c8cbb9a8630ee3
[2026-09-17 14:22:34] [INFO] [Permission Verify] Allowed. User: 6aaae3a8c8c8cbb9a8630ef0, Permission: settings
[2026-09-17 14:22:34] [INFO] [Settings] GET started. userId=6aaae3a8c8c8cbb9a8630ef0
[2026-09-17 14:22:34] [INFO] [Settings] Tenant resolved. hotelId=6aaae0bcc8c8cbb9a8630ed4, branchId=6aaae1bdc8c8cbb9a8630ee3
[2026-09-17 14:22:34] [INFO] [Settings] Verifying branch ownership. hotelId=6aaae0bcc8c8cbb9a8630ed4, branchId=6aaae1bdc8c8cbb9a8630ee3
[2026-09-17 14:22:34] [INFO] [Settings] Searching settings. hotelId=6aaae0bcc8c8cbb9a8630ed4, branchId=6aaae1bdc8c8cbb9a8630ee3
[2026-09-17 14:22:34] [INFO] [Settings] GET successful. settingsId=6aabaa52a793d7393065347b, hotelId=6aaae0bcc8c8cbb9a8630ed4, branchId=6aaae1bdc8c8cbb9a8630ee3
[2026-09-17 14:22:36] [INFO] [Permission Verify] Allowed. User: 6aaae3a8c8c8cbb9a8630ef0, Permission: dashboard
[2026-09-17 14:22:36] [INFO] [Permission Verify] Allowed. User: 6aaae3a8c8c8cbb9a8630ef0, Permission: dashboard
[2026-09-17 14:22:37] [INFO] INFO
[2026-09-17 14:22:37] [INFO] INFO
[2026-09-17 14:22:38] [INFO] [Permission Verify] Allowed. User: 6aaae3a8c8c8cbb9a8630ef0, Permission: roomsBooking
[2026-09-17 14:22:38] [INFO] [Booking] Get active bookings started. hotelId=6aaae0bcc8c8cbb9a8630ed4, branchId=6aaae1bdc8c8cbb9a8630ee3
[2026-09-17 14:22:38] [INFO] [Booking] Active bookings retrieved. hotelId=6aaae0bcc8c8cbb9a8630ed4, branchId=6aaae1bdc8c8cbb9a8630ee3, count=1
[2026-09-17 14:22:38] [INFO] [Permission Verify] Allowed. User: 6aaae3a8c8c8cbb9a8630ef0, Permission: roomsBooking
[2026-09-17 14:22:38] [INFO] [Booking] Get active bookings started. hotelId=6aaae0bcc8c8cbb9a8630ed4, branchId=6aaae1bdc8c8cbb9a8630ee3
[2026-09-17 14:22:38] [INFO] [Booking] Active bookings retrieved. hotelId=6aaae0bcc8c8cbb9a8630ed4, branchId=6aaae1bdc8c8cbb9a8630ee3, count=1
[2026-09-17 14:22:41] [INFO] [Permission Verify] Allowed. User: 6aaae3a8c8c8cbb9a8630ef0, Permission: settings
[2026-09-17 14:22:41] [INFO] [Settings] GET started. userId=6aaae3a8c8c8cbb9a8630ef0
[2026-09-17 14:22:41] [INFO] [Settings] Tenant resolved. hotelId=6aaae0bcc8c8cbb9a8630ed4, branchId=6aaae1bdc8c8cbb9a8630ee3
[2026-09-17 14:22:41] [INFO] [Settings] Verifying branch ownership. hotelId=6aaae0bcc8c8cbb9a8630ed4, branchId=6aaae1bdc8c8cbb9a8630ee3
[2026-09-17 14:22:41] [INFO] [Settings] Searching settings. hotelId=6aaae0bcc8c8cbb9a8630ed4, branchId=6aaae1bdc8c8cbb9a8630ee3
[2026-09-17 14:22:41] [INFO] [Settings] GET successful. settingsId=6aabaa52a793d7393065347b, hotelId=6aaae0bcc8c8cbb9a8630ed4, branchId=6aaae1bdc8c8cbb9a8630ee3
[2026-09-17 14:22:41] [INFO] [Permission Verify] Allowed. User: 6aaae3a8c8c8cbb9a8630ef0, Permission: settings
[2026-09-17 14:22:41] [INFO] [Settings] GET started. userId=6aaae3a8c8c8cbb9a8630ef0
[2026-09-17 14:22:41] [INFO] [Settings] Tenant resolved. hotelId=6aaae0bcc8c8cbb9a8630ed4, branchId=6aaae1bdc8c8cbb9a8630ee3
[2026-09-17 14:22:41] [INFO] [Settings] Verifying branch ownership. hotelId=6aaae0bcc8c8cbb9a8630ed4, branchId=6aaae1bdc8c8cbb9a8630ee3
[2026-09-17 14:22:41] [INFO] [Settings] Searching settings. hotelId=6aaae0bcc8c8cbb9a8630ed4, branchId=6aaae1bdc8c8cbb9a8630ee3
[2026-09-17 14:22:41] [INFO] [Settings] GET successful. settingsId=6aabaa52a793d7393065347b, hotelId=6aaae0bcc8c8cbb9a8630ed4, branchId=6aaae1bdc8c8cbb9a8630ee3
[2026-09-17 14:22:54] [INFO] [Permission Verify] Allowed. User: 6aaae3a8c8c8cbb9a8630ef0, Permission: roomsBooking
[2026-09-17 14:22:54] [INFO] [Booking] Get active bookings started. hotelId=6aaae0bcc8c8cbb9a8630ed4, branchId=6aaae1bdc8c8cbb9a8630ee3
[2026-09-17 14:22:54] [INFO] [Booking] Active bookings retrieved. hotelId=6aaae0bcc8c8cbb9a8630ed4, branchId=6aaae1bdc8c8cbb9a8630ee3, count=1
[2026-09-17 14:22:54] [INFO] [Permission Verify] Allowed. User: 6aaae3a8c8c8cbb9a8630ef0, Permission: roomsBooking
[2026-09-17 14:22:54] [INFO] [Booking] Get active bookings started. hotelId=6aaae0bcc8c8cbb9a8630ed4, branchId=6aaae1bdc8c8cbb9a8630ee3
[2026-09-17 14:22:54] [INFO] [Booking] Active bookings retrieved. hotelId=6aaae0bcc8c8cbb9a8630ed4, branchId=6aaae1bdc8c8cbb9a8630ee3, count=1
[2026-09-17 14:22:56] [INFO] [Permission Verify] Allowed. User: 6aaae3a8c8c8cbb9a8630ef0, Permission: users
[2026-09-17 14:22:56] [INFO] [getMySubscription] Loaded subscription 6aaae0bcc8c8cbb9a8630ed5 | Hotel ID: 6aaae0bcc8c8cbb9a8630ed4
[2026-09-17 14:22:56] [INFO] [Permission Verify] Allowed. User: 6aaae3a8c8c8cbb9a8630ef0, Permission: users
[2026-09-17 14:22:56] [INFO] [getMySubscription] Loaded subscription 6aaae0bcc8c8cbb9a8630ed5 | Hotel ID: 6aaae0bcc8c8cbb9a8630ed4
[2026-09-17 14:22:56] [INFO] [Permission Verify] Allowed. User: 6aaae3a8c8c8cbb9a8630ef0, Permission: users
[2026-09-17 14:22:56] [INFO] [getMySubscription] Loaded subscription 6aaae0bcc8c8cbb9a8630ed5 | Hotel ID: 6aaae0bcc8c8cbb9a8630ed4
[2026-09-17 14:22:56] [INFO] [Permission Verify] Allowed. User: 6aaae3a8c8c8cbb9a8630ef0, Permission: users
[2026-09-17 14:22:56] [INFO] [getMySubscription] Loaded subscription 6aaae0bcc8c8cbb9a8630ed5 | Hotel ID: 6aaae0bcc8c8cbb9a8630ed4
[2026-09-17 14:22:56] [INFO] [Permission Verify] Allowed. User: 6aaae3a8c8c8cbb9a8630ef0, Permission: users
[2026-09-17 14:22:57] [INFO] [getMySubscription] Loaded subscription 6aaae0bcc8c8cbb9a8630ed5 | Hotel ID: 6aaae0bcc8c8cbb9a8630ed4
[2026-09-17 14:22:57] [INFO] [Permission Verify] Allowed. User: 6aaae3a8c8c8cbb9a8630ef0, Permission: users
[2026-09-17 14:22:57] [INFO] [Permission Verify] Allowed. User: 6aaae3a8c8c8cbb9a8630ef0, Permission: roomsBooking
[2026-09-17 14:22:57] [INFO] [Booking] Finding booking. bookingId=6aaae25ac8c8cbb9a8630ee7, hotelId=6aaae0bcc8c8cbb9a8630ed4, branchId=6aaae1bdc8c8cbb9a8630ee3
[2026-09-17 14:22:57] [INFO] [Booking] Booking retrieved. bookingId=6aaae25ac8c8cbb9a8630ee7, hotelId=6aaae0bcc8c8cbb9a8630ed4, branchId=6aaae1bdc8c8cbb9a8630ee3
[2026-09-17 14:22:57] [INFO] [getMySubscription] Loaded subscription 6aaae0bcc8c8cbb9a8630ed5 | Hotel ID: 6aaae0bcc8c8cbb9a8630ed4
[2026-09-17 14:22:58] [INFO] [Permission Verify] Allowed. User: 6aaae3a8c8c8cbb9a8630ef0, Permission: users
[2026-09-17 14:22:58] [INFO] [getMySubscription] Loaded subscription 6aaae0bcc8c8cbb9a8630ed5 | Hotel ID: 6aaae0bcc8c8cbb9a8630ed4
[2026-09-17 14:22:58] [INFO] [Permission Verify] Allowed. User: 6aaae3a8c8c8cbb9a8630ef0, Permission: users
[2026-09-17 14:22:58] [INFO] [Permission Verify] Allowed. User: 6aaae3a8c8c8cbb9a8630ef0, Permission: serviceManagement
[2026-09-17 14:22:58] [INFO] [Permission Verify] Allowed. User: 6aaae3a8c8c8cbb9a8630ef0, Permission: roomsBooking
[2026-09-17 14:22:58] [INFO] [Booking] Finding booking. bookingId=6aaae25ac8c8cbb9a8630ee7, hotelId=6aaae0bcc8c8cbb9a8630ed4, branchId=6aaae1bdc8c8cbb9a8630ee3
[2026-09-17 14:22:58] [INFO] INFO
[2026-09-17 14:22:58] [INFO] [Booking] Booking retrieved. bookingId=6aaae25ac8c8cbb9a8630ee7, hotelId=6aaae0bcc8c8cbb9a8630ed4, branchId=6aaae1bdc8c8cbb9a8630ee3
[2026-09-17 14:22:58] [INFO] [getMySubscription] Loaded subscription 6aaae0bcc8c8cbb9a8630ed5 | Hotel ID: 6aaae0bcc8c8cbb9a8630ed4
[2026-09-17 14:22:58] [INFO] [Permission Verify] Allowed. User: 6aaae3a8c8c8cbb9a8630ef0, Permission: serviceManagement
[2026-09-17 14:22:58] [INFO] INFO
[2026-09-17 14:22:59] [INFO] [Permission Verify] Allowed. User: 6aaae3a8c8c8cbb9a8630ef0, Permission: users
[2026-09-17 14:22:59] [INFO] [getMySubscription] Loaded subscription 6aaae0bcc8c8cbb9a8630ed5 | Hotel ID: 6aaae0bcc8c8cbb9a8630ed4
[2026-09-17 14:22:59] [INFO] [Permission Verify] Allowed. User: 6aaae3a8c8c8cbb9a8630ef0, Permission: users
[2026-09-17 14:22:59] [INFO] [Permission Verify] Allowed. User: 6aaae3a8c8c8cbb9a8630ef0, Permission: roomsBooking
[2026-09-17 14:22:59] [INFO] [Booking] Finding booking. bookingId=6aaae25ac8c8cbb9a8630ee7, hotelId=6aaae0bcc8c8cbb9a8630ed4, branchId=6aaae1bdc8c8cbb9a8630ee3
[2026-09-17 14:22:59] [INFO] [Booking] Booking retrieved. bookingId=6aaae25ac8c8cbb9a8630ee7, hotelId=6aaae0bcc8c8cbb9a8630ed4, branchId=6aaae1bdc8c8cbb9a8630ee3
[2026-09-17 14:22:59] [INFO] [getMySubscription] Loaded subscription 6aaae0bcc8c8cbb9a8630ed5 | Hotel ID: 6aaae0bcc8c8cbb9a8630ed4
[2026-09-17 14:23:00] [INFO] [SUBSCRIPTION] Expiry cron triggered
[2026-09-17 14:23:00] [INFO] ==================================================
[2026-09-17 14:23:00] [INFO] SUBSCRIPTION EXPIRY CRON STARTED
[2026-09-17 14:23:00] [INFO] ==================================================
[2026-09-17 14:23:00] [INFO] [SUBSCRIPTION] Current India Date: 2026-09-17
[2026-09-17 14:23:00] [INFO] [OVERSTAY] Cron triggered
[2026-09-17 14:23:00] [INFO] ==================================================
[2026-09-17 14:23:00] [INFO] OVERSTAY CRON STARTED
[2026-09-17 14:23:00] [INFO] ==================================================
[2026-09-17 14:23:00] [INFO] [OVERSTAY] Current India Date/Time: 17/09/2026 14:23:00
[2026-09-17 14:23:00] [INFO] [OVERSTAY] Timezone: Asia/Kolkata
[2026-09-17 14:23:00] [INFO] [OVERSTAY] Staying customers found: 0
[2026-09-17 14:23:00] [INFO] ==================================================
[2026-09-17 14:23:00] [INFO] OVERSTAY CRON COMPLETED
[2026-09-17 14:23:00] [INFO] ==================================================
[2026-09-17 14:23:00] [INFO] [SUBSCRIPTION] Subscriptions found: 2
[2026-09-17 14:23:00] [INFO] [SUBSCRIPTION] mani hotel | Expiry: 2026-10-16 | Days Remaining: 29
[2026-09-17 14:23:00] [INFO] [SUBSCRIPTION] hotel 2 | Expiry: 2026-10-17 | Days Remaining: 30
[2026-09-17 14:23:00] [INFO] ==================================================
[2026-09-17 14:23:00] [INFO] SUBSCRIPTION EXPIRY CRON COMPLETED
[2026-09-17 14:23:00] [INFO] ==================================================
[2026-09-17 14:23:04] [INFO] [Permission Verify] Allowed. User: 6aaae3a8c8c8cbb9a8630ef0, Permission: roomsBooking
[2026-09-17 14:23:04] [INFO] [Booking] Get active bookings started. hotelId=6aaae0bcc8c8cbb9a8630ed4, branchId=6aaae1bdc8c8cbb9a8630ee3
[2026-09-17 14:23:04] [INFO] [Booking] Active bookings retrieved. hotelId=6aaae0bcc8c8cbb9a8630ed4, branchId=6aaae1bdc8c8cbb9a8630ee3, count=1
[2026-09-17 14:23:07] [INFO] [Permission Verify] Allowed. User: 6aaae3a8c8c8cbb9a8630ef0, Permission: users
[2026-09-17 14:23:07] [INFO] [getMySubscription] Loaded subscription 6aaae0bcc8c8cbb9a8630ed5 | Hotel ID: 6aaae0bcc8c8cbb9a8630ed4
[2026-09-17 14:23:07] [INFO] [Permission Verify] Allowed. User: 6aaae3a8c8c8cbb9a8630ef0, Permission: users
[2026-09-17 14:23:07] [INFO] [getMySubscription] Loaded subscription 6aaae0bcc8c8cbb9a8630ed5 | Hotel ID: 6aaae0bcc8c8cbb9a8630ed4
[2026-09-17 14:23:08] [INFO] [Permission Verify] Allowed. User: 6aaae3a8c8c8cbb9a8630ef0, Permission: users
[2026-09-17 14:23:08] [INFO] [getMySubscription] Loaded subscription 6aaae0bcc8c8cbb9a8630ed5 | Hotel ID: 6aaae0bcc8c8cbb9a8630ed4
[2026-09-17 14:23:08] [INFO] [Permission Verify] Allowed. User: 6aaae3a8c8c8cbb9a8630ef0, Permission: users
[2026-09-17 14:23:08] [INFO] [getMySubscription] Loaded subscription 6aaae0bcc8c8cbb9a8630ed5 | Hotel ID: 6aaae0bcc8c8cbb9a8630ed4
[2026-09-17 14:23:08] [INFO] [Permission Verify] Allowed. User: 6aaae3a8c8c8cbb9a8630ef0, Permission: users
[2026-09-17 14:23:08] [INFO] [getMySubscription] Loaded subscription 6aaae0bcc8c8cbb9a8630ed5 | Hotel ID: 6aaae0bcc8c8cbb9a8630ed4
[2026-09-17 14:23:08] [INFO] [Permission Verify] Allowed. User: 6aaae3a8c8c8cbb9a8630ef0, Permission: users
[2026-09-17 14:23:08] [INFO] [Permission Verify] Allowed. User: 6aaae3a8c8c8cbb9a8630ef0, Permission: roomsBooking
[2026-09-17 14:23:08] [INFO] [Booking] Finding booking. bookingId=6aaae25ac8c8cbb9a8630ee7, hotelId=6aaae0bcc8c8cbb9a8630ed4, branchId=6aaae1bdc8c8cbb9a8630ee3
[2026-09-17 14:23:08] [INFO] [Booking] Booking retrieved. bookingId=6aaae25ac8c8cbb9a8630ee7, hotelId=6aaae0bcc8c8cbb9a8630ed4, branchId=6aaae1bdc8c8cbb9a8630ee3
[2026-09-17 14:23:08] [INFO] [getMySubscription] Loaded subscription 6aaae0bcc8c8cbb9a8630ed5 | Hotel ID: 6aaae0bcc8c8cbb9a8630ed4
[2026-09-17 14:23:09] [INFO] [Permission Verify] Allowed. User: 6aaae3a8c8c8cbb9a8630ef0, Permission: users
[2026-09-17 14:23:09] [INFO] [getMySubscription] Loaded subscription 6aaae0bcc8c8cbb9a8630ed5 | Hotel ID: 6aaae0bcc8c8cbb9a8630ed4
[2026-09-17 14:23:09] [INFO] [Permission Verify] Allowed. User: 6aaae3a8c8c8cbb9a8630ef0, Permission: users
[2026-09-17 14:23:09] [INFO] [Permission Verify] Allowed. User: 6aaae3a8c8c8cbb9a8630ef0, Permission: serviceManagement
[2026-09-17 14:23:09] [INFO] [Permission Verify] Allowed. User: 6aaae3a8c8c8cbb9a8630ef0, Permission: roomsBooking
[2026-09-17 14:23:09] [INFO] [Booking] Finding booking. bookingId=6aaae25ac8c8cbb9a8630ee7, hotelId=6aaae0bcc8c8cbb9a8630ed4, branchId=6aaae1bdc8c8cbb9a8630ee3
[2026-09-17 14:23:09] [INFO] INFO
[2026-09-17 14:23:09] [INFO] [Booking] Booking retrieved. bookingId=6aaae25ac8c8cbb9a8630ee7, hotelId=6aaae0bcc8c8cbb9a8630ed4, branchId=6aaae1bdc8c8cbb9a8630ee3
[2026-09-17 14:23:09] [INFO] [getMySubscription] Loaded subscription 6aaae0bcc8c8cbb9a8630ed5 | Hotel ID: 6aaae0bcc8c8cbb9a8630ed4
[2026-09-17 14:23:09] [INFO] [Permission Verify] Allowed. User: 6aaae3a8c8c8cbb9a8630ef0, Permission: serviceManagement
[2026-09-17 14:23:09] [INFO] INFO
[2026-09-17 14:23:13] [INFO] [Permission Verify] Allowed. User: 6aaae3a8c8c8cbb9a8630ef0, Permission: roomsBooking
[2026-09-17 14:23:13] [INFO] [Booking] Get active bookings started. hotelId=6aaae0bcc8c8cbb9a8630ed4, branchId=6aaae1bdc8c8cbb9a8630ee3
[2026-09-17 14:23:14] [INFO] [Booking] Active bookings retrieved. hotelId=6aaae0bcc8c8cbb9a8630ed4, branchId=6aaae1bdc8c8cbb9a8630ee3, count=1
[2026-09-17 14:23:16] [INFO] [Permission Verify] Allowed. User: 6aaae3a8c8c8cbb9a8630ef0, Permission: serviceManagement
[2026-09-17 14:23:16] [INFO] INFO
[2026-09-17 14:23:16] [INFO] [Permission Verify] Allowed. User: 6aaae3a8c8c8cbb9a8630ef0, Permission: serviceManagement
[2026-09-17 14:23:16] [INFO] INFO
[2026-09-17 14:23:28] [INFO] [Permission Verify] Allowed. User: 6aaae3a8c8c8cbb9a8630ef0, Permission: serviceManagement
[2026-09-17 14:23:28] [INFO] INFO
[2026-09-17 14:23:28] [INFO] [Permission Verify] Allowed. User: 6aaae3a8c8c8cbb9a8630ef0, Permission: serviceManagement
[2026-09-17 14:23:28] [INFO] INFO
[2026-09-17 14:23:30] [INFO] INFO
[2026-09-17 14:23:30] [INFO] INFO
[2026-09-17 14:23:32] [INFO] [Permission Verify] Allowed. User: 6aaae3a8c8c8cbb9a8630ef0, Permission: roomsBooking
[2026-09-17 14:23:32] [INFO] [Booking] Get active bookings started. hotelId=6aaae0bcc8c8cbb9a8630ed4, branchId=6aaae1bdc8c8cbb9a8630ee3
[2026-09-17 14:23:33] [INFO] [Booking] Active bookings retrieved. hotelId=6aaae0bcc8c8cbb9a8630ed4, branchId=6aaae1bdc8c8cbb9a8630ee3, count=1
[2026-09-17 14:23:33] [INFO] [Permission Verify] Allowed. User: 6aaae3a8c8c8cbb9a8630ef0, Permission: roomsBooking
[2026-09-17 14:23:33] [INFO] [Booking] Get active bookings started. hotelId=6aaae0bcc8c8cbb9a8630ed4, branchId=6aaae1bdc8c8cbb9a8630ee3
[2026-09-17 14:23:33] [INFO] [Booking] Active bookings retrieved. hotelId=6aaae0bcc8c8cbb9a8630ed4, branchId=6aaae1bdc8c8cbb9a8630ee3, count=1
[2026-09-17 14:23:34] [INFO] [Permission Verify] Allowed. User: 6aaae3a8c8c8cbb9a8630ef0, Permission: users
[2026-09-17 14:23:34] [INFO] [getMySubscription] Loaded subscription 6aaae0bcc8c8cbb9a8630ed5 | Hotel ID: 6aaae0bcc8c8cbb9a8630ed4
[2026-09-17 14:23:34] [INFO] [Permission Verify] Allowed. User: 6aaae3a8c8c8cbb9a8630ef0, Permission: users
[2026-09-17 14:23:34] [INFO] [getMySubscription] Loaded subscription 6aaae0bcc8c8cbb9a8630ed5 | Hotel ID: 6aaae0bcc8c8cbb9a8630ed4
[2026-09-17 14:23:34] [INFO] [Permission Verify] Allowed. User: 6aaae3a8c8c8cbb9a8630ef0, Permission: users
[2026-09-17 14:23:34] [INFO] [getMySubscription] Loaded subscription 6aaae0bcc8c8cbb9a8630ed5 | Hotel ID: 6aaae0bcc8c8cbb9a8630ed4
[2026-09-17 14:23:34] [INFO] [Permission Verify] Allowed. User: 6aaae3a8c8c8cbb9a8630ef0, Permission: users
[2026-09-17 14:23:34] [INFO] [getMySubscription] Loaded subscription 6aaae0bcc8c8cbb9a8630ed5 | Hotel ID: 6aaae0bcc8c8cbb9a8630ed4
[2026-09-17 14:23:34] [INFO] [Permission Verify] Allowed. User: 6aaae3a8c8c8cbb9a8630ef0, Permission: users
[2026-09-17 14:23:35] [INFO] [getMySubscription] Loaded subscription 6aaae0bcc8c8cbb9a8630ed5 | Hotel ID: 6aaae0bcc8c8cbb9a8630ed4
[2026-09-17 14:23:35] [INFO] [Permission Verify] Allowed. User: 6aaae3a8c8c8cbb9a8630ef0, Permission: users
[2026-09-17 14:23:35] [INFO] [Permission Verify] Allowed. User: 6aaae3a8c8c8cbb9a8630ef0, Permission: roomsBooking
[2026-09-17 14:23:35] [INFO] [Booking] Finding booking. bookingId=6aaae25ac8c8cbb9a8630ee7, hotelId=6aaae0bcc8c8cbb9a8630ed4, branchId=6aaae1bdc8c8cbb9a8630ee3
[2026-09-17 14:23:35] [INFO] [Booking] Booking retrieved. bookingId=6aaae25ac8c8cbb9a8630ee7, hotelId=6aaae0bcc8c8cbb9a8630ed4, branchId=6aaae1bdc8c8cbb9a8630ee3
[2026-09-17 14:23:35] [INFO] [getMySubscription] Loaded subscription 6aaae0bcc8c8cbb9a8630ed5 | Hotel ID: 6aaae0bcc8c8cbb9a8630ed4
[2026-09-17 14:23:35] [INFO] [Permission Verify] Allowed. User: 6aaae3a8c8c8cbb9a8630ef0, Permission: users
[2026-09-17 14:23:36] [INFO] [getMySubscription] Loaded subscription 6aaae0bcc8c8cbb9a8630ed5 | Hotel ID: 6aaae0bcc8c8cbb9a8630ed4
[2026-09-17 14:23:36] [INFO] [Permission Verify] Allowed. User: 6aaae3a8c8c8cbb9a8630ef0, Permission: users
[2026-09-17 14:23:36] [INFO] [Permission Verify] Allowed. User: 6aaae3a8c8c8cbb9a8630ef0, Permission: serviceManagement
[2026-09-17 14:23:36] [INFO] [Permission Verify] Allowed. User: 6aaae3a8c8c8cbb9a8630ef0, Permission: roomsBooking
[2026-09-17 14:23:36] [INFO] [Booking] Finding booking. bookingId=6aaae25ac8c8cbb9a8630ee7, hotelId=6aaae0bcc8c8cbb9a8630ed4, branchId=6aaae1bdc8c8cbb9a8630ee3
[2026-09-17 14:23:36] [INFO] INFO
[2026-09-17 14:23:36] [INFO] [Booking] Booking retrieved. bookingId=6aaae25ac8c8cbb9a8630ee7, hotelId=6aaae0bcc8c8cbb9a8630ed4, branchId=6aaae1bdc8c8cbb9a8630ee3
[2026-09-17 14:23:36] [INFO] [getMySubscription] Loaded subscription 6aaae0bcc8c8cbb9a8630ed5 | Hotel ID: 6aaae0bcc8c8cbb9a8630ed4
[2026-09-17 14:23:36] [INFO] [Permission Verify] Allowed. User: 6aaae3a8c8c8cbb9a8630ef0, Permission: serviceManagement
[2026-09-17 14:23:36] [INFO] INFO
[2026-09-17 14:23:38] [INFO] [Permission Verify] Forbidden. User: 6aaae3a8c8c8cbb9a8630ef0, Role: receptionist, Permission: foodManagement
[2026-09-17 14:23:52] [INFO] [Permission Verify] Allowed. User: 6aaae3a8c8c8cbb9a8630ef0, Permission: roomsBooking
[2026-09-17 14:23:52] [INFO] [Booking] Get active bookings started. hotelId=6aaae0bcc8c8cbb9a8630ed4, branchId=6aaae1bdc8c8cbb9a8630ee3
[2026-09-17 14:23:52] [INFO] [Booking] Active bookings retrieved. hotelId=6aaae0bcc8c8cbb9a8630ed4, branchId=6aaae1bdc8c8cbb9a8630ee3, count=1
[2026-09-17 14:23:55] [INFO] [Permission Verify] Allowed. User: 6aaae3a8c8c8cbb9a8630ef0, Permission: users
[2026-09-17 14:23:55] [INFO] [getMySubscription] Loaded subscription 6aaae0bcc8c8cbb9a8630ed5 | Hotel ID: 6aaae0bcc8c8cbb9a8630ed4
[2026-09-17 14:23:55] [INFO] [Permission Verify] Allowed. User: 6aaae3a8c8c8cbb9a8630ef0, Permission: users
[2026-09-17 14:23:55] [INFO] [getMySubscription] Loaded subscription 6aaae0bcc8c8cbb9a8630ed5 | Hotel ID: 6aaae0bcc8c8cbb9a8630ed4
[2026-09-17 14:23:55] [INFO] [Permission Verify] Allowed. User: 6aaae3a8c8c8cbb9a8630ef0, Permission: users
[2026-09-17 14:23:55] [INFO] [getMySubscription] Loaded subscription 6aaae0bcc8c8cbb9a8630ed5 | Hotel ID: 6aaae0bcc8c8cbb9a8630ed4
[2026-09-17 14:23:55] [INFO] [Permission Verify] Allowed. User: 6aaae3a8c8c8cbb9a8630ef0, Permission: users
[2026-09-17 14:23:55] [INFO] [getMySubscription] Loaded subscription 6aaae0bcc8c8cbb9a8630ed5 | Hotel ID: 6aaae0bcc8c8cbb9a8630ed4
[2026-09-17 14:23:56] [INFO] [Permission Verify] Allowed. User: 6aaae3a8c8c8cbb9a8630ef0, Permission: users
[2026-09-17 14:23:56] [INFO] [getMySubscription] Loaded subscription 6aaae0bcc8c8cbb9a8630ed5 | Hotel ID: 6aaae0bcc8c8cbb9a8630ed4
[2026-09-17 14:23:56] [INFO] [Permission Verify] Allowed. User: 6aaae3a8c8c8cbb9a8630ef0, Permission: users
[2026-09-17 14:23:56] [INFO] [Permission Verify] Allowed. User: 6aaae3a8c8c8cbb9a8630ef0, Permission: roomsBooking
[2026-09-17 14:23:56] [INFO] [Booking] Finding booking. bookingId=6aaae25ac8c8cbb9a8630ee7, hotelId=6aaae0bcc8c8cbb9a8630ed4, branchId=6aaae1bdc8c8cbb9a8630ee3
[2026-09-17 14:23:56] [INFO] [Booking] Booking retrieved. bookingId=6aaae25ac8c8cbb9a8630ee7, hotelId=6aaae0bcc8c8cbb9a8630ed4, branchId=6aaae1bdc8c8cbb9a8630ee3
[2026-09-17 14:23:56] [INFO] [getMySubscription] Loaded subscription 6aaae0bcc8c8cbb9a8630ed5 | Hotel ID: 6aaae0bcc8c8cbb9a8630ed4
[2026-09-17 14:23:59] [INFO] [Permission Verify] Allowed. User: 6aaae3a8c8c8cbb9a8630ef0, Permission: users
[2026-09-17 14:23:59] [INFO] [getMySubscription] Loaded subscription 6aaae0bcc8c8cbb9a8630ed5 | Hotel ID: 6aaae0bcc8c8cbb9a8630ed4
[2026-09-17 14:23:59] [INFO] [Permission Verify] Allowed. User: 6aaae3a8c8c8cbb9a8630ef0, Permission: users
[2026-09-17 14:23:59] [INFO] [Permission Verify] Allowed. User: 6aaae3a8c8c8cbb9a8630ef0, Permission: serviceManagement
[2026-09-17 14:23:59] [INFO] [Permission Verify] Allowed. User: 6aaae3a8c8c8cbb9a8630ef0, Permission: roomsBooking
[2026-09-17 14:23:59] [INFO] [Booking] Finding booking. bookingId=6aaae25ac8c8cbb9a8630ee7, hotelId=6aaae0bcc8c8cbb9a8630ed4, branchId=6aaae1bdc8c8cbb9a8630ee3
[2026-09-17 14:23:59] [INFO] INFO
[2026-09-17 14:24:00] [INFO] [Booking] Booking retrieved. bookingId=6aaae25ac8c8cbb9a8630ee7, hotelId=6aaae0bcc8c8cbb9a8630ed4, branchId=6aaae1bdc8c8cbb9a8630ee3
[2026-09-17 14:24:00] [INFO] [OVERSTAY] Cron triggered
[2026-09-17 14:24:00] [INFO] ==================================================
[2026-09-17 14:24:00] [INFO] OVERSTAY CRON STARTED
[2026-09-17 14:24:00] [INFO] ==================================================
[2026-09-17 14:24:00] [INFO] [OVERSTAY] Current India Date/Time: 17/09/2026 14:24:00
[2026-09-17 14:24:00] [INFO] [OVERSTAY] Timezone: Asia/Kolkata
[2026-09-17 14:24:00] [INFO] [SUBSCRIPTION] Expiry cron triggered
[2026-09-17 14:24:00] [INFO] ==================================================
[2026-09-17 14:24:00] [INFO] SUBSCRIPTION EXPIRY CRON STARTED
[2026-09-17 14:24:00] [INFO] ==================================================
[2026-09-17 14:24:00] [INFO] [SUBSCRIPTION] Current India Date: 2026-09-17
[2026-09-17 14:24:00] [INFO] [getMySubscription] Loaded subscription 6aaae0bcc8c8cbb9a8630ed5 | Hotel ID: 6aaae0bcc8c8cbb9a8630ed4
[2026-09-17 14:24:00] [INFO] [OVERSTAY] Staying customers found: 0
[2026-09-17 14:24:00] [INFO] ==================================================
[2026-09-17 14:24:00] [INFO] OVERSTAY CRON COMPLETED
[2026-09-17 14:24:00] [INFO] ==================================================
[2026-09-17 14:24:00] [INFO] [Permission Verify] Allowed. User: 6aaae3a8c8c8cbb9a8630ef0, Permission: serviceManagement
[2026-09-17 14:24:00] [INFO] [SUBSCRIPTION] Subscriptions found: 2
[2026-09-17 14:24:00] [INFO] INFO
[2026-09-17 14:24:00] [INFO] [SUBSCRIPTION] mani hotel | Expiry: 2026-10-16 | Days Remaining: 29
[2026-09-17 14:24:00] [INFO] [SUBSCRIPTION] hotel 2 | Expiry: 2026-10-17 | Days Remaining: 30
[2026-09-17 14:24:00] [INFO] ==================================================
[2026-09-17 14:24:00] [INFO] SUBSCRIPTION EXPIRY CRON COMPLETED
[2026-09-17 14:24:00] [INFO] ==================================================
[2026-09-17 14:24:02] [INFO] [Permission Verify] Forbidden. User: 6aaae3a8c8c8cbb9a8630ef0, Role: receptionist, Permission: foodManagement
[2026-09-17 14:24:25] [INFO] [Permission Verify] Forbidden. User: 6aaae3a8c8c8cbb9a8630ef0, Role: receptionist, Permission: foodManagement
[2026-09-17 14:25:00] [INFO] [OVERSTAY] Cron triggered
[2026-09-17 14:25:00] [INFO] ==================================================
[2026-09-17 14:25:00] [INFO] OVERSTAY CRON STARTED
[2026-09-17 14:25:00] [INFO] ==================================================
[2026-09-17 14:25:00] [INFO] [OVERSTAY] Current India Date/Time: 17/09/2026 14:25:00
[2026-09-17 14:25:00] [INFO] [OVERSTAY] Timezone: Asia/Kolkata
[2026-09-17 14:25:00] [INFO] [SUBSCRIPTION] Expiry cron triggered
[2026-09-17 14:25:00] [INFO] ==================================================
[2026-09-17 14:25:00] [INFO] SUBSCRIPTION EXPIRY CRON STARTED
[2026-09-17 14:25:00] [INFO] ==================================================
[2026-09-17 14:25:00] [INFO] [SUBSCRIPTION] Current India Date: 2026-09-17
[2026-09-17 14:25:00] [INFO] [OVERSTAY] Staying customers found: 0
[2026-09-17 14:25:00] [INFO] ==================================================
[2026-09-17 14:25:00] [INFO] OVERSTAY CRON COMPLETED
[2026-09-17 14:25:00] [INFO] ==================================================
[2026-09-17 14:25:00] [INFO] [SUBSCRIPTION] Subscriptions found: 2
[2026-09-17 14:25:00] [INFO] [SUBSCRIPTION] mani hotel | Expiry: 2026-10-16 | Days Remaining: 29
[2026-09-17 14:25:00] [INFO] [SUBSCRIPTION] hotel 2 | Expiry: 2026-10-17 | Days Remaining: 30
[2026-09-17 14:25:00] [INFO] ==================================================
[2026-09-17 14:25:00] [INFO] SUBSCRIPTION EXPIRY CRON COMPLETED
[2026-09-17 14:25:00] [INFO] ==================================================
[2026-09-17 14:25:36] [INFO] [Permission Verify] Allowed. User: 6aaae3a8c8c8cbb9a8630ef0, Permission: roomsBooking
[2026-09-17 14:25:36] [INFO] [Booking] Get active bookings started. hotelId=6aaae0bcc8c8cbb9a8630ed4, branchId=6aaae1bdc8c8cbb9a8630ee3
[2026-09-17 14:25:37] [INFO] [Booking] Active bookings retrieved. hotelId=6aaae0bcc8c8cbb9a8630ed4, branchId=6aaae1bdc8c8cbb9a8630ee3, count=1
[2026-09-17 14:25:42] [INFO] [Permission Verify] Allowed. User: 6aaae3a8c8c8cbb9a8630ef0, Permission: roomsBooking
[2026-09-17 14:25:42] [INFO] [Booking] Get active bookings started. hotelId=6aaae0bcc8c8cbb9a8630ed4, branchId=6aaae1bdc8c8cbb9a8630ee3
[2026-09-17 14:25:42] [INFO] [Booking] Active bookings retrieved. hotelId=6aaae0bcc8c8cbb9a8630ed4, branchId=6aaae1bdc8c8cbb9a8630ee3, count=1
[2026-09-17 14:25:45] [INFO] [Permission Verify] Allowed. User: 6aaae3a8c8c8cbb9a8630ef0, Permission: users
[2026-09-17 14:25:45] [INFO] [getAllUsers] Loaded 2 users | Hotel ID: 6aaae0bcc8c8cbb9a8630ed4 | Branch ID: 6aaae1bdc8c8cbb9a8630ee3 | Subscription: 6aaae0bcc8c8cbb9a8630ed5
[2026-09-17 14:25:45] [INFO] [Permission Verify] Allowed. User: 6aaae3a8c8c8cbb9a8630ef0, Permission: users
[2026-09-17 14:25:45] [INFO] [Permission Verify] Allowed. User: 6aaae3a8c8c8cbb9a8630ef0, Permission: users
[2026-09-17 14:25:45] [INFO] [getAllUsers] Loaded 2 users | Hotel ID: 6aaae0bcc8c8cbb9a8630ed4 | Branch ID: 6aaae1bdc8c8cbb9a8630ee3 | Subscription: 6aaae0bcc8c8cbb9a8630ed5
[2026-09-17 14:25:45] [INFO] [getMySubscription] Loaded subscription 6aaae0bcc8c8cbb9a8630ed5 | Hotel ID: 6aaae0bcc8c8cbb9a8630ed4
[2026-09-17 14:25:45] [INFO] [Permission Verify] Allowed. User: 6aaae3a8c8c8cbb9a8630ef0, Permission: users
[2026-09-17 14:25:45] [INFO] [Permission Verify] Forbidden. User: 6aaae3a8c8c8cbb9a8630ef0, Role: receptionist, Permission: plans
[2026-09-17 14:25:45] [INFO] [getMySubscription] Loaded subscription 6aaae0bcc8c8cbb9a8630ed5 | Hotel ID: 6aaae0bcc8c8cbb9a8630ed4
[2026-09-17 14:25:45] [INFO] [Permission Verify] Forbidden. User: 6aaae3a8c8c8cbb9a8630ef0, Role: receptionist, Permission: plans
[2026-09-17 14:26:00] [INFO] [OVERSTAY] Cron triggered
[2026-09-17 14:26:00] [INFO] ==================================================
[2026-09-17 14:26:00] [INFO] OVERSTAY CRON STARTED
[2026-09-17 14:26:00] [INFO] ==================================================
[2026-09-17 14:26:00] [INFO] [OVERSTAY] Current India Date/Time: 17/09/2026 14:26:00
[2026-09-17 14:26:00] [INFO] [OVERSTAY] Timezone: Asia/Kolkata
[2026-09-17 14:26:00] [INFO] [SUBSCRIPTION] Expiry cron triggered
[2026-09-17 14:26:00] [INFO] ==================================================
[2026-09-17 14:26:00] [INFO] SUBSCRIPTION EXPIRY CRON STARTED
[2026-09-17 14:26:00] [INFO] ==================================================
[2026-09-17 14:26:00] [INFO] [SUBSCRIPTION] Current India Date: 2026-09-17
[2026-09-17 14:26:00] [INFO] [OVERSTAY] Staying customers found: 0
[2026-09-17 14:26:00] [INFO] ==================================================
[2026-09-17 14:26:00] [INFO] OVERSTAY CRON COMPLETED
[2026-09-17 14:26:00] [INFO] ==================================================
[2026-09-17 14:26:00] [INFO] [SUBSCRIPTION] Subscriptions found: 2
[2026-09-17 14:26:00] [INFO] [SUBSCRIPTION] mani hotel | Expiry: 2026-10-16 | Days Remaining: 29
[2026-09-17 14:26:00] [INFO] [SUBSCRIPTION] hotel 2 | Expiry: 2026-10-17 | Days Remaining: 30
[2026-09-17 14:26:00] [INFO] ==================================================
[2026-09-17 14:26:00] [INFO] SUBSCRIPTION EXPIRY CRON COMPLETED
[2026-09-17 14:26:00] [INFO] ==================================================
[2026-09-17 14:26:48] [INFO] INFO
[2026-09-17 14:26:49] [INFO] INFO
[2026-09-17 14:26:51] [INFO] [Permission Verify] Allowed. User: 6aaae3a8c8c8cbb9a8630ef0, Permission: roomsBooking
[2026-09-17 14:26:51] [INFO] [Booking] Get active bookings started. hotelId=6aaae0bcc8c8cbb9a8630ed4, branchId=6aaae1bdc8c8cbb9a8630ee3
[2026-09-17 14:26:51] [INFO] [Booking] Active bookings retrieved. hotelId=6aaae0bcc8c8cbb9a8630ed4, branchId=6aaae1bdc8c8cbb9a8630ee3, count=1
[2026-09-17 14:26:51] [INFO] [Permission Verify] Allowed. User: 6aaae3a8c8c8cbb9a8630ef0, Permission: roomsBooking
[2026-09-17 14:26:51] [INFO] [Booking] Get active bookings started. hotelId=6aaae0bcc8c8cbb9a8630ed4, branchId=6aaae1bdc8c8cbb9a8630ee3
[2026-09-17 14:26:51] [INFO] [Booking] Active bookings retrieved. hotelId=6aaae0bcc8c8cbb9a8630ed4, branchId=6aaae1bdc8c8cbb9a8630ee3, count=1
[2026-09-17 14:26:52] [INFO] [Permission Verify] Allowed. User: 6aaae3a8c8c8cbb9a8630ef0, Permission: users
[2026-09-17 14:26:52] [INFO] [getMySubscription] Loaded subscription 6aaae0bcc8c8cbb9a8630ed5 | Hotel ID: 6aaae0bcc8c8cbb9a8630ed4
[2026-09-17 14:26:52] [INFO] [Permission Verify] Allowed. User: 6aaae3a8c8c8cbb9a8630ef0, Permission: users
[2026-09-17 14:26:52] [INFO] [getMySubscription] Loaded subscription 6aaae0bcc8c8cbb9a8630ed5 | Hotel ID: 6aaae0bcc8c8cbb9a8630ed4
[2026-09-17 14:26:52] [INFO] [Permission Verify] Allowed. User: 6aaae3a8c8c8cbb9a8630ef0, Permission: users
[2026-09-17 14:26:52] [INFO] [getMySubscription] Loaded subscription 6aaae0bcc8c8cbb9a8630ed5 | Hotel ID: 6aaae0bcc8c8cbb9a8630ed4
[2026-09-17 14:26:53] [INFO] [Permission Verify] Allowed. User: 6aaae3a8c8c8cbb9a8630ef0, Permission: users
[2026-09-17 14:26:53] [INFO] [getMySubscription] Loaded subscription 6aaae0bcc8c8cbb9a8630ed5 | Hotel ID: 6aaae0bcc8c8cbb9a8630ed4
[2026-09-17 14:26:53] [INFO] [Permission Verify] Allowed. User: 6aaae3a8c8c8cbb9a8630ef0, Permission: users
[2026-09-17 14:26:53] [INFO] [getMySubscription] Loaded subscription 6aaae0bcc8c8cbb9a8630ed5 | Hotel ID: 6aaae0bcc8c8cbb9a8630ed4
[2026-09-17 14:26:53] [INFO] [Permission Verify] Allowed. User: 6aaae3a8c8c8cbb9a8630ef0, Permission: users
[2026-09-17 14:26:53] [INFO] [Permission Verify] Allowed. User: 6aaae3a8c8c8cbb9a8630ef0, Permission: roomsBooking
[2026-09-17 14:26:53] [INFO] [Booking] Finding booking. bookingId=6aaae25ac8c8cbb9a8630ee7, hotelId=6aaae0bcc8c8cbb9a8630ed4, branchId=6aaae1bdc8c8cbb9a8630ee3
[2026-09-17 14:26:53] [INFO] [Booking] Booking retrieved. bookingId=6aaae25ac8c8cbb9a8630ee7, hotelId=6aaae0bcc8c8cbb9a8630ed4, branchId=6aaae1bdc8c8cbb9a8630ee3
[2026-09-17 14:26:53] [INFO] [getMySubscription] Loaded subscription 6aaae0bcc8c8cbb9a8630ed5 | Hotel ID: 6aaae0bcc8c8cbb9a8630ed4
[2026-09-17 14:26:54] [INFO] [Permission Verify] Allowed. User: 6aaae3a8c8c8cbb9a8630ef0, Permission: users
[2026-09-17 14:26:54] [INFO] [getMySubscription] Loaded subscription 6aaae0bcc8c8cbb9a8630ed5 | Hotel ID: 6aaae0bcc8c8cbb9a8630ed4
[2026-09-17 14:26:54] [INFO] [Permission Verify] Allowed. User: 6aaae3a8c8c8cbb9a8630ef0, Permission: users
[2026-09-17 14:26:54] [INFO] [Permission Verify] Allowed. User: 6aaae3a8c8c8cbb9a8630ef0, Permission: roomsBooking
[2026-09-17 14:26:54] [INFO] [Booking] Finding booking. bookingId=6aaae25ac8c8cbb9a8630ee7, hotelId=6aaae0bcc8c8cbb9a8630ed4, branchId=6aaae1bdc8c8cbb9a8630ee3
[2026-09-17 14:26:54] [INFO] [Permission Verify] Allowed. User: 6aaae3a8c8c8cbb9a8630ef0, Permission: serviceManagement
[2026-09-17 14:26:54] [INFO] INFO
[2026-09-17 14:26:54] [INFO] [Booking] Booking retrieved. bookingId=6aaae25ac8c8cbb9a8630ee7, hotelId=6aaae0bcc8c8cbb9a8630ed4, branchId=6aaae1bdc8c8cbb9a8630ee3
[2026-09-17 14:26:54] [INFO] [getMySubscription] Loaded subscription 6aaae0bcc8c8cbb9a8630ed5 | Hotel ID: 6aaae0bcc8c8cbb9a8630ed4
[2026-09-17 14:26:54] [INFO] [Permission Verify] Allowed. User: 6aaae3a8c8c8cbb9a8630ef0, Permission: serviceManagement
[2026-09-17 14:26:54] [INFO] INFO
[2026-09-17 14:27:00] [INFO] [OVERSTAY] Cron triggered
[2026-09-17 14:27:00] [INFO] ==================================================
[2026-09-17 14:27:00] [INFO] OVERSTAY CRON STARTED
[2026-09-17 14:27:00] [INFO] ==================================================
[2026-09-17 14:27:00] [INFO] [OVERSTAY] Current India Date/Time: 17/09/2026 14:27:00
[2026-09-17 14:27:00] [INFO] [OVERSTAY] Timezone: Asia/Kolkata
[2026-09-17 14:27:00] [INFO] [SUBSCRIPTION] Expiry cron triggered
[2026-09-17 14:27:00] [INFO] ==================================================
[2026-09-17 14:27:00] [INFO] SUBSCRIPTION EXPIRY CRON STARTED
[2026-09-17 14:27:00] [INFO] ==================================================
[2026-09-17 14:27:00] [INFO] [SUBSCRIPTION] Current India Date: 2026-09-17
[2026-09-17 14:27:00] [INFO] [OVERSTAY] Staying customers found: 0
[2026-09-17 14:27:00] [INFO] ==================================================
[2026-09-17 14:27:00] [INFO] OVERSTAY CRON COMPLETED
[2026-09-17 14:27:00] [INFO] ==================================================
[2026-09-17 14:27:00] [INFO] [SUBSCRIPTION] Subscriptions found: 2
[2026-09-17 14:27:00] [INFO] [SUBSCRIPTION] mani hotel | Expiry: 2026-10-16 | Days Remaining: 29
[2026-09-17 14:27:00] [INFO] [SUBSCRIPTION] hotel 2 | Expiry: 2026-10-17 | Days Remaining: 30
[2026-09-17 14:27:00] [INFO] ==================================================
[2026-09-17 14:27:00] [INFO] SUBSCRIPTION EXPIRY CRON COMPLETED
[2026-09-17 14:27:00] [INFO] ==================================================
[2026-09-17 14:27:00] [INFO] [Permission Verify] Forbidden. User: 6aaae3a8c8c8cbb9a8630ef0, Role: receptionist, Permission: foodManagement
[2026-09-17 14:27:06] [INFO] [Permission Verify] Forbidden. User: 6aaae3a8c8c8cbb9a8630ef0, Role: receptionist, Permission: foodManagement
[2026-09-17 14:28:00] [INFO] [OVERSTAY] Cron triggered
[2026-09-17 14:28:00] [INFO] ==================================================
[2026-09-17 14:28:00] [INFO] OVERSTAY CRON STARTED
[2026-09-17 14:28:00] [INFO] ==================================================
[2026-09-17 14:28:00] [INFO] [OVERSTAY] Current India Date/Time: 17/09/2026 14:28:00
[2026-09-17 14:28:00] [INFO] [OVERSTAY] Timezone: Asia/Kolkata
[2026-09-17 14:28:00] [INFO] [SUBSCRIPTION] Expiry cron triggered
[2026-09-17 14:28:00] [INFO] ==================================================
[2026-09-17 14:28:00] [INFO] SUBSCRIPTION EXPIRY CRON STARTED
[2026-09-17 14:28:00] [INFO] ==================================================
[2026-09-17 14:28:00] [INFO] [SUBSCRIPTION] Current India Date: 2026-09-17
[2026-09-17 14:28:00] [INFO] [OVERSTAY] Staying customers found: 0
[2026-09-17 14:28:00] [INFO] ==================================================
[2026-09-17 14:28:00] [INFO] OVERSTAY CRON COMPLETED
[2026-09-17 14:28:00] [INFO] ==================================================
[2026-09-17 14:28:00] [INFO] [SUBSCRIPTION] Subscriptions found: 2
[2026-09-17 14:28:00] [INFO] [SUBSCRIPTION] mani hotel | Expiry: 2026-10-16 | Days Remaining: 29
[2026-09-17 14:28:00] [INFO] [SUBSCRIPTION] hotel 2 | Expiry: 2026-10-17 | Days Remaining: 30
[2026-09-17 14:28:00] [INFO] ==================================================
[2026-09-17 14:28:00] [INFO] SUBSCRIPTION EXPIRY CRON COMPLETED
[2026-09-17 14:28:00] [INFO] ==================================================
[2026-09-17 14:29:00] [INFO] [OVERSTAY] Cron triggered
[2026-09-17 14:29:00] [INFO] ==================================================
[2026-09-17 14:29:00] [INFO] OVERSTAY CRON STARTED
[2026-09-17 14:29:00] [INFO] ==================================================
[2026-09-17 14:29:00] [INFO] [OVERSTAY] Current India Date/Time: 17/09/2026 14:29:00
[2026-09-17 14:29:00] [INFO] [OVERSTAY] Timezone: Asia/Kolkata
[2026-09-17 14:29:00] [INFO] [SUBSCRIPTION] Expiry cron triggered
[2026-09-17 14:29:00] [INFO] ==================================================
[2026-09-17 14:29:00] [INFO] SUBSCRIPTION EXPIRY CRON STARTED
[2026-09-17 14:29:00] [INFO] ==================================================
[2026-09-17 14:29:00] [INFO] [SUBSCRIPTION] Current India Date: 2026-09-17
[2026-09-17 14:29:00] [INFO] [OVERSTAY] Staying customers found: 0
[2026-09-17 14:29:00] [INFO] ==================================================
[2026-09-17 14:29:00] [INFO] OVERSTAY CRON COMPLETED
[2026-09-17 14:29:00] [INFO] ==================================================
[2026-09-17 14:29:00] [INFO] [SUBSCRIPTION] Subscriptions found: 2
[2026-09-17 14:29:00] [INFO] [SUBSCRIPTION] mani hotel | Expiry: 2026-10-16 | Days Remaining: 29
[2026-09-17 14:29:00] [INFO] [SUBSCRIPTION] hotel 2 | Expiry: 2026-10-17 | Days Remaining: 30
[2026-09-17 14:29:00] [INFO] ==================================================
[2026-09-17 14:29:00] [INFO] SUBSCRIPTION EXPIRY CRON COMPLETED
[2026-09-17 14:29:00] [INFO] ==================================================
[2026-09-17 14:30:00] [INFO] [OVERSTAY] Cron triggered
[2026-09-17 14:30:00] [INFO] ==================================================
[2026-09-17 14:30:00] [INFO] OVERSTAY CRON STARTED
[2026-09-17 14:30:00] [INFO] ==================================================
[2026-09-17 14:30:00] [INFO] [OVERSTAY] Current India Date/Time: 17/09/2026 14:30:00
[2026-09-17 14:30:00] [INFO] [OVERSTAY] Timezone: Asia/Kolkata
[2026-09-17 14:30:00] [INFO] [SUBSCRIPTION] Expiry cron triggered
[2026-09-17 14:30:00] [INFO] ==================================================
[2026-09-17 14:30:00] [INFO] SUBSCRIPTION EXPIRY CRON STARTED
[2026-09-17 14:30:00] [INFO] ==================================================
[2026-09-17 14:30:00] [INFO] [SUBSCRIPTION] Current India Date: 2026-09-17
[2026-09-17 14:30:00] [INFO] [OVERSTAY] Staying customers found: 0
[2026-09-17 14:30:00] [INFO] ==================================================
[2026-09-17 14:30:00] [INFO] OVERSTAY CRON COMPLETED
[2026-09-17 14:30:00] [INFO] ==================================================
[2026-09-17 14:30:00] [INFO] [SUBSCRIPTION] Subscriptions found: 2
[2026-09-17 14:30:00] [INFO] [SUBSCRIPTION] mani hotel | Expiry: 2026-10-16 | Days Remaining: 29
[2026-09-17 14:30:00] [INFO] [SUBSCRIPTION] hotel 2 | Expiry: 2026-10-17 | Days Remaining: 30
[2026-09-17 14:30:00] [INFO] ==================================================
[2026-09-17 14:30:00] [INFO] SUBSCRIPTION EXPIRY CRON COMPLETED
[2026-09-17 14:30:00] [INFO] ==================================================
[2026-09-17 14:31:00] [INFO] [OVERSTAY] Cron triggered
[2026-09-17 14:31:00] [INFO] ==================================================
[2026-09-17 14:31:00] [INFO] OVERSTAY CRON STARTED
[2026-09-17 14:31:00] [INFO] ==================================================
[2026-09-17 14:31:00] [INFO] [OVERSTAY] Current India Date/Time: 17/09/2026 14:31:00
[2026-09-17 14:31:00] [INFO] [OVERSTAY] Timezone: Asia/Kolkata
[2026-09-17 14:31:00] [INFO] [SUBSCRIPTION] Expiry cron triggered
[2026-09-17 14:31:00] [INFO] ==================================================
[2026-09-17 14:31:00] [INFO] SUBSCRIPTION EXPIRY CRON STARTED
[2026-09-17 14:31:00] [INFO] ==================================================
[2026-09-17 14:31:00] [INFO] [SUBSCRIPTION] Current India Date: 2026-09-17
[2026-09-17 14:31:00] [INFO] [OVERSTAY] Staying customers found: 0
[2026-09-17 14:31:00] [INFO] ==================================================
[2026-09-17 14:31:00] [INFO] OVERSTAY CRON COMPLETED
[2026-09-17 14:31:00] [INFO] ==================================================
[2026-09-17 14:31:00] [INFO] [SUBSCRIPTION] Subscriptions found: 2
[2026-09-17 14:31:00] [INFO] [SUBSCRIPTION] mani hotel | Expiry: 2026-10-16 | Days Remaining: 29
[2026-09-17 14:31:00] [INFO] [SUBSCRIPTION] hotel 2 | Expiry: 2026-10-17 | Days Remaining: 30
[2026-09-17 14:31:00] [INFO] ==================================================
[2026-09-17 14:31:00] [INFO] SUBSCRIPTION EXPIRY CRON COMPLETED
[2026-09-17 14:31:00] [INFO] ==================================================
[2026-09-17 14:31:37] [INFO] [OVERSTAY] Overstay cron initialized successfully
[2026-09-17 14:31:37] [INFO] [OVERSTAY] Cron schedule: Every minute
[2026-09-17 14:31:37] [INFO] [OVERSTAY] Cron timezone: Asia/Kolkata
[2026-09-17 14:31:37] [INFO] ==================================================
[2026-09-17 14:31:37] [INFO] OVERSTAY CRON STARTED
[2026-09-17 14:31:37] [INFO] ==================================================
[2026-09-17 14:31:37] [INFO] [OVERSTAY] Current India Date/Time: 17/09/2026 14:31:37
[2026-09-17 14:31:37] [INFO] [OVERSTAY] Timezone: Asia/Kolkata
[2026-09-17 14:31:38] [INFO] [SUBSCRIPTION] Subscription expiry cron initialized successfully
[2026-09-17 14:31:38] [INFO] [SUBSCRIPTION] Cron schedule: Every minute
[2026-09-17 14:31:38] [INFO] [SUBSCRIPTION] Cron timezone: Asia/Kolkata
[2026-09-17 14:31:38] [INFO] ==================================================
[2026-09-17 14:31:38] [INFO] SUBSCRIPTION EXPIRY CRON STARTED
[2026-09-17 14:31:38] [INFO] ==================================================
[2026-09-17 14:31:38] [INFO] [SUBSCRIPTION] Current India Date: 2026-09-17
[2026-09-17 14:31:38] [INFO] [Logger] Running log cleanup check. Retention limit: 30 days.
[2026-09-17 14:31:38] [INFO] [Logger] Cleanup completed. No expired log files found.
[2026-09-17 14:31:38] [INFO] [Logger] Automated log cleanup scheduler started (runs every 24 hours).
[2026-09-17 14:31:38] [INFO] [Server] Server started and listening on port 5000
[2026-09-17 14:31:38] [INFO] [Database] MongoDB Connected successfully: 76.13.244.61
[2026-09-17 14:31:38] [INFO] [OVERSTAY] Staying customers found: 0
[2026-09-17 14:31:38] [INFO] ==================================================
[2026-09-17 14:31:38] [INFO] OVERSTAY CRON COMPLETED
[2026-09-17 14:31:38] [INFO] ==================================================
[2026-09-17 14:31:39] [INFO] Admin user already exists
[2026-09-17 14:31:39] [INFO] [SUBSCRIPTION] Subscriptions found: 2
[2026-09-17 14:31:39] [INFO] [SUBSCRIPTION] mani hotel | Expiry: 2026-10-16 | Days Remaining: 29
[2026-09-17 14:31:39] [INFO] [SUBSCRIPTION] hotel 2 | Expiry: 2026-10-17 | Days Remaining: 30
[2026-09-17 14:31:39] [INFO] ==================================================
[2026-09-17 14:31:39] [INFO] SUBSCRIPTION EXPIRY CRON COMPLETED
[2026-09-17 14:31:39] [INFO] ==================================================
[2026-09-17 14:31:45] [INFO] [OVERSTAY] Overstay cron initialized successfully
[2026-09-17 14:31:45] [INFO] [OVERSTAY] Cron schedule: Every minute
[2026-09-17 14:31:45] [INFO] [OVERSTAY] Cron timezone: Asia/Kolkata
[2026-09-17 14:31:45] [INFO] ==================================================
[2026-09-17 14:31:45] [INFO] OVERSTAY CRON STARTED
[2026-09-17 14:31:45] [INFO] ==================================================
[2026-09-17 14:31:45] [INFO] [OVERSTAY] Current India Date/Time: 17/09/2026 14:31:45
[2026-09-17 14:31:45] [INFO] [OVERSTAY] Timezone: Asia/Kolkata
[2026-09-17 14:31:45] [INFO] [SUBSCRIPTION] Subscription expiry cron initialized successfully
[2026-09-17 14:31:45] [INFO] [SUBSCRIPTION] Cron schedule: Every minute
[2026-09-17 14:31:45] [INFO] [SUBSCRIPTION] Cron timezone: Asia/Kolkata
[2026-09-17 14:31:45] [INFO] ==================================================
[2026-09-17 14:31:45] [INFO] SUBSCRIPTION EXPIRY CRON STARTED
[2026-09-17 14:31:45] [INFO] ==================================================
[2026-09-17 14:31:45] [INFO] [SUBSCRIPTION] Current India Date: 2026-09-17
[2026-09-17 14:31:45] [INFO] [Logger] Running log cleanup check. Retention limit: 30 days.
[2026-09-17 14:31:45] [INFO] [Logger] Cleanup completed. No expired log files found.
[2026-09-17 14:31:45] [INFO] [Logger] Automated log cleanup scheduler started (runs every 24 hours).
[2026-09-17 14:31:45] [INFO] [Server] Server started and listening on port 5000
[2026-09-17 14:31:45] [INFO] [Database] MongoDB Connected successfully: 76.13.244.61
[2026-09-17 14:31:45] [INFO] Admin user already exists
[2026-09-17 14:31:45] [INFO] [OVERSTAY] Staying customers found: 0
[2026-09-17 14:31:45] [INFO] ==================================================
[2026-09-17 14:31:45] [INFO] OVERSTAY CRON COMPLETED
[2026-09-17 14:31:45] [INFO] ==================================================
[2026-09-17 14:31:46] [INFO] [SUBSCRIPTION] Subscriptions found: 2
[2026-09-17 14:31:46] [INFO] [SUBSCRIPTION] mani hotel | Expiry: 2026-10-16 | Days Remaining: 29
[2026-09-17 14:31:46] [INFO] [SUBSCRIPTION] hotel 2 | Expiry: 2026-10-17 | Days Remaining: 30
[2026-09-17 14:31:46] [INFO] ==================================================
[2026-09-17 14:31:46] [INFO] SUBSCRIPTION EXPIRY CRON COMPLETED
[2026-09-17 14:31:46] [INFO] ==================================================
[2026-09-17 14:32:00] [INFO] [OVERSTAY] Cron triggered
[2026-09-17 14:32:00] [INFO] ==================================================
[2026-09-17 14:32:00] [INFO] OVERSTAY CRON STARTED
[2026-09-17 14:32:00] [INFO] ==================================================
[2026-09-17 14:32:00] [INFO] [OVERSTAY] Current India Date/Time: 17/09/2026 14:32:00
[2026-09-17 14:32:00] [INFO] [OVERSTAY] Timezone: Asia/Kolkata
[2026-09-17 14:32:00] [INFO] [SUBSCRIPTION] Expiry cron triggered
[2026-09-17 14:32:00] [INFO] ==================================================
[2026-09-17 14:32:00] [INFO] SUBSCRIPTION EXPIRY CRON STARTED
[2026-09-17 14:32:00] [INFO] ==================================================
[2026-09-17 14:32:00] [INFO] [SUBSCRIPTION] Current India Date: 2026-09-17
[2026-09-17 14:32:00] [INFO] [OVERSTAY] Staying customers found: 0
[2026-09-17 14:32:00] [INFO] ==================================================
[2026-09-17 14:32:00] [INFO] OVERSTAY CRON COMPLETED
[2026-09-17 14:32:00] [INFO] ==================================================
[2026-09-17 14:32:00] [INFO] [SUBSCRIPTION] Subscriptions found: 2
[2026-09-17 14:32:00] [INFO] [SUBSCRIPTION] mani hotel | Expiry: 2026-10-16 | Days Remaining: 29
[2026-09-17 14:32:00] [INFO] [SUBSCRIPTION] hotel 2 | Expiry: 2026-10-17 | Days Remaining: 30
[2026-09-17 14:32:00] [INFO] ==================================================
[2026-09-17 14:32:00] [INFO] SUBSCRIPTION EXPIRY CRON COMPLETED
[2026-09-17 14:32:00] [INFO] ==================================================
[2026-09-17 14:33:00] [INFO] [SUBSCRIPTION] Expiry cron triggered
[2026-09-17 14:33:00] [INFO] ==================================================
[2026-09-17 14:33:00] [INFO] SUBSCRIPTION EXPIRY CRON STARTED
[2026-09-17 14:33:00] [INFO] ==================================================
[2026-09-17 14:33:00] [INFO] [SUBSCRIPTION] Current India Date: 2026-09-17
[2026-09-17 14:33:00] [INFO] [OVERSTAY] Cron triggered
[2026-09-17 14:33:00] [INFO] ==================================================
[2026-09-17 14:33:00] [INFO] OVERSTAY CRON STARTED
[2026-09-17 14:33:00] [INFO] ==================================================
[2026-09-17 14:33:00] [INFO] [OVERSTAY] Current India Date/Time: 17/09/2026 14:33:00
[2026-09-17 14:33:00] [INFO] [OVERSTAY] Timezone: Asia/Kolkata
[2026-09-17 14:33:00] [INFO] [OVERSTAY] Staying customers found: 0
[2026-09-17 14:33:00] [INFO] ==================================================
[2026-09-17 14:33:00] [INFO] OVERSTAY CRON COMPLETED
[2026-09-17 14:33:00] [INFO] ==================================================
[2026-09-17 14:33:00] [INFO] [SUBSCRIPTION] Subscriptions found: 2
[2026-09-17 14:33:00] [INFO] [SUBSCRIPTION] mani hotel | Expiry: 2026-10-16 | Days Remaining: 29
[2026-09-17 14:33:00] [INFO] [SUBSCRIPTION] hotel 2 | Expiry: 2026-10-17 | Days Remaining: 30
[2026-09-17 14:33:00] [INFO] ==================================================
[2026-09-17 14:33:00] [INFO] SUBSCRIPTION EXPIRY CRON COMPLETED
[2026-09-17 14:33:00] [INFO] ==================================================
[2026-09-17 14:34:00] [INFO] [SUBSCRIPTION] Expiry cron triggered
[2026-09-17 14:34:00] [INFO] ==================================================
[2026-09-17 14:34:00] [INFO] SUBSCRIPTION EXPIRY CRON STARTED
[2026-09-17 14:34:00] [INFO] ==================================================
[2026-09-17 14:34:00] [INFO] [SUBSCRIPTION] Current India Date: 2026-09-17
[2026-09-17 14:34:00] [INFO] [OVERSTAY] Cron triggered
[2026-09-17 14:34:00] [INFO] ==================================================
[2026-09-17 14:34:00] [INFO] OVERSTAY CRON STARTED
[2026-09-17 14:34:00] [INFO] ==================================================
[2026-09-17 14:34:00] [INFO] [OVERSTAY] Current India Date/Time: 17/09/2026 14:34:00
[2026-09-17 14:34:00] [INFO] [OVERSTAY] Timezone: Asia/Kolkata
[2026-09-17 14:34:00] [INFO] [OVERSTAY] Staying customers found: 0
[2026-09-17 14:34:00] [INFO] ==================================================
[2026-09-17 14:34:00] [INFO] OVERSTAY CRON COMPLETED
[2026-09-17 14:34:00] [INFO] ==================================================
[2026-09-17 14:34:00] [INFO] [SUBSCRIPTION] Subscriptions found: 2
[2026-09-17 14:34:00] [INFO] [SUBSCRIPTION] mani hotel | Expiry: 2026-10-16 | Days Remaining: 29
[2026-09-17 14:34:00] [INFO] [SUBSCRIPTION] hotel 2 | Expiry: 2026-10-17 | Days Remaining: 30
[2026-09-17 14:34:00] [INFO] ==================================================
[2026-09-17 14:34:00] [INFO] SUBSCRIPTION EXPIRY CRON COMPLETED
[2026-09-17 14:34:00] [INFO] ==================================================
[2026-09-17 14:35:00] [INFO] [OVERSTAY] Cron triggered
[2026-09-17 14:35:00] [INFO] ==================================================
[2026-09-17 14:35:00] [INFO] OVERSTAY CRON STARTED
[2026-09-17 14:35:00] [INFO] ==================================================
[2026-09-17 14:35:00] [INFO] [OVERSTAY] Current India Date/Time: 17/09/2026 14:35:00
[2026-09-17 14:35:00] [INFO] [OVERSTAY] Timezone: Asia/Kolkata
[2026-09-17 14:35:00] [INFO] [SUBSCRIPTION] Expiry cron triggered
[2026-09-17 14:35:00] [INFO] ==================================================
[2026-09-17 14:35:00] [INFO] SUBSCRIPTION EXPIRY CRON STARTED
[2026-09-17 14:35:00] [INFO] ==================================================
[2026-09-17 14:35:00] [INFO] [SUBSCRIPTION] Current India Date: 2026-09-17
[2026-09-17 14:35:00] [INFO] [OVERSTAY] Staying customers found: 0
[2026-09-17 14:35:00] [INFO] ==================================================
[2026-09-17 14:35:00] [INFO] OVERSTAY CRON COMPLETED
[2026-09-17 14:35:00] [INFO] ==================================================
[2026-09-17 14:35:00] [INFO] [SUBSCRIPTION] Subscriptions found: 2
[2026-09-17 14:35:00] [INFO] [SUBSCRIPTION] mani hotel | Expiry: 2026-10-16 | Days Remaining: 29
[2026-09-17 14:35:00] [INFO] [SUBSCRIPTION] hotel 2 | Expiry: 2026-10-17 | Days Remaining: 30
[2026-09-17 14:35:00] [INFO] ==================================================
[2026-09-17 14:35:00] [INFO] SUBSCRIPTION EXPIRY CRON COMPLETED
[2026-09-17 14:35:00] [INFO] ==================================================
[2026-09-17 14:36:00] [INFO] [OVERSTAY] Cron triggered
[2026-09-17 14:36:00] [INFO] ==================================================
[2026-09-17 14:36:00] [INFO] OVERSTAY CRON STARTED
[2026-09-17 14:36:00] [INFO] ==================================================
[2026-09-17 14:36:00] [INFO] [OVERSTAY] Current India Date/Time: 17/09/2026 14:36:00
[2026-09-17 14:36:00] [INFO] [OVERSTAY] Timezone: Asia/Kolkata
[2026-09-17 14:36:00] [INFO] [SUBSCRIPTION] Expiry cron triggered
[2026-09-17 14:36:00] [INFO] ==================================================
[2026-09-17 14:36:00] [INFO] SUBSCRIPTION EXPIRY CRON STARTED
[2026-09-17 14:36:00] [INFO] ==================================================
[2026-09-17 14:36:00] [INFO] [SUBSCRIPTION] Current India Date: 2026-09-17
[2026-09-17 14:36:00] [INFO] [OVERSTAY] Staying customers found: 0
[2026-09-17 14:36:00] [INFO] ==================================================
[2026-09-17 14:36:00] [INFO] OVERSTAY CRON COMPLETED
[2026-09-17 14:36:00] [INFO] ==================================================
[2026-09-17 14:36:00] [INFO] [SUBSCRIPTION] Subscriptions found: 2
[2026-09-17 14:36:00] [INFO] [SUBSCRIPTION] mani hotel | Expiry: 2026-10-16 | Days Remaining: 29
[2026-09-17 14:36:00] [INFO] [SUBSCRIPTION] hotel 2 | Expiry: 2026-10-17 | Days Remaining: 30
[2026-09-17 14:36:00] [INFO] ==================================================
[2026-09-17 14:36:00] [INFO] SUBSCRIPTION EXPIRY CRON COMPLETED
[2026-09-17 14:36:00] [INFO] ==================================================
[2026-09-17 14:37:00] [INFO] [OVERSTAY] Cron triggered
[2026-09-17 14:37:00] [INFO] ==================================================
[2026-09-17 14:37:00] [INFO] OVERSTAY CRON STARTED
[2026-09-17 14:37:00] [INFO] ==================================================
[2026-09-17 14:37:00] [INFO] [OVERSTAY] Current India Date/Time: 17/09/2026 14:37:00
[2026-09-17 14:37:00] [INFO] [OVERSTAY] Timezone: Asia/Kolkata
[2026-09-17 14:37:00] [INFO] [SUBSCRIPTION] Expiry cron triggered
[2026-09-17 14:37:00] [INFO] ==================================================
[2026-09-17 14:37:00] [INFO] SUBSCRIPTION EXPIRY CRON STARTED
[2026-09-17 14:37:00] [INFO] ==================================================
[2026-09-17 14:37:00] [INFO] [SUBSCRIPTION] Current India Date: 2026-09-17
[2026-09-17 14:37:00] [INFO] [OVERSTAY] Staying customers found: 0
[2026-09-17 14:37:00] [INFO] ==================================================
[2026-09-17 14:37:00] [INFO] OVERSTAY CRON COMPLETED
[2026-09-17 14:37:00] [INFO] ==================================================
[2026-09-17 14:37:00] [INFO] [SUBSCRIPTION] Subscriptions found: 2
[2026-09-17 14:37:00] [INFO] [SUBSCRIPTION] mani hotel | Expiry: 2026-10-16 | Days Remaining: 29
[2026-09-17 14:37:00] [INFO] [SUBSCRIPTION] hotel 2 | Expiry: 2026-10-17 | Days Remaining: 30
[2026-09-17 14:37:00] [INFO] ==================================================
[2026-09-17 14:37:00] [INFO] SUBSCRIPTION EXPIRY CRON COMPLETED
[2026-09-17 14:37:00] [INFO] ==================================================
[2026-09-17 14:38:00] [INFO] [OVERSTAY] Cron triggered
[2026-09-17 14:38:00] [INFO] ==================================================
[2026-09-17 14:38:00] [INFO] OVERSTAY CRON STARTED
[2026-09-17 14:38:00] [INFO] ==================================================
[2026-09-17 14:38:00] [INFO] [OVERSTAY] Current India Date/Time: 17/09/2026 14:38:00
[2026-09-17 14:38:00] [INFO] [OVERSTAY] Timezone: Asia/Kolkata
[2026-09-17 14:38:00] [INFO] [SUBSCRIPTION] Expiry cron triggered
[2026-09-17 14:38:00] [INFO] ==================================================
[2026-09-17 14:38:00] [INFO] SUBSCRIPTION EXPIRY CRON STARTED
[2026-09-17 14:38:00] [INFO] ==================================================
[2026-09-17 14:38:00] [INFO] [SUBSCRIPTION] Current India Date: 2026-09-17
[2026-09-17 14:38:00] [INFO] [OVERSTAY] Staying customers found: 0
[2026-09-17 14:38:00] [INFO] ==================================================
[2026-09-17 14:38:00] [INFO] OVERSTAY CRON COMPLETED
[2026-09-17 14:38:00] [INFO] ==================================================
[2026-09-17 14:38:00] [INFO] [SUBSCRIPTION] Subscriptions found: 2
[2026-09-17 14:38:00] [INFO] [SUBSCRIPTION] mani hotel | Expiry: 2026-10-16 | Days Remaining: 29
[2026-09-17 14:38:00] [INFO] [SUBSCRIPTION] hotel 2 | Expiry: 2026-10-17 | Days Remaining: 30
[2026-09-17 14:38:00] [INFO] ==================================================
[2026-09-17 14:38:00] [INFO] SUBSCRIPTION EXPIRY CRON COMPLETED
[2026-09-17 14:38:00] [INFO] ==================================================
[2026-09-17 14:38:19] [INFO] [Permission Verify] Allowed. User: 6aaae3a8c8c8cbb9a8630ef0, Permission: roomsBooking
[2026-09-17 14:38:19] [INFO] [Booking] Get active bookings started. hotelId=6aaae0bcc8c8cbb9a8630ed4, branchId=6aaae1bdc8c8cbb9a8630ee3
[2026-09-17 14:38:19] [INFO] [Booking] Active bookings retrieved. hotelId=6aaae0bcc8c8cbb9a8630ed4, branchId=6aaae1bdc8c8cbb9a8630ee3, count=1
[2026-09-17 14:38:19] [INFO] [Permission Verify] Allowed. User: 6aaae3a8c8c8cbb9a8630ef0, Permission: roomsBooking
[2026-09-17 14:38:19] [INFO] [Booking] Get active bookings started. hotelId=6aaae0bcc8c8cbb9a8630ed4, branchId=6aaae1bdc8c8cbb9a8630ee3
[2026-09-17 14:38:19] [INFO] [Booking] Active bookings retrieved. hotelId=6aaae0bcc8c8cbb9a8630ed4, branchId=6aaae1bdc8c8cbb9a8630ee3, count=1
[2026-09-17 14:38:21] [INFO] INFO
[2026-09-17 14:38:21] [INFO] INFO
[2026-09-17 14:38:22] [INFO] [Permission Verify] Allowed. User: 6aaae3a8c8c8cbb9a8630ef0, Permission: roomsBooking
[2026-09-17 14:38:22] [INFO] [Booking] Get active bookings started. hotelId=6aaae0bcc8c8cbb9a8630ed4, branchId=6aaae1bdc8c8cbb9a8630ee3
[2026-09-17 14:38:22] [INFO] [Booking] Active bookings retrieved. hotelId=6aaae0bcc8c8cbb9a8630ed4, branchId=6aaae1bdc8c8cbb9a8630ee3, count=1
[2026-09-17 14:38:22] [INFO] [Permission Verify] Allowed. User: 6aaae3a8c8c8cbb9a8630ef0, Permission: roomsBooking
[2026-09-17 14:38:22] [INFO] [Booking] Get active bookings started. hotelId=6aaae0bcc8c8cbb9a8630ed4, branchId=6aaae1bdc8c8cbb9a8630ee3
[2026-09-17 14:38:22] [INFO] [Booking] Active bookings retrieved. hotelId=6aaae0bcc8c8cbb9a8630ed4, branchId=6aaae1bdc8c8cbb9a8630ee3, count=1
[2026-09-17 14:38:24] [INFO] [Permission Verify] Allowed. User: 6aaae3a8c8c8cbb9a8630ef0, Permission: users
[2026-09-17 14:38:24] [INFO] [getMySubscription] Loaded subscription 6aaae0bcc8c8cbb9a8630ed5 | Hotel ID: 6aaae0bcc8c8cbb9a8630ed4
[2026-09-17 14:38:24] [INFO] [Permission Verify] Allowed. User: 6aaae3a8c8c8cbb9a8630ef0, Permission: users
[2026-09-17 14:38:24] [INFO] [getMySubscription] Loaded subscription 6aaae0bcc8c8cbb9a8630ed5 | Hotel ID: 6aaae0bcc8c8cbb9a8630ed4
[2026-09-17 14:38:24] [INFO] [Permission Verify] Allowed. User: 6aaae3a8c8c8cbb9a8630ef0, Permission: users
[2026-09-17 14:38:24] [INFO] [getMySubscription] Loaded subscription 6aaae0bcc8c8cbb9a8630ed5 | Hotel ID: 6aaae0bcc8c8cbb9a8630ed4
[2026-09-17 14:38:24] [INFO] [Permission Verify] Allowed. User: 6aaae3a8c8c8cbb9a8630ef0, Permission: users
[2026-09-17 14:38:24] [INFO] [getMySubscription] Loaded subscription 6aaae0bcc8c8cbb9a8630ed5 | Hotel ID: 6aaae0bcc8c8cbb9a8630ed4
[2026-09-17 14:38:24] [INFO] [Permission Verify] Allowed. User: 6aaae3a8c8c8cbb9a8630ef0, Permission: users
[2026-09-17 14:38:24] [INFO] [getMySubscription] Loaded subscription 6aaae0bcc8c8cbb9a8630ed5 | Hotel ID: 6aaae0bcc8c8cbb9a8630ed4
[2026-09-17 14:38:24] [INFO] [Permission Verify] Allowed. User: 6aaae3a8c8c8cbb9a8630ef0, Permission: users
[2026-09-17 14:38:24] [INFO] [Permission Verify] Allowed. User: 6aaae3a8c8c8cbb9a8630ef0, Permission: roomsBooking
[2026-09-17 14:38:24] [INFO] [Booking] Finding booking. bookingId=6aaae25ac8c8cbb9a8630ee7, hotelId=6aaae0bcc8c8cbb9a8630ed4, branchId=6aaae1bdc8c8cbb9a8630ee3
[2026-09-17 14:38:25] [INFO] [Booking] Booking retrieved. bookingId=6aaae25ac8c8cbb9a8630ee7, hotelId=6aaae0bcc8c8cbb9a8630ed4, branchId=6aaae1bdc8c8cbb9a8630ee3
[2026-09-17 14:38:25] [INFO] [getMySubscription] Loaded subscription 6aaae0bcc8c8cbb9a8630ed5 | Hotel ID: 6aaae0bcc8c8cbb9a8630ed4
[2026-09-17 14:38:26] [INFO] [Permission Verify] Allowed. User: 6aaae3a8c8c8cbb9a8630ef0, Permission: users
[2026-09-17 14:38:26] [INFO] [getMySubscription] Loaded subscription 6aaae0bcc8c8cbb9a8630ed5 | Hotel ID: 6aaae0bcc8c8cbb9a8630ed4
[2026-09-17 14:38:26] [INFO] [Permission Verify] Allowed. User: 6aaae3a8c8c8cbb9a8630ef0, Permission: users
[2026-09-17 14:38:26] [INFO] [Permission Verify] Allowed. User: 6aaae3a8c8c8cbb9a8630ef0, Permission: serviceManagement
[2026-09-17 14:38:26] [INFO] [Permission Verify] Allowed. User: 6aaae3a8c8c8cbb9a8630ef0, Permission: roomsBooking
[2026-09-17 14:38:26] [INFO] [Booking] Finding booking. bookingId=6aaae25ac8c8cbb9a8630ee7, hotelId=6aaae0bcc8c8cbb9a8630ed4, branchId=6aaae1bdc8c8cbb9a8630ee3
[2026-09-17 14:38:26] [INFO] INFO
[2026-09-17 14:38:26] [INFO] [Booking] Booking retrieved. bookingId=6aaae25ac8c8cbb9a8630ee7, hotelId=6aaae0bcc8c8cbb9a8630ed4, branchId=6aaae1bdc8c8cbb9a8630ee3
[2026-09-17 14:38:26] [INFO] [getMySubscription] Loaded subscription 6aaae0bcc8c8cbb9a8630ed5 | Hotel ID: 6aaae0bcc8c8cbb9a8630ed4
[2026-09-17 14:38:26] [INFO] [Permission Verify] Allowed. User: 6aaae3a8c8c8cbb9a8630ef0, Permission: serviceManagement
[2026-09-17 14:38:26] [INFO] INFO
[2026-09-17 14:38:27] [INFO] [Permission Verify] Allowed. User: 6aaae3a8c8c8cbb9a8630ef0, Permission: users
[2026-09-17 14:38:27] [INFO] [getMySubscription] Loaded subscription 6aaae0bcc8c8cbb9a8630ed5 | Hotel ID: 6aaae0bcc8c8cbb9a8630ed4
[2026-09-17 14:38:27] [INFO] [Permission Verify] Allowed. User: 6aaae3a8c8c8cbb9a8630ef0, Permission: users
[2026-09-17 14:38:27] [INFO] [Permission Verify] Allowed. User: 6aaae3a8c8c8cbb9a8630ef0, Permission: roomsBooking
[2026-09-17 14:38:27] [INFO] [Booking] Finding booking. bookingId=6aaae25ac8c8cbb9a8630ee7, hotelId=6aaae0bcc8c8cbb9a8630ed4, branchId=6aaae1bdc8c8cbb9a8630ee3
[2026-09-17 14:38:27] [INFO] [Booking] Booking retrieved. bookingId=6aaae25ac8c8cbb9a8630ee7, hotelId=6aaae0bcc8c8cbb9a8630ed4, branchId=6aaae1bdc8c8cbb9a8630ee3
[2026-09-17 14:38:27] [INFO] [getMySubscription] Loaded subscription 6aaae0bcc8c8cbb9a8630ed5 | Hotel ID: 6aaae0bcc8c8cbb9a8630ed4
[2026-09-17 14:38:28] [INFO] [Permission Verify] Allowed. User: 6aaae3a8c8c8cbb9a8630ef0, Permission: users
[2026-09-17 14:38:28] [INFO] [getMySubscription] Loaded subscription 6aaae0bcc8c8cbb9a8630ed5 | Hotel ID: 6aaae0bcc8c8cbb9a8630ed4
[2026-09-17 14:38:28] [INFO] [Permission Verify] Allowed. User: 6aaae3a8c8c8cbb9a8630ef0, Permission: users
[2026-09-17 14:38:28] [INFO] [Permission Verify] Allowed. User: 6aaae3a8c8c8cbb9a8630ef0, Permission: serviceManagement
[2026-09-17 14:38:28] [INFO] [Permission Verify] Allowed. User: 6aaae3a8c8c8cbb9a8630ef0, Permission: roomsBooking
[2026-09-17 14:38:28] [INFO] [Booking] Finding booking. bookingId=6aaae25ac8c8cbb9a8630ee7, hotelId=6aaae0bcc8c8cbb9a8630ed4, branchId=6aaae1bdc8c8cbb9a8630ee3
[2026-09-17 14:38:28] [INFO] INFO
[2026-09-17 14:38:28] [INFO] [Booking] Booking retrieved. bookingId=6aaae25ac8c8cbb9a8630ee7, hotelId=6aaae0bcc8c8cbb9a8630ed4, branchId=6aaae1bdc8c8cbb9a8630ee3
[2026-09-17 14:38:28] [INFO] [getMySubscription] Loaded subscription 6aaae0bcc8c8cbb9a8630ed5 | Hotel ID: 6aaae0bcc8c8cbb9a8630ed4
[2026-09-17 14:38:28] [INFO] [Permission Verify] Allowed. User: 6aaae3a8c8c8cbb9a8630ef0, Permission: serviceManagement
[2026-09-17 14:38:28] [INFO] INFO
[2026-09-17 14:38:30] [INFO] [Permission Verify] Allowed. User: 6aaae3a8c8c8cbb9a8630ef0, Permission: serviceManagement
[2026-09-17 14:38:31] [INFO] [Booking] Room service added. bookingId=6aaae25ac8c8cbb9a8630ee7, roomId=6aaae25ac8c8cbb9a8630ee8, serviceId=6aabaa88a793d73930653492, hotelId=6aaae0bcc8c8cbb9a8630ed4, branchId=6aaae1bdc8c8cbb9a8630ee3
[2026-09-17 14:38:31] [INFO] [Permission Verify] Allowed. User: 6aaae3a8c8c8cbb9a8630ef0, Permission: roomsBooking
[2026-09-17 14:38:31] [INFO] [Booking] Finding booking. bookingId=6aaae25ac8c8cbb9a8630ee7, hotelId=6aaae0bcc8c8cbb9a8630ed4, branchId=6aaae1bdc8c8cbb9a8630ee3
[2026-09-17 14:38:31] [INFO] [Booking] Booking retrieved. bookingId=6aaae25ac8c8cbb9a8630ee7, hotelId=6aaae0bcc8c8cbb9a8630ed4, branchId=6aaae1bdc8c8cbb9a8630ee3
[2026-09-17 14:38:32] [INFO] [Permission Verify] Allowed. User: 6aaae3a8c8c8cbb9a8630ef0, Permission: roomsBooking
[2026-09-17 14:38:32] [INFO] [Booking] Finding booking. bookingId=6aaae25ac8c8cbb9a8630ee7, hotelId=6aaae0bcc8c8cbb9a8630ed4, branchId=6aaae1bdc8c8cbb9a8630ee3
[2026-09-17 14:38:32] [INFO] [Booking] Booking retrieved. bookingId=6aaae25ac8c8cbb9a8630ee7, hotelId=6aaae0bcc8c8cbb9a8630ed4, branchId=6aaae1bdc8c8cbb9a8630ee3
[2026-09-17 14:38:35] [INFO] [Permission Verify] Allowed. User: 6aaae3a8c8c8cbb9a8630ef0, Permission: roomsBooking
[2026-09-17 14:38:35] [INFO] [Booking] Get active bookings started. hotelId=6aaae0bcc8c8cbb9a8630ed4, branchId=6aaae1bdc8c8cbb9a8630ee3
[2026-09-17 14:38:35] [INFO] [Booking] Active bookings retrieved. hotelId=6aaae0bcc8c8cbb9a8630ed4, branchId=6aaae1bdc8c8cbb9a8630ee3, count=1
[2026-09-17 14:38:39] [INFO] [Permission Verify] Allowed. User: 6aaae3a8c8c8cbb9a8630ef0, Permission: settings
[2026-09-17 14:38:39] [INFO] [Settings] GET started. userId=6aaae3a8c8c8cbb9a8630ef0
[2026-09-17 14:38:39] [INFO] [Settings] Tenant resolved. hotelId=6aaae0bcc8c8cbb9a8630ed4, branchId=6aaae1bdc8c8cbb9a8630ee3
[2026-09-17 14:38:39] [INFO] [Settings] Verifying branch ownership. hotelId=6aaae0bcc8c8cbb9a8630ed4, branchId=6aaae1bdc8c8cbb9a8630ee3
[2026-09-17 14:38:39] [INFO] [Settings] Searching settings. hotelId=6aaae0bcc8c8cbb9a8630ed4, branchId=6aaae1bdc8c8cbb9a8630ee3
[2026-09-17 14:38:39] [INFO] [Settings] GET successful. settingsId=6aabaa52a793d7393065347b, hotelId=6aaae0bcc8c8cbb9a8630ed4, branchId=6aaae1bdc8c8cbb9a8630ee3
[2026-09-17 14:38:39] [INFO] [Permission Verify] Allowed. User: 6aaae3a8c8c8cbb9a8630ef0, Permission: settings
[2026-09-17 14:38:39] [INFO] [Settings] GET started. userId=6aaae3a8c8c8cbb9a8630ef0
[2026-09-17 14:38:39] [INFO] [Settings] Tenant resolved. hotelId=6aaae0bcc8c8cbb9a8630ed4, branchId=6aaae1bdc8c8cbb9a8630ee3
[2026-09-17 14:38:39] [INFO] [Settings] Verifying branch ownership. hotelId=6aaae0bcc8c8cbb9a8630ed4, branchId=6aaae1bdc8c8cbb9a8630ee3
[2026-09-17 14:38:39] [INFO] [Settings] Searching settings. hotelId=6aaae0bcc8c8cbb9a8630ed4, branchId=6aaae1bdc8c8cbb9a8630ee3
[2026-09-17 14:38:40] [INFO] [Settings] GET successful. settingsId=6aabaa52a793d7393065347b, hotelId=6aaae0bcc8c8cbb9a8630ed4, branchId=6aaae1bdc8c8cbb9a8630ee3
[2026-09-17 14:39:00] [INFO] [OVERSTAY] Cron triggered
[2026-09-17 14:39:00] [INFO] ==================================================
[2026-09-17 14:39:00] [INFO] OVERSTAY CRON STARTED
[2026-09-17 14:39:00] [INFO] ==================================================
[2026-09-17 14:39:00] [INFO] [OVERSTAY] Current India Date/Time: 17/09/2026 14:39:00
[2026-09-17 14:39:00] [INFO] [OVERSTAY] Timezone: Asia/Kolkata
[2026-09-17 14:39:00] [INFO] [SUBSCRIPTION] Expiry cron triggered
[2026-09-17 14:39:00] [INFO] ==================================================
[2026-09-17 14:39:00] [INFO] SUBSCRIPTION EXPIRY CRON STARTED
[2026-09-17 14:39:00] [INFO] ==================================================
[2026-09-17 14:39:00] [INFO] [SUBSCRIPTION] Current India Date: 2026-09-17
[2026-09-17 14:39:00] [INFO] [OVERSTAY] Staying customers found: 0
[2026-09-17 14:39:00] [INFO] ==================================================
[2026-09-17 14:39:00] [INFO] OVERSTAY CRON COMPLETED
[2026-09-17 14:39:00] [INFO] ==================================================
[2026-09-17 14:39:00] [INFO] [SUBSCRIPTION] Subscriptions found: 2
[2026-09-17 14:39:00] [INFO] [SUBSCRIPTION] mani hotel | Expiry: 2026-10-16 | Days Remaining: 29
[2026-09-17 14:39:00] [INFO] [SUBSCRIPTION] hotel 2 | Expiry: 2026-10-17 | Days Remaining: 30
[2026-09-17 14:39:00] [INFO] ==================================================
[2026-09-17 14:39:00] [INFO] SUBSCRIPTION EXPIRY CRON COMPLETED
[2026-09-17 14:39:00] [INFO] ==================================================
[2026-09-17 14:40:00] [INFO] [OVERSTAY] Cron triggered
[2026-09-17 14:40:00] [INFO] ==================================================
[2026-09-17 14:40:00] [INFO] OVERSTAY CRON STARTED
[2026-09-17 14:40:00] [INFO] ==================================================
[2026-09-17 14:40:00] [INFO] [OVERSTAY] Current India Date/Time: 17/09/2026 14:40:00
[2026-09-17 14:40:00] [INFO] [OVERSTAY] Timezone: Asia/Kolkata
[2026-09-17 14:40:00] [INFO] [SUBSCRIPTION] Expiry cron triggered
[2026-09-17 14:40:00] [INFO] ==================================================
[2026-09-17 14:40:00] [INFO] SUBSCRIPTION EXPIRY CRON STARTED
[2026-09-17 14:40:00] [INFO] ==================================================
[2026-09-17 14:40:00] [INFO] [SUBSCRIPTION] Current India Date: 2026-09-17
[2026-09-17 14:40:00] [INFO] [OVERSTAY] Staying customers found: 0
[2026-09-17 14:40:00] [INFO] ==================================================
[2026-09-17 14:40:00] [INFO] OVERSTAY CRON COMPLETED
[2026-09-17 14:40:00] [INFO] ==================================================
[2026-09-17 14:40:00] [INFO] [SUBSCRIPTION] Subscriptions found: 2
[2026-09-17 14:40:00] [INFO] [SUBSCRIPTION] mani hotel | Expiry: 2026-10-16 | Days Remaining: 29
[2026-09-17 14:40:00] [INFO] [SUBSCRIPTION] hotel 2 | Expiry: 2026-10-17 | Days Remaining: 30
[2026-09-17 14:40:00] [INFO] ==================================================
[2026-09-17 14:40:00] [INFO] SUBSCRIPTION EXPIRY CRON COMPLETED
[2026-09-17 14:40:00] [INFO] ==================================================
[2026-09-17 14:40:38] [INFO] INFO
[2026-09-17 14:40:38] [INFO] INFO
[2026-09-17 14:40:39] [INFO] [Permission Verify] Allowed. User: 6aaae3a8c8c8cbb9a8630ef0, Permission: roomsBooking
[2026-09-17 14:40:39] [INFO] [Booking] Get active bookings started. hotelId=6aaae0bcc8c8cbb9a8630ed4, branchId=6aaae1bdc8c8cbb9a8630ee3
[2026-09-17 14:40:39] [INFO] [Booking] Active bookings retrieved. hotelId=6aaae0bcc8c8cbb9a8630ed4, branchId=6aaae1bdc8c8cbb9a8630ee3, count=1
[2026-09-17 14:40:39] [INFO] [Permission Verify] Allowed. User: 6aaae3a8c8c8cbb9a8630ef0, Permission: roomsBooking
[2026-09-17 14:40:39] [INFO] [Booking] Get active bookings started. hotelId=6aaae0bcc8c8cbb9a8630ed4, branchId=6aaae1bdc8c8cbb9a8630ee3
[2026-09-17 14:40:39] [INFO] [Booking] Active bookings retrieved. hotelId=6aaae0bcc8c8cbb9a8630ed4, branchId=6aaae1bdc8c8cbb9a8630ee3, count=1
[2026-09-17 14:40:42] [INFO] [Permission Verify] Allowed. User: 6aaae3a8c8c8cbb9a8630ef0, Permission: settings
[2026-09-17 14:40:42] [INFO] [Settings] GET started. userId=6aaae3a8c8c8cbb9a8630ef0
[2026-09-17 14:40:42] [INFO] [Settings] Tenant resolved. hotelId=6aaae0bcc8c8cbb9a8630ed4, branchId=6aaae1bdc8c8cbb9a8630ee3
[2026-09-17 14:40:42] [INFO] [Settings] Verifying branch ownership. hotelId=6aaae0bcc8c8cbb9a8630ed4, branchId=6aaae1bdc8c8cbb9a8630ee3
[2026-09-17 14:40:43] [INFO] [Settings] Searching settings. hotelId=6aaae0bcc8c8cbb9a8630ed4, branchId=6aaae1bdc8c8cbb9a8630ee3
[2026-09-17 14:40:43] [INFO] [Settings] GET successful. settingsId=6aabaa52a793d7393065347b, hotelId=6aaae0bcc8c8cbb9a8630ed4, branchId=6aaae1bdc8c8cbb9a8630ee3
[2026-09-17 14:40:43] [INFO] [Permission Verify] Allowed. User: 6aaae3a8c8c8cbb9a8630ef0, Permission: settings
[2026-09-17 14:40:43] [INFO] [Settings] GET started. userId=6aaae3a8c8c8cbb9a8630ef0
[2026-09-17 14:40:43] [INFO] [Settings] Tenant resolved. hotelId=6aaae0bcc8c8cbb9a8630ed4, branchId=6aaae1bdc8c8cbb9a8630ee3
[2026-09-17 14:40:43] [INFO] [Settings] Verifying branch ownership. hotelId=6aaae0bcc8c8cbb9a8630ed4, branchId=6aaae1bdc8c8cbb9a8630ee3
[2026-09-17 14:40:43] [INFO] [Settings] Searching settings. hotelId=6aaae0bcc8c8cbb9a8630ed4, branchId=6aaae1bdc8c8cbb9a8630ee3
[2026-09-17 14:40:43] [INFO] [Settings] GET successful. settingsId=6aabaa52a793d7393065347b, hotelId=6aaae0bcc8c8cbb9a8630ed4, branchId=6aaae1bdc8c8cbb9a8630ee3
[2026-09-17 14:41:00] [INFO] [OVERSTAY] Cron triggered
[2026-09-17 14:41:00] [INFO] ==================================================
[2026-09-17 14:41:00] [INFO] OVERSTAY CRON STARTED
[2026-09-17 14:41:00] [INFO] ==================================================
[2026-09-17 14:41:00] [INFO] [OVERSTAY] Current India Date/Time: 17/09/2026 14:41:00
[2026-09-17 14:41:00] [INFO] [OVERSTAY] Timezone: Asia/Kolkata
[2026-09-17 14:41:00] [INFO] [SUBSCRIPTION] Expiry cron triggered
[2026-09-17 14:41:00] [INFO] ==================================================
[2026-09-17 14:41:00] [INFO] SUBSCRIPTION EXPIRY CRON STARTED
[2026-09-17 14:41:00] [INFO] ==================================================
[2026-09-17 14:41:00] [INFO] [SUBSCRIPTION] Current India Date: 2026-09-17
[2026-09-17 14:41:00] [INFO] [OVERSTAY] Staying customers found: 0
[2026-09-17 14:41:00] [INFO] ==================================================
[2026-09-17 14:41:00] [INFO] OVERSTAY CRON COMPLETED
[2026-09-17 14:41:00] [INFO] ==================================================
[2026-09-17 14:41:00] [INFO] [SUBSCRIPTION] Subscriptions found: 2
[2026-09-17 14:41:00] [INFO] [SUBSCRIPTION] mani hotel | Expiry: 2026-10-16 | Days Remaining: 29
[2026-09-17 14:41:00] [INFO] [SUBSCRIPTION] hotel 2 | Expiry: 2026-10-17 | Days Remaining: 30
[2026-09-17 14:41:00] [INFO] ==================================================
[2026-09-17 14:41:00] [INFO] SUBSCRIPTION EXPIRY CRON COMPLETED
[2026-09-17 14:41:00] [INFO] ==================================================
[2026-09-17 14:42:00] [INFO] [OVERSTAY] Cron triggered
[2026-09-17 14:42:00] [INFO] ==================================================
[2026-09-17 14:42:00] [INFO] OVERSTAY CRON STARTED
[2026-09-17 14:42:00] [INFO] ==================================================
[2026-09-17 14:42:00] [INFO] [OVERSTAY] Current India Date/Time: 17/09/2026 14:42:00
[2026-09-17 14:42:00] [INFO] [OVERSTAY] Timezone: Asia/Kolkata
[2026-09-17 14:42:00] [INFO] [SUBSCRIPTION] Expiry cron triggered
[2026-09-17 14:42:00] [INFO] ==================================================
[2026-09-17 14:42:00] [INFO] SUBSCRIPTION EXPIRY CRON STARTED
[2026-09-17 14:42:00] [INFO] ==================================================
[2026-09-17 14:42:00] [INFO] [SUBSCRIPTION] Current India Date: 2026-09-17
[2026-09-17 14:42:00] [INFO] [OVERSTAY] Staying customers found: 0
[2026-09-17 14:42:00] [INFO] ==================================================
[2026-09-17 14:42:00] [INFO] OVERSTAY CRON COMPLETED
[2026-09-17 14:42:00] [INFO] ==================================================
[2026-09-17 14:42:00] [INFO] [SUBSCRIPTION] Subscriptions found: 2
[2026-09-17 14:42:00] [INFO] [SUBSCRIPTION] mani hotel | Expiry: 2026-10-16 | Days Remaining: 29
[2026-09-17 14:42:00] [INFO] [SUBSCRIPTION] hotel 2 | Expiry: 2026-10-17 | Days Remaining: 30
[2026-09-17 14:42:00] [INFO] ==================================================
[2026-09-17 14:42:00] [INFO] SUBSCRIPTION EXPIRY CRON COMPLETED
[2026-09-17 14:42:00] [INFO] ==================================================
[2026-09-17 14:43:00] [INFO] [OVERSTAY] Cron triggered
[2026-09-17 14:43:00] [INFO] ==================================================
[2026-09-17 14:43:00] [INFO] OVERSTAY CRON STARTED
[2026-09-17 14:43:00] [INFO] ==================================================
[2026-09-17 14:43:00] [INFO] [OVERSTAY] Current India Date/Time: 17/09/2026 14:43:00
[2026-09-17 14:43:00] [INFO] [OVERSTAY] Timezone: Asia/Kolkata
[2026-09-17 14:43:00] [INFO] [SUBSCRIPTION] Expiry cron triggered
[2026-09-17 14:43:00] [INFO] ==================================================
[2026-09-17 14:43:00] [INFO] SUBSCRIPTION EXPIRY CRON STARTED
[2026-09-17 14:43:00] [INFO] ==================================================
[2026-09-17 14:43:00] [INFO] [SUBSCRIPTION] Current India Date: 2026-09-17
[2026-09-17 14:43:00] [INFO] [OVERSTAY] Staying customers found: 0
[2026-09-17 14:43:00] [INFO] ==================================================
[2026-09-17 14:43:00] [INFO] OVERSTAY CRON COMPLETED
[2026-09-17 14:43:00] [INFO] ==================================================
[2026-09-17 14:43:00] [INFO] [SUBSCRIPTION] Subscriptions found: 2
[2026-09-17 14:43:00] [INFO] [SUBSCRIPTION] mani hotel | Expiry: 2026-10-16 | Days Remaining: 29
[2026-09-17 14:43:00] [INFO] [SUBSCRIPTION] hotel 2 | Expiry: 2026-10-17 | Days Remaining: 30
[2026-09-17 14:43:00] [INFO] ==================================================
[2026-09-17 14:43:00] [INFO] SUBSCRIPTION EXPIRY CRON COMPLETED
[2026-09-17 14:43:00] [INFO] ==================================================
[2026-09-17 14:44:00] [INFO] [SUBSCRIPTION] Expiry cron triggered
[2026-09-17 14:44:00] [INFO] ==================================================
[2026-09-17 14:44:00] [INFO] SUBSCRIPTION EXPIRY CRON STARTED
[2026-09-17 14:44:00] [INFO] ==================================================
[2026-09-17 14:44:00] [INFO] [SUBSCRIPTION] Current India Date: 2026-09-17
[2026-09-17 14:44:00] [INFO] [OVERSTAY] Cron triggered
[2026-09-17 14:44:00] [INFO] ==================================================
[2026-09-17 14:44:00] [INFO] OVERSTAY CRON STARTED
[2026-09-17 14:44:00] [INFO] ==================================================
[2026-09-17 14:44:00] [INFO] [OVERSTAY] Current India Date/Time: 17/09/2026 14:44:00
[2026-09-17 14:44:00] [INFO] [OVERSTAY] Timezone: Asia/Kolkata
[2026-09-17 14:44:00] [INFO] [OVERSTAY] Staying customers found: 0
[2026-09-17 14:44:00] [INFO] ==================================================
[2026-09-17 14:44:00] [INFO] OVERSTAY CRON COMPLETED
[2026-09-17 14:44:00] [INFO] ==================================================
[2026-09-17 14:44:00] [INFO] [SUBSCRIPTION] Subscriptions found: 2
[2026-09-17 14:44:00] [INFO] [SUBSCRIPTION] mani hotel | Expiry: 2026-10-16 | Days Remaining: 29
[2026-09-17 14:44:00] [INFO] [SUBSCRIPTION] hotel 2 | Expiry: 2026-10-17 | Days Remaining: 30
[2026-09-17 14:44:00] [INFO] ==================================================
[2026-09-17 14:44:00] [INFO] SUBSCRIPTION EXPIRY CRON COMPLETED
[2026-09-17 14:44:00] [INFO] ==================================================
[2026-09-17 14:45:00] [INFO] [SUBSCRIPTION] Expiry cron triggered
[2026-09-17 14:45:00] [INFO] ==================================================
[2026-09-17 14:45:00] [INFO] SUBSCRIPTION EXPIRY CRON STARTED
[2026-09-17 14:45:00] [INFO] ==================================================
[2026-09-17 14:45:00] [INFO] [SUBSCRIPTION] Current India Date: 2026-09-17
[2026-09-17 14:45:00] [INFO] [OVERSTAY] Cron triggered
[2026-09-17 14:45:00] [INFO] ==================================================
[2026-09-17 14:45:00] [INFO] OVERSTAY CRON STARTED
[2026-09-17 14:45:00] [INFO] ==================================================
[2026-09-17 14:45:00] [INFO] [OVERSTAY] Current India Date/Time: 17/09/2026 14:45:00
[2026-09-17 14:45:00] [INFO] [OVERSTAY] Timezone: Asia/Kolkata
[2026-09-17 14:45:00] [INFO] [OVERSTAY] Staying customers found: 0
[2026-09-17 14:45:00] [INFO] ==================================================
[2026-09-17 14:45:00] [INFO] OVERSTAY CRON COMPLETED
[2026-09-17 14:45:00] [INFO] ==================================================
[2026-09-17 14:45:00] [INFO] [SUBSCRIPTION] Subscriptions found: 2
[2026-09-17 14:45:00] [INFO] [SUBSCRIPTION] mani hotel | Expiry: 2026-10-16 | Days Remaining: 29
[2026-09-17 14:45:00] [INFO] [SUBSCRIPTION] hotel 2 | Expiry: 2026-10-17 | Days Remaining: 30
[2026-09-17 14:45:00] [INFO] ==================================================
[2026-09-17 14:45:00] [INFO] SUBSCRIPTION EXPIRY CRON COMPLETED
[2026-09-17 14:45:00] [INFO] ==================================================
[2026-09-17 14:46:00] [INFO] [SUBSCRIPTION] Expiry cron triggered
[2026-09-17 14:46:00] [INFO] ==================================================
[2026-09-17 14:46:00] [INFO] SUBSCRIPTION EXPIRY CRON STARTED
[2026-09-17 14:46:00] [INFO] ==================================================
[2026-09-17 14:46:00] [INFO] [SUBSCRIPTION] Current India Date: 2026-09-17
[2026-09-17 14:46:00] [INFO] [OVERSTAY] Cron triggered
[2026-09-17 14:46:00] [INFO] ==================================================
[2026-09-17 14:46:00] [INFO] OVERSTAY CRON STARTED
[2026-09-17 14:46:00] [INFO] ==================================================
[2026-09-17 14:46:00] [INFO] [OVERSTAY] Current India Date/Time: 17/09/2026 14:46:00
[2026-09-17 14:46:00] [INFO] [OVERSTAY] Timezone: Asia/Kolkata
[2026-09-17 14:46:00] [INFO] [OVERSTAY] Staying customers found: 0
[2026-09-17 14:46:00] [INFO] ==================================================
[2026-09-17 14:46:00] [INFO] OVERSTAY CRON COMPLETED
[2026-09-17 14:46:00] [INFO] ==================================================
[2026-09-17 14:46:00] [INFO] [SUBSCRIPTION] Subscriptions found: 2
[2026-09-17 14:46:00] [INFO] [SUBSCRIPTION] mani hotel | Expiry: 2026-10-16 | Days Remaining: 29
[2026-09-17 14:46:00] [INFO] [SUBSCRIPTION] hotel 2 | Expiry: 2026-10-17 | Days Remaining: 30
[2026-09-17 14:46:00] [INFO] ==================================================
[2026-09-17 14:46:00] [INFO] SUBSCRIPTION EXPIRY CRON COMPLETED
[2026-09-17 14:46:00] [INFO] ==================================================
[2026-09-17 14:47:00] [INFO] [SUBSCRIPTION] Expiry cron triggered
[2026-09-17 14:47:00] [INFO] ==================================================
[2026-09-17 14:47:00] [INFO] SUBSCRIPTION EXPIRY CRON STARTED
[2026-09-17 14:47:00] [INFO] ==================================================
[2026-09-17 14:47:00] [INFO] [SUBSCRIPTION] Current India Date: 2026-09-17
[2026-09-17 14:47:00] [INFO] [OVERSTAY] Cron triggered
[2026-09-17 14:47:00] [INFO] ==================================================
[2026-09-17 14:47:00] [INFO] OVERSTAY CRON STARTED
[2026-09-17 14:47:00] [INFO] ==================================================
[2026-09-17 14:47:00] [INFO] [OVERSTAY] Current India Date/Time: 17/09/2026 14:47:00
[2026-09-17 14:47:00] [INFO] [OVERSTAY] Timezone: Asia/Kolkata
[2026-09-17 14:47:00] [INFO] [OVERSTAY] Staying customers found: 0
[2026-09-17 14:47:00] [INFO] ==================================================
[2026-09-17 14:47:00] [INFO] OVERSTAY CRON COMPLETED
[2026-09-17 14:47:00] [INFO] ==================================================
[2026-09-17 14:47:00] [INFO] [SUBSCRIPTION] Subscriptions found: 2
[2026-09-17 14:47:00] [INFO] [SUBSCRIPTION] mani hotel | Expiry: 2026-10-16 | Days Remaining: 29
[2026-09-17 14:47:00] [INFO] [SUBSCRIPTION] hotel 2 | Expiry: 2026-10-17 | Days Remaining: 30
[2026-09-17 14:47:00] [INFO] ==================================================
[2026-09-17 14:47:00] [INFO] SUBSCRIPTION EXPIRY CRON COMPLETED
[2026-09-17 14:47:00] [INFO] ==================================================
[2026-09-17 14:48:00] [INFO] [SUBSCRIPTION] Expiry cron triggered
[2026-09-17 14:48:00] [INFO] ==================================================
[2026-09-17 14:48:00] [INFO] SUBSCRIPTION EXPIRY CRON STARTED
[2026-09-17 14:48:00] [INFO] ==================================================
[2026-09-17 14:48:00] [INFO] [SUBSCRIPTION] Current India Date: 2026-09-17
[2026-09-17 14:48:00] [INFO] [OVERSTAY] Cron triggered
[2026-09-17 14:48:00] [INFO] ==================================================
[2026-09-17 14:48:00] [INFO] OVERSTAY CRON STARTED
[2026-09-17 14:48:00] [INFO] ==================================================
[2026-09-17 14:48:00] [INFO] [OVERSTAY] Current India Date/Time: 17/09/2026 14:48:00
[2026-09-17 14:48:00] [INFO] [OVERSTAY] Timezone: Asia/Kolkata
[2026-09-17 14:48:00] [INFO] [OVERSTAY] Staying customers found: 0
[2026-09-17 14:48:00] [INFO] ==================================================
[2026-09-17 14:48:00] [INFO] OVERSTAY CRON COMPLETED
[2026-09-17 14:48:00] [INFO] ==================================================
[2026-09-17 14:48:00] [INFO] [SUBSCRIPTION] Subscriptions found: 2
[2026-09-17 14:48:00] [INFO] [SUBSCRIPTION] mani hotel | Expiry: 2026-10-16 | Days Remaining: 29
[2026-09-17 14:48:00] [INFO] [SUBSCRIPTION] hotel 2 | Expiry: 2026-10-17 | Days Remaining: 30
[2026-09-17 14:48:00] [INFO] ==================================================
[2026-09-17 14:48:00] [INFO] SUBSCRIPTION EXPIRY CRON COMPLETED
[2026-09-17 14:48:00] [INFO] ==================================================
[2026-09-17 14:49:00] [INFO] [OVERSTAY] Cron triggered
[2026-09-17 14:49:00] [INFO] ==================================================
[2026-09-17 14:49:00] [INFO] OVERSTAY CRON STARTED
[2026-09-17 14:49:00] [INFO] ==================================================
[2026-09-17 14:49:00] [INFO] [OVERSTAY] Current India Date/Time: 17/09/2026 14:49:00
[2026-09-17 14:49:00] [INFO] [OVERSTAY] Timezone: Asia/Kolkata
[2026-09-17 14:49:00] [INFO] [SUBSCRIPTION] Expiry cron triggered
[2026-09-17 14:49:00] [INFO] ==================================================
[2026-09-17 14:49:00] [INFO] SUBSCRIPTION EXPIRY CRON STARTED
[2026-09-17 14:49:00] [INFO] ==================================================
[2026-09-17 14:49:00] [INFO] [SUBSCRIPTION] Current India Date: 2026-09-17
[2026-09-17 14:49:00] [INFO] [OVERSTAY] Staying customers found: 0
[2026-09-17 14:49:00] [INFO] ==================================================
[2026-09-17 14:49:00] [INFO] OVERSTAY CRON COMPLETED
[2026-09-17 14:49:00] [INFO] ==================================================
[2026-09-17 14:49:00] [INFO] [SUBSCRIPTION] Subscriptions found: 2
[2026-09-17 14:49:00] [INFO] [SUBSCRIPTION] mani hotel | Expiry: 2026-10-16 | Days Remaining: 29
[2026-09-17 14:49:00] [INFO] [SUBSCRIPTION] hotel 2 | Expiry: 2026-10-17 | Days Remaining: 30
[2026-09-17 14:49:00] [INFO] ==================================================
[2026-09-17 14:49:00] [INFO] SUBSCRIPTION EXPIRY CRON COMPLETED
[2026-09-17 14:49:00] [INFO] ==================================================
[2026-09-17 14:50:00] [INFO] [OVERSTAY] Cron triggered
[2026-09-17 14:50:00] [INFO] ==================================================
[2026-09-17 14:50:00] [INFO] OVERSTAY CRON STARTED
[2026-09-17 14:50:00] [INFO] ==================================================
[2026-09-17 14:50:00] [INFO] [OVERSTAY] Current India Date/Time: 17/09/2026 14:50:00
[2026-09-17 14:50:00] [INFO] [OVERSTAY] Timezone: Asia/Kolkata
[2026-09-17 14:50:00] [INFO] [SUBSCRIPTION] Expiry cron triggered
[2026-09-17 14:50:00] [INFO] ==================================================
[2026-09-17 14:50:00] [INFO] SUBSCRIPTION EXPIRY CRON STARTED
[2026-09-17 14:50:00] [INFO] ==================================================
[2026-09-17 14:50:00] [INFO] [SUBSCRIPTION] Current India Date: 2026-09-17
[2026-09-17 14:50:00] [INFO] [OVERSTAY] Staying customers found: 0
[2026-09-17 14:50:00] [INFO] ==================================================
[2026-09-17 14:50:00] [INFO] OVERSTAY CRON COMPLETED
[2026-09-17 14:50:00] [INFO] ==================================================
[2026-09-17 14:50:00] [INFO] [SUBSCRIPTION] Subscriptions found: 2
[2026-09-17 14:50:00] [INFO] [SUBSCRIPTION] mani hotel | Expiry: 2026-10-16 | Days Remaining: 29
[2026-09-17 14:50:00] [INFO] [SUBSCRIPTION] hotel 2 | Expiry: 2026-10-17 | Days Remaining: 30
[2026-09-17 14:50:00] [INFO] ==================================================
[2026-09-17 14:50:00] [INFO] SUBSCRIPTION EXPIRY CRON COMPLETED
[2026-09-17 14:50:00] [INFO] ==================================================
[2026-09-17 14:51:00] [INFO] [OVERSTAY] Cron triggered
[2026-09-17 14:51:00] [INFO] ==================================================
[2026-09-17 14:51:00] [INFO] OVERSTAY CRON STARTED
[2026-09-17 14:51:00] [INFO] ==================================================
[2026-09-17 14:51:00] [INFO] [OVERSTAY] Current India Date/Time: 17/09/2026 14:51:00
[2026-09-17 14:51:00] [INFO] [OVERSTAY] Timezone: Asia/Kolkata
[2026-09-17 14:51:00] [INFO] [SUBSCRIPTION] Expiry cron triggered
[2026-09-17 14:51:00] [INFO] ==================================================
[2026-09-17 14:51:00] [INFO] SUBSCRIPTION EXPIRY CRON STARTED
[2026-09-17 14:51:00] [INFO] ==================================================
[2026-09-17 14:51:00] [INFO] [SUBSCRIPTION] Current India Date: 2026-09-17
[2026-09-17 14:51:00] [INFO] [OVERSTAY] Staying customers found: 0
[2026-09-17 14:51:00] [INFO] ==================================================
[2026-09-17 14:51:00] [INFO] OVERSTAY CRON COMPLETED
[2026-09-17 14:51:00] [INFO] ==================================================
[2026-09-17 14:51:00] [INFO] [SUBSCRIPTION] Subscriptions found: 2
[2026-09-17 14:51:00] [INFO] [SUBSCRIPTION] mani hotel | Expiry: 2026-10-16 | Days Remaining: 29
[2026-09-17 14:51:00] [INFO] [SUBSCRIPTION] hotel 2 | Expiry: 2026-10-17 | Days Remaining: 30
[2026-09-17 14:51:00] [INFO] ==================================================
[2026-09-17 14:51:00] [INFO] SUBSCRIPTION EXPIRY CRON COMPLETED
[2026-09-17 14:51:00] [INFO] ==================================================
[2026-09-17 14:52:00] [INFO] [OVERSTAY] Cron triggered
[2026-09-17 14:52:00] [INFO] ==================================================
[2026-09-17 14:52:00] [INFO] OVERSTAY CRON STARTED
[2026-09-17 14:52:00] [INFO] ==================================================
[2026-09-17 14:52:00] [INFO] [OVERSTAY] Current India Date/Time: 17/09/2026 14:52:00
[2026-09-17 14:52:00] [INFO] [OVERSTAY] Timezone: Asia/Kolkata
[2026-09-17 14:52:00] [INFO] [SUBSCRIPTION] Expiry cron triggered
[2026-09-17 14:52:00] [INFO] ==================================================
[2026-09-17 14:52:00] [INFO] SUBSCRIPTION EXPIRY CRON STARTED
[2026-09-17 14:52:00] [INFO] ==================================================
[2026-09-17 14:52:00] [INFO] [SUBSCRIPTION] Current India Date: 2026-09-17
[2026-09-17 14:52:00] [INFO] [OVERSTAY] Staying customers found: 0
[2026-09-17 14:52:00] [INFO] ==================================================
[2026-09-17 14:52:00] [INFO] OVERSTAY CRON COMPLETED
[2026-09-17 14:52:00] [INFO] ==================================================
[2026-09-17 14:52:00] [INFO] [SUBSCRIPTION] Subscriptions found: 2
[2026-09-17 14:52:00] [INFO] [SUBSCRIPTION] mani hotel | Expiry: 2026-10-16 | Days Remaining: 29
[2026-09-17 14:52:00] [INFO] [SUBSCRIPTION] hotel 2 | Expiry: 2026-10-17 | Days Remaining: 30
[2026-09-17 14:52:00] [INFO] ==================================================
[2026-09-17 14:52:00] [INFO] SUBSCRIPTION EXPIRY CRON COMPLETED
[2026-09-17 14:52:00] [INFO] ==================================================
[2026-09-17 14:53:00] [INFO] [OVERSTAY] Cron triggered
[2026-09-17 14:53:00] [INFO] ==================================================
[2026-09-17 14:53:00] [INFO] OVERSTAY CRON STARTED
[2026-09-17 14:53:00] [INFO] ==================================================
[2026-09-17 14:53:00] [INFO] [OVERSTAY] Current India Date/Time: 17/09/2026 14:53:00
[2026-09-17 14:53:00] [INFO] [OVERSTAY] Timezone: Asia/Kolkata
[2026-09-17 14:53:00] [INFO] [SUBSCRIPTION] Expiry cron triggered
[2026-09-17 14:53:00] [INFO] ==================================================
[2026-09-17 14:53:00] [INFO] SUBSCRIPTION EXPIRY CRON STARTED
[2026-09-17 14:53:00] [INFO] ==================================================
[2026-09-17 14:53:00] [INFO] [SUBSCRIPTION] Current India Date: 2026-09-17
[2026-09-17 14:53:00] [INFO] [OVERSTAY] Staying customers found: 0
[2026-09-17 14:53:00] [INFO] ==================================================
[2026-09-17 14:53:00] [INFO] OVERSTAY CRON COMPLETED
[2026-09-17 14:53:00] [INFO] ==================================================
[2026-09-17 14:53:00] [INFO] [SUBSCRIPTION] Subscriptions found: 2
[2026-09-17 14:53:00] [INFO] [SUBSCRIPTION] mani hotel | Expiry: 2026-10-16 | Days Remaining: 29
[2026-09-17 14:53:00] [INFO] [SUBSCRIPTION] hotel 2 | Expiry: 2026-10-17 | Days Remaining: 30
[2026-09-17 14:53:00] [INFO] ==================================================
[2026-09-17 14:53:00] [INFO] SUBSCRIPTION EXPIRY CRON COMPLETED
[2026-09-17 14:53:00] [INFO] ==================================================
[2026-09-17 14:54:00] [INFO] [OVERSTAY] Cron triggered
[2026-09-17 14:54:00] [INFO] ==================================================
[2026-09-17 14:54:00] [INFO] OVERSTAY CRON STARTED
[2026-09-17 14:54:00] [INFO] ==================================================
[2026-09-17 14:54:00] [INFO] [OVERSTAY] Current India Date/Time: 17/09/2026 14:54:00
[2026-09-17 14:54:00] [INFO] [OVERSTAY] Timezone: Asia/Kolkata
[2026-09-17 14:54:00] [INFO] [SUBSCRIPTION] Expiry cron triggered
[2026-09-17 14:54:00] [INFO] ==================================================
[2026-09-17 14:54:00] [INFO] SUBSCRIPTION EXPIRY CRON STARTED
[2026-09-17 14:54:00] [INFO] ==================================================
[2026-09-17 14:54:00] [INFO] [SUBSCRIPTION] Current India Date: 2026-09-17
[2026-09-17 14:54:00] [INFO] [OVERSTAY] Staying customers found: 0
[2026-09-17 14:54:00] [INFO] ==================================================
[2026-09-17 14:54:00] [INFO] OVERSTAY CRON COMPLETED
[2026-09-17 14:54:00] [INFO] ==================================================
[2026-09-17 14:54:00] [INFO] [SUBSCRIPTION] Subscriptions found: 2
[2026-09-17 14:54:00] [INFO] [SUBSCRIPTION] mani hotel | Expiry: 2026-10-16 | Days Remaining: 29
[2026-09-17 14:54:00] [INFO] [SUBSCRIPTION] hotel 2 | Expiry: 2026-10-17 | Days Remaining: 30
[2026-09-17 14:54:00] [INFO] ==================================================
[2026-09-17 14:54:00] [INFO] SUBSCRIPTION EXPIRY CRON COMPLETED
[2026-09-17 14:54:00] [INFO] ==================================================
[2026-09-17 14:55:00] [INFO] [OVERSTAY] Cron triggered
[2026-09-17 14:55:00] [INFO] ==================================================
[2026-09-17 14:55:00] [INFO] OVERSTAY CRON STARTED
[2026-09-17 14:55:00] [INFO] ==================================================
[2026-09-17 14:55:00] [INFO] [OVERSTAY] Current India Date/Time: 17/09/2026 14:55:00
[2026-09-17 14:55:00] [INFO] [OVERSTAY] Timezone: Asia/Kolkata
[2026-09-17 14:55:00] [INFO] [SUBSCRIPTION] Expiry cron triggered
[2026-09-17 14:55:00] [INFO] ==================================================
[2026-09-17 14:55:00] [INFO] SUBSCRIPTION EXPIRY CRON STARTED
[2026-09-17 14:55:00] [INFO] ==================================================
[2026-09-17 14:55:00] [INFO] [SUBSCRIPTION] Current India Date: 2026-09-17
[2026-09-17 14:55:00] [INFO] [OVERSTAY] Staying customers found: 0
[2026-09-17 14:55:00] [INFO] ==================================================
[2026-09-17 14:55:00] [INFO] OVERSTAY CRON COMPLETED
[2026-09-17 14:55:00] [INFO] ==================================================
[2026-09-17 14:55:00] [INFO] [SUBSCRIPTION] Subscriptions found: 2
[2026-09-17 14:55:00] [INFO] [SUBSCRIPTION] mani hotel | Expiry: 2026-10-16 | Days Remaining: 29
[2026-09-17 14:55:00] [INFO] [SUBSCRIPTION] hotel 2 | Expiry: 2026-10-17 | Days Remaining: 30
[2026-09-17 14:55:00] [INFO] ==================================================
[2026-09-17 14:55:00] [INFO] SUBSCRIPTION EXPIRY CRON COMPLETED
[2026-09-17 14:55:00] [INFO] ==================================================
[2026-09-17 14:56:00] [INFO] [OVERSTAY] Cron triggered
[2026-09-17 14:56:00] [INFO] ==================================================
[2026-09-17 14:56:00] [INFO] OVERSTAY CRON STARTED
[2026-09-17 14:56:00] [INFO] ==================================================
[2026-09-17 14:56:00] [INFO] [OVERSTAY] Current India Date/Time: 17/09/2026 14:56:00
[2026-09-17 14:56:00] [INFO] [OVERSTAY] Timezone: Asia/Kolkata
[2026-09-17 14:56:00] [INFO] [SUBSCRIPTION] Expiry cron triggered
[2026-09-17 14:56:00] [INFO] ==================================================
[2026-09-17 14:56:00] [INFO] SUBSCRIPTION EXPIRY CRON STARTED
[2026-09-17 14:56:00] [INFO] ==================================================
[2026-09-17 14:56:00] [INFO] [SUBSCRIPTION] Current India Date: 2026-09-17
[2026-09-17 14:56:00] [INFO] [OVERSTAY] Staying customers found: 0
[2026-09-17 14:56:00] [INFO] ==================================================
[2026-09-17 14:56:00] [INFO] OVERSTAY CRON COMPLETED
[2026-09-17 14:56:00] [INFO] ==================================================
[2026-09-17 14:56:00] [INFO] [SUBSCRIPTION] Subscriptions found: 2
[2026-09-17 14:56:00] [INFO] [SUBSCRIPTION] mani hotel | Expiry: 2026-10-16 | Days Remaining: 29
[2026-09-17 14:56:00] [INFO] [SUBSCRIPTION] hotel 2 | Expiry: 2026-10-17 | Days Remaining: 30
[2026-09-17 14:56:00] [INFO] ==================================================
[2026-09-17 14:56:00] [INFO] SUBSCRIPTION EXPIRY CRON COMPLETED
[2026-09-17 14:56:00] [INFO] ==================================================
[2026-09-17 14:57:00] [INFO] [OVERSTAY] Cron triggered
[2026-09-17 14:57:00] [INFO] ==================================================
[2026-09-17 14:57:00] [INFO] OVERSTAY CRON STARTED
[2026-09-17 14:57:00] [INFO] ==================================================
[2026-09-17 14:57:00] [INFO] [OVERSTAY] Current India Date/Time: 17/09/2026 14:57:00
[2026-09-17 14:57:00] [INFO] [OVERSTAY] Timezone: Asia/Kolkata
[2026-09-17 14:57:00] [INFO] [SUBSCRIPTION] Expiry cron triggered
[2026-09-17 14:57:00] [INFO] ==================================================
[2026-09-17 14:57:00] [INFO] SUBSCRIPTION EXPIRY CRON STARTED
[2026-09-17 14:57:00] [INFO] ==================================================
[2026-09-17 14:57:00] [INFO] [SUBSCRIPTION] Current India Date: 2026-09-17
[2026-09-17 14:57:00] [INFO] [OVERSTAY] Staying customers found: 0
[2026-09-17 14:57:00] [INFO] ==================================================
[2026-09-17 14:57:00] [INFO] OVERSTAY CRON COMPLETED
[2026-09-17 14:57:00] [INFO] ==================================================
[2026-09-17 14:57:00] [INFO] [SUBSCRIPTION] Subscriptions found: 2
[2026-09-17 14:57:00] [INFO] [SUBSCRIPTION] mani hotel | Expiry: 2026-10-16 | Days Remaining: 29
[2026-09-17 14:57:00] [INFO] [SUBSCRIPTION] hotel 2 | Expiry: 2026-10-17 | Days Remaining: 30
[2026-09-17 14:57:00] [INFO] ==================================================
[2026-09-17 14:57:00] [INFO] SUBSCRIPTION EXPIRY CRON COMPLETED
[2026-09-17 14:57:00] [INFO] ==================================================
[2026-09-17 14:58:00] [INFO] [OVERSTAY] Cron triggered
[2026-09-17 14:58:00] [INFO] ==================================================
[2026-09-17 14:58:00] [INFO] OVERSTAY CRON STARTED
[2026-09-17 14:58:00] [INFO] ==================================================
[2026-09-17 14:58:00] [INFO] [OVERSTAY] Current India Date/Time: 17/09/2026 14:58:00
[2026-09-17 14:58:00] [INFO] [OVERSTAY] Timezone: Asia/Kolkata
[2026-09-17 14:58:00] [INFO] [SUBSCRIPTION] Expiry cron triggered
[2026-09-17 14:58:00] [INFO] ==================================================
[2026-09-17 14:58:00] [INFO] SUBSCRIPTION EXPIRY CRON STARTED
[2026-09-17 14:58:00] [INFO] ==================================================
[2026-09-17 14:58:00] [INFO] [SUBSCRIPTION] Current India Date: 2026-09-17
[2026-09-17 14:58:00] [INFO] [OVERSTAY] Staying customers found: 0
[2026-09-17 14:58:00] [INFO] ==================================================
[2026-09-17 14:58:00] [INFO] OVERSTAY CRON COMPLETED
[2026-09-17 14:58:00] [INFO] ==================================================
[2026-09-17 14:58:00] [INFO] [SUBSCRIPTION] Subscriptions found: 2
[2026-09-17 14:58:00] [INFO] [SUBSCRIPTION] mani hotel | Expiry: 2026-10-16 | Days Remaining: 29
[2026-09-17 14:58:00] [INFO] [SUBSCRIPTION] hotel 2 | Expiry: 2026-10-17 | Days Remaining: 30
[2026-09-17 14:58:00] [INFO] ==================================================
[2026-09-17 14:58:00] [INFO] SUBSCRIPTION EXPIRY CRON COMPLETED
[2026-09-17 14:58:00] [INFO] ==================================================
[2026-09-17 14:59:00] [INFO] [SUBSCRIPTION] Expiry cron triggered
[2026-09-17 14:59:00] [INFO] ==================================================
[2026-09-17 14:59:00] [INFO] SUBSCRIPTION EXPIRY CRON STARTED
[2026-09-17 14:59:00] [INFO] ==================================================
[2026-09-17 14:59:00] [INFO] [SUBSCRIPTION] Current India Date: 2026-09-17
[2026-09-17 14:59:00] [INFO] [OVERSTAY] Cron triggered
[2026-09-17 14:59:00] [INFO] ==================================================
[2026-09-17 14:59:00] [INFO] OVERSTAY CRON STARTED
[2026-09-17 14:59:00] [INFO] ==================================================
[2026-09-17 14:59:00] [INFO] [OVERSTAY] Current India Date/Time: 17/09/2026 14:59:00
[2026-09-17 14:59:00] [INFO] [OVERSTAY] Timezone: Asia/Kolkata
[2026-09-17 14:59:00] [INFO] [OVERSTAY] Staying customers found: 0
[2026-09-17 14:59:00] [INFO] ==================================================
[2026-09-17 14:59:00] [INFO] OVERSTAY CRON COMPLETED
[2026-09-17 14:59:00] [INFO] ==================================================
[2026-09-17 14:59:00] [INFO] [SUBSCRIPTION] Subscriptions found: 2
[2026-09-17 14:59:00] [INFO] [SUBSCRIPTION] mani hotel | Expiry: 2026-10-16 | Days Remaining: 29
[2026-09-17 14:59:00] [INFO] [SUBSCRIPTION] hotel 2 | Expiry: 2026-10-17 | Days Remaining: 30
[2026-09-17 14:59:00] [INFO] ==================================================
[2026-09-17 14:59:00] [INFO] SUBSCRIPTION EXPIRY CRON COMPLETED
[2026-09-17 14:59:00] [INFO] ==================================================
[2026-09-17 15:00:00] [INFO] [SUBSCRIPTION] Expiry cron triggered
[2026-09-17 15:00:00] [INFO] ==================================================
[2026-09-17 15:00:00] [INFO] SUBSCRIPTION EXPIRY CRON STARTED
[2026-09-17 15:00:00] [INFO] ==================================================
[2026-09-17 15:00:00] [INFO] [SUBSCRIPTION] Current India Date: 2026-09-17
[2026-09-17 15:00:00] [INFO] [OVERSTAY] Cron triggered
[2026-09-17 15:00:00] [INFO] ==================================================
[2026-09-17 15:00:00] [INFO] OVERSTAY CRON STARTED
[2026-09-17 15:00:00] [INFO] ==================================================
[2026-09-17 15:00:00] [INFO] [OVERSTAY] Current India Date/Time: 17/09/2026 15:00:00
[2026-09-17 15:00:00] [INFO] [OVERSTAY] Timezone: Asia/Kolkata
[2026-09-17 15:00:00] [INFO] [OVERSTAY] Staying customers found: 0
[2026-09-17 15:00:00] [INFO] ==================================================
[2026-09-17 15:00:00] [INFO] OVERSTAY CRON COMPLETED
[2026-09-17 15:00:00] [INFO] ==================================================
[2026-09-17 15:00:00] [INFO] [SUBSCRIPTION] Subscriptions found: 2
[2026-09-17 15:00:00] [INFO] [SUBSCRIPTION] mani hotel | Expiry: 2026-10-16 | Days Remaining: 29
[2026-09-17 15:00:00] [INFO] [SUBSCRIPTION] hotel 2 | Expiry: 2026-10-17 | Days Remaining: 30
[2026-09-17 15:00:00] [INFO] ==================================================
[2026-09-17 15:00:00] [INFO] SUBSCRIPTION EXPIRY CRON COMPLETED
[2026-09-17 15:00:00] [INFO] ==================================================
[2026-09-17 15:01:00] [INFO] [SUBSCRIPTION] Expiry cron triggered
[2026-09-17 15:01:00] [INFO] ==================================================
[2026-09-17 15:01:00] [INFO] SUBSCRIPTION EXPIRY CRON STARTED
[2026-09-17 15:01:00] [INFO] ==================================================
[2026-09-17 15:01:00] [INFO] [SUBSCRIPTION] Current India Date: 2026-09-17
[2026-09-17 15:01:00] [INFO] [OVERSTAY] Cron triggered
[2026-09-17 15:01:00] [INFO] ==================================================
[2026-09-17 15:01:00] [INFO] OVERSTAY CRON STARTED
[2026-09-17 15:01:00] [INFO] ==================================================
[2026-09-17 15:01:00] [INFO] [OVERSTAY] Current India Date/Time: 17/09/2026 15:01:00
[2026-09-17 15:01:00] [INFO] [OVERSTAY] Timezone: Asia/Kolkata
[2026-09-17 15:01:00] [INFO] [OVERSTAY] Staying customers found: 0
[2026-09-17 15:01:00] [INFO] ==================================================
[2026-09-17 15:01:00] [INFO] OVERSTAY CRON COMPLETED
[2026-09-17 15:01:00] [INFO] ==================================================
[2026-09-17 15:01:00] [INFO] [SUBSCRIPTION] Subscriptions found: 2
[2026-09-17 15:01:00] [INFO] [SUBSCRIPTION] mani hotel | Expiry: 2026-10-16 | Days Remaining: 29
[2026-09-17 15:01:00] [INFO] [SUBSCRIPTION] hotel 2 | Expiry: 2026-10-17 | Days Remaining: 30
[2026-09-17 15:01:00] [INFO] ==================================================
[2026-09-17 15:01:00] [INFO] SUBSCRIPTION EXPIRY CRON COMPLETED
[2026-09-17 15:01:00] [INFO] ==================================================
[2026-09-17 15:02:00] [INFO] [SUBSCRIPTION] Expiry cron triggered
[2026-09-17 15:02:00] [INFO] ==================================================
[2026-09-17 15:02:00] [INFO] SUBSCRIPTION EXPIRY CRON STARTED
[2026-09-17 15:02:00] [INFO] ==================================================
[2026-09-17 15:02:00] [INFO] [SUBSCRIPTION] Current India Date: 2026-09-17
[2026-09-17 15:02:00] [INFO] [OVERSTAY] Cron triggered
[2026-09-17 15:02:00] [INFO] ==================================================
[2026-09-17 15:02:00] [INFO] OVERSTAY CRON STARTED
[2026-09-17 15:02:00] [INFO] ==================================================
[2026-09-17 15:02:00] [INFO] [OVERSTAY] Current India Date/Time: 17/09/2026 15:02:00
[2026-09-17 15:02:00] [INFO] [OVERSTAY] Timezone: Asia/Kolkata
[2026-09-17 15:02:00] [INFO] [OVERSTAY] Staying customers found: 0
[2026-09-17 15:02:00] [INFO] ==================================================
[2026-09-17 15:02:00] [INFO] OVERSTAY CRON COMPLETED
[2026-09-17 15:02:00] [INFO] ==================================================
[2026-09-17 15:02:00] [INFO] [SUBSCRIPTION] Subscriptions found: 2
[2026-09-17 15:02:00] [INFO] [SUBSCRIPTION] mani hotel | Expiry: 2026-10-16 | Days Remaining: 29
[2026-09-17 15:02:00] [INFO] [SUBSCRIPTION] hotel 2 | Expiry: 2026-10-17 | Days Remaining: 30
[2026-09-17 15:02:00] [INFO] ==================================================
[2026-09-17 15:02:00] [INFO] SUBSCRIPTION EXPIRY CRON COMPLETED
[2026-09-17 15:02:00] [INFO] ==================================================
[2026-09-17 15:02:32] [INFO] [Permission Verify] Allowed. User: 6aaae3a8c8c8cbb9a8630ef0, Permission: roomsBooking
[2026-09-17 15:02:32] [INFO] [Booking] Get active bookings started. hotelId=6aaae0bcc8c8cbb9a8630ed4, branchId=6aaae1bdc8c8cbb9a8630ee3
[2026-09-17 15:02:32] [INFO] [Booking] Active bookings retrieved. hotelId=6aaae0bcc8c8cbb9a8630ed4, branchId=6aaae1bdc8c8cbb9a8630ee3, count=1
[2026-09-17 15:02:32] [INFO] [Permission Verify] Allowed. User: 6aaae3a8c8c8cbb9a8630ef0, Permission: roomsBooking
[2026-09-17 15:02:32] [INFO] [Booking] Get active bookings started. hotelId=6aaae0bcc8c8cbb9a8630ed4, branchId=6aaae1bdc8c8cbb9a8630ee3
[2026-09-17 15:02:32] [INFO] [Booking] Active bookings retrieved. hotelId=6aaae0bcc8c8cbb9a8630ed4, branchId=6aaae1bdc8c8cbb9a8630ee3, count=1
[2026-09-17 15:02:35] [INFO] [Permission Verify] Allowed. User: 6aaae3a8c8c8cbb9a8630ef0, Permission: settings
[2026-09-17 15:02:35] [INFO] [Settings] GET started. userId=6aaae3a8c8c8cbb9a8630ef0
[2026-09-17 15:02:35] [INFO] [Settings] Tenant resolved. hotelId=6aaae0bcc8c8cbb9a8630ed4, branchId=6aaae1bdc8c8cbb9a8630ee3
[2026-09-17 15:02:35] [INFO] [Settings] Verifying branch ownership. hotelId=6aaae0bcc8c8cbb9a8630ed4, branchId=6aaae1bdc8c8cbb9a8630ee3
[2026-09-17 15:02:35] [INFO] [Settings] Searching settings. hotelId=6aaae0bcc8c8cbb9a8630ed4, branchId=6aaae1bdc8c8cbb9a8630ee3
[2026-09-17 15:02:35] [INFO] [Settings] GET successful. settingsId=6aabaa52a793d7393065347b, hotelId=6aaae0bcc8c8cbb9a8630ed4, branchId=6aaae1bdc8c8cbb9a8630ee3
[2026-09-17 15:02:35] [INFO] [Permission Verify] Allowed. User: 6aaae3a8c8c8cbb9a8630ef0, Permission: settings
[2026-09-17 15:02:35] [INFO] [Settings] GET started. userId=6aaae3a8c8c8cbb9a8630ef0
[2026-09-17 15:02:35] [INFO] [Settings] Tenant resolved. hotelId=6aaae0bcc8c8cbb9a8630ed4, branchId=6aaae1bdc8c8cbb9a8630ee3
[2026-09-17 15:02:35] [INFO] [Settings] Verifying branch ownership. hotelId=6aaae0bcc8c8cbb9a8630ed4, branchId=6aaae1bdc8c8cbb9a8630ee3
[2026-09-17 15:02:35] [INFO] [Settings] Searching settings. hotelId=6aaae0bcc8c8cbb9a8630ed4, branchId=6aaae1bdc8c8cbb9a8630ee3
[2026-09-17 15:02:35] [INFO] [Settings] GET successful. settingsId=6aabaa52a793d7393065347b, hotelId=6aaae0bcc8c8cbb9a8630ed4, branchId=6aaae1bdc8c8cbb9a8630ee3
[2026-09-17 15:03:00] [INFO] [OVERSTAY] Cron triggered
[2026-09-17 15:03:00] [INFO] ==================================================
[2026-09-17 15:03:00] [INFO] OVERSTAY CRON STARTED
[2026-09-17 15:03:00] [INFO] ==================================================
[2026-09-17 15:03:00] [INFO] [OVERSTAY] Current India Date/Time: 17/09/2026 15:03:00
[2026-09-17 15:03:00] [INFO] [OVERSTAY] Timezone: Asia/Kolkata
[2026-09-17 15:03:00] [INFO] [SUBSCRIPTION] Expiry cron triggered
[2026-09-17 15:03:00] [INFO] ==================================================
[2026-09-17 15:03:00] [INFO] SUBSCRIPTION EXPIRY CRON STARTED
[2026-09-17 15:03:00] [INFO] ==================================================
[2026-09-17 15:03:00] [INFO] [SUBSCRIPTION] Current India Date: 2026-09-17
[2026-09-17 15:03:00] [INFO] [OVERSTAY] Staying customers found: 0
[2026-09-17 15:03:00] [INFO] ==================================================
[2026-09-17 15:03:00] [INFO] OVERSTAY CRON COMPLETED
[2026-09-17 15:03:00] [INFO] ==================================================
[2026-09-17 15:03:00] [INFO] [SUBSCRIPTION] Subscriptions found: 2
[2026-09-17 15:03:00] [INFO] [SUBSCRIPTION] mani hotel | Expiry: 2026-10-16 | Days Remaining: 29
[2026-09-17 15:03:00] [INFO] [SUBSCRIPTION] hotel 2 | Expiry: 2026-10-17 | Days Remaining: 30
[2026-09-17 15:03:00] [INFO] ==================================================
[2026-09-17 15:03:00] [INFO] SUBSCRIPTION EXPIRY CRON COMPLETED
[2026-09-17 15:03:00] [INFO] ==================================================
[2026-09-17 15:04:00] [INFO] [SUBSCRIPTION] Expiry cron triggered
[2026-09-17 15:04:00] [INFO] ==================================================
[2026-09-17 15:04:00] [INFO] SUBSCRIPTION EXPIRY CRON STARTED
[2026-09-17 15:04:00] [INFO] ==================================================
[2026-09-17 15:04:00] [INFO] [SUBSCRIPTION] Current India Date: 2026-09-17
[2026-09-17 15:04:00] [INFO] [OVERSTAY] Cron triggered
[2026-09-17 15:04:00] [INFO] ==================================================
[2026-09-17 15:04:00] [INFO] OVERSTAY CRON STARTED
[2026-09-17 15:04:00] [INFO] ==================================================
[2026-09-17 15:04:00] [INFO] [OVERSTAY] Current India Date/Time: 17/09/2026 15:04:00
[2026-09-17 15:04:00] [INFO] [OVERSTAY] Timezone: Asia/Kolkata
[2026-09-17 15:04:00] [INFO] [OVERSTAY] Staying customers found: 0
[2026-09-17 15:04:00] [INFO] ==================================================
[2026-09-17 15:04:00] [INFO] OVERSTAY CRON COMPLETED
[2026-09-17 15:04:00] [INFO] ==================================================
[2026-09-17 15:04:00] [INFO] [SUBSCRIPTION] Subscriptions found: 2
[2026-09-17 15:04:00] [INFO] [SUBSCRIPTION] mani hotel | Expiry: 2026-10-16 | Days Remaining: 29
[2026-09-17 15:04:00] [INFO] [SUBSCRIPTION] hotel 2 | Expiry: 2026-10-17 | Days Remaining: 30
[2026-09-17 15:04:00] [INFO] ==================================================
[2026-09-17 15:04:00] [INFO] SUBSCRIPTION EXPIRY CRON COMPLETED
[2026-09-17 15:04:00] [INFO] ==================================================
[2026-09-17 15:05:00] [INFO] [SUBSCRIPTION] Expiry cron triggered
[2026-09-17 15:05:00] [INFO] ==================================================
[2026-09-17 15:05:00] [INFO] SUBSCRIPTION EXPIRY CRON STARTED
[2026-09-17 15:05:00] [INFO] ==================================================
[2026-09-17 15:05:00] [INFO] [SUBSCRIPTION] Current India Date: 2026-09-17
[2026-09-17 15:05:00] [INFO] [OVERSTAY] Cron triggered
[2026-09-17 15:05:00] [INFO] ==================================================
[2026-09-17 15:05:00] [INFO] OVERSTAY CRON STARTED
[2026-09-17 15:05:00] [INFO] ==================================================
[2026-09-17 15:05:00] [INFO] [OVERSTAY] Current India Date/Time: 17/09/2026 15:05:00
[2026-09-17 15:05:00] [INFO] [OVERSTAY] Timezone: Asia/Kolkata
[2026-09-17 15:05:00] [INFO] [OVERSTAY] Staying customers found: 0
[2026-09-17 15:05:00] [INFO] ==================================================
[2026-09-17 15:05:00] [INFO] OVERSTAY CRON COMPLETED
[2026-09-17 15:05:00] [INFO] ==================================================
[2026-09-17 15:05:00] [INFO] [SUBSCRIPTION] Subscriptions found: 2
[2026-09-17 15:05:00] [INFO] [SUBSCRIPTION] mani hotel | Expiry: 2026-10-16 | Days Remaining: 29
[2026-09-17 15:05:00] [INFO] [SUBSCRIPTION] hotel 2 | Expiry: 2026-10-17 | Days Remaining: 30
[2026-09-17 15:05:00] [INFO] ==================================================
[2026-09-17 15:05:00] [INFO] SUBSCRIPTION EXPIRY CRON COMPLETED
[2026-09-17 15:05:00] [INFO] ==================================================
[2026-09-17 15:06:00] [INFO] [SUBSCRIPTION] Expiry cron triggered
[2026-09-17 15:06:00] [INFO] ==================================================
[2026-09-17 15:06:00] [INFO] SUBSCRIPTION EXPIRY CRON STARTED
[2026-09-17 15:06:00] [INFO] ==================================================
[2026-09-17 15:06:00] [INFO] [SUBSCRIPTION] Current India Date: 2026-09-17
[2026-09-17 15:06:00] [INFO] [OVERSTAY] Cron triggered
[2026-09-17 15:06:00] [INFO] ==================================================
[2026-09-17 15:06:00] [INFO] OVERSTAY CRON STARTED
[2026-09-17 15:06:00] [INFO] ==================================================
[2026-09-17 15:06:00] [INFO] [OVERSTAY] Current India Date/Time: 17/09/2026 15:06:00
[2026-09-17 15:06:00] [INFO] [OVERSTAY] Timezone: Asia/Kolkata
[2026-09-17 15:06:00] [INFO] [OVERSTAY] Staying customers found: 0
[2026-09-17 15:06:00] [INFO] ==================================================
[2026-09-17 15:06:00] [INFO] OVERSTAY CRON COMPLETED
[2026-09-17 15:06:00] [INFO] ==================================================
[2026-09-17 15:06:00] [INFO] [SUBSCRIPTION] Subscriptions found: 2
[2026-09-17 15:06:00] [INFO] [SUBSCRIPTION] mani hotel | Expiry: 2026-10-16 | Days Remaining: 29
[2026-09-17 15:06:00] [INFO] [SUBSCRIPTION] hotel 2 | Expiry: 2026-10-17 | Days Remaining: 30
[2026-09-17 15:06:00] [INFO] ==================================================
[2026-09-17 15:06:00] [INFO] SUBSCRIPTION EXPIRY CRON COMPLETED
[2026-09-17 15:06:00] [INFO] ==================================================
[2026-09-17 15:07:00] [INFO] [OVERSTAY] Cron triggered
[2026-09-17 15:07:00] [INFO] ==================================================
[2026-09-17 15:07:00] [INFO] OVERSTAY CRON STARTED
[2026-09-17 15:07:00] [INFO] ==================================================
[2026-09-17 15:07:00] [INFO] [OVERSTAY] Current India Date/Time: 17/09/2026 15:07:00
[2026-09-17 15:07:00] [INFO] [OVERSTAY] Timezone: Asia/Kolkata
[2026-09-17 15:07:00] [INFO] [SUBSCRIPTION] Expiry cron triggered
[2026-09-17 15:07:00] [INFO] ==================================================
[2026-09-17 15:07:00] [INFO] SUBSCRIPTION EXPIRY CRON STARTED
[2026-09-17 15:07:00] [INFO] ==================================================
[2026-09-17 15:07:00] [INFO] [SUBSCRIPTION] Current India Date: 2026-09-17
[2026-09-17 15:07:00] [INFO] [OVERSTAY] Staying customers found: 0
[2026-09-17 15:07:00] [INFO] ==================================================
[2026-09-17 15:07:00] [INFO] OVERSTAY CRON COMPLETED
[2026-09-17 15:07:00] [INFO] ==================================================
[2026-09-17 15:07:00] [INFO] [SUBSCRIPTION] Subscriptions found: 2
[2026-09-17 15:07:00] [INFO] [SUBSCRIPTION] mani hotel | Expiry: 2026-10-16 | Days Remaining: 29
[2026-09-17 15:07:00] [INFO] [SUBSCRIPTION] hotel 2 | Expiry: 2026-10-17 | Days Remaining: 30
[2026-09-17 15:07:00] [INFO] ==================================================
[2026-09-17 15:07:00] [INFO] SUBSCRIPTION EXPIRY CRON COMPLETED
[2026-09-17 15:07:00] [INFO] ==================================================
[2026-09-17 15:08:00] [INFO] [OVERSTAY] Cron triggered
[2026-09-17 15:08:00] [INFO] ==================================================
[2026-09-17 15:08:00] [INFO] OVERSTAY CRON STARTED
[2026-09-17 15:08:00] [INFO] ==================================================
[2026-09-17 15:08:00] [INFO] [OVERSTAY] Current India Date/Time: 17/09/2026 15:08:00
[2026-09-17 15:08:00] [INFO] [OVERSTAY] Timezone: Asia/Kolkata
[2026-09-17 15:08:00] [INFO] [SUBSCRIPTION] Expiry cron triggered
[2026-09-17 15:08:00] [INFO] ==================================================
[2026-09-17 15:08:00] [INFO] SUBSCRIPTION EXPIRY CRON STARTED
[2026-09-17 15:08:00] [INFO] ==================================================
[2026-09-17 15:08:00] [INFO] [SUBSCRIPTION] Current India Date: 2026-09-17
[2026-09-17 15:08:00] [INFO] [OVERSTAY] Staying customers found: 0
[2026-09-17 15:08:00] [INFO] ==================================================
[2026-09-17 15:08:00] [INFO] OVERSTAY CRON COMPLETED
[2026-09-17 15:08:00] [INFO] ==================================================
[2026-09-17 15:08:00] [INFO] [SUBSCRIPTION] Subscriptions found: 2
[2026-09-17 15:08:00] [INFO] [SUBSCRIPTION] mani hotel | Expiry: 2026-10-16 | Days Remaining: 29
[2026-09-17 15:08:00] [INFO] [SUBSCRIPTION] hotel 2 | Expiry: 2026-10-17 | Days Remaining: 30
[2026-09-17 15:08:00] [INFO] ==================================================
[2026-09-17 15:08:00] [INFO] SUBSCRIPTION EXPIRY CRON COMPLETED
[2026-09-17 15:08:00] [INFO] ==================================================
[2026-09-17 15:09:00] [INFO] [OVERSTAY] Cron triggered
[2026-09-17 15:09:00] [INFO] ==================================================
[2026-09-17 15:09:00] [INFO] OVERSTAY CRON STARTED
[2026-09-17 15:09:00] [INFO] ==================================================
[2026-09-17 15:09:00] [INFO] [OVERSTAY] Current India Date/Time: 17/09/2026 15:09:00
[2026-09-17 15:09:00] [INFO] [OVERSTAY] Timezone: Asia/Kolkata
[2026-09-17 15:09:00] [INFO] [SUBSCRIPTION] Expiry cron triggered
[2026-09-17 15:09:00] [INFO] ==================================================
[2026-09-17 15:09:00] [INFO] SUBSCRIPTION EXPIRY CRON STARTED
[2026-09-17 15:09:00] [INFO] ==================================================
[2026-09-17 15:09:00] [INFO] [SUBSCRIPTION] Current India Date: 2026-09-17
[2026-09-17 15:09:00] [INFO] [OVERSTAY] Staying customers found: 0
[2026-09-17 15:09:00] [INFO] ==================================================
[2026-09-17 15:09:00] [INFO] OVERSTAY CRON COMPLETED
[2026-09-17 15:09:00] [INFO] ==================================================
[2026-09-17 15:09:00] [INFO] [SUBSCRIPTION] Subscriptions found: 2
[2026-09-17 15:09:00] [INFO] [SUBSCRIPTION] mani hotel | Expiry: 2026-10-16 | Days Remaining: 29
[2026-09-17 15:09:00] [INFO] [SUBSCRIPTION] hotel 2 | Expiry: 2026-10-17 | Days Remaining: 30
[2026-09-17 15:09:00] [INFO] ==================================================
[2026-09-17 15:09:00] [INFO] SUBSCRIPTION EXPIRY CRON COMPLETED
[2026-09-17 15:09:00] [INFO] ==================================================
[2026-09-17 15:10:00] [INFO] [SUBSCRIPTION] Expiry cron triggered
[2026-09-17 15:10:00] [INFO] ==================================================
[2026-09-17 15:10:00] [INFO] SUBSCRIPTION EXPIRY CRON STARTED
[2026-09-17 15:10:00] [INFO] ==================================================
[2026-09-17 15:10:00] [INFO] [SUBSCRIPTION] Current India Date: 2026-09-17
[2026-09-17 15:10:00] [INFO] [OVERSTAY] Cron triggered
[2026-09-17 15:10:00] [INFO] ==================================================
[2026-09-17 15:10:00] [INFO] OVERSTAY CRON STARTED
[2026-09-17 15:10:00] [INFO] ==================================================
[2026-09-17 15:10:00] [INFO] [OVERSTAY] Current India Date/Time: 17/09/2026 15:10:00
[2026-09-17 15:10:00] [INFO] [OVERSTAY] Timezone: Asia/Kolkata
[2026-09-17 15:10:00] [INFO] [OVERSTAY] Staying customers found: 0
[2026-09-17 15:10:00] [INFO] ==================================================
[2026-09-17 15:10:00] [INFO] OVERSTAY CRON COMPLETED
[2026-09-17 15:10:00] [INFO] ==================================================
[2026-09-17 15:10:00] [INFO] [SUBSCRIPTION] Subscriptions found: 2
[2026-09-17 15:10:00] [INFO] [SUBSCRIPTION] mani hotel | Expiry: 2026-10-16 | Days Remaining: 29
[2026-09-17 15:10:00] [INFO] [SUBSCRIPTION] hotel 2 | Expiry: 2026-10-17 | Days Remaining: 30
[2026-09-17 15:10:00] [INFO] ==================================================
[2026-09-17 15:10:00] [INFO] SUBSCRIPTION EXPIRY CRON COMPLETED
[2026-09-17 15:10:00] [INFO] ==================================================
[2026-09-17 15:11:00] [INFO] [OVERSTAY] Cron triggered
[2026-09-17 15:11:00] [INFO] ==================================================
[2026-09-17 15:11:00] [INFO] OVERSTAY CRON STARTED
[2026-09-17 15:11:00] [INFO] ==================================================
[2026-09-17 15:11:00] [INFO] [OVERSTAY] Current India Date/Time: 17/09/2026 15:11:00
[2026-09-17 15:11:00] [INFO] [OVERSTAY] Timezone: Asia/Kolkata
[2026-09-17 15:11:00] [INFO] [SUBSCRIPTION] Expiry cron triggered
[2026-09-17 15:11:00] [INFO] ==================================================
[2026-09-17 15:11:00] [INFO] SUBSCRIPTION EXPIRY CRON STARTED
[2026-09-17 15:11:00] [INFO] ==================================================
[2026-09-17 15:11:00] [INFO] [SUBSCRIPTION] Current India Date: 2026-09-17
[2026-09-17 15:11:00] [INFO] [OVERSTAY] Staying customers found: 0
[2026-09-17 15:11:00] [INFO] ==================================================
[2026-09-17 15:11:00] [INFO] OVERSTAY CRON COMPLETED
[2026-09-17 15:11:00] [INFO] ==================================================
[2026-09-17 15:11:00] [INFO] [SUBSCRIPTION] Subscriptions found: 2
[2026-09-17 15:11:00] [INFO] [SUBSCRIPTION] mani hotel | Expiry: 2026-10-16 | Days Remaining: 29
[2026-09-17 15:11:00] [INFO] [SUBSCRIPTION] hotel 2 | Expiry: 2026-10-17 | Days Remaining: 30
[2026-09-17 15:11:00] [INFO] ==================================================
[2026-09-17 15:11:00] [INFO] SUBSCRIPTION EXPIRY CRON COMPLETED
[2026-09-17 15:11:00] [INFO] ==================================================
[2026-09-17 15:12:00] [INFO] [OVERSTAY] Cron triggered
[2026-09-17 15:12:00] [INFO] ==================================================
[2026-09-17 15:12:00] [INFO] OVERSTAY CRON STARTED
[2026-09-17 15:12:00] [INFO] ==================================================
[2026-09-17 15:12:00] [INFO] [OVERSTAY] Current India Date/Time: 17/09/2026 15:12:00
[2026-09-17 15:12:00] [INFO] [OVERSTAY] Timezone: Asia/Kolkata
[2026-09-17 15:12:00] [INFO] [SUBSCRIPTION] Expiry cron triggered
[2026-09-17 15:12:00] [INFO] ==================================================
[2026-09-17 15:12:00] [INFO] SUBSCRIPTION EXPIRY CRON STARTED
[2026-09-17 15:12:00] [INFO] ==================================================
[2026-09-17 15:12:00] [INFO] [SUBSCRIPTION] Current India Date: 2026-09-17
[2026-09-17 15:12:00] [INFO] [OVERSTAY] Staying customers found: 0
[2026-09-17 15:12:00] [INFO] ==================================================
[2026-09-17 15:12:00] [INFO] OVERSTAY CRON COMPLETED
[2026-09-17 15:12:00] [INFO] ==================================================
[2026-09-17 15:12:00] [INFO] [SUBSCRIPTION] Subscriptions found: 2
[2026-09-17 15:12:00] [INFO] [SUBSCRIPTION] mani hotel | Expiry: 2026-10-16 | Days Remaining: 29
[2026-09-17 15:12:00] [INFO] [SUBSCRIPTION] hotel 2 | Expiry: 2026-10-17 | Days Remaining: 30
[2026-09-17 15:12:00] [INFO] ==================================================
[2026-09-17 15:12:00] [INFO] SUBSCRIPTION EXPIRY CRON COMPLETED
[2026-09-17 15:12:00] [INFO] ==================================================
[2026-09-17 15:13:00] [INFO] [SUBSCRIPTION] Expiry cron triggered
[2026-09-17 15:13:00] [INFO] ==================================================
[2026-09-17 15:13:00] [INFO] SUBSCRIPTION EXPIRY CRON STARTED
[2026-09-17 15:13:00] [INFO] ==================================================
[2026-09-17 15:13:00] [INFO] [SUBSCRIPTION] Current India Date: 2026-09-17
[2026-09-17 15:13:00] [INFO] [OVERSTAY] Cron triggered
[2026-09-17 15:13:00] [INFO] ==================================================
[2026-09-17 15:13:00] [INFO] OVERSTAY CRON STARTED
[2026-09-17 15:13:00] [INFO] ==================================================
[2026-09-17 15:13:00] [INFO] [OVERSTAY] Current India Date/Time: 17/09/2026 15:13:00
[2026-09-17 15:13:00] [INFO] [OVERSTAY] Timezone: Asia/Kolkata
[2026-09-17 15:13:00] [INFO] [OVERSTAY] Staying customers found: 0
[2026-09-17 15:13:00] [INFO] ==================================================
[2026-09-17 15:13:00] [INFO] OVERSTAY CRON COMPLETED
[2026-09-17 15:13:00] [INFO] ==================================================
[2026-09-17 15:13:00] [INFO] [SUBSCRIPTION] Subscriptions found: 2
[2026-09-17 15:13:00] [INFO] [SUBSCRIPTION] mani hotel | Expiry: 2026-10-16 | Days Remaining: 29
[2026-09-17 15:13:00] [INFO] [SUBSCRIPTION] hotel 2 | Expiry: 2026-10-17 | Days Remaining: 30
[2026-09-17 15:13:00] [INFO] ==================================================
[2026-09-17 15:13:00] [INFO] SUBSCRIPTION EXPIRY CRON COMPLETED
[2026-09-17 15:13:00] [INFO] ==================================================
[2026-09-17 15:14:00] [INFO] [OVERSTAY] Cron triggered
[2026-09-17 15:14:00] [INFO] ==================================================
[2026-09-17 15:14:00] [INFO] OVERSTAY CRON STARTED
[2026-09-17 15:14:00] [INFO] ==================================================
[2026-09-17 15:14:00] [INFO] [OVERSTAY] Current India Date/Time: 17/09/2026 15:14:00
[2026-09-17 15:14:00] [INFO] [OVERSTAY] Timezone: Asia/Kolkata
[2026-09-17 15:14:00] [INFO] [SUBSCRIPTION] Expiry cron triggered
[2026-09-17 15:14:00] [INFO] ==================================================
[2026-09-17 15:14:00] [INFO] SUBSCRIPTION EXPIRY CRON STARTED
[2026-09-17 15:14:00] [INFO] ==================================================
[2026-09-17 15:14:00] [INFO] [SUBSCRIPTION] Current India Date: 2026-09-17
[2026-09-17 15:14:00] [INFO] [OVERSTAY] Staying customers found: 0
[2026-09-17 15:14:00] [INFO] ==================================================
[2026-09-17 15:14:00] [INFO] OVERSTAY CRON COMPLETED
[2026-09-17 15:14:00] [INFO] ==================================================
[2026-09-17 15:14:00] [INFO] [SUBSCRIPTION] Subscriptions found: 2
[2026-09-17 15:14:00] [INFO] [SUBSCRIPTION] mani hotel | Expiry: 2026-10-16 | Days Remaining: 29
[2026-09-17 15:14:00] [INFO] [SUBSCRIPTION] hotel 2 | Expiry: 2026-10-17 | Days Remaining: 30
[2026-09-17 15:14:00] [INFO] ==================================================
[2026-09-17 15:14:00] [INFO] SUBSCRIPTION EXPIRY CRON COMPLETED
[2026-09-17 15:14:00] [INFO] ==================================================
[2026-09-17 15:15:00] [INFO] [OVERSTAY] Cron triggered
[2026-09-17 15:15:00] [INFO] ==================================================
[2026-09-17 15:15:00] [INFO] OVERSTAY CRON STARTED
[2026-09-17 15:15:00] [INFO] ==================================================
[2026-09-17 15:15:00] [INFO] [OVERSTAY] Current India Date/Time: 17/09/2026 15:15:00
[2026-09-17 15:15:00] [INFO] [OVERSTAY] Timezone: Asia/Kolkata
[2026-09-17 15:15:00] [INFO] [SUBSCRIPTION] Expiry cron triggered
[2026-09-17 15:15:00] [INFO] ==================================================
[2026-09-17 15:15:00] [INFO] SUBSCRIPTION EXPIRY CRON STARTED
[2026-09-17 15:15:00] [INFO] ==================================================
[2026-09-17 15:15:00] [INFO] [SUBSCRIPTION] Current India Date: 2026-09-17
[2026-09-17 15:15:00] [INFO] [OVERSTAY] Staying customers found: 0
[2026-09-17 15:15:00] [INFO] ==================================================
[2026-09-17 15:15:00] [INFO] OVERSTAY CRON COMPLETED
[2026-09-17 15:15:00] [INFO] ==================================================
[2026-09-17 15:15:00] [INFO] [SUBSCRIPTION] Subscriptions found: 2
[2026-09-17 15:15:00] [INFO] [SUBSCRIPTION] mani hotel | Expiry: 2026-10-16 | Days Remaining: 29
[2026-09-17 15:15:00] [INFO] [SUBSCRIPTION] hotel 2 | Expiry: 2026-10-17 | Days Remaining: 30
[2026-09-17 15:15:00] [INFO] ==================================================
[2026-09-17 15:15:00] [INFO] SUBSCRIPTION EXPIRY CRON COMPLETED
[2026-09-17 15:15:00] [INFO] ==================================================
[2026-09-17 15:16:00] [INFO] [OVERSTAY] Cron triggered
[2026-09-17 15:16:00] [INFO] ==================================================
[2026-09-17 15:16:00] [INFO] OVERSTAY CRON STARTED
[2026-09-17 15:16:00] [INFO] ==================================================
[2026-09-17 15:16:00] [INFO] [OVERSTAY] Current India Date/Time: 17/09/2026 15:16:00
[2026-09-17 15:16:00] [INFO] [OVERSTAY] Timezone: Asia/Kolkata
[2026-09-17 15:16:00] [INFO] [SUBSCRIPTION] Expiry cron triggered
[2026-09-17 15:16:00] [INFO] ==================================================
[2026-09-17 15:16:00] [INFO] SUBSCRIPTION EXPIRY CRON STARTED
[2026-09-17 15:16:00] [INFO] ==================================================
[2026-09-17 15:16:00] [INFO] [SUBSCRIPTION] Current India Date: 2026-09-17
[2026-09-17 15:16:00] [INFO] [OVERSTAY] Staying customers found: 0
[2026-09-17 15:16:00] [INFO] ==================================================
[2026-09-17 15:16:00] [INFO] OVERSTAY CRON COMPLETED
[2026-09-17 15:16:00] [INFO] ==================================================
[2026-09-17 15:16:00] [INFO] [SUBSCRIPTION] Subscriptions found: 2
[2026-09-17 15:16:00] [INFO] [SUBSCRIPTION] mani hotel | Expiry: 2026-10-16 | Days Remaining: 29
[2026-09-17 15:16:00] [INFO] [SUBSCRIPTION] hotel 2 | Expiry: 2026-10-17 | Days Remaining: 30
[2026-09-17 15:16:00] [INFO] ==================================================
[2026-09-17 15:16:00] [INFO] SUBSCRIPTION EXPIRY CRON COMPLETED
[2026-09-17 15:16:00] [INFO] ==================================================
[2026-09-17 15:17:00] [INFO] [OVERSTAY] Cron triggered
[2026-09-17 15:17:00] [INFO] ==================================================
[2026-09-17 15:17:00] [INFO] OVERSTAY CRON STARTED
[2026-09-17 15:17:00] [INFO] ==================================================
[2026-09-17 15:17:00] [INFO] [OVERSTAY] Current India Date/Time: 17/09/2026 15:17:00
[2026-09-17 15:17:00] [INFO] [OVERSTAY] Timezone: Asia/Kolkata
[2026-09-17 15:17:00] [INFO] [SUBSCRIPTION] Expiry cron triggered
[2026-09-17 15:17:00] [INFO] ==================================================
[2026-09-17 15:17:00] [INFO] SUBSCRIPTION EXPIRY CRON STARTED
[2026-09-17 15:17:00] [INFO] ==================================================
[2026-09-17 15:17:00] [INFO] [SUBSCRIPTION] Current India Date: 2026-09-17
[2026-09-17 15:17:00] [INFO] [OVERSTAY] Staying customers found: 0
[2026-09-17 15:17:00] [INFO] ==================================================
[2026-09-17 15:17:00] [INFO] OVERSTAY CRON COMPLETED
[2026-09-17 15:17:00] [INFO] ==================================================
[2026-09-17 15:17:00] [INFO] [SUBSCRIPTION] Subscriptions found: 2
[2026-09-17 15:17:00] [INFO] [SUBSCRIPTION] mani hotel | Expiry: 2026-10-16 | Days Remaining: 29
[2026-09-17 15:17:00] [INFO] [SUBSCRIPTION] hotel 2 | Expiry: 2026-10-17 | Days Remaining: 30
[2026-09-17 15:17:00] [INFO] ==================================================
[2026-09-17 15:17:00] [INFO] SUBSCRIPTION EXPIRY CRON COMPLETED
[2026-09-17 15:17:00] [INFO] ==================================================
[2026-09-17 15:18:00] [INFO] [SUBSCRIPTION] Expiry cron triggered
[2026-09-17 15:18:00] [INFO] ==================================================
[2026-09-17 15:18:00] [INFO] SUBSCRIPTION EXPIRY CRON STARTED
[2026-09-17 15:18:00] [INFO] ==================================================
[2026-09-17 15:18:00] [INFO] [SUBSCRIPTION] Current India Date: 2026-09-17
[2026-09-17 15:18:00] [INFO] [OVERSTAY] Cron triggered
[2026-09-17 15:18:00] [INFO] ==================================================
[2026-09-17 15:18:00] [INFO] OVERSTAY CRON STARTED
[2026-09-17 15:18:00] [INFO] ==================================================
[2026-09-17 15:18:00] [INFO] [OVERSTAY] Current India Date/Time: 17/09/2026 15:18:00
[2026-09-17 15:18:00] [INFO] [OVERSTAY] Timezone: Asia/Kolkata
[2026-09-17 15:18:00] [INFO] [SUBSCRIPTION] Subscriptions found: 2
[2026-09-17 15:18:00] [INFO] [OVERSTAY] Staying customers found: 0
[2026-09-17 15:18:00] [INFO] ==================================================
[2026-09-17 15:18:00] [INFO] OVERSTAY CRON COMPLETED
[2026-09-17 15:18:00] [INFO] ==================================================
[2026-09-17 15:18:00] [INFO] [SUBSCRIPTION] mani hotel | Expiry: 2026-10-16 | Days Remaining: 29
[2026-09-17 15:18:00] [INFO] [SUBSCRIPTION] hotel 2 | Expiry: 2026-10-17 | Days Remaining: 30
[2026-09-17 15:18:00] [INFO] ==================================================
[2026-09-17 15:18:00] [INFO] SUBSCRIPTION EXPIRY CRON COMPLETED
[2026-09-17 15:18:00] [INFO] ==================================================
[2026-09-17 15:19:00] [INFO] [SUBSCRIPTION] Expiry cron triggered
[2026-09-17 15:19:00] [INFO] ==================================================
[2026-09-17 15:19:00] [INFO] SUBSCRIPTION EXPIRY CRON STARTED
[2026-09-17 15:19:00] [INFO] ==================================================
[2026-09-17 15:19:00] [INFO] [SUBSCRIPTION] Current India Date: 2026-09-17
[2026-09-17 15:19:00] [INFO] [OVERSTAY] Cron triggered
[2026-09-17 15:19:00] [INFO] ==================================================
[2026-09-17 15:19:00] [INFO] OVERSTAY CRON STARTED
[2026-09-17 15:19:00] [INFO] ==================================================
[2026-09-17 15:19:00] [INFO] [OVERSTAY] Current India Date/Time: 17/09/2026 15:19:00
[2026-09-17 15:19:00] [INFO] [OVERSTAY] Timezone: Asia/Kolkata
[2026-09-17 15:19:00] [INFO] [OVERSTAY] Staying customers found: 0
[2026-09-17 15:19:00] [INFO] ==================================================
[2026-09-17 15:19:00] [INFO] OVERSTAY CRON COMPLETED
[2026-09-17 15:19:00] [INFO] ==================================================
[2026-09-17 15:19:00] [INFO] [SUBSCRIPTION] Subscriptions found: 2
[2026-09-17 15:19:00] [INFO] [SUBSCRIPTION] mani hotel | Expiry: 2026-10-16 | Days Remaining: 29
[2026-09-17 15:19:00] [INFO] [SUBSCRIPTION] hotel 2 | Expiry: 2026-10-17 | Days Remaining: 30
[2026-09-17 15:19:00] [INFO] ==================================================
[2026-09-17 15:19:00] [INFO] SUBSCRIPTION EXPIRY CRON COMPLETED
[2026-09-17 15:19:00] [INFO] ==================================================
[2026-09-17 15:20:00] [INFO] [SUBSCRIPTION] Expiry cron triggered
[2026-09-17 15:20:00] [INFO] ==================================================
[2026-09-17 15:20:00] [INFO] SUBSCRIPTION EXPIRY CRON STARTED
[2026-09-17 15:20:00] [INFO] ==================================================
[2026-09-17 15:20:00] [INFO] [SUBSCRIPTION] Current India Date: 2026-09-17
[2026-09-17 15:20:00] [INFO] [OVERSTAY] Cron triggered
[2026-09-17 15:20:00] [INFO] ==================================================
[2026-09-17 15:20:00] [INFO] OVERSTAY CRON STARTED
[2026-09-17 15:20:00] [INFO] ==================================================
[2026-09-17 15:20:00] [INFO] [OVERSTAY] Current India Date/Time: 17/09/2026 15:20:00
[2026-09-17 15:20:00] [INFO] [OVERSTAY] Timezone: Asia/Kolkata
[2026-09-17 15:20:00] [INFO] [OVERSTAY] Staying customers found: 0
[2026-09-17 15:20:00] [INFO] ==================================================
[2026-09-17 15:20:00] [INFO] OVERSTAY CRON COMPLETED
[2026-09-17 15:20:00] [INFO] ==================================================
[2026-09-17 15:20:00] [INFO] [SUBSCRIPTION] Subscriptions found: 2
[2026-09-17 15:20:00] [INFO] [SUBSCRIPTION] mani hotel | Expiry: 2026-10-16 | Days Remaining: 29
[2026-09-17 15:20:00] [INFO] [SUBSCRIPTION] hotel 2 | Expiry: 2026-10-17 | Days Remaining: 30
[2026-09-17 15:20:00] [INFO] ==================================================
[2026-09-17 15:20:00] [INFO] SUBSCRIPTION EXPIRY CRON COMPLETED
[2026-09-17 15:20:00] [INFO] ==================================================
[2026-09-17 15:20:06] [INFO] [Permission Verify] Forbidden. User: 6aaae3a8c8c8cbb9a8630ef0, Role: receptionist, Permission: invoice
[2026-09-17 15:21:00] [INFO] [SUBSCRIPTION] Expiry cron triggered
[2026-09-17 15:21:00] [INFO] ==================================================
[2026-09-17 15:21:00] [INFO] SUBSCRIPTION EXPIRY CRON STARTED
[2026-09-17 15:21:00] [INFO] ==================================================
[2026-09-17 15:21:00] [INFO] [SUBSCRIPTION] Current India Date: 2026-09-17
[2026-09-17 15:21:00] [INFO] [OVERSTAY] Cron triggered
[2026-09-17 15:21:00] [INFO] ==================================================
[2026-09-17 15:21:00] [INFO] OVERSTAY CRON STARTED
[2026-09-17 15:21:00] [INFO] ==================================================
[2026-09-17 15:21:00] [INFO] [OVERSTAY] Current India Date/Time: 17/09/2026 15:21:00
[2026-09-17 15:21:00] [INFO] [OVERSTAY] Timezone: Asia/Kolkata
[2026-09-17 15:21:00] [INFO] [OVERSTAY] Staying customers found: 0
[2026-09-17 15:21:00] [INFO] ==================================================
[2026-09-17 15:21:00] [INFO] OVERSTAY CRON COMPLETED
[2026-09-17 15:21:00] [INFO] ==================================================
[2026-09-17 15:21:00] [INFO] [SUBSCRIPTION] Subscriptions found: 2
[2026-09-17 15:21:00] [INFO] [SUBSCRIPTION] mani hotel | Expiry: 2026-10-16 | Days Remaining: 29
[2026-09-17 15:21:00] [INFO] [SUBSCRIPTION] hotel 2 | Expiry: 2026-10-17 | Days Remaining: 30
[2026-09-17 15:21:00] [INFO] ==================================================
[2026-09-17 15:21:00] [INFO] SUBSCRIPTION EXPIRY CRON COMPLETED
[2026-09-17 15:21:00] [INFO] ==================================================
[2026-09-17 15:21:54] [INFO] [Permission Verify] Forbidden. User: 6aaae3a8c8c8cbb9a8630ef0, Role: receptionist, Permission: invoice
[2026-09-17 15:22:00] [INFO] [SUBSCRIPTION] Expiry cron triggered
[2026-09-17 15:22:00] [INFO] ==================================================
[2026-09-17 15:22:00] [INFO] SUBSCRIPTION EXPIRY CRON STARTED
[2026-09-17 15:22:00] [INFO] ==================================================
[2026-09-17 15:22:00] [INFO] [SUBSCRIPTION] Current India Date: 2026-09-17
[2026-09-17 15:22:00] [INFO] [OVERSTAY] Cron triggered
[2026-09-17 15:22:00] [INFO] ==================================================
[2026-09-17 15:22:00] [INFO] OVERSTAY CRON STARTED
[2026-09-17 15:22:00] [INFO] ==================================================
[2026-09-17 15:22:00] [INFO] [OVERSTAY] Current India Date/Time: 17/09/2026 15:22:00
[2026-09-17 15:22:00] [INFO] [OVERSTAY] Timezone: Asia/Kolkata
[2026-09-17 15:22:00] [INFO] [OVERSTAY] Staying customers found: 0
[2026-09-17 15:22:00] [INFO] ==================================================
[2026-09-17 15:22:00] [INFO] OVERSTAY CRON COMPLETED
[2026-09-17 15:22:00] [INFO] ==================================================
[2026-09-17 15:22:00] [INFO] [SUBSCRIPTION] Subscriptions found: 2
[2026-09-17 15:22:00] [INFO] [SUBSCRIPTION] mani hotel | Expiry: 2026-10-16 | Days Remaining: 29
[2026-09-17 15:22:00] [INFO] [SUBSCRIPTION] hotel 2 | Expiry: 2026-10-17 | Days Remaining: 30
[2026-09-17 15:22:00] [INFO] ==================================================
[2026-09-17 15:22:00] [INFO] SUBSCRIPTION EXPIRY CRON COMPLETED
[2026-09-17 15:22:00] [INFO] ==================================================
[2026-09-17 15:23:00] [INFO] [SUBSCRIPTION] Expiry cron triggered
[2026-09-17 15:23:00] [INFO] ==================================================
[2026-09-17 15:23:00] [INFO] SUBSCRIPTION EXPIRY CRON STARTED
[2026-09-17 15:23:00] [INFO] ==================================================
[2026-09-17 15:23:00] [INFO] [SUBSCRIPTION] Current India Date: 2026-09-17
[2026-09-17 15:23:00] [INFO] [OVERSTAY] Cron triggered
[2026-09-17 15:23:00] [INFO] ==================================================
[2026-09-17 15:23:00] [INFO] OVERSTAY CRON STARTED
[2026-09-17 15:23:00] [INFO] ==================================================
[2026-09-17 15:23:00] [INFO] [OVERSTAY] Current India Date/Time: 17/09/2026 15:23:00
[2026-09-17 15:23:00] [INFO] [OVERSTAY] Timezone: Asia/Kolkata
[2026-09-17 15:23:00] [INFO] [SUBSCRIPTION] Subscriptions found: 2
[2026-09-17 15:23:00] [INFO] [SUBSCRIPTION] mani hotel | Expiry: 2026-10-16 | Days Remaining: 29
[2026-09-17 15:23:00] [INFO] [SUBSCRIPTION] hotel 2 | Expiry: 2026-10-17 | Days Remaining: 30
[2026-09-17 15:23:00] [INFO] ==================================================
[2026-09-17 15:23:00] [INFO] SUBSCRIPTION EXPIRY CRON COMPLETED
[2026-09-17 15:23:00] [INFO] ==================================================
[2026-09-17 15:23:00] [INFO] [OVERSTAY] Staying customers found: 0
[2026-09-17 15:23:00] [INFO] ==================================================
[2026-09-17 15:23:00] [INFO] OVERSTAY CRON COMPLETED
[2026-09-17 15:23:00] [INFO] ==================================================
[2026-09-17 15:24:00] [INFO] [SUBSCRIPTION] Expiry cron triggered
[2026-09-17 15:24:00] [INFO] ==================================================
[2026-09-17 15:24:00] [INFO] SUBSCRIPTION EXPIRY CRON STARTED
[2026-09-17 15:24:00] [INFO] ==================================================
[2026-09-17 15:24:00] [INFO] [SUBSCRIPTION] Current India Date: 2026-09-17
[2026-09-17 15:24:00] [INFO] [OVERSTAY] Cron triggered
[2026-09-17 15:24:00] [INFO] ==================================================
[2026-09-17 15:24:00] [INFO] OVERSTAY CRON STARTED
[2026-09-17 15:24:00] [INFO] ==================================================
[2026-09-17 15:24:00] [INFO] [OVERSTAY] Current India Date/Time: 17/09/2026 15:24:00
[2026-09-17 15:24:00] [INFO] [OVERSTAY] Timezone: Asia/Kolkata
[2026-09-17 15:24:00] [INFO] [OVERSTAY] Staying customers found: 0
[2026-09-17 15:24:00] [INFO] ==================================================
[2026-09-17 15:24:00] [INFO] OVERSTAY CRON COMPLETED
[2026-09-17 15:24:00] [INFO] ==================================================
[2026-09-17 15:24:00] [INFO] [SUBSCRIPTION] Subscriptions found: 2
[2026-09-17 15:24:00] [INFO] [SUBSCRIPTION] mani hotel | Expiry: 2026-10-16 | Days Remaining: 29
[2026-09-17 15:24:00] [INFO] [SUBSCRIPTION] hotel 2 | Expiry: 2026-10-17 | Days Remaining: 30
[2026-09-17 15:24:00] [INFO] ==================================================
[2026-09-17 15:24:00] [INFO] SUBSCRIPTION EXPIRY CRON COMPLETED
[2026-09-17 15:24:00] [INFO] ==================================================
[2026-09-17 15:24:36] [INFO] [OVERSTAY] Overstay cron initialized successfully
[2026-09-17 15:24:36] [INFO] [OVERSTAY] Cron schedule: Every minute
[2026-09-17 15:24:36] [INFO] [OVERSTAY] Cron timezone: Asia/Kolkata
[2026-09-17 15:24:36] [INFO] ==================================================
[2026-09-17 15:24:36] [INFO] OVERSTAY CRON STARTED
[2026-09-17 15:24:36] [INFO] ==================================================
[2026-09-17 15:24:36] [INFO] [OVERSTAY] Current India Date/Time: 17/09/2026 15:24:36
[2026-09-17 15:24:36] [INFO] [OVERSTAY] Timezone: Asia/Kolkata
[2026-09-17 15:24:36] [INFO] [SUBSCRIPTION] Subscription expiry cron initialized successfully
[2026-09-17 15:24:36] [INFO] [SUBSCRIPTION] Cron schedule: Every minute
[2026-09-17 15:24:36] [INFO] [SUBSCRIPTION] Cron timezone: Asia/Kolkata
[2026-09-17 15:24:36] [INFO] ==================================================
[2026-09-17 15:24:36] [INFO] SUBSCRIPTION EXPIRY CRON STARTED
[2026-09-17 15:24:36] [INFO] ==================================================
[2026-09-17 15:24:36] [INFO] [SUBSCRIPTION] Current India Date: 2026-09-17
[2026-09-17 15:24:36] [INFO] [Logger] Running log cleanup check. Retention limit: 30 days.
[2026-09-17 15:24:36] [INFO] [Logger] Cleanup completed. No expired log files found.
[2026-09-17 15:24:36] [INFO] [Logger] Automated log cleanup scheduler started (runs every 24 hours).
[2026-09-17 15:24:36] [INFO] [Server] Server started and listening on port 5000
[2026-09-17 15:24:36] [INFO] [Database] MongoDB Connected successfully: 76.13.244.61
[2026-09-17 15:24:37] [INFO] Admin user already exists
[2026-09-17 15:24:37] [INFO] [OVERSTAY] Staying customers found: 0
[2026-09-17 15:24:37] [INFO] ==================================================
[2026-09-17 15:24:37] [INFO] OVERSTAY CRON COMPLETED
[2026-09-17 15:24:37] [INFO] ==================================================
[2026-09-17 15:24:37] [INFO] [SUBSCRIPTION] Subscriptions found: 2
[2026-09-17 15:24:37] [INFO] [SUBSCRIPTION] mani hotel | Expiry: 2026-10-16 | Days Remaining: 29
[2026-09-17 15:24:37] [INFO] [SUBSCRIPTION] hotel 2 | Expiry: 2026-10-17 | Days Remaining: 30
[2026-09-17 15:24:37] [INFO] ==================================================
[2026-09-17 15:24:37] [INFO] SUBSCRIPTION EXPIRY CRON COMPLETED
[2026-09-17 15:24:37] [INFO] ==================================================
[2026-09-17 15:24:52] [INFO] [OVERSTAY] Overstay cron initialized successfully
[2026-09-17 15:24:52] [INFO] [OVERSTAY] Cron schedule: Every minute
[2026-09-17 15:24:52] [INFO] [OVERSTAY] Cron timezone: Asia/Kolkata
[2026-09-17 15:24:52] [INFO] ==================================================
[2026-09-17 15:24:52] [INFO] OVERSTAY CRON STARTED
[2026-09-17 15:24:52] [INFO] ==================================================
[2026-09-17 15:24:52] [INFO] [OVERSTAY] Current India Date/Time: 17/09/2026 15:24:52
[2026-09-17 15:24:52] [INFO] [OVERSTAY] Timezone: Asia/Kolkata
[2026-09-17 15:24:52] [INFO] [SUBSCRIPTION] Subscription expiry cron initialized successfully
[2026-09-17 15:24:52] [INFO] [SUBSCRIPTION] Cron schedule: Every minute
[2026-09-17 15:24:52] [INFO] [SUBSCRIPTION] Cron timezone: Asia/Kolkata
[2026-09-17 15:24:52] [INFO] ==================================================
[2026-09-17 15:24:52] [INFO] SUBSCRIPTION EXPIRY CRON STARTED
[2026-09-17 15:24:52] [INFO] ==================================================
[2026-09-17 15:24:52] [INFO] [SUBSCRIPTION] Current India Date: 2026-09-17
[2026-09-17 15:24:53] [INFO] [Logger] Running log cleanup check. Retention limit: 30 days.
[2026-09-17 15:24:53] [INFO] [Logger] Cleanup completed. No expired log files found.
[2026-09-17 15:24:53] [INFO] [Logger] Automated log cleanup scheduler started (runs every 24 hours).
[2026-09-17 15:24:53] [INFO] [Server] Server started and listening on port 5000
[2026-09-17 15:24:53] [INFO] [Database] MongoDB Connected successfully: 76.13.244.61
[2026-09-17 15:24:53] [INFO] [OVERSTAY] Staying customers found: 0
[2026-09-17 15:24:53] [INFO] ==================================================
[2026-09-17 15:24:53] [INFO] OVERSTAY CRON COMPLETED
[2026-09-17 15:24:53] [INFO] ==================================================
[2026-09-17 15:24:53] [INFO] Admin user already exists
[2026-09-17 15:24:53] [INFO] [SUBSCRIPTION] Subscriptions found: 2
[2026-09-17 15:24:53] [INFO] [SUBSCRIPTION] mani hotel | Expiry: 2026-10-16 | Days Remaining: 29
[2026-09-17 15:24:53] [INFO] [SUBSCRIPTION] hotel 2 | Expiry: 2026-10-17 | Days Remaining: 30
[2026-09-17 15:24:53] [INFO] ==================================================
[2026-09-17 15:24:53] [INFO] SUBSCRIPTION EXPIRY CRON COMPLETED
[2026-09-17 15:24:53] [INFO] ==================================================
[2026-09-17 15:25:00] [INFO] [OVERSTAY] Cron triggered
[2026-09-17 15:25:00] [INFO] ==================================================
[2026-09-17 15:25:00] [INFO] OVERSTAY CRON STARTED
[2026-09-17 15:25:00] [INFO] ==================================================
[2026-09-17 15:25:00] [INFO] [OVERSTAY] Current India Date/Time: 17/09/2026 15:25:00
[2026-09-17 15:25:00] [INFO] [OVERSTAY] Timezone: Asia/Kolkata
[2026-09-17 15:25:00] [INFO] [SUBSCRIPTION] Expiry cron triggered
[2026-09-17 15:25:00] [INFO] ==================================================
[2026-09-17 15:25:00] [INFO] SUBSCRIPTION EXPIRY CRON STARTED
[2026-09-17 15:25:00] [INFO] ==================================================
[2026-09-17 15:25:00] [INFO] [SUBSCRIPTION] Current India Date: 2026-09-17
[2026-09-17 15:25:00] [INFO] [OVERSTAY] Staying customers found: 0
[2026-09-17 15:25:00] [INFO] ==================================================
[2026-09-17 15:25:00] [INFO] OVERSTAY CRON COMPLETED
[2026-09-17 15:25:00] [INFO] ==================================================
[2026-09-17 15:25:00] [INFO] [SUBSCRIPTION] Subscriptions found: 2
[2026-09-17 15:25:00] [INFO] [SUBSCRIPTION] mani hotel | Expiry: 2026-10-16 | Days Remaining: 29
[2026-09-17 15:25:00] [INFO] [SUBSCRIPTION] hotel 2 | Expiry: 2026-10-17 | Days Remaining: 30
[2026-09-17 15:25:00] [INFO] ==================================================
[2026-09-17 15:25:00] [INFO] SUBSCRIPTION EXPIRY CRON COMPLETED
[2026-09-17 15:25:00] [INFO] ==================================================
[2026-09-17 15:25:49] [INFO] INFO
[2026-09-17 15:25:49] [INFO] INFO
[2026-09-17 15:25:50] [INFO] [Permission Verify] Allowed. User: 6aaae3a8c8c8cbb9a8630ef0, Permission: roomsBooking
[2026-09-17 15:25:50] [INFO] [Booking] Get active bookings started. hotelId=6aaae0bcc8c8cbb9a8630ed4, branchId=6aaae1bdc8c8cbb9a8630ee3
[2026-09-17 15:25:50] [INFO] [Booking] Active bookings retrieved. hotelId=6aaae0bcc8c8cbb9a8630ed4, branchId=6aaae1bdc8c8cbb9a8630ee3, count=1
[2026-09-17 15:25:50] [INFO] [Permission Verify] Allowed. User: 6aaae3a8c8c8cbb9a8630ef0, Permission: roomsBooking
[2026-09-17 15:25:50] [INFO] [Booking] Get active bookings started. hotelId=6aaae0bcc8c8cbb9a8630ed4, branchId=6aaae1bdc8c8cbb9a8630ee3
[2026-09-17 15:25:50] [INFO] [Booking] Active bookings retrieved. hotelId=6aaae0bcc8c8cbb9a8630ed4, branchId=6aaae1bdc8c8cbb9a8630ee3, count=1
[2026-09-17 15:25:54] [INFO] [Permission Verify] Allowed. User: 6aaae3a8c8c8cbb9a8630ef0, Permission: settings
[2026-09-17 15:25:54] [INFO] [Settings] GET started. userId=6aaae3a8c8c8cbb9a8630ef0
[2026-09-17 15:25:54] [INFO] [Settings] Tenant resolved. hotelId=6aaae0bcc8c8cbb9a8630ed4, branchId=6aaae1bdc8c8cbb9a8630ee3
[2026-09-17 15:25:54] [INFO] [Settings] Verifying branch ownership. hotelId=6aaae0bcc8c8cbb9a8630ed4, branchId=6aaae1bdc8c8cbb9a8630ee3
[2026-09-17 15:25:54] [INFO] [Settings] Searching settings. hotelId=6aaae0bcc8c8cbb9a8630ed4, branchId=6aaae1bdc8c8cbb9a8630ee3
[2026-09-17 15:25:54] [INFO] [Settings] GET successful. settingsId=6aabaa52a793d7393065347b, hotelId=6aaae0bcc8c8cbb9a8630ed4, branchId=6aaae1bdc8c8cbb9a8630ee3
[2026-09-17 15:25:54] [INFO] [Permission Verify] Allowed. User: 6aaae3a8c8c8cbb9a8630ef0, Permission: settings
[2026-09-17 15:25:54] [INFO] [Settings] GET started. userId=6aaae3a8c8c8cbb9a8630ef0
[2026-09-17 15:25:54] [INFO] [Settings] Tenant resolved. hotelId=6aaae0bcc8c8cbb9a8630ed4, branchId=6aaae1bdc8c8cbb9a8630ee3
[2026-09-17 15:25:54] [INFO] [Settings] Verifying branch ownership. hotelId=6aaae0bcc8c8cbb9a8630ed4, branchId=6aaae1bdc8c8cbb9a8630ee3
[2026-09-17 15:25:54] [INFO] [Settings] Searching settings. hotelId=6aaae0bcc8c8cbb9a8630ed4, branchId=6aaae1bdc8c8cbb9a8630ee3
[2026-09-17 15:25:54] [INFO] [Settings] GET successful. settingsId=6aabaa52a793d7393065347b, hotelId=6aaae0bcc8c8cbb9a8630ed4, branchId=6aaae1bdc8c8cbb9a8630ee3
[2026-09-17 15:26:00] [INFO] [SUBSCRIPTION] Expiry cron triggered
[2026-09-17 15:26:00] [INFO] ==================================================
[2026-09-17 15:26:00] [INFO] SUBSCRIPTION EXPIRY CRON STARTED
[2026-09-17 15:26:00] [INFO] ==================================================
[2026-09-17 15:26:00] [INFO] [SUBSCRIPTION] Current India Date: 2026-09-17
[2026-09-17 15:26:00] [INFO] [OVERSTAY] Cron triggered
[2026-09-17 15:26:00] [INFO] ==================================================
[2026-09-17 15:26:00] [INFO] OVERSTAY CRON STARTED
[2026-09-17 15:26:00] [INFO] ==================================================
[2026-09-17 15:26:00] [INFO] [OVERSTAY] Current India Date/Time: 17/09/2026 15:26:00
[2026-09-17 15:26:00] [INFO] [OVERSTAY] Timezone: Asia/Kolkata
[2026-09-17 15:26:00] [INFO] [OVERSTAY] Staying customers found: 0
[2026-09-17 15:26:00] [INFO] ==================================================
[2026-09-17 15:26:00] [INFO] OVERSTAY CRON COMPLETED
[2026-09-17 15:26:00] [INFO] ==================================================
[2026-09-17 15:26:00] [INFO] [SUBSCRIPTION] Subscriptions found: 2
[2026-09-17 15:26:00] [INFO] [SUBSCRIPTION] mani hotel | Expiry: 2026-10-16 | Days Remaining: 29
[2026-09-17 15:26:00] [INFO] [SUBSCRIPTION] hotel 2 | Expiry: 2026-10-17 | Days Remaining: 30
[2026-09-17 15:26:00] [INFO] ==================================================
[2026-09-17 15:26:00] [INFO] SUBSCRIPTION EXPIRY CRON COMPLETED
[2026-09-17 15:26:00] [INFO] ==================================================
[2026-09-17 15:26:02] [INFO] [Invoice] Create invoice started. userId=6aaae3a8c8c8cbb9a8630ef0
[2026-09-17 15:26:02] [INFO] [Invoice] Tenant resolved. hotelId=6aaae0bcc8c8cbb9a8630ed4, branchId=6aaae1bdc8c8cbb9a8630ee3, userId=6aaae3a8c8c8cbb9a8630ef0
[2026-09-17 15:26:02] [INFO] [Invoice] Verifying customer ownership. customerId=6aaae259c8c8cbb9a8630ee6, hotelId=6aaae0bcc8c8cbb9a8630ed4, branchId=6aaae1bdc8c8cbb9a8630ee3
[2026-09-17 15:26:02] [INFO] [Invoice] Customer ownership verified. customerId=6aaae259c8c8cbb9a8630ee6, hotelId=6aaae0bcc8c8cbb9a8630ed4, branchId=6aaae1bdc8c8cbb9a8630ee3
[2026-09-17 15:26:02] [INFO] [Invoice] Generating invoice number. hotelId=6aaae0bcc8c8cbb9a8630ed4, branchId=6aaae1bdc8c8cbb9a8630ee3, year=2026
[2026-09-17 15:26:02] [ERROR] [Invoice] create invoice failed. context={"hotelId":"6aaae0bcc8c8cbb9a8630ed4","branchId":"6aaae1bdc8c8cbb9a8630ee3","customerId":"6aaae259c8c8cbb9a8630ee6"}, error=Plan executor error during findAndModify :: caused by :: E11000 duplicate key error collection: hotel-billing.invoicecounters index: year_1 dup key: { year: 2026 }
[2026-09-17 15:26:02] [ERROR] [Invoice] create invoice duplicate-key error. keyValue={"year":2026}
[2026-09-17 15:26:09] [INFO] [Permission Verify] Allowed. User: 6aaae3a8c8c8cbb9a8630ef0, Permission: roomsBooking
[2026-09-17 15:26:09] [INFO] [Booking] Get active bookings started. hotelId=6aaae0bcc8c8cbb9a8630ed4, branchId=6aaae1bdc8c8cbb9a8630ee3
[2026-09-17 15:26:09] [INFO] [Booking] Active bookings retrieved. hotelId=6aaae0bcc8c8cbb9a8630ed4, branchId=6aaae1bdc8c8cbb9a8630ee3, count=1
[2026-09-17 15:26:09] [INFO] [Permission Verify] Allowed. User: 6aaae3a8c8c8cbb9a8630ef0, Permission: roomsBooking
[2026-09-17 15:26:09] [INFO] [Booking] Get active bookings started. hotelId=6aaae0bcc8c8cbb9a8630ed4, branchId=6aaae1bdc8c8cbb9a8630ee3
[2026-09-17 15:26:09] [INFO] [Booking] Active bookings retrieved. hotelId=6aaae0bcc8c8cbb9a8630ed4, branchId=6aaae1bdc8c8cbb9a8630ee3, count=1
[2026-09-17 15:26:11] [INFO] INFO
[2026-09-17 15:26:11] [INFO] INFO
[2026-09-17 15:26:12] [INFO] [Permission Verify] Allowed. User: 6aaae3a8c8c8cbb9a8630ef0, Permission: roomsBooking
[2026-09-17 15:26:12] [INFO] [Booking] Get active bookings started. hotelId=6aaae0bcc8c8cbb9a8630ed4, branchId=6aaae1bdc8c8cbb9a8630ee3
[2026-09-17 15:26:12] [INFO] [Booking] Active bookings retrieved. hotelId=6aaae0bcc8c8cbb9a8630ed4, branchId=6aaae1bdc8c8cbb9a8630ee3, count=1
[2026-09-17 15:26:12] [INFO] [Permission Verify] Allowed. User: 6aaae3a8c8c8cbb9a8630ef0, Permission: roomsBooking
[2026-09-17 15:26:12] [INFO] [Booking] Get active bookings started. hotelId=6aaae0bcc8c8cbb9a8630ed4, branchId=6aaae1bdc8c8cbb9a8630ee3
[2026-09-17 15:26:12] [INFO] [Booking] Active bookings retrieved. hotelId=6aaae0bcc8c8cbb9a8630ed4, branchId=6aaae1bdc8c8cbb9a8630ee3, count=1
[2026-09-17 15:26:16] [INFO] [Permission Verify] Allowed. User: 6aaae3a8c8c8cbb9a8630ef0, Permission: users
[2026-09-17 15:26:16] [INFO] [getAllUsers] Loaded 2 users | Hotel ID: 6aaae0bcc8c8cbb9a8630ed4 | Branch ID: 6aaae1bdc8c8cbb9a8630ee3 | Subscription: 6aaae0bcc8c8cbb9a8630ed5
[2026-09-17 15:26:16] [INFO] [Permission Verify] Allowed. User: 6aaae3a8c8c8cbb9a8630ef0, Permission: users
[2026-09-17 15:26:16] [INFO] [Permission Verify] Allowed. User: 6aaae3a8c8c8cbb9a8630ef0, Permission: users
[2026-09-17 15:26:16] [INFO] [getAllUsers] Loaded 2 users | Hotel ID: 6aaae0bcc8c8cbb9a8630ed4 | Branch ID: 6aaae1bdc8c8cbb9a8630ee3 | Subscription: 6aaae0bcc8c8cbb9a8630ed5
[2026-09-17 15:26:16] [INFO] [getMySubscription] Loaded subscription 6aaae0bcc8c8cbb9a8630ed5 | Hotel ID: 6aaae0bcc8c8cbb9a8630ed4
[2026-09-17 15:26:16] [INFO] [Permission Verify] Allowed. User: 6aaae3a8c8c8cbb9a8630ef0, Permission: users
[2026-09-17 15:26:16] [INFO] [Permission Verify] Forbidden. User: 6aaae3a8c8c8cbb9a8630ef0, Role: receptionist, Permission: plans
[2026-09-17 15:26:16] [INFO] [getMySubscription] Loaded subscription 6aaae0bcc8c8cbb9a8630ed5 | Hotel ID: 6aaae0bcc8c8cbb9a8630ed4
[2026-09-17 15:26:16] [INFO] [Permission Verify] Forbidden. User: 6aaae3a8c8c8cbb9a8630ef0, Role: receptionist, Permission: plans
[2026-09-17 15:26:28] [INFO] [Permission Verify] Allowed. User: 6aaae3a8c8c8cbb9a8630ef0, Permission: users
[2026-09-17 15:26:28] [INFO] [updateUser] User updated successfully | User ID: 6aaae3a8c8c8cbb9a8630ef0 | Hotel ID: 6aaae0bcc8c8cbb9a8630ed4 | Branch ID: 6aaae1bdc8c8cbb9a8630ee3 | Subscription: 6aaae0bcc8c8cbb9a8630ed5
[2026-09-17 15:26:29] [INFO] [Permission Verify] Allowed. User: 6aaae3a8c8c8cbb9a8630ef0, Permission: users
[2026-09-17 15:26:29] [INFO] [getAllUsers] Loaded 2 users | Hotel ID: 6aaae0bcc8c8cbb9a8630ed4 | Branch ID: 6aaae1bdc8c8cbb9a8630ee3 | Subscription: 6aaae0bcc8c8cbb9a8630ed5
[2026-09-17 15:26:29] [INFO] [Permission Verify] Allowed. User: 6aaae3a8c8c8cbb9a8630ef0, Permission: users
[2026-09-17 15:26:29] [INFO] [getMySubscription] Loaded subscription 6aaae0bcc8c8cbb9a8630ed5 | Hotel ID: 6aaae0bcc8c8cbb9a8630ed4
[2026-09-17 15:26:29] [INFO] [Permission Verify] Forbidden. User: 6aaae3a8c8c8cbb9a8630ef0, Role: receptionist, Permission: plans
[2026-09-17 15:26:31] [INFO] [Permission Verify] Allowed. User: 6aaae3a8c8c8cbb9a8630ef0, Permission: users
[2026-09-17 15:26:31] [INFO] [getAllUsers] Loaded 2 users | Hotel ID: 6aaae0bcc8c8cbb9a8630ed4 | Branch ID: 6aaae1bdc8c8cbb9a8630ee3 | Subscription: 6aaae0bcc8c8cbb9a8630ed5
[2026-09-17 15:26:31] [INFO] [Permission Verify] Allowed. User: 6aaae3a8c8c8cbb9a8630ef0, Permission: users
[2026-09-17 15:26:31] [INFO] [Permission Verify] Allowed. User: 6aaae3a8c8c8cbb9a8630ef0, Permission: users
[2026-09-17 15:26:31] [INFO] [getAllUsers] Loaded 2 users | Hotel ID: 6aaae0bcc8c8cbb9a8630ed4 | Branch ID: 6aaae1bdc8c8cbb9a8630ee3 | Subscription: 6aaae0bcc8c8cbb9a8630ed5
[2026-09-17 15:26:31] [INFO] [getMySubscription] Loaded subscription 6aaae0bcc8c8cbb9a8630ed5 | Hotel ID: 6aaae0bcc8c8cbb9a8630ed4
[2026-09-17 15:26:31] [INFO] [Permission Verify] Allowed. User: 6aaae3a8c8c8cbb9a8630ef0, Permission: users
[2026-09-17 15:26:31] [INFO] [Permission Verify] Forbidden. User: 6aaae3a8c8c8cbb9a8630ef0, Role: receptionist, Permission: plans
[2026-09-17 15:26:31] [INFO] [getMySubscription] Loaded subscription 6aaae0bcc8c8cbb9a8630ed5 | Hotel ID: 6aaae0bcc8c8cbb9a8630ed4
[2026-09-17 15:26:31] [INFO] [Permission Verify] Forbidden. User: 6aaae3a8c8c8cbb9a8630ef0, Role: receptionist, Permission: plans
[2026-09-17 15:26:32] [INFO] [Permission Verify] Allowed. User: 6aaae3a8c8c8cbb9a8630ef0, Permission: invoice
[2026-09-17 15:26:32] [INFO] [Invoice] Get all invoices started. hotelId=6aaae0bcc8c8cbb9a8630ed4, branchId=6aaae1bdc8c8cbb9a8630ee3
[2026-09-17 15:26:32] [INFO] [Invoice] Get all invoices completed. hotelId=6aaae0bcc8c8cbb9a8630ed4, branchId=6aaae1bdc8c8cbb9a8630ee3, count=0
[2026-09-17 15:26:32] [INFO] [Permission Verify] Allowed. User: 6aaae3a8c8c8cbb9a8630ef0, Permission: invoice
[2026-09-17 15:26:32] [INFO] [Invoice] Get all invoices started. hotelId=6aaae0bcc8c8cbb9a8630ed4, branchId=6aaae1bdc8c8cbb9a8630ee3
[2026-09-17 15:26:32] [INFO] [Invoice] Get all invoices completed. hotelId=6aaae0bcc8c8cbb9a8630ed4, branchId=6aaae1bdc8c8cbb9a8630ee3, count=0
[2026-09-17 15:26:34] [INFO] [Permission Verify] Allowed. User: 6aaae3a8c8c8cbb9a8630ef0, Permission: reports
[2026-09-17 15:26:34] [INFO] [Permission Verify] Allowed. User: 6aaae3a8c8c8cbb9a8630ef0, Permission: reports
[2026-09-17 15:26:35] [INFO] [Permission Verify] Allowed. User: 6aaae3a8c8c8cbb9a8630ef0, Permission: invoice
[2026-09-17 15:26:35] [INFO] [Invoice] Get all invoices started. hotelId=6aaae0bcc8c8cbb9a8630ed4, branchId=6aaae1bdc8c8cbb9a8630ee3
[2026-09-17 15:26:35] [INFO] [Invoice] Get all invoices completed. hotelId=6aaae0bcc8c8cbb9a8630ed4, branchId=6aaae1bdc8c8cbb9a8630ee3, count=0
[2026-09-17 15:26:35] [INFO] [Permission Verify] Allowed. User: 6aaae3a8c8c8cbb9a8630ef0, Permission: invoice
[2026-09-17 15:26:35] [INFO] [Invoice] Get all invoices started. hotelId=6aaae0bcc8c8cbb9a8630ed4, branchId=6aaae1bdc8c8cbb9a8630ee3
[2026-09-17 15:26:35] [INFO] [Invoice] Get all invoices completed. hotelId=6aaae0bcc8c8cbb9a8630ed4, branchId=6aaae1bdc8c8cbb9a8630ee3, count=0
[2026-09-17 15:26:36] [INFO] [Permission Verify] Allowed. User: 6aaae3a8c8c8cbb9a8630ef0, Permission: reports
[2026-09-17 15:26:36] [INFO] [Permission Verify] Allowed. User: 6aaae3a8c8c8cbb9a8630ef0, Permission: reports
[2026-09-17 15:26:36] [INFO] [Permission Verify] Allowed. User: 6aaae3a8c8c8cbb9a8630ef0, Permission: serviceManagement
[2026-09-17 15:26:37] [INFO] INFO
[2026-09-17 15:26:37] [INFO] [Permission Verify] Allowed. User: 6aaae3a8c8c8cbb9a8630ef0, Permission: serviceManagement
[2026-09-17 15:26:37] [INFO] INFO
[2026-09-17 15:26:38] [INFO] [Permission Verify] Allowed. User: 6aaae3a8c8c8cbb9a8630ef0, Permission: reports
[2026-09-17 15:26:38] [INFO] [Permission Verify] Allowed. User: 6aaae3a8c8c8cbb9a8630ef0, Permission: reports
[2026-09-17 15:26:38] [INFO] [Permission Verify] Allowed. User: 6aaae3a8c8c8cbb9a8630ef0, Permission: invoice
[2026-09-17 15:26:38] [INFO] [Invoice] Get all invoices started. hotelId=6aaae0bcc8c8cbb9a8630ed4, branchId=6aaae1bdc8c8cbb9a8630ee3
[2026-09-17 15:26:38] [INFO] [Invoice] Get all invoices completed. hotelId=6aaae0bcc8c8cbb9a8630ed4, branchId=6aaae1bdc8c8cbb9a8630ee3, count=0
[2026-09-17 15:26:38] [INFO] [Permission Verify] Allowed. User: 6aaae3a8c8c8cbb9a8630ef0, Permission: invoice
[2026-09-17 15:26:38] [INFO] [Invoice] Get all invoices started. hotelId=6aaae0bcc8c8cbb9a8630ed4, branchId=6aaae1bdc8c8cbb9a8630ee3
[2026-09-17 15:26:38] [INFO] [Invoice] Get all invoices completed. hotelId=6aaae0bcc8c8cbb9a8630ed4, branchId=6aaae1bdc8c8cbb9a8630ee3, count=0
[2026-09-17 15:26:39] [INFO] [Permission Verify] Allowed. User: 6aaae3a8c8c8cbb9a8630ef0, Permission: serviceManagement
[2026-09-17 15:26:39] [INFO] INFO
[2026-09-17 15:26:39] [INFO] [Permission Verify] Allowed. User: 6aaae3a8c8c8cbb9a8630ef0, Permission: serviceManagement
[2026-09-17 15:26:39] [INFO] INFO
[2026-09-17 15:26:40] [INFO] [Permission Verify] Allowed. User: 6aaae3a8c8c8cbb9a8630ef0, Permission: reports
[2026-09-17 15:26:41] [INFO] [Permission Verify] Allowed. User: 6aaae3a8c8c8cbb9a8630ef0, Permission: reports
[2026-09-17 15:26:41] [INFO] [Permission Verify] Allowed. User: 6aaae3a8c8c8cbb9a8630ef0, Permission: invoice
[2026-09-17 15:26:41] [INFO] [Invoice] Get all invoices started. hotelId=6aaae0bcc8c8cbb9a8630ed4, branchId=6aaae1bdc8c8cbb9a8630ee3
[2026-09-17 15:26:41] [INFO] [Invoice] Get all invoices completed. hotelId=6aaae0bcc8c8cbb9a8630ed4, branchId=6aaae1bdc8c8cbb9a8630ee3, count=0
[2026-09-17 15:26:41] [INFO] [Permission Verify] Allowed. User: 6aaae3a8c8c8cbb9a8630ef0, Permission: invoice
[2026-09-17 15:26:41] [INFO] [Invoice] Get all invoices started. hotelId=6aaae0bcc8c8cbb9a8630ed4, branchId=6aaae1bdc8c8cbb9a8630ee3
[2026-09-17 15:26:41] [INFO] [Invoice] Get all invoices completed. hotelId=6aaae0bcc8c8cbb9a8630ed4, branchId=6aaae1bdc8c8cbb9a8630ee3, count=0
[2026-09-17 15:26:42] [INFO] [Permission Verify] Allowed. User: 6aaae3a8c8c8cbb9a8630ef0, Permission: serviceManagement
[2026-09-17 15:26:43] [INFO] INFO
[2026-09-17 15:26:43] [INFO] [Permission Verify] Allowed. User: 6aaae3a8c8c8cbb9a8630ef0, Permission: serviceManagement
[2026-09-17 15:26:43] [INFO] INFO
[2026-09-17 15:27:00] [INFO] [SUBSCRIPTION] Expiry cron triggered
[2026-09-17 15:27:00] [INFO] ==================================================
[2026-09-17 15:27:00] [INFO] SUBSCRIPTION EXPIRY CRON STARTED
[2026-09-17 15:27:00] [INFO] ==================================================
[2026-09-17 15:27:00] [INFO] [SUBSCRIPTION] Current India Date: 2026-09-17
[2026-09-17 15:27:00] [INFO] [OVERSTAY] Cron triggered
[2026-09-17 15:27:00] [INFO] ==================================================
[2026-09-17 15:27:00] [INFO] OVERSTAY CRON STARTED
[2026-09-17 15:27:00] [INFO] ==================================================
[2026-09-17 15:27:00] [INFO] [OVERSTAY] Current India Date/Time: 17/09/2026 15:27:00
[2026-09-17 15:27:00] [INFO] [OVERSTAY] Timezone: Asia/Kolkata
[2026-09-17 15:27:00] [INFO] [OVERSTAY] Staying customers found: 0
[2026-09-17 15:27:00] [INFO] ==================================================
[2026-09-17 15:27:00] [INFO] OVERSTAY CRON COMPLETED
[2026-09-17 15:27:00] [INFO] ==================================================
[2026-09-17 15:27:00] [INFO] [SUBSCRIPTION] Subscriptions found: 2
[2026-09-17 15:27:00] [INFO] [SUBSCRIPTION] mani hotel | Expiry: 2026-10-16 | Days Remaining: 29
[2026-09-17 15:27:00] [INFO] [SUBSCRIPTION] hotel 2 | Expiry: 2026-10-17 | Days Remaining: 30
[2026-09-17 15:27:00] [INFO] ==================================================
[2026-09-17 15:27:00] [INFO] SUBSCRIPTION EXPIRY CRON COMPLETED
[2026-09-17 15:27:00] [INFO] ==================================================
[2026-09-17 15:27:11] [INFO] INFO
[2026-09-17 15:27:11] [INFO] INFO
[2026-09-17 15:27:16] [INFO] [Permission Verify] Allowed. User: 6aaae3a8c8c8cbb9a8630ef0, Permission: roomsBooking
[2026-09-17 15:27:16] [INFO] ERROR
[2026-09-17 15:27:19] [INFO] [Permission Verify] Allowed. User: 6aaae3a8c8c8cbb9a8630ef0, Permission: roomsBooking
[2026-09-17 15:27:19] [INFO] INFO
[2026-09-17 15:27:19] [INFO] INFO
[2026-09-17 15:27:19] [INFO] INFO
[2026-09-17 15:27:21] [INFO] [Permission Verify] Allowed. User: 6aaae3a8c8c8cbb9a8630ef0, Permission: roomsBooking
[2026-09-17 15:27:21] [INFO] [Booking] Get active bookings started. hotelId=6aaae0bcc8c8cbb9a8630ed4, branchId=6aaae1bdc8c8cbb9a8630ee3
[2026-09-17 15:27:21] [INFO] [Booking] Active bookings retrieved. hotelId=6aaae0bcc8c8cbb9a8630ed4, branchId=6aaae1bdc8c8cbb9a8630ee3, count=1
[2026-09-17 15:27:21] [INFO] [Permission Verify] Allowed. User: 6aaae3a8c8c8cbb9a8630ef0, Permission: roomsBooking
[2026-09-17 15:27:21] [INFO] [Booking] Get active bookings started. hotelId=6aaae0bcc8c8cbb9a8630ed4, branchId=6aaae1bdc8c8cbb9a8630ee3
[2026-09-17 15:27:21] [INFO] [Booking] Active bookings retrieved. hotelId=6aaae0bcc8c8cbb9a8630ed4, branchId=6aaae1bdc8c8cbb9a8630ee3, count=1
[2026-09-17 15:28:00] [INFO] [SUBSCRIPTION] Expiry cron triggered
[2026-09-17 15:28:00] [INFO] ==================================================
[2026-09-17 15:28:00] [INFO] SUBSCRIPTION EXPIRY CRON STARTED
[2026-09-17 15:28:00] [INFO] ==================================================
[2026-09-17 15:28:00] [INFO] [SUBSCRIPTION] Current India Date: 2026-09-17
[2026-09-17 15:28:00] [INFO] [OVERSTAY] Cron triggered
[2026-09-17 15:28:00] [INFO] ==================================================
[2026-09-17 15:28:00] [INFO] OVERSTAY CRON STARTED
[2026-09-17 15:28:00] [INFO] ==================================================
[2026-09-17 15:28:00] [INFO] [OVERSTAY] Current India Date/Time: 17/09/2026 15:28:00
[2026-09-17 15:28:00] [INFO] [OVERSTAY] Timezone: Asia/Kolkata
[2026-09-17 15:28:00] [INFO] [OVERSTAY] Staying customers found: 0
[2026-09-17 15:28:00] [INFO] ==================================================
[2026-09-17 15:28:00] [INFO] OVERSTAY CRON COMPLETED
[2026-09-17 15:28:00] [INFO] ==================================================
[2026-09-17 15:28:00] [INFO] [SUBSCRIPTION] Subscriptions found: 2
[2026-09-17 15:28:00] [INFO] [SUBSCRIPTION] mani hotel | Expiry: 2026-10-16 | Days Remaining: 29
[2026-09-17 15:28:00] [INFO] [SUBSCRIPTION] hotel 2 | Expiry: 2026-10-17 | Days Remaining: 30
[2026-09-17 15:28:00] [INFO] ==================================================
[2026-09-17 15:28:00] [INFO] SUBSCRIPTION EXPIRY CRON COMPLETED
[2026-09-17 15:28:00] [INFO] ==================================================
[2026-09-17 15:28:03] [INFO] INFO
[2026-09-17 15:28:03] [INFO] INFO
[2026-09-17 15:28:04] [INFO] [Permission Verify] Allowed. User: 6aaae3a8c8c8cbb9a8630ef0, Permission: roomsBooking
[2026-09-17 15:28:04] [INFO] [Booking] Get active bookings started. hotelId=6aaae0bcc8c8cbb9a8630ed4, branchId=6aaae1bdc8c8cbb9a8630ee3
[2026-09-17 15:28:04] [INFO] [Booking] Active bookings retrieved. hotelId=6aaae0bcc8c8cbb9a8630ed4, branchId=6aaae1bdc8c8cbb9a8630ee3, count=0
[2026-09-17 15:28:04] [INFO] [Permission Verify] Allowed. User: 6aaae3a8c8c8cbb9a8630ef0, Permission: roomsBooking
[2026-09-17 15:28:04] [INFO] [Booking] Get active bookings started. hotelId=6aaae0bcc8c8cbb9a8630ed4, branchId=6aaae1bdc8c8cbb9a8630ee3
[2026-09-17 15:28:04] [INFO] [Booking] Active bookings retrieved. hotelId=6aaae0bcc8c8cbb9a8630ed4, branchId=6aaae1bdc8c8cbb9a8630ee3, count=0
[2026-09-17 15:28:06] [INFO] INFO
[2026-09-17 15:28:06] [INFO] [CUSTOMER] Fetched all customers | Hotel: 6aaae0bcc8c8cbb9a8630ed4 | Branch: 6aaae1bdc8c8cbb9a8630ee3 | Count: 0
[2026-09-17 15:28:06] [INFO] INFO
[2026-09-17 15:28:06] [INFO] [CUSTOMER] Fetched all customers | Hotel: 6aaae0bcc8c8cbb9a8630ed4 | Branch: 6aaae1bdc8c8cbb9a8630ee3 | Count: 0
[2026-09-17 15:29:00] [INFO] [OVERSTAY] Cron triggered
[2026-09-17 15:29:00] [INFO] ==================================================
[2026-09-17 15:29:00] [INFO] OVERSTAY CRON STARTED
[2026-09-17 15:29:00] [INFO] ==================================================
[2026-09-17 15:29:00] [INFO] [OVERSTAY] Current India Date/Time: 17/09/2026 15:29:00
[2026-09-17 15:29:00] [INFO] [OVERSTAY] Timezone: Asia/Kolkata
[2026-09-17 15:29:00] [INFO] [SUBSCRIPTION] Expiry cron triggered
[2026-09-17 15:29:00] [INFO] ==================================================
[2026-09-17 15:29:00] [INFO] SUBSCRIPTION EXPIRY CRON STARTED
[2026-09-17 15:29:00] [INFO] ==================================================
[2026-09-17 15:29:00] [INFO] [SUBSCRIPTION] Current India Date: 2026-09-17
[2026-09-17 15:29:00] [INFO] [OVERSTAY] Staying customers found: 0
[2026-09-17 15:29:00] [INFO] ==================================================
[2026-09-17 15:29:00] [INFO] OVERSTAY CRON COMPLETED
[2026-09-17 15:29:00] [INFO] ==================================================
[2026-09-17 15:29:00] [INFO] [SUBSCRIPTION] Subscriptions found: 2
[2026-09-17 15:29:00] [INFO] [SUBSCRIPTION] mani hotel | Expiry: 2026-10-16 | Days Remaining: 29
[2026-09-17 15:29:00] [INFO] [SUBSCRIPTION] hotel 2 | Expiry: 2026-10-17 | Days Remaining: 30
[2026-09-17 15:29:00] [INFO] ==================================================
[2026-09-17 15:29:00] [INFO] SUBSCRIPTION EXPIRY CRON COMPLETED
[2026-09-17 15:29:00] [INFO] ==================================================
[2026-09-17 15:30:00] [INFO] [OVERSTAY] Cron triggered
[2026-09-17 15:30:00] [INFO] ==================================================
[2026-09-17 15:30:00] [INFO] OVERSTAY CRON STARTED
[2026-09-17 15:30:00] [INFO] ==================================================
[2026-09-17 15:30:00] [INFO] [OVERSTAY] Current India Date/Time: 17/09/2026 15:30:00
[2026-09-17 15:30:00] [INFO] [OVERSTAY] Timezone: Asia/Kolkata
[2026-09-17 15:30:00] [INFO] [SUBSCRIPTION] Expiry cron triggered
[2026-09-17 15:30:00] [INFO] ==================================================
[2026-09-17 15:30:00] [INFO] SUBSCRIPTION EXPIRY CRON STARTED
[2026-09-17 15:30:00] [INFO] ==================================================
[2026-09-17 15:30:00] [INFO] [SUBSCRIPTION] Current India Date: 2026-09-17
[2026-09-17 15:30:00] [INFO] [OVERSTAY] Staying customers found: 0
[2026-09-17 15:30:00] [INFO] ==================================================
[2026-09-17 15:30:00] [INFO] OVERSTAY CRON COMPLETED
[2026-09-17 15:30:00] [INFO] ==================================================
[2026-09-17 15:30:00] [INFO] [SUBSCRIPTION] Subscriptions found: 2
[2026-09-17 15:30:00] [INFO] [SUBSCRIPTION] mani hotel | Expiry: 2026-10-16 | Days Remaining: 29
[2026-09-17 15:30:00] [INFO] [SUBSCRIPTION] hotel 2 | Expiry: 2026-10-17 | Days Remaining: 30
[2026-09-17 15:30:00] [INFO] ==================================================
[2026-09-17 15:30:00] [INFO] SUBSCRIPTION EXPIRY CRON COMPLETED
[2026-09-17 15:30:00] [INFO] ==================================================
[2026-09-17 15:31:00] [INFO] [OVERSTAY] Cron triggered
[2026-09-17 15:31:00] [INFO] ==================================================
[2026-09-17 15:31:00] [INFO] OVERSTAY CRON STARTED
[2026-09-17 15:31:00] [INFO] ==================================================
[2026-09-17 15:31:00] [INFO] [OVERSTAY] Current India Date/Time: 17/09/2026 15:31:00
[2026-09-17 15:31:00] [INFO] [OVERSTAY] Timezone: Asia/Kolkata
[2026-09-17 15:31:00] [INFO] [SUBSCRIPTION] Expiry cron triggered
[2026-09-17 15:31:00] [INFO] ==================================================
[2026-09-17 15:31:00] [INFO] SUBSCRIPTION EXPIRY CRON STARTED
[2026-09-17 15:31:00] [INFO] ==================================================
[2026-09-17 15:31:00] [INFO] [SUBSCRIPTION] Current India Date: 2026-09-17
[2026-09-17 15:31:00] [INFO] [OVERSTAY] Staying customers found: 0
[2026-09-17 15:31:00] [INFO] ==================================================
[2026-09-17 15:31:00] [INFO] OVERSTAY CRON COMPLETED
[2026-09-17 15:31:00] [INFO] ==================================================
[2026-09-17 15:31:00] [INFO] [SUBSCRIPTION] Subscriptions found: 2
[2026-09-17 15:31:00] [INFO] [SUBSCRIPTION] mani hotel | Expiry: 2026-10-16 | Days Remaining: 29
[2026-09-17 15:31:00] [INFO] [SUBSCRIPTION] hotel 2 | Expiry: 2026-10-17 | Days Remaining: 30
[2026-09-17 15:31:00] [INFO] ==================================================
[2026-09-17 15:31:00] [INFO] SUBSCRIPTION EXPIRY CRON COMPLETED
[2026-09-17 15:31:00] [INFO] ==================================================
[2026-09-17 15:32:00] [INFO] [OVERSTAY] Cron triggered
[2026-09-17 15:32:00] [INFO] ==================================================
[2026-09-17 15:32:00] [INFO] OVERSTAY CRON STARTED
[2026-09-17 15:32:00] [INFO] ==================================================
[2026-09-17 15:32:00] [INFO] [OVERSTAY] Current India Date/Time: 17/09/2026 15:32:00
[2026-09-17 15:32:00] [INFO] [OVERSTAY] Timezone: Asia/Kolkata
[2026-09-17 15:32:00] [INFO] [SUBSCRIPTION] Expiry cron triggered
[2026-09-17 15:32:00] [INFO] ==================================================
[2026-09-17 15:32:00] [INFO] SUBSCRIPTION EXPIRY CRON STARTED
[2026-09-17 15:32:00] [INFO] ==================================================
[2026-09-17 15:32:00] [INFO] [SUBSCRIPTION] Current India Date: 2026-09-17
[2026-09-17 15:32:00] [INFO] [OVERSTAY] Staying customers found: 0
[2026-09-17 15:32:00] [INFO] ==================================================
[2026-09-17 15:32:00] [INFO] OVERSTAY CRON COMPLETED
[2026-09-17 15:32:00] [INFO] ==================================================
[2026-09-17 15:32:00] [INFO] [SUBSCRIPTION] Subscriptions found: 2
[2026-09-17 15:32:00] [INFO] [SUBSCRIPTION] mani hotel | Expiry: 2026-10-16 | Days Remaining: 29
[2026-09-17 15:32:00] [INFO] [SUBSCRIPTION] hotel 2 | Expiry: 2026-10-17 | Days Remaining: 30
[2026-09-17 15:32:00] [INFO] ==================================================
[2026-09-17 15:32:00] [INFO] SUBSCRIPTION EXPIRY CRON COMPLETED
[2026-09-17 15:32:00] [INFO] ==================================================
[2026-09-17 15:33:00] [INFO] [OVERSTAY] Cron triggered
[2026-09-17 15:33:00] [INFO] ==================================================
[2026-09-17 15:33:00] [INFO] OVERSTAY CRON STARTED
[2026-09-17 15:33:00] [INFO] ==================================================
[2026-09-17 15:33:00] [INFO] [OVERSTAY] Current India Date/Time: 17/09/2026 15:33:00
[2026-09-17 15:33:00] [INFO] [OVERSTAY] Timezone: Asia/Kolkata
[2026-09-17 15:33:00] [INFO] [SUBSCRIPTION] Expiry cron triggered
[2026-09-17 15:33:00] [INFO] ==================================================
[2026-09-17 15:33:00] [INFO] SUBSCRIPTION EXPIRY CRON STARTED
[2026-09-17 15:33:00] [INFO] ==================================================
[2026-09-17 15:33:00] [INFO] [SUBSCRIPTION] Current India Date: 2026-09-17
[2026-09-17 15:33:00] [INFO] [OVERSTAY] Staying customers found: 0
[2026-09-17 15:33:00] [INFO] ==================================================
[2026-09-17 15:33:00] [INFO] OVERSTAY CRON COMPLETED
[2026-09-17 15:33:00] [INFO] ==================================================
[2026-09-17 15:33:00] [INFO] [SUBSCRIPTION] Subscriptions found: 2
[2026-09-17 15:33:00] [INFO] [SUBSCRIPTION] mani hotel | Expiry: 2026-10-16 | Days Remaining: 29
[2026-09-17 15:33:00] [INFO] [SUBSCRIPTION] hotel 2 | Expiry: 2026-10-17 | Days Remaining: 30
[2026-09-17 15:33:00] [INFO] ==================================================
[2026-09-17 15:33:00] [INFO] SUBSCRIPTION EXPIRY CRON COMPLETED
[2026-09-17 15:33:00] [INFO] ==================================================
[2026-09-17 15:34:00] [INFO] [SUBSCRIPTION] Expiry cron triggered
[2026-09-17 15:34:00] [INFO] ==================================================
[2026-09-17 15:34:00] [INFO] SUBSCRIPTION EXPIRY CRON STARTED
[2026-09-17 15:34:00] [INFO] ==================================================
[2026-09-17 15:34:00] [INFO] [SUBSCRIPTION] Current India Date: 2026-09-17
[2026-09-17 15:34:00] [INFO] [OVERSTAY] Cron triggered
[2026-09-17 15:34:00] [INFO] ==================================================
[2026-09-17 15:34:00] [INFO] OVERSTAY CRON STARTED
[2026-09-17 15:34:00] [INFO] ==================================================
[2026-09-17 15:34:00] [INFO] [OVERSTAY] Current India Date/Time: 17/09/2026 15:34:00
[2026-09-17 15:34:00] [INFO] [OVERSTAY] Timezone: Asia/Kolkata
[2026-09-17 15:34:00] [INFO] [OVERSTAY] Staying customers found: 0
[2026-09-17 15:34:00] [INFO] ==================================================
[2026-09-17 15:34:00] [INFO] OVERSTAY CRON COMPLETED
[2026-09-17 15:34:00] [INFO] ==================================================
[2026-09-17 15:34:00] [INFO] [SUBSCRIPTION] Subscriptions found: 2
[2026-09-17 15:34:00] [INFO] [SUBSCRIPTION] mani hotel | Expiry: 2026-10-16 | Days Remaining: 29
[2026-09-17 15:34:00] [INFO] [SUBSCRIPTION] hotel 2 | Expiry: 2026-10-17 | Days Remaining: 30
[2026-09-17 15:34:00] [INFO] ==================================================
[2026-09-17 15:34:00] [INFO] SUBSCRIPTION EXPIRY CRON COMPLETED
[2026-09-17 15:34:00] [INFO] ==================================================
[2026-09-17 15:35:00] [INFO] [SUBSCRIPTION] Expiry cron triggered
[2026-09-17 15:35:00] [INFO] ==================================================
[2026-09-17 15:35:00] [INFO] SUBSCRIPTION EXPIRY CRON STARTED
[2026-09-17 15:35:00] [INFO] ==================================================
[2026-09-17 15:35:00] [INFO] [SUBSCRIPTION] Current India Date: 2026-09-17
[2026-09-17 15:35:00] [INFO] [OVERSTAY] Cron triggered
[2026-09-17 15:35:00] [INFO] ==================================================
[2026-09-17 15:35:00] [INFO] OVERSTAY CRON STARTED
[2026-09-17 15:35:00] [INFO] ==================================================
[2026-09-17 15:35:00] [INFO] [OVERSTAY] Current India Date/Time: 17/09/2026 15:35:00
[2026-09-17 15:35:00] [INFO] [OVERSTAY] Timezone: Asia/Kolkata
[2026-09-17 15:35:00] [INFO] [OVERSTAY] Staying customers found: 0
[2026-09-17 15:35:00] [INFO] ==================================================
[2026-09-17 15:35:00] [INFO] OVERSTAY CRON COMPLETED
[2026-09-17 15:35:00] [INFO] ==================================================
[2026-09-17 15:35:00] [INFO] [SUBSCRIPTION] Subscriptions found: 2
[2026-09-17 15:35:00] [INFO] [SUBSCRIPTION] mani hotel | Expiry: 2026-10-16 | Days Remaining: 29
[2026-09-17 15:35:00] [INFO] [SUBSCRIPTION] hotel 2 | Expiry: 2026-10-17 | Days Remaining: 30
[2026-09-17 15:35:00] [INFO] ==================================================
[2026-09-17 15:35:00] [INFO] SUBSCRIPTION EXPIRY CRON COMPLETED
[2026-09-17 15:35:00] [INFO] ==================================================
[2026-09-17 15:36:00] [INFO] [SUBSCRIPTION] Expiry cron triggered
[2026-09-17 15:36:00] [INFO] ==================================================
[2026-09-17 15:36:00] [INFO] SUBSCRIPTION EXPIRY CRON STARTED
[2026-09-17 15:36:00] [INFO] ==================================================
[2026-09-17 15:36:00] [INFO] [SUBSCRIPTION] Current India Date: 2026-09-17
[2026-09-17 15:36:00] [INFO] [OVERSTAY] Cron triggered
[2026-09-17 15:36:00] [INFO] ==================================================
[2026-09-17 15:36:00] [INFO] OVERSTAY CRON STARTED
[2026-09-17 15:36:00] [INFO] ==================================================
[2026-09-17 15:36:00] [INFO] [OVERSTAY] Current India Date/Time: 17/09/2026 15:36:00
[2026-09-17 15:36:00] [INFO] [OVERSTAY] Timezone: Asia/Kolkata
[2026-09-17 15:36:00] [INFO] [OVERSTAY] Staying customers found: 0
[2026-09-17 15:36:00] [INFO] ==================================================
[2026-09-17 15:36:00] [INFO] OVERSTAY CRON COMPLETED
[2026-09-17 15:36:00] [INFO] ==================================================
[2026-09-17 15:36:00] [INFO] [SUBSCRIPTION] Subscriptions found: 2
[2026-09-17 15:36:00] [INFO] [SUBSCRIPTION] mani hotel | Expiry: 2026-10-16 | Days Remaining: 29
[2026-09-17 15:36:00] [INFO] [SUBSCRIPTION] hotel 2 | Expiry: 2026-10-17 | Days Remaining: 30
[2026-09-17 15:36:00] [INFO] ==================================================
[2026-09-17 15:36:00] [INFO] SUBSCRIPTION EXPIRY CRON COMPLETED
[2026-09-17 15:36:00] [INFO] ==================================================
[2026-09-17 15:37:00] [INFO] [SUBSCRIPTION] Expiry cron triggered
[2026-09-17 15:37:00] [INFO] ==================================================
[2026-09-17 15:37:00] [INFO] SUBSCRIPTION EXPIRY CRON STARTED
[2026-09-17 15:37:00] [INFO] ==================================================
[2026-09-17 15:37:00] [INFO] [SUBSCRIPTION] Current India Date: 2026-09-17
[2026-09-17 15:37:00] [INFO] [OVERSTAY] Cron triggered
[2026-09-17 15:37:00] [INFO] ==================================================
[2026-09-17 15:37:00] [INFO] OVERSTAY CRON STARTED
[2026-09-17 15:37:00] [INFO] ==================================================
[2026-09-17 15:37:00] [INFO] [OVERSTAY] Current India Date/Time: 17/09/2026 15:37:00
[2026-09-17 15:37:00] [INFO] [OVERSTAY] Timezone: Asia/Kolkata
[2026-09-17 15:37:00] [INFO] [OVERSTAY] Staying customers found: 0
[2026-09-17 15:37:00] [INFO] ==================================================
[2026-09-17 15:37:00] [INFO] OVERSTAY CRON COMPLETED
[2026-09-17 15:37:00] [INFO] ==================================================
[2026-09-17 15:37:00] [INFO] [SUBSCRIPTION] Subscriptions found: 2
[2026-09-17 15:37:00] [INFO] [SUBSCRIPTION] mani hotel | Expiry: 2026-10-16 | Days Remaining: 29
[2026-09-17 15:37:00] [INFO] [SUBSCRIPTION] hotel 2 | Expiry: 2026-10-17 | Days Remaining: 30
[2026-09-17 15:37:00] [INFO] ==================================================
[2026-09-17 15:37:00] [INFO] SUBSCRIPTION EXPIRY CRON COMPLETED
[2026-09-17 15:37:00] [INFO] ==================================================
[2026-09-17 15:38:00] [INFO] [SUBSCRIPTION] Expiry cron triggered
[2026-09-17 15:38:00] [INFO] ==================================================
[2026-09-17 15:38:00] [INFO] SUBSCRIPTION EXPIRY CRON STARTED
[2026-09-17 15:38:00] [INFO] ==================================================
[2026-09-17 15:38:00] [INFO] [SUBSCRIPTION] Current India Date: 2026-09-17
[2026-09-17 15:38:00] [INFO] [OVERSTAY] Cron triggered
[2026-09-17 15:38:00] [INFO] ==================================================
[2026-09-17 15:38:00] [INFO] OVERSTAY CRON STARTED
[2026-09-17 15:38:00] [INFO] ==================================================
[2026-09-17 15:38:00] [INFO] [OVERSTAY] Current India Date/Time: 17/09/2026 15:38:00
[2026-09-17 15:38:00] [INFO] [OVERSTAY] Timezone: Asia/Kolkata
[2026-09-17 15:38:00] [INFO] [OVERSTAY] Staying customers found: 0
[2026-09-17 15:38:00] [INFO] ==================================================
[2026-09-17 15:38:00] [INFO] OVERSTAY CRON COMPLETED
[2026-09-17 15:38:00] [INFO] ==================================================
[2026-09-17 15:38:00] [INFO] [SUBSCRIPTION] Subscriptions found: 2
[2026-09-17 15:38:00] [INFO] [SUBSCRIPTION] mani hotel | Expiry: 2026-10-16 | Days Remaining: 29
[2026-09-17 15:38:00] [INFO] [SUBSCRIPTION] hotel 2 | Expiry: 2026-10-17 | Days Remaining: 30
[2026-09-17 15:38:00] [INFO] ==================================================
[2026-09-17 15:38:00] [INFO] SUBSCRIPTION EXPIRY CRON COMPLETED
[2026-09-17 15:38:00] [INFO] ==================================================
[2026-09-17 15:39:00] [INFO] [OVERSTAY] Cron triggered
[2026-09-17 15:39:00] [INFO] ==================================================
[2026-09-17 15:39:00] [INFO] OVERSTAY CRON STARTED
[2026-09-17 15:39:00] [INFO] ==================================================
[2026-09-17 15:39:00] [INFO] [OVERSTAY] Current India Date/Time: 17/09/2026 15:39:00
[2026-09-17 15:39:00] [INFO] [OVERSTAY] Timezone: Asia/Kolkata
[2026-09-17 15:39:00] [INFO] [SUBSCRIPTION] Expiry cron triggered
[2026-09-17 15:39:00] [INFO] ==================================================
[2026-09-17 15:39:00] [INFO] SUBSCRIPTION EXPIRY CRON STARTED
[2026-09-17 15:39:00] [INFO] ==================================================
[2026-09-17 15:39:00] [INFO] [SUBSCRIPTION] Current India Date: 2026-09-17
[2026-09-17 15:39:00] [INFO] [OVERSTAY] Staying customers found: 0
[2026-09-17 15:39:00] [INFO] ==================================================
[2026-09-17 15:39:00] [INFO] OVERSTAY CRON COMPLETED
[2026-09-17 15:39:00] [INFO] ==================================================
[2026-09-17 15:39:00] [INFO] [SUBSCRIPTION] Subscriptions found: 2
[2026-09-17 15:39:00] [INFO] [SUBSCRIPTION] mani hotel | Expiry: 2026-10-16 | Days Remaining: 29
[2026-09-17 15:39:00] [INFO] [SUBSCRIPTION] hotel 2 | Expiry: 2026-10-17 | Days Remaining: 30
[2026-09-17 15:39:00] [INFO] ==================================================
[2026-09-17 15:39:00] [INFO] SUBSCRIPTION EXPIRY CRON COMPLETED
[2026-09-17 15:39:00] [INFO] ==================================================
[2026-09-17 15:40:00] [INFO] [OVERSTAY] Cron triggered
[2026-09-17 15:40:00] [INFO] ==================================================
[2026-09-17 15:40:00] [INFO] OVERSTAY CRON STARTED
[2026-09-17 15:40:00] [INFO] ==================================================
[2026-09-17 15:40:00] [INFO] [OVERSTAY] Current India Date/Time: 17/09/2026 15:40:00
[2026-09-17 15:40:00] [INFO] [OVERSTAY] Timezone: Asia/Kolkata
[2026-09-17 15:40:00] [INFO] [SUBSCRIPTION] Expiry cron triggered
[2026-09-17 15:40:00] [INFO] ==================================================
[2026-09-17 15:40:00] [INFO] SUBSCRIPTION EXPIRY CRON STARTED
[2026-09-17 15:40:00] [INFO] ==================================================
[2026-09-17 15:40:00] [INFO] [SUBSCRIPTION] Current India Date: 2026-09-17
[2026-09-17 15:40:00] [INFO] [OVERSTAY] Staying customers found: 0
[2026-09-17 15:40:00] [INFO] ==================================================
[2026-09-17 15:40:00] [INFO] OVERSTAY CRON COMPLETED
[2026-09-17 15:40:00] [INFO] ==================================================
[2026-09-17 15:40:00] [INFO] [SUBSCRIPTION] Subscriptions found: 2
[2026-09-17 15:40:00] [INFO] [SUBSCRIPTION] mani hotel | Expiry: 2026-10-16 | Days Remaining: 29
[2026-09-17 15:40:00] [INFO] [SUBSCRIPTION] hotel 2 | Expiry: 2026-10-17 | Days Remaining: 30
[2026-09-17 15:40:00] [INFO] ==================================================
[2026-09-17 15:40:00] [INFO] SUBSCRIPTION EXPIRY CRON COMPLETED
[2026-09-17 15:40:00] [INFO] ==================================================
[2026-09-17 15:41:00] [INFO] [OVERSTAY] Cron triggered
[2026-09-17 15:41:00] [INFO] ==================================================
[2026-09-17 15:41:00] [INFO] OVERSTAY CRON STARTED
[2026-09-17 15:41:00] [INFO] ==================================================
[2026-09-17 15:41:00] [INFO] [OVERSTAY] Current India Date/Time: 17/09/2026 15:41:00
[2026-09-17 15:41:00] [INFO] [OVERSTAY] Timezone: Asia/Kolkata
[2026-09-17 15:41:00] [INFO] [SUBSCRIPTION] Expiry cron triggered
[2026-09-17 15:41:00] [INFO] ==================================================
[2026-09-17 15:41:00] [INFO] SUBSCRIPTION EXPIRY CRON STARTED
[2026-09-17 15:41:00] [INFO] ==================================================
[2026-09-17 15:41:00] [INFO] [SUBSCRIPTION] Current India Date: 2026-09-17
[2026-09-17 15:41:00] [INFO] [OVERSTAY] Staying customers found: 0
[2026-09-17 15:41:00] [INFO] ==================================================
[2026-09-17 15:41:00] [INFO] OVERSTAY CRON COMPLETED
[2026-09-17 15:41:00] [INFO] ==================================================
[2026-09-17 15:41:00] [INFO] [SUBSCRIPTION] Subscriptions found: 2
[2026-09-17 15:41:00] [INFO] [SUBSCRIPTION] mani hotel | Expiry: 2026-10-16 | Days Remaining: 29
[2026-09-17 15:41:00] [INFO] [SUBSCRIPTION] hotel 2 | Expiry: 2026-10-17 | Days Remaining: 30
[2026-09-17 15:41:00] [INFO] ==================================================
[2026-09-17 15:41:00] [INFO] SUBSCRIPTION EXPIRY CRON COMPLETED
[2026-09-17 15:41:00] [INFO] ==================================================
[2026-09-17 15:42:00] [INFO] [SUBSCRIPTION] Expiry cron triggered
[2026-09-17 15:42:00] [INFO] ==================================================
[2026-09-17 15:42:00] [INFO] SUBSCRIPTION EXPIRY CRON STARTED
[2026-09-17 15:42:00] [INFO] ==================================================
[2026-09-17 15:42:00] [INFO] [SUBSCRIPTION] Current India Date: 2026-09-17
[2026-09-17 15:42:00] [INFO] [OVERSTAY] Cron triggered
[2026-09-17 15:42:00] [INFO] ==================================================
[2026-09-17 15:42:00] [INFO] OVERSTAY CRON STARTED
[2026-09-17 15:42:00] [INFO] ==================================================
[2026-09-17 15:42:00] [INFO] [OVERSTAY] Current India Date/Time: 17/09/2026 15:42:00
[2026-09-17 15:42:00] [INFO] [OVERSTAY] Timezone: Asia/Kolkata
[2026-09-17 15:42:00] [INFO] [OVERSTAY] Staying customers found: 0
[2026-09-17 15:42:00] [INFO] ==================================================
[2026-09-17 15:42:00] [INFO] OVERSTAY CRON COMPLETED
[2026-09-17 15:42:00] [INFO] ==================================================
[2026-09-17 15:42:00] [INFO] [SUBSCRIPTION] Subscriptions found: 2
[2026-09-17 15:42:00] [INFO] [SUBSCRIPTION] mani hotel | Expiry: 2026-10-16 | Days Remaining: 29
[2026-09-17 15:42:00] [INFO] [SUBSCRIPTION] hotel 2 | Expiry: 2026-10-17 | Days Remaining: 30
[2026-09-17 15:42:00] [INFO] ==================================================
[2026-09-17 15:42:00] [INFO] SUBSCRIPTION EXPIRY CRON COMPLETED
[2026-09-17 15:42:00] [INFO] ==================================================
[2026-09-17 15:43:00] [INFO] [SUBSCRIPTION] Expiry cron triggered
[2026-09-17 15:43:00] [INFO] ==================================================
[2026-09-17 15:43:00] [INFO] SUBSCRIPTION EXPIRY CRON STARTED
[2026-09-17 15:43:00] [INFO] ==================================================
[2026-09-17 15:43:00] [INFO] [SUBSCRIPTION] Current India Date: 2026-09-17
[2026-09-17 15:43:00] [INFO] [OVERSTAY] Cron triggered
[2026-09-17 15:43:00] [INFO] ==================================================
[2026-09-17 15:43:00] [INFO] OVERSTAY CRON STARTED
[2026-09-17 15:43:00] [INFO] ==================================================
[2026-09-17 15:43:00] [INFO] [OVERSTAY] Current India Date/Time: 17/09/2026 15:43:00
[2026-09-17 15:43:00] [INFO] [OVERSTAY] Timezone: Asia/Kolkata
[2026-09-17 15:43:00] [INFO] [OVERSTAY] Staying customers found: 0
[2026-09-17 15:43:00] [INFO] ==================================================
[2026-09-17 15:43:00] [INFO] OVERSTAY CRON COMPLETED
[2026-09-17 15:43:00] [INFO] ==================================================
[2026-09-17 15:43:00] [INFO] [SUBSCRIPTION] Subscriptions found: 2
[2026-09-17 15:43:00] [INFO] [SUBSCRIPTION] mani hotel | Expiry: 2026-10-16 | Days Remaining: 29
[2026-09-17 15:43:00] [INFO] [SUBSCRIPTION] hotel 2 | Expiry: 2026-10-17 | Days Remaining: 30
[2026-09-17 15:43:00] [INFO] ==================================================
[2026-09-17 15:43:00] [INFO] SUBSCRIPTION EXPIRY CRON COMPLETED
[2026-09-17 15:43:00] [INFO] ==================================================
[2026-09-17 15:44:00] [INFO] [SUBSCRIPTION] Expiry cron triggered
[2026-09-17 15:44:00] [INFO] ==================================================
[2026-09-17 15:44:00] [INFO] SUBSCRIPTION EXPIRY CRON STARTED
[2026-09-17 15:44:00] [INFO] ==================================================
[2026-09-17 15:44:00] [INFO] [SUBSCRIPTION] Current India Date: 2026-09-17
[2026-09-17 15:44:00] [INFO] [OVERSTAY] Cron triggered
[2026-09-17 15:44:00] [INFO] ==================================================
[2026-09-17 15:44:00] [INFO] OVERSTAY CRON STARTED
[2026-09-17 15:44:00] [INFO] ==================================================
[2026-09-17 15:44:00] [INFO] [OVERSTAY] Current India Date/Time: 17/09/2026 15:44:00
[2026-09-17 15:44:00] [INFO] [OVERSTAY] Timezone: Asia/Kolkata
[2026-09-17 15:44:00] [INFO] [OVERSTAY] Staying customers found: 0
[2026-09-17 15:44:00] [INFO] ==================================================
[2026-09-17 15:44:00] [INFO] OVERSTAY CRON COMPLETED
[2026-09-17 15:44:00] [INFO] ==================================================
[2026-09-17 15:44:00] [INFO] [SUBSCRIPTION] Subscriptions found: 2
[2026-09-17 15:44:00] [INFO] [SUBSCRIPTION] mani hotel | Expiry: 2026-10-16 | Days Remaining: 29
[2026-09-17 15:44:00] [INFO] [SUBSCRIPTION] hotel 2 | Expiry: 2026-10-17 | Days Remaining: 30
[2026-09-17 15:44:00] [INFO] ==================================================
[2026-09-17 15:44:00] [INFO] SUBSCRIPTION EXPIRY CRON COMPLETED
[2026-09-17 15:44:00] [INFO] ==================================================
[2026-09-17 15:45:00] [INFO] [SUBSCRIPTION] Expiry cron triggered
[2026-09-17 15:45:00] [INFO] ==================================================
[2026-09-17 15:45:00] [INFO] SUBSCRIPTION EXPIRY CRON STARTED
[2026-09-17 15:45:00] [INFO] ==================================================
[2026-09-17 15:45:00] [INFO] [SUBSCRIPTION] Current India Date: 2026-09-17
[2026-09-17 15:45:00] [INFO] [OVERSTAY] Cron triggered
[2026-09-17 15:45:00] [INFO] ==================================================
[2026-09-17 15:45:00] [INFO] OVERSTAY CRON STARTED
[2026-09-17 15:45:00] [INFO] ==================================================
[2026-09-17 15:45:00] [INFO] [OVERSTAY] Current India Date/Time: 17/09/2026 15:45:00
[2026-09-17 15:45:00] [INFO] [OVERSTAY] Timezone: Asia/Kolkata
[2026-09-17 15:45:00] [INFO] [OVERSTAY] Staying customers found: 0
[2026-09-17 15:45:00] [INFO] ==================================================
[2026-09-17 15:45:00] [INFO] OVERSTAY CRON COMPLETED
[2026-09-17 15:45:00] [INFO] ==================================================
[2026-09-17 15:45:00] [INFO] [SUBSCRIPTION] Subscriptions found: 2
[2026-09-17 15:45:00] [INFO] [SUBSCRIPTION] mani hotel | Expiry: 2026-10-16 | Days Remaining: 29
[2026-09-17 15:45:00] [INFO] [SUBSCRIPTION] hotel 2 | Expiry: 2026-10-17 | Days Remaining: 30
[2026-09-17 15:45:00] [INFO] ==================================================
[2026-09-17 15:45:00] [INFO] SUBSCRIPTION EXPIRY CRON COMPLETED
[2026-09-17 15:45:00] [INFO] ==================================================
[2026-09-17 15:46:00] [INFO] [OVERSTAY] Cron triggered
[2026-09-17 15:46:00] [INFO] ==================================================
[2026-09-17 15:46:00] [INFO] OVERSTAY CRON STARTED
[2026-09-17 15:46:00] [INFO] ==================================================
[2026-09-17 15:46:00] [INFO] [OVERSTAY] Current India Date/Time: 17/09/2026 15:46:00
[2026-09-17 15:46:00] [INFO] [OVERSTAY] Timezone: Asia/Kolkata
[2026-09-17 15:46:00] [INFO] [SUBSCRIPTION] Expiry cron triggered
[2026-09-17 15:46:00] [INFO] ==================================================
[2026-09-17 15:46:00] [INFO] SUBSCRIPTION EXPIRY CRON STARTED
[2026-09-17 15:46:00] [INFO] ==================================================
[2026-09-17 15:46:00] [INFO] [SUBSCRIPTION] Current India Date: 2026-09-17
[2026-09-17 15:46:00] [INFO] [OVERSTAY] Staying customers found: 0
[2026-09-17 15:46:00] [INFO] ==================================================
[2026-09-17 15:46:00] [INFO] OVERSTAY CRON COMPLETED
[2026-09-17 15:46:00] [INFO] ==================================================
[2026-09-17 15:46:00] [INFO] [SUBSCRIPTION] Subscriptions found: 2
[2026-09-17 15:46:00] [INFO] [SUBSCRIPTION] mani hotel | Expiry: 2026-10-16 | Days Remaining: 29
[2026-09-17 15:46:00] [INFO] [SUBSCRIPTION] hotel 2 | Expiry: 2026-10-17 | Days Remaining: 30
[2026-09-17 15:46:00] [INFO] ==================================================
[2026-09-17 15:46:00] [INFO] SUBSCRIPTION EXPIRY CRON COMPLETED
[2026-09-17 15:46:00] [INFO] ==================================================
[2026-09-17 15:47:00] [INFO] [OVERSTAY] Cron triggered
[2026-09-17 15:47:00] [INFO] ==================================================
[2026-09-17 15:47:00] [INFO] OVERSTAY CRON STARTED
[2026-09-17 15:47:00] [INFO] ==================================================
[2026-09-17 15:47:00] [INFO] [OVERSTAY] Current India Date/Time: 17/09/2026 15:47:00
[2026-09-17 15:47:00] [INFO] [OVERSTAY] Timezone: Asia/Kolkata
[2026-09-17 15:47:00] [INFO] [SUBSCRIPTION] Expiry cron triggered
[2026-09-17 15:47:00] [INFO] ==================================================
[2026-09-17 15:47:00] [INFO] SUBSCRIPTION EXPIRY CRON STARTED
[2026-09-17 15:47:00] [INFO] ==================================================
[2026-09-17 15:47:00] [INFO] [SUBSCRIPTION] Current India Date: 2026-09-17
[2026-09-17 15:47:00] [INFO] [OVERSTAY] Staying customers found: 0
[2026-09-17 15:47:00] [INFO] ==================================================
[2026-09-17 15:47:00] [INFO] OVERSTAY CRON COMPLETED
[2026-09-17 15:47:00] [INFO] ==================================================
[2026-09-17 15:47:00] [INFO] [SUBSCRIPTION] Subscriptions found: 2
[2026-09-17 15:47:00] [INFO] [SUBSCRIPTION] mani hotel | Expiry: 2026-10-16 | Days Remaining: 29
[2026-09-17 15:47:00] [INFO] [SUBSCRIPTION] hotel 2 | Expiry: 2026-10-17 | Days Remaining: 30
[2026-09-17 15:47:00] [INFO] ==================================================
[2026-09-17 15:47:00] [INFO] SUBSCRIPTION EXPIRY CRON COMPLETED
[2026-09-17 15:47:00] [INFO] ==================================================
[2026-09-17 15:47:34] [INFO] [OVERSTAY] Overstay cron initialized successfully
[2026-09-17 15:47:34] [INFO] [OVERSTAY] Cron schedule: Every minute
[2026-09-17 15:47:34] [INFO] [OVERSTAY] Cron timezone: Asia/Kolkata
[2026-09-17 15:47:34] [INFO] ==================================================
[2026-09-17 15:47:34] [INFO] OVERSTAY CRON STARTED
[2026-09-17 15:47:34] [INFO] ==================================================
[2026-09-17 15:47:34] [INFO] [OVERSTAY] Current India Date/Time: 17/09/2026 15:47:34
[2026-09-17 15:47:34] [INFO] [OVERSTAY] Timezone: Asia/Kolkata
[2026-09-17 15:47:34] [INFO] [SUBSCRIPTION] Subscription expiry cron initialized successfully
[2026-09-17 15:47:34] [INFO] [SUBSCRIPTION] Cron schedule: Every minute
[2026-09-17 15:47:34] [INFO] [SUBSCRIPTION] Cron timezone: Asia/Kolkata
[2026-09-17 15:47:34] [INFO] ==================================================
[2026-09-17 15:47:34] [INFO] SUBSCRIPTION EXPIRY CRON STARTED
[2026-09-17 15:47:34] [INFO] ==================================================
[2026-09-17 15:47:34] [INFO] [SUBSCRIPTION] Current India Date: 2026-09-17
[2026-09-17 15:47:35] [INFO] [Logger] Running log cleanup check. Retention limit: 30 days.
[2026-09-17 15:47:35] [INFO] [Logger] Cleanup completed. No expired log files found.
[2026-09-17 15:47:35] [INFO] [Logger] Automated log cleanup scheduler started (runs every 24 hours).
[2026-09-17 15:47:35] [INFO] [Server] Server started and listening on port 5000
[2026-09-17 15:47:35] [INFO] [Database] MongoDB Connected successfully: 76.13.244.61
[2026-09-17 15:47:35] [INFO] Admin user already exists
[2026-09-17 15:47:35] [INFO] [OVERSTAY] Staying customers found: 0
[2026-09-17 15:47:35] [INFO] ==================================================
[2026-09-17 15:47:35] [INFO] OVERSTAY CRON COMPLETED
[2026-09-17 15:47:35] [INFO] ==================================================
[2026-09-17 15:47:35] [INFO] [SUBSCRIPTION] Subscriptions found: 2
[2026-09-17 15:47:35] [INFO] [SUBSCRIPTION] mani hotel | Expiry: 2026-10-16 | Days Remaining: 29
[2026-09-17 15:47:35] [INFO] [SUBSCRIPTION] hotel 2 | Expiry: 2026-10-17 | Days Remaining: 30
[2026-09-17 15:47:35] [INFO] ==================================================
[2026-09-17 15:47:35] [INFO] SUBSCRIPTION EXPIRY CRON COMPLETED
[2026-09-17 15:47:35] [INFO] ==================================================
[2026-09-17 17:27:51] [INFO] [OVERSTAY] Overstay cron initialized successfully
[2026-09-17 17:27:51] [INFO] [OVERSTAY] Cron schedule: Every minute
[2026-09-17 17:27:51] [INFO] [OVERSTAY] Cron timezone: Asia/Kolkata
[2026-09-17 17:27:51] [INFO] ==================================================
[2026-09-17 17:27:51] [INFO] OVERSTAY CRON STARTED
[2026-09-17 17:27:51] [INFO] ==================================================
[2026-09-17 17:27:51] [INFO] [OVERSTAY] Current India Date/Time: 17/09/2026 17:27:51
[2026-09-17 17:27:51] [INFO] [OVERSTAY] Timezone: Asia/Kolkata
[2026-09-17 17:27:51] [INFO] [SUBSCRIPTION] Subscription expiry cron initialized successfully
[2026-09-17 17:27:51] [INFO] [SUBSCRIPTION] Cron schedule: Every minute
[2026-09-17 17:27:51] [INFO] [SUBSCRIPTION] Cron timezone: Asia/Kolkata
[2026-09-17 17:27:51] [INFO] ==================================================
[2026-09-17 17:27:51] [INFO] SUBSCRIPTION EXPIRY CRON STARTED
[2026-09-17 17:27:51] [INFO] ==================================================
[2026-09-17 17:27:51] [INFO] [SUBSCRIPTION] Current India Date: 2026-09-17
[2026-09-17 17:27:51] [INFO] [Logger] Running log cleanup check. Retention limit: 30 days.
[2026-09-17 17:27:51] [INFO] [Logger] Cleanup completed. No expired log files found.
[2026-09-17 17:27:51] [INFO] [Logger] Automated log cleanup scheduler started (runs every 24 hours).
[2026-09-17 17:27:51] [INFO] [Server] Server started and listening on port 5000
[2026-09-17 17:27:52] [INFO] [Database] MongoDB Connected successfully: 76.13.244.61
[2026-09-17 17:27:52] [INFO] Admin user already exists
[2026-09-17 17:27:52] [INFO] [SUBSCRIPTION] Subscriptions found: 2
[2026-09-17 17:27:52] [INFO] [OVERSTAY] Staying customers found: 0
[2026-09-17 17:27:52] [INFO] ==================================================
[2026-09-17 17:27:52] [INFO] OVERSTAY CRON COMPLETED
[2026-09-17 17:27:52] [INFO] ==================================================
[2026-09-17 17:27:52] [INFO] [SUBSCRIPTION] mani hotel | Expiry: 2026-10-16 | Days Remaining: 29
[2026-09-17 17:27:52] [INFO] [SUBSCRIPTION] hotel 2 | Expiry: 2026-10-17 | Days Remaining: 30
[2026-09-17 17:27:52] [INFO] ==================================================
[2026-09-17 17:27:52] [INFO] SUBSCRIPTION EXPIRY CRON COMPLETED
[2026-09-17 17:27:52] [INFO] ==================================================
[2026-09-17 17:28:00] [INFO] [OVERSTAY] Cron triggered
[2026-09-17 17:28:00] [INFO] ==================================================
[2026-09-17 17:28:00] [INFO] OVERSTAY CRON STARTED
[2026-09-17 17:28:00] [INFO] ==================================================
[2026-09-17 17:28:00] [INFO] [OVERSTAY] Current India Date/Time: 17/09/2026 17:28:00
[2026-09-17 17:28:00] [INFO] [OVERSTAY] Timezone: Asia/Kolkata
[2026-09-17 17:28:00] [INFO] [SUBSCRIPTION] Expiry cron triggered
[2026-09-17 17:28:00] [INFO] ==================================================
[2026-09-17 17:28:00] [INFO] SUBSCRIPTION EXPIRY CRON STARTED
[2026-09-17 17:28:00] [INFO] ==================================================
[2026-09-17 17:28:00] [INFO] [SUBSCRIPTION] Current India Date: 2026-09-17
[2026-09-17 17:28:00] [INFO] [OVERSTAY] Staying customers found: 0
[2026-09-17 17:28:00] [INFO] ==================================================
[2026-09-17 17:28:00] [INFO] OVERSTAY CRON COMPLETED
[2026-09-17 17:28:00] [INFO] ==================================================
[2026-09-17 17:28:00] [INFO] [SUBSCRIPTION] Subscriptions found: 2
[2026-09-17 17:28:00] [INFO] [SUBSCRIPTION] mani hotel | Expiry: 2026-10-16 | Days Remaining: 29
[2026-09-17 17:28:00] [INFO] [SUBSCRIPTION] hotel 2 | Expiry: 2026-10-17 | Days Remaining: 30
[2026-09-17 17:28:00] [INFO] ==================================================
[2026-09-17 17:28:00] [INFO] SUBSCRIPTION EXPIRY CRON COMPLETED
[2026-09-17 17:28:00] [INFO] ==================================================
[2026-09-17 17:29:00] [INFO] [OVERSTAY] Cron triggered
[2026-09-17 17:29:00] [INFO] ==================================================
[2026-09-17 17:29:00] [INFO] OVERSTAY CRON STARTED
[2026-09-17 17:29:00] [INFO] ==================================================
[2026-09-17 17:29:00] [INFO] [OVERSTAY] Current India Date/Time: 17/09/2026 17:29:00
[2026-09-17 17:29:00] [INFO] [OVERSTAY] Timezone: Asia/Kolkata
[2026-09-17 17:29:00] [INFO] [SUBSCRIPTION] Expiry cron triggered
[2026-09-17 17:29:00] [INFO] ==================================================
[2026-09-17 17:29:00] [INFO] SUBSCRIPTION EXPIRY CRON STARTED
[2026-09-17 17:29:00] [INFO] ==================================================
[2026-09-17 17:29:00] [INFO] [SUBSCRIPTION] Current India Date: 2026-09-17
[2026-09-17 17:29:00] [INFO] [OVERSTAY] Staying customers found: 0
[2026-09-17 17:29:00] [INFO] ==================================================
[2026-09-17 17:29:00] [INFO] OVERSTAY CRON COMPLETED
[2026-09-17 17:29:00] [INFO] ==================================================
[2026-09-17 17:29:00] [INFO] [SUBSCRIPTION] Subscriptions found: 2
[2026-09-17 17:29:00] [INFO] [SUBSCRIPTION] mani hotel | Expiry: 2026-10-16 | Days Remaining: 29
[2026-09-17 17:29:00] [INFO] [SUBSCRIPTION] hotel 2 | Expiry: 2026-10-17 | Days Remaining: 30
[2026-09-17 17:29:00] [INFO] ==================================================
[2026-09-17 17:29:00] [INFO] SUBSCRIPTION EXPIRY CRON COMPLETED
[2026-09-17 17:29:00] [INFO] ==================================================
[2026-09-17 17:30:00] [INFO] [SUBSCRIPTION] Expiry cron triggered
[2026-09-17 17:30:00] [INFO] ==================================================
[2026-09-17 17:30:00] [INFO] SUBSCRIPTION EXPIRY CRON STARTED
[2026-09-17 17:30:00] [INFO] ==================================================
[2026-09-17 17:30:00] [INFO] [SUBSCRIPTION] Current India Date: 2026-09-17
[2026-09-17 17:30:00] [INFO] [OVERSTAY] Cron triggered
[2026-09-17 17:30:00] [INFO] ==================================================
[2026-09-17 17:30:00] [INFO] OVERSTAY CRON STARTED
[2026-09-17 17:30:00] [INFO] ==================================================
[2026-09-17 17:30:00] [INFO] [OVERSTAY] Current India Date/Time: 17/09/2026 17:30:00
[2026-09-17 17:30:00] [INFO] [OVERSTAY] Timezone: Asia/Kolkata
[2026-09-17 17:30:00] [INFO] [OVERSTAY] Staying customers found: 0
[2026-09-17 17:30:00] [INFO] ==================================================
[2026-09-17 17:30:00] [INFO] OVERSTAY CRON COMPLETED
[2026-09-17 17:30:00] [INFO] ==================================================
[2026-09-17 17:30:00] [INFO] [SUBSCRIPTION] Subscriptions found: 2
[2026-09-17 17:30:00] [INFO] [SUBSCRIPTION] mani hotel | Expiry: 2026-10-16 | Days Remaining: 29
[2026-09-17 17:30:00] [INFO] [SUBSCRIPTION] hotel 2 | Expiry: 2026-10-17 | Days Remaining: 30
[2026-09-17 17:30:00] [INFO] ==================================================
[2026-09-17 17:30:00] [INFO] SUBSCRIPTION EXPIRY CRON COMPLETED
[2026-09-17 17:30:00] [INFO] ==================================================
[2026-09-17 17:31:00] [INFO] [SUBSCRIPTION] Expiry cron triggered
[2026-09-17 17:31:00] [INFO] ==================================================
[2026-09-17 17:31:00] [INFO] SUBSCRIPTION EXPIRY CRON STARTED
[2026-09-17 17:31:00] [INFO] ==================================================
[2026-09-17 17:31:00] [INFO] [SUBSCRIPTION] Current India Date: 2026-09-17
[2026-09-17 17:31:00] [INFO] [OVERSTAY] Cron triggered
[2026-09-17 17:31:00] [INFO] ==================================================
[2026-09-17 17:31:00] [INFO] OVERSTAY CRON STARTED
[2026-09-17 17:31:00] [INFO] ==================================================
[2026-09-17 17:31:00] [INFO] [OVERSTAY] Current India Date/Time: 17/09/2026 17:31:00
[2026-09-17 17:31:00] [INFO] [OVERSTAY] Timezone: Asia/Kolkata
[2026-09-17 17:31:00] [INFO] [OVERSTAY] Staying customers found: 0
[2026-09-17 17:31:00] [INFO] ==================================================
[2026-09-17 17:31:00] [INFO] OVERSTAY CRON COMPLETED
[2026-09-17 17:31:00] [INFO] ==================================================
[2026-09-17 17:31:00] [INFO] [SUBSCRIPTION] Subscriptions found: 2
[2026-09-17 17:31:00] [INFO] [SUBSCRIPTION] mani hotel | Expiry: 2026-10-16 | Days Remaining: 29
[2026-09-17 17:31:00] [INFO] [SUBSCRIPTION] hotel 2 | Expiry: 2026-10-17 | Days Remaining: 30
[2026-09-17 17:31:00] [INFO] ==================================================
[2026-09-17 17:31:00] [INFO] SUBSCRIPTION EXPIRY CRON COMPLETED
[2026-09-17 17:31:00] [INFO] ==================================================
[2026-09-17 17:32:00] [INFO] [SUBSCRIPTION] Expiry cron triggered
[2026-09-17 17:32:00] [INFO] ==================================================
[2026-09-17 17:32:00] [INFO] SUBSCRIPTION EXPIRY CRON STARTED
[2026-09-17 17:32:00] [INFO] ==================================================
[2026-09-17 17:32:00] [INFO] [SUBSCRIPTION] Current India Date: 2026-09-17
[2026-09-17 17:32:00] [INFO] [OVERSTAY] Cron triggered
[2026-09-17 17:32:00] [INFO] ==================================================
[2026-09-17 17:32:00] [INFO] OVERSTAY CRON STARTED
[2026-09-17 17:32:00] [INFO] ==================================================
[2026-09-17 17:32:00] [INFO] [OVERSTAY] Current India Date/Time: 17/09/2026 17:32:00
[2026-09-17 17:32:00] [INFO] [OVERSTAY] Timezone: Asia/Kolkata
[2026-09-17 17:32:00] [INFO] [OVERSTAY] Staying customers found: 0
[2026-09-17 17:32:00] [INFO] ==================================================
[2026-09-17 17:32:00] [INFO] OVERSTAY CRON COMPLETED
[2026-09-17 17:32:00] [INFO] ==================================================
[2026-09-17 17:32:00] [INFO] [SUBSCRIPTION] Subscriptions found: 2
[2026-09-17 17:32:00] [INFO] [SUBSCRIPTION] mani hotel | Expiry: 2026-10-16 | Days Remaining: 29
[2026-09-17 17:32:00] [INFO] [SUBSCRIPTION] hotel 2 | Expiry: 2026-10-17 | Days Remaining: 30
[2026-09-17 17:32:00] [INFO] ==================================================
[2026-09-17 17:32:00] [INFO] SUBSCRIPTION EXPIRY CRON COMPLETED
[2026-09-17 17:32:00] [INFO] ==================================================
[2026-09-17 17:33:00] [INFO] [SUBSCRIPTION] Expiry cron triggered
[2026-09-17 17:33:00] [INFO] ==================================================
[2026-09-17 17:33:00] [INFO] SUBSCRIPTION EXPIRY CRON STARTED
[2026-09-17 17:33:00] [INFO] ==================================================
[2026-09-17 17:33:00] [INFO] [SUBSCRIPTION] Current India Date: 2026-09-17
[2026-09-17 17:33:00] [INFO] [OVERSTAY] Cron triggered
[2026-09-17 17:33:00] [INFO] ==================================================
[2026-09-17 17:33:00] [INFO] OVERSTAY CRON STARTED
[2026-09-17 17:33:00] [INFO] ==================================================
[2026-09-17 17:33:00] [INFO] [OVERSTAY] Current India Date/Time: 17/09/2026 17:33:00
[2026-09-17 17:33:00] [INFO] [OVERSTAY] Timezone: Asia/Kolkata
[2026-09-17 17:33:00] [INFO] [OVERSTAY] Staying customers found: 0
[2026-09-17 17:33:00] [INFO] ==================================================
[2026-09-17 17:33:00] [INFO] OVERSTAY CRON COMPLETED
[2026-09-17 17:33:00] [INFO] ==================================================
[2026-09-17 17:33:00] [INFO] [SUBSCRIPTION] Subscriptions found: 2
[2026-09-17 17:33:00] [INFO] [SUBSCRIPTION] mani hotel | Expiry: 2026-10-16 | Days Remaining: 29
[2026-09-17 17:33:00] [INFO] [SUBSCRIPTION] hotel 2 | Expiry: 2026-10-17 | Days Remaining: 30
[2026-09-17 17:33:00] [INFO] ==================================================
[2026-09-17 17:33:00] [INFO] SUBSCRIPTION EXPIRY CRON COMPLETED
[2026-09-17 17:33:00] [INFO] ==================================================
[2026-09-17 17:34:00] [INFO] [SUBSCRIPTION] Expiry cron triggered
[2026-09-17 17:34:00] [INFO] ==================================================
[2026-09-17 17:34:00] [INFO] SUBSCRIPTION EXPIRY CRON STARTED
[2026-09-17 17:34:00] [INFO] ==================================================
[2026-09-17 17:34:00] [INFO] [SUBSCRIPTION] Current India Date: 2026-09-17
[2026-09-17 17:34:00] [INFO] [OVERSTAY] Cron triggered
[2026-09-17 17:34:00] [INFO] ==================================================
[2026-09-17 17:34:00] [INFO] OVERSTAY CRON STARTED
[2026-09-17 17:34:00] [INFO] ==================================================
[2026-09-17 17:34:00] [INFO] [OVERSTAY] Current India Date/Time: 17/09/2026 17:34:00
[2026-09-17 17:34:00] [INFO] [OVERSTAY] Timezone: Asia/Kolkata
[2026-09-17 17:34:00] [INFO] [OVERSTAY] Staying customers found: 0
[2026-09-17 17:34:00] [INFO] ==================================================
[2026-09-17 17:34:00] [INFO] OVERSTAY CRON COMPLETED
[2026-09-17 17:34:00] [INFO] ==================================================
[2026-09-17 17:34:00] [INFO] [SUBSCRIPTION] Subscriptions found: 2
[2026-09-17 17:34:00] [INFO] [SUBSCRIPTION] mani hotel | Expiry: 2026-10-16 | Days Remaining: 29
[2026-09-17 17:34:00] [INFO] [SUBSCRIPTION] hotel 2 | Expiry: 2026-10-17 | Days Remaining: 30
[2026-09-17 17:34:00] [INFO] ==================================================
[2026-09-17 17:34:00] [INFO] SUBSCRIPTION EXPIRY CRON COMPLETED
[2026-09-17 17:34:00] [INFO] ==================================================
[2026-09-17 17:35:00] [INFO] [SUBSCRIPTION] Expiry cron triggered
[2026-09-17 17:35:00] [INFO] ==================================================
[2026-09-17 17:35:00] [INFO] SUBSCRIPTION EXPIRY CRON STARTED
[2026-09-17 17:35:00] [INFO] ==================================================
[2026-09-17 17:35:00] [INFO] [SUBSCRIPTION] Current India Date: 2026-09-17
[2026-09-17 17:35:00] [INFO] [OVERSTAY] Cron triggered
[2026-09-17 17:35:00] [INFO] ==================================================
[2026-09-17 17:35:00] [INFO] OVERSTAY CRON STARTED
[2026-09-17 17:35:00] [INFO] ==================================================
[2026-09-17 17:35:00] [INFO] [OVERSTAY] Current India Date/Time: 17/09/2026 17:35:00
[2026-09-17 17:35:00] [INFO] [OVERSTAY] Timezone: Asia/Kolkata
[2026-09-17 17:35:00] [INFO] [OVERSTAY] Staying customers found: 0
[2026-09-17 17:35:00] [INFO] ==================================================
[2026-09-17 17:35:00] [INFO] OVERSTAY CRON COMPLETED
[2026-09-17 17:35:00] [INFO] ==================================================
[2026-09-17 17:35:00] [INFO] [SUBSCRIPTION] Subscriptions found: 2
[2026-09-17 17:35:00] [INFO] [SUBSCRIPTION] mani hotel | Expiry: 2026-10-16 | Days Remaining: 29
[2026-09-17 17:35:00] [INFO] [SUBSCRIPTION] hotel 2 | Expiry: 2026-10-17 | Days Remaining: 30
[2026-09-17 17:35:00] [INFO] ==================================================
[2026-09-17 17:35:00] [INFO] SUBSCRIPTION EXPIRY CRON COMPLETED
[2026-09-17 17:35:00] [INFO] ==================================================
[2026-09-17 17:36:00] [INFO] [SUBSCRIPTION] Expiry cron triggered
[2026-09-17 17:36:00] [INFO] ==================================================
[2026-09-17 17:36:00] [INFO] SUBSCRIPTION EXPIRY CRON STARTED
[2026-09-17 17:36:00] [INFO] ==================================================
[2026-09-17 17:36:00] [INFO] [SUBSCRIPTION] Current India Date: 2026-09-17
[2026-09-17 17:36:00] [INFO] [OVERSTAY] Cron triggered
[2026-09-17 17:36:00] [INFO] ==================================================
[2026-09-17 17:36:00] [INFO] OVERSTAY CRON STARTED
[2026-09-17 17:36:00] [INFO] ==================================================
[2026-09-17 17:36:00] [INFO] [OVERSTAY] Current India Date/Time: 17/09/2026 17:36:00
[2026-09-17 17:36:00] [INFO] [OVERSTAY] Timezone: Asia/Kolkata
[2026-09-17 17:36:00] [INFO] [OVERSTAY] Staying customers found: 0
[2026-09-17 17:36:00] [INFO] ==================================================
[2026-09-17 17:36:00] [INFO] OVERSTAY CRON COMPLETED
[2026-09-17 17:36:00] [INFO] ==================================================
[2026-09-17 17:36:00] [INFO] [SUBSCRIPTION] Subscriptions found: 2
[2026-09-17 17:36:00] [INFO] [SUBSCRIPTION] mani hotel | Expiry: 2026-10-16 | Days Remaining: 29
[2026-09-17 17:36:00] [INFO] [SUBSCRIPTION] hotel 2 | Expiry: 2026-10-17 | Days Remaining: 30
[2026-09-17 17:36:00] [INFO] ==================================================
[2026-09-17 17:36:00] [INFO] SUBSCRIPTION EXPIRY CRON COMPLETED
[2026-09-17 17:36:00] [INFO] ==================================================
[2026-09-17 17:37:00] [INFO] [OVERSTAY] Cron triggered
[2026-09-17 17:37:00] [INFO] ==================================================
[2026-09-17 17:37:00] [INFO] OVERSTAY CRON STARTED
[2026-09-17 17:37:00] [INFO] ==================================================
[2026-09-17 17:37:00] [INFO] [OVERSTAY] Current India Date/Time: 17/09/2026 17:37:00
[2026-09-17 17:37:00] [INFO] [OVERSTAY] Timezone: Asia/Kolkata
[2026-09-17 17:37:00] [INFO] [SUBSCRIPTION] Expiry cron triggered
[2026-09-17 17:37:00] [INFO] ==================================================
[2026-09-17 17:37:00] [INFO] SUBSCRIPTION EXPIRY CRON STARTED
[2026-09-17 17:37:00] [INFO] ==================================================
[2026-09-17 17:37:00] [INFO] [SUBSCRIPTION] Current India Date: 2026-09-17
[2026-09-17 17:37:00] [INFO] [OVERSTAY] Staying customers found: 0
[2026-09-17 17:37:00] [INFO] ==================================================
[2026-09-17 17:37:00] [INFO] OVERSTAY CRON COMPLETED
[2026-09-17 17:37:00] [INFO] ==================================================
[2026-09-17 17:37:00] [INFO] [SUBSCRIPTION] Subscriptions found: 2
[2026-09-17 17:37:00] [INFO] [SUBSCRIPTION] mani hotel | Expiry: 2026-10-16 | Days Remaining: 29
[2026-09-17 17:37:00] [INFO] [SUBSCRIPTION] hotel 2 | Expiry: 2026-10-17 | Days Remaining: 30
[2026-09-17 17:37:00] [INFO] ==================================================
[2026-09-17 17:37:00] [INFO] SUBSCRIPTION EXPIRY CRON COMPLETED
[2026-09-17 17:37:00] [INFO] ==================================================
[2026-09-17 17:38:00] [INFO] [OVERSTAY] Cron triggered
[2026-09-17 17:38:00] [INFO] ==================================================
[2026-09-17 17:38:00] [INFO] OVERSTAY CRON STARTED
[2026-09-17 17:38:00] [INFO] ==================================================
[2026-09-17 17:38:00] [INFO] [OVERSTAY] Current India Date/Time: 17/09/2026 17:38:00
[2026-09-17 17:38:00] [INFO] [OVERSTAY] Timezone: Asia/Kolkata
[2026-09-17 17:38:00] [INFO] [SUBSCRIPTION] Expiry cron triggered
[2026-09-17 17:38:00] [INFO] ==================================================
[2026-09-17 17:38:00] [INFO] SUBSCRIPTION EXPIRY CRON STARTED
[2026-09-17 17:38:00] [INFO] ==================================================
[2026-09-17 17:38:00] [INFO] [SUBSCRIPTION] Current India Date: 2026-09-17
[2026-09-17 17:38:00] [INFO] [OVERSTAY] Staying customers found: 0
[2026-09-17 17:38:00] [INFO] ==================================================
[2026-09-17 17:38:00] [INFO] OVERSTAY CRON COMPLETED
[2026-09-17 17:38:00] [INFO] ==================================================
[2026-09-17 17:38:00] [INFO] [SUBSCRIPTION] Subscriptions found: 2
[2026-09-17 17:38:00] [INFO] [SUBSCRIPTION] mani hotel | Expiry: 2026-10-16 | Days Remaining: 29
[2026-09-17 17:38:00] [INFO] [SUBSCRIPTION] hotel 2 | Expiry: 2026-10-17 | Days Remaining: 30
[2026-09-17 17:38:00] [INFO] ==================================================
[2026-09-17 17:38:00] [INFO] SUBSCRIPTION EXPIRY CRON COMPLETED
[2026-09-17 17:38:00] [INFO] ==================================================
[2026-09-17 17:39:00] [INFO] [OVERSTAY] Cron triggered
[2026-09-17 17:39:00] [INFO] ==================================================
[2026-09-17 17:39:00] [INFO] OVERSTAY CRON STARTED
[2026-09-17 17:39:00] [INFO] ==================================================
[2026-09-17 17:39:00] [INFO] [OVERSTAY] Current India Date/Time: 17/09/2026 17:39:00
[2026-09-17 17:39:00] [INFO] [OVERSTAY] Timezone: Asia/Kolkata
[2026-09-17 17:39:00] [INFO] [SUBSCRIPTION] Expiry cron triggered
[2026-09-17 17:39:00] [INFO] ==================================================
[2026-09-17 17:39:00] [INFO] SUBSCRIPTION EXPIRY CRON STARTED
[2026-09-17 17:39:00] [INFO] ==================================================
[2026-09-17 17:39:00] [INFO] [SUBSCRIPTION] Current India Date: 2026-09-17
[2026-09-17 17:39:00] [INFO] [OVERSTAY] Staying customers found: 0
[2026-09-17 17:39:00] [INFO] ==================================================
[2026-09-17 17:39:00] [INFO] OVERSTAY CRON COMPLETED
[2026-09-17 17:39:00] [INFO] ==================================================
[2026-09-17 17:39:00] [INFO] [SUBSCRIPTION] Subscriptions found: 2
[2026-09-17 17:39:00] [INFO] [SUBSCRIPTION] mani hotel | Expiry: 2026-10-16 | Days Remaining: 29
[2026-09-17 17:39:00] [INFO] [SUBSCRIPTION] hotel 2 | Expiry: 2026-10-17 | Days Remaining: 30
[2026-09-17 17:39:00] [INFO] ==================================================
[2026-09-17 17:39:00] [INFO] SUBSCRIPTION EXPIRY CRON COMPLETED
[2026-09-17 17:39:00] [INFO] ==================================================
[2026-09-17 17:40:00] [INFO] [OVERSTAY] Cron triggered
[2026-09-17 17:40:00] [INFO] ==================================================
[2026-09-17 17:40:00] [INFO] OVERSTAY CRON STARTED
[2026-09-17 17:40:00] [INFO] ==================================================
[2026-09-17 17:40:00] [INFO] [OVERSTAY] Current India Date/Time: 17/09/2026 17:40:00
[2026-09-17 17:40:00] [INFO] [OVERSTAY] Timezone: Asia/Kolkata
[2026-09-17 17:40:00] [INFO] [SUBSCRIPTION] Expiry cron triggered
[2026-09-17 17:40:00] [INFO] ==================================================
[2026-09-17 17:40:00] [INFO] SUBSCRIPTION EXPIRY CRON STARTED
[2026-09-17 17:40:00] [INFO] ==================================================
[2026-09-17 17:40:00] [INFO] [SUBSCRIPTION] Current India Date: 2026-09-17
[2026-09-17 17:40:00] [INFO] [OVERSTAY] Staying customers found: 0
[2026-09-17 17:40:00] [INFO] ==================================================
[2026-09-17 17:40:00] [INFO] OVERSTAY CRON COMPLETED
[2026-09-17 17:40:00] [INFO] ==================================================
[2026-09-17 17:40:00] [INFO] [SUBSCRIPTION] Subscriptions found: 2
[2026-09-17 17:40:00] [INFO] [SUBSCRIPTION] mani hotel | Expiry: 2026-10-16 | Days Remaining: 29
[2026-09-17 17:40:00] [INFO] [SUBSCRIPTION] hotel 2 | Expiry: 2026-10-17 | Days Remaining: 30
[2026-09-17 17:40:00] [INFO] ==================================================
[2026-09-17 17:40:00] [INFO] SUBSCRIPTION EXPIRY CRON COMPLETED
[2026-09-17 17:40:00] [INFO] ==================================================
[2026-09-17 17:41:00] [INFO] [OVERSTAY] Cron triggered
[2026-09-17 17:41:00] [INFO] ==================================================
[2026-09-17 17:41:00] [INFO] OVERSTAY CRON STARTED
[2026-09-17 17:41:00] [INFO] ==================================================
[2026-09-17 17:41:00] [INFO] [OVERSTAY] Current India Date/Time: 17/09/2026 17:41:00
[2026-09-17 17:41:00] [INFO] [OVERSTAY] Timezone: Asia/Kolkata
[2026-09-17 17:41:00] [INFO] [SUBSCRIPTION] Expiry cron triggered
[2026-09-17 17:41:00] [INFO] ==================================================
[2026-09-17 17:41:00] [INFO] SUBSCRIPTION EXPIRY CRON STARTED
[2026-09-17 17:41:00] [INFO] ==================================================
[2026-09-17 17:41:00] [INFO] [SUBSCRIPTION] Current India Date: 2026-09-17
[2026-09-17 17:41:00] [INFO] [OVERSTAY] Staying customers found: 0
[2026-09-17 17:41:00] [INFO] ==================================================
[2026-09-17 17:41:00] [INFO] OVERSTAY CRON COMPLETED
[2026-09-17 17:41:00] [INFO] ==================================================
[2026-09-17 17:41:00] [INFO] [SUBSCRIPTION] Subscriptions found: 2
[2026-09-17 17:41:00] [INFO] [SUBSCRIPTION] mani hotel | Expiry: 2026-10-16 | Days Remaining: 29
[2026-09-17 17:41:00] [INFO] [SUBSCRIPTION] hotel 2 | Expiry: 2026-10-17 | Days Remaining: 30
[2026-09-17 17:41:00] [INFO] ==================================================
[2026-09-17 17:41:00] [INFO] SUBSCRIPTION EXPIRY CRON COMPLETED
[2026-09-17 17:41:00] [INFO] ==================================================
[2026-09-17 17:42:00] [INFO] [OVERSTAY] Cron triggered
[2026-09-17 17:42:00] [INFO] ==================================================
[2026-09-17 17:42:00] [INFO] OVERSTAY CRON STARTED
[2026-09-17 17:42:00] [INFO] ==================================================
[2026-09-17 17:42:00] [INFO] [OVERSTAY] Current India Date/Time: 17/09/2026 17:42:00
[2026-09-17 17:42:00] [INFO] [OVERSTAY] Timezone: Asia/Kolkata
[2026-09-17 17:42:00] [INFO] [SUBSCRIPTION] Expiry cron triggered
[2026-09-17 17:42:00] [INFO] ==================================================
[2026-09-17 17:42:00] [INFO] SUBSCRIPTION EXPIRY CRON STARTED
[2026-09-17 17:42:00] [INFO] ==================================================
[2026-09-17 17:42:00] [INFO] [SUBSCRIPTION] Current India Date: 2026-09-17
[2026-09-17 17:42:00] [INFO] [OVERSTAY] Staying customers found: 0
[2026-09-17 17:42:00] [INFO] ==================================================
[2026-09-17 17:42:00] [INFO] OVERSTAY CRON COMPLETED
[2026-09-17 17:42:00] [INFO] ==================================================
[2026-09-17 17:42:00] [INFO] [SUBSCRIPTION] Subscriptions found: 2
[2026-09-17 17:42:00] [INFO] [SUBSCRIPTION] mani hotel | Expiry: 2026-10-16 | Days Remaining: 29
[2026-09-17 17:42:00] [INFO] [SUBSCRIPTION] hotel 2 | Expiry: 2026-10-17 | Days Remaining: 30
[2026-09-17 17:42:00] [INFO] ==================================================
[2026-09-17 17:42:00] [INFO] SUBSCRIPTION EXPIRY CRON COMPLETED
[2026-09-17 17:42:00] [INFO] ==================================================
[2026-09-17 17:43:00] [INFO] [OVERSTAY] Cron triggered
[2026-09-17 17:43:00] [INFO] ==================================================
[2026-09-17 17:43:00] [INFO] OVERSTAY CRON STARTED
[2026-09-17 17:43:00] [INFO] ==================================================
[2026-09-17 17:43:00] [INFO] [OVERSTAY] Current India Date/Time: 17/09/2026 17:43:00
[2026-09-17 17:43:00] [INFO] [OVERSTAY] Timezone: Asia/Kolkata
[2026-09-17 17:43:00] [INFO] [SUBSCRIPTION] Expiry cron triggered
[2026-09-17 17:43:00] [INFO] ==================================================
[2026-09-17 17:43:00] [INFO] SUBSCRIPTION EXPIRY CRON STARTED
[2026-09-17 17:43:00] [INFO] ==================================================
[2026-09-17 17:43:00] [INFO] [SUBSCRIPTION] Current India Date: 2026-09-17
[2026-09-17 17:43:00] [INFO] [OVERSTAY] Staying customers found: 0
[2026-09-17 17:43:00] [INFO] ==================================================
[2026-09-17 17:43:00] [INFO] OVERSTAY CRON COMPLETED
[2026-09-17 17:43:00] [INFO] ==================================================
[2026-09-17 17:43:00] [INFO] [SUBSCRIPTION] Subscriptions found: 2
[2026-09-17 17:43:00] [INFO] [SUBSCRIPTION] mani hotel | Expiry: 2026-10-16 | Days Remaining: 29
[2026-09-17 17:43:00] [INFO] [SUBSCRIPTION] hotel 2 | Expiry: 2026-10-17 | Days Remaining: 30
[2026-09-17 17:43:00] [INFO] ==================================================
[2026-09-17 17:43:00] [INFO] SUBSCRIPTION EXPIRY CRON COMPLETED
[2026-09-17 17:43:00] [INFO] ==================================================
[2026-09-17 17:43:42] [INFO] [OVERSTAY] Overstay cron initialized successfully
[2026-09-17 17:43:42] [INFO] [OVERSTAY] Cron schedule: Every minute
[2026-09-17 17:43:42] [INFO] [OVERSTAY] Cron timezone: Asia/Kolkata
[2026-09-17 17:43:42] [INFO] ==================================================
[2026-09-17 17:43:42] [INFO] OVERSTAY CRON STARTED
[2026-09-17 17:43:42] [INFO] ==================================================
[2026-09-17 17:43:42] [INFO] [OVERSTAY] Current India Date/Time: 17/09/2026 17:43:42
[2026-09-17 17:43:42] [INFO] [OVERSTAY] Timezone: Asia/Kolkata
[2026-09-17 17:43:42] [INFO] [SUBSCRIPTION] Subscription expiry cron initialized successfully
[2026-09-17 17:43:42] [INFO] [SUBSCRIPTION] Cron schedule: Every minute
[2026-09-17 17:43:42] [INFO] [SUBSCRIPTION] Cron timezone: Asia/Kolkata
[2026-09-17 17:43:42] [INFO] ==================================================
[2026-09-17 17:43:42] [INFO] SUBSCRIPTION EXPIRY CRON STARTED
[2026-09-17 17:43:42] [INFO] ==================================================
[2026-09-17 17:43:42] [INFO] [SUBSCRIPTION] Current India Date: 2026-09-17
[2026-09-17 17:43:42] [INFO] [Logger] Running log cleanup check. Retention limit: 30 days.
[2026-09-17 17:43:42] [INFO] [Logger] Cleanup completed. No expired log files found.
[2026-09-17 17:43:42] [INFO] [Logger] Automated log cleanup scheduler started (runs every 24 hours).
[2026-09-17 17:43:42] [INFO] [Server] Server started and listening on port 5000
[2026-09-17 17:43:42] [INFO] [Database] MongoDB Connected successfully: 76.13.244.61
[2026-09-17 17:43:42] [INFO] [OVERSTAY] Staying customers found: 0
[2026-09-17 17:43:42] [INFO] ==================================================
[2026-09-17 17:43:42] [INFO] OVERSTAY CRON COMPLETED
[2026-09-17 17:43:42] [INFO] ==================================================
[2026-09-17 17:43:43] [INFO] Admin user already exists
[2026-09-17 17:43:43] [INFO] [SUBSCRIPTION] Subscriptions found: 2
[2026-09-17 17:43:43] [INFO] [SUBSCRIPTION] mani hotel | Expiry: 2026-10-16 | Days Remaining: 29
[2026-09-17 17:43:43] [INFO] [SUBSCRIPTION] hotel 2 | Expiry: 2026-10-17 | Days Remaining: 30
[2026-09-17 17:43:43] [INFO] ==================================================
[2026-09-17 17:43:43] [INFO] SUBSCRIPTION EXPIRY CRON COMPLETED
[2026-09-17 17:43:43] [INFO] ==================================================
[2026-09-17 17:44:00] [INFO] [OVERSTAY] Cron triggered
[2026-09-17 17:44:00] [INFO] ==================================================
[2026-09-17 17:44:00] [INFO] [OVERSTAY] Cron triggered
[2026-09-17 17:44:00] [INFO] OVERSTAY CRON STARTED
[2026-09-17 17:44:00] [INFO] ==================================================
[2026-09-17 17:44:00] [INFO] ==================================================
[2026-09-17 17:44:00] [INFO] OVERSTAY CRON STARTED
[2026-09-17 17:44:00] [INFO] ==================================================
[2026-09-17 17:44:00] [INFO] [OVERSTAY] Current India Date/Time: 17/09/2026 17:44:00
[2026-09-17 17:44:00] [INFO] [OVERSTAY] Current India Date/Time: 17/09/2026 17:44:00
[2026-09-17 17:44:00] [INFO] [OVERSTAY] Timezone: Asia/Kolkata
[2026-09-17 17:44:00] [INFO] [OVERSTAY] Timezone: Asia/Kolkata
[2026-09-17 17:44:00] [INFO] [SUBSCRIPTION] Expiry cron triggered
[2026-09-17 17:44:00] [INFO] [SUBSCRIPTION] Expiry cron triggered
[2026-09-17 17:44:00] [INFO] ==================================================
[2026-09-17 17:44:00] [INFO] ==================================================
[2026-09-17 17:44:00] [INFO] SUBSCRIPTION EXPIRY CRON STARTED
[2026-09-17 17:44:00] [INFO] SUBSCRIPTION EXPIRY CRON STARTED
[2026-09-17 17:44:00] [INFO] ==================================================
[2026-09-17 17:44:00] [INFO] [SUBSCRIPTION] Current India Date: 2026-09-17
[2026-09-17 17:44:00] [INFO] ==================================================
[2026-09-17 17:44:00] [INFO] [SUBSCRIPTION] Current India Date: 2026-09-17
[2026-09-17 17:44:00] [INFO] [OVERSTAY] Staying customers found: 0
[2026-09-17 17:44:00] [INFO] ==================================================
[2026-09-17 17:44:00] [INFO] OVERSTAY CRON COMPLETED
[2026-09-17 17:44:00] [INFO] [OVERSTAY] Staying customers found: 0
[2026-09-17 17:44:00] [INFO] ==================================================
[2026-09-17 17:44:00] [INFO] ==================================================
[2026-09-17 17:44:00] [INFO] OVERSTAY CRON COMPLETED
[2026-09-17 17:44:00] [INFO] ==================================================
[2026-09-17 17:44:00] [INFO] [SUBSCRIPTION] Subscriptions found: 2
[2026-09-17 17:44:00] [INFO] [SUBSCRIPTION] mani hotel | Expiry: 2026-10-16 | Days Remaining: 29
[2026-09-17 17:44:00] [INFO] [SUBSCRIPTION] Subscriptions found: 2
[2026-09-17 17:44:00] [INFO] [SUBSCRIPTION] hotel 2 | Expiry: 2026-10-17 | Days Remaining: 30
[2026-09-17 17:44:00] [INFO] ==================================================
[2026-09-17 17:44:00] [INFO] SUBSCRIPTION EXPIRY CRON COMPLETED
[2026-09-17 17:44:00] [INFO] ==================================================
[2026-09-17 17:44:00] [INFO] [SUBSCRIPTION] mani hotel | Expiry: 2026-10-16 | Days Remaining: 29
[2026-09-17 17:44:00] [INFO] [SUBSCRIPTION] hotel 2 | Expiry: 2026-10-17 | Days Remaining: 30
[2026-09-17 17:44:00] [INFO] ==================================================
[2026-09-17 17:44:00] [INFO] SUBSCRIPTION EXPIRY CRON COMPLETED
[2026-09-17 17:44:00] [INFO] ==================================================
[2026-09-17 17:45:00] [INFO] [OVERSTAY] Cron triggered
[2026-09-17 17:45:00] [INFO] [OVERSTAY] Cron triggered
[2026-09-17 17:45:00] [INFO] ==================================================
[2026-09-17 17:45:00] [INFO] ==================================================
[2026-09-17 17:45:00] [INFO] OVERSTAY CRON STARTED
[2026-09-17 17:45:00] [INFO] ==================================================
[2026-09-17 17:45:00] [INFO] OVERSTAY CRON STARTED
[2026-09-17 17:45:00] [INFO] [OVERSTAY] Current India Date/Time: 17/09/2026 17:45:00
[2026-09-17 17:45:00] [INFO] [OVERSTAY] Timezone: Asia/Kolkata
[2026-09-17 17:45:00] [INFO] [SUBSCRIPTION] Expiry cron triggered
[2026-09-17 17:45:00] [INFO] ==================================================
[2026-09-17 17:45:00] [INFO] ==================================================
[2026-09-17 17:45:00] [INFO] SUBSCRIPTION EXPIRY CRON STARTED
[2026-09-17 17:45:00] [INFO] [OVERSTAY] Current India Date/Time: 17/09/2026 17:45:00
[2026-09-17 17:45:00] [INFO] ==================================================
[2026-09-17 17:45:00] [INFO] [OVERSTAY] Timezone: Asia/Kolkata
[2026-09-17 17:45:00] [INFO] [SUBSCRIPTION] Current India Date: 2026-09-17
[2026-09-17 17:45:00] [INFO] [SUBSCRIPTION] Expiry cron triggered
[2026-09-17 17:45:00] [INFO] ==================================================
[2026-09-17 17:45:00] [INFO] SUBSCRIPTION EXPIRY CRON STARTED
[2026-09-17 17:45:00] [INFO] ==================================================
[2026-09-17 17:45:00] [INFO] [SUBSCRIPTION] Current India Date: 2026-09-17
[2026-09-17 17:45:00] [INFO] [OVERSTAY] Staying customers found: 0
[2026-09-17 17:45:00] [INFO] ==================================================
[2026-09-17 17:45:00] [INFO] OVERSTAY CRON COMPLETED
[2026-09-17 17:45:00] [INFO] ==================================================
[2026-09-17 17:45:00] [INFO] [OVERSTAY] Staying customers found: 0
[2026-09-17 17:45:00] [INFO] ==================================================
[2026-09-17 17:45:00] [INFO] OVERSTAY CRON COMPLETED
[2026-09-17 17:45:00] [INFO] ==================================================
[2026-09-17 17:45:00] [INFO] [SUBSCRIPTION] Subscriptions found: 2
[2026-09-17 17:45:00] [INFO] [SUBSCRIPTION] Subscriptions found: 2
[2026-09-17 17:45:00] [INFO] [SUBSCRIPTION] mani hotel | Expiry: 2026-10-16 | Days Remaining: 29
[2026-09-17 17:45:00] [INFO] [SUBSCRIPTION] mani hotel | Expiry: 2026-10-16 | Days Remaining: 29
[2026-09-17 17:45:00] [INFO] [SUBSCRIPTION] hotel 2 | Expiry: 2026-10-17 | Days Remaining: 30
[2026-09-17 17:45:00] [INFO] ==================================================
[2026-09-17 17:45:00] [INFO] SUBSCRIPTION EXPIRY CRON COMPLETED
[2026-09-17 17:45:00] [INFO] ==================================================
[2026-09-17 17:45:00] [INFO] [SUBSCRIPTION] hotel 2 | Expiry: 2026-10-17 | Days Remaining: 30
[2026-09-17 17:45:00] [INFO] ==================================================
[2026-09-17 17:45:00] [INFO] SUBSCRIPTION EXPIRY CRON COMPLETED
[2026-09-17 17:45:00] [INFO] ==================================================
[2026-09-17 17:46:00] [INFO] [OVERSTAY] Cron triggered
[2026-09-17 17:46:00] [INFO] [OVERSTAY] Cron triggered
[2026-09-17 17:46:00] [INFO] ==================================================
[2026-09-17 17:46:00] [INFO] ==================================================
[2026-09-17 17:46:00] [INFO] OVERSTAY CRON STARTED
[2026-09-17 17:46:00] [INFO] OVERSTAY CRON STARTED
[2026-09-17 17:46:00] [INFO] ==================================================
[2026-09-17 17:46:00] [INFO] ==================================================
[2026-09-17 17:46:00] [INFO] [OVERSTAY] Current India Date/Time: 17/09/2026 17:46:00
[2026-09-17 17:46:00] [INFO] [OVERSTAY] Current India Date/Time: 17/09/2026 17:46:00
[2026-09-17 17:46:00] [INFO] [OVERSTAY] Timezone: Asia/Kolkata
[2026-09-17 17:46:00] [INFO] [OVERSTAY] Timezone: Asia/Kolkata
[2026-09-17 17:46:00] [INFO] [SUBSCRIPTION] Expiry cron triggered
[2026-09-17 17:46:00] [INFO] [SUBSCRIPTION] Expiry cron triggered
[2026-09-17 17:46:00] [INFO] ==================================================
[2026-09-17 17:46:00] [INFO] ==================================================
[2026-09-17 17:46:00] [INFO] SUBSCRIPTION EXPIRY CRON STARTED
[2026-09-17 17:46:00] [INFO] SUBSCRIPTION EXPIRY CRON STARTED
[2026-09-17 17:46:00] [INFO] ==================================================
[2026-09-17 17:46:00] [INFO] ==================================================
[2026-09-17 17:46:00] [INFO] [SUBSCRIPTION] Current India Date: 2026-09-17
[2026-09-17 17:46:00] [INFO] [SUBSCRIPTION] Current India Date: 2026-09-17
[2026-09-17 17:46:00] [INFO] [OVERSTAY] Staying customers found: 0
[2026-09-17 17:46:00] [INFO] ==================================================
[2026-09-17 17:46:00] [INFO] OVERSTAY CRON COMPLETED
[2026-09-17 17:46:00] [INFO] [OVERSTAY] Staying customers found: 0
[2026-09-17 17:46:00] [INFO] ==================================================
[2026-09-17 17:46:00] [INFO] ==================================================
[2026-09-17 17:46:00] [INFO] OVERSTAY CRON COMPLETED
[2026-09-17 17:46:00] [INFO] ==================================================
[2026-09-17 17:46:00] [INFO] [SUBSCRIPTION] Subscriptions found: 2
[2026-09-17 17:46:00] [INFO] [SUBSCRIPTION] mani hotel | Expiry: 2026-10-16 | Days Remaining: 29
[2026-09-17 17:46:00] [INFO] [SUBSCRIPTION] Subscriptions found: 2
[2026-09-17 17:46:00] [INFO] [SUBSCRIPTION] hotel 2 | Expiry: 2026-10-17 | Days Remaining: 30
[2026-09-17 17:46:00] [INFO] ==================================================
[2026-09-17 17:46:00] [INFO] SUBSCRIPTION EXPIRY CRON COMPLETED
[2026-09-17 17:46:00] [INFO] ==================================================
[2026-09-17 17:46:00] [INFO] [SUBSCRIPTION] mani hotel | Expiry: 2026-10-16 | Days Remaining: 29
[2026-09-17 17:46:00] [INFO] [SUBSCRIPTION] hotel 2 | Expiry: 2026-10-17 | Days Remaining: 30
[2026-09-17 17:46:00] [INFO] ==================================================
[2026-09-17 17:46:00] [INFO] SUBSCRIPTION EXPIRY CRON COMPLETED
[2026-09-17 17:46:00] [INFO] ==================================================
[2026-09-17 17:47:00] [INFO] [OVERSTAY] Cron triggered
[2026-09-17 17:47:00] [INFO] ==================================================
[2026-09-17 17:47:00] [INFO] [OVERSTAY] Cron triggered
[2026-09-17 17:47:00] [INFO] OVERSTAY CRON STARTED
[2026-09-17 17:47:00] [INFO] ==================================================
[2026-09-17 17:47:00] [INFO] OVERSTAY CRON STARTED
[2026-09-17 17:47:00] [INFO] ==================================================
[2026-09-17 17:47:00] [INFO] ==================================================
[2026-09-17 17:47:00] [INFO] [OVERSTAY] Current India Date/Time: 17/09/2026 17:47:00
[2026-09-17 17:47:00] [INFO] [OVERSTAY] Timezone: Asia/Kolkata
[2026-09-17 17:47:00] [INFO] [SUBSCRIPTION] Expiry cron triggered
[2026-09-17 17:47:00] [INFO] [OVERSTAY] Current India Date/Time: 17/09/2026 17:47:00
[2026-09-17 17:47:00] [INFO] ==================================================
[2026-09-17 17:47:00] [INFO] SUBSCRIPTION EXPIRY CRON STARTED
[2026-09-17 17:47:00] [INFO] ==================================================
[2026-09-17 17:47:00] [INFO] [OVERSTAY] Timezone: Asia/Kolkata
[2026-09-17 17:47:00] [INFO] [SUBSCRIPTION] Current India Date: 2026-09-17
[2026-09-17 17:47:00] [INFO] [SUBSCRIPTION] Expiry cron triggered
[2026-09-17 17:47:00] [INFO] ==================================================
[2026-09-17 17:47:00] [INFO] SUBSCRIPTION EXPIRY CRON STARTED
[2026-09-17 17:47:00] [INFO] [OVERSTAY] Staying customers found: 0
[2026-09-17 17:47:00] [INFO] ==================================================
[2026-09-17 17:47:00] [INFO] ==================================================
[2026-09-17 17:47:00] [INFO] [SUBSCRIPTION] Current India Date: 2026-09-17
[2026-09-17 17:47:00] [INFO] OVERSTAY CRON COMPLETED
[2026-09-17 17:47:00] [INFO] ==================================================
[2026-09-17 17:47:00] [INFO] [OVERSTAY] Staying customers found: 0
[2026-09-17 17:47:00] [INFO] ==================================================
[2026-09-17 17:47:00] [INFO] OVERSTAY CRON COMPLETED
[2026-09-17 17:47:00] [INFO] ==================================================
[2026-09-17 17:47:00] [INFO] [SUBSCRIPTION] Subscriptions found: 2
[2026-09-17 17:47:00] [INFO] [SUBSCRIPTION] Subscriptions found: 2
[2026-09-17 17:47:00] [INFO] [SUBSCRIPTION] mani hotel | Expiry: 2026-10-16 | Days Remaining: 29
[2026-09-17 17:47:00] [INFO] [SUBSCRIPTION] hotel 2 | Expiry: 2026-10-17 | Days Remaining: 30
[2026-09-17 17:47:00] [INFO] ==================================================
[2026-09-17 17:47:00] [INFO] [SUBSCRIPTION] mani hotel | Expiry: 2026-10-16 | Days Remaining: 29
[2026-09-17 17:47:00] [INFO] SUBSCRIPTION EXPIRY CRON COMPLETED
[2026-09-17 17:47:00] [INFO] ==================================================
[2026-09-17 17:47:00] [INFO] [SUBSCRIPTION] hotel 2 | Expiry: 2026-10-17 | Days Remaining: 30
[2026-09-17 17:47:00] [INFO] ==================================================
[2026-09-17 17:47:00] [INFO] SUBSCRIPTION EXPIRY CRON COMPLETED
[2026-09-17 17:47:00] [INFO] ==================================================
[2026-09-17 17:48:00] [INFO] [OVERSTAY] Cron triggered
[2026-09-17 17:48:00] [INFO] [SUBSCRIPTION] Expiry cron triggered
[2026-09-17 17:48:00] [INFO] ==================================================
[2026-09-17 17:48:00] [INFO] ==================================================
[2026-09-17 17:48:00] [INFO] SUBSCRIPTION EXPIRY CRON STARTED
[2026-09-17 17:48:00] [INFO] OVERSTAY CRON STARTED
[2026-09-17 17:48:00] [INFO] ==================================================
[2026-09-17 17:48:00] [INFO] ==================================================
[2026-09-17 17:48:00] [INFO] [SUBSCRIPTION] Current India Date: 2026-09-17
[2026-09-17 17:48:00] [INFO] [OVERSTAY] Current India Date/Time: 17/09/2026 17:48:00
[2026-09-17 17:48:00] [INFO] [OVERSTAY] Timezone: Asia/Kolkata
[2026-09-17 17:48:00] [INFO] [SUBSCRIPTION] Expiry cron triggered
[2026-09-17 17:48:00] [INFO] ==================================================
[2026-09-17 17:48:00] [INFO] [OVERSTAY] Cron triggered
[2026-09-17 17:48:00] [INFO] SUBSCRIPTION EXPIRY CRON STARTED
[2026-09-17 17:48:00] [INFO] ==================================================
[2026-09-17 17:48:00] [INFO] OVERSTAY CRON STARTED
[2026-09-17 17:48:00] [INFO] ==================================================
[2026-09-17 17:48:00] [INFO] ==================================================
[2026-09-17 17:48:00] [INFO] [SUBSCRIPTION] Current India Date: 2026-09-17
[2026-09-17 17:48:00] [INFO] [OVERSTAY] Current India Date/Time: 17/09/2026 17:48:00
[2026-09-17 17:48:00] [INFO] [OVERSTAY] Timezone: Asia/Kolkata
[2026-09-17 17:48:00] [INFO] [OVERSTAY] Staying customers found: 0
[2026-09-17 17:48:00] [INFO] ==================================================
[2026-09-17 17:48:00] [INFO] OVERSTAY CRON COMPLETED
[2026-09-17 17:48:00] [INFO] ==================================================
[2026-09-17 17:48:00] [INFO] [SUBSCRIPTION] Subscriptions found: 2
[2026-09-17 17:48:00] [INFO] [OVERSTAY] Staying customers found: 0
[2026-09-17 17:48:00] [INFO] ==================================================
[2026-09-17 17:48:00] [INFO] OVERSTAY CRON COMPLETED
[2026-09-17 17:48:00] [INFO] ==================================================
[2026-09-17 17:48:00] [INFO] [SUBSCRIPTION] Subscriptions found: 2
[2026-09-17 17:48:00] [INFO] [SUBSCRIPTION] mani hotel | Expiry: 2026-10-16 | Days Remaining: 29
[2026-09-17 17:48:00] [INFO] [SUBSCRIPTION] mani hotel | Expiry: 2026-10-16 | Days Remaining: 29
[2026-09-17 17:48:00] [INFO] [SUBSCRIPTION] hotel 2 | Expiry: 2026-10-17 | Days Remaining: 30
[2026-09-17 17:48:00] [INFO] ==================================================
[2026-09-17 17:48:00] [INFO] SUBSCRIPTION EXPIRY CRON COMPLETED
[2026-09-17 17:48:00] [INFO] ==================================================
[2026-09-17 17:48:00] [INFO] [SUBSCRIPTION] hotel 2 | Expiry: 2026-10-17 | Days Remaining: 30
[2026-09-17 17:48:00] [INFO] ==================================================
[2026-09-17 17:48:00] [INFO] SUBSCRIPTION EXPIRY CRON COMPLETED
[2026-09-17 17:48:00] [INFO] ==================================================
[2026-09-17 17:48:36] [INFO] [Permission Verify] Allowed. User: 6aaae3a8c8c8cbb9a8630ef0, Permission: dashboard
[2026-09-17 17:48:36] [INFO] [Permission Verify] Allowed. User: 6aaae3a8c8c8cbb9a8630ef0, Permission: dashboard
[2026-09-17 17:48:41] [INFO] INFO
[2026-09-17 17:48:41] [INFO] INFO
[2026-09-17 17:48:41] [INFO] [Permission Verify] Allowed. User: 6aaae3a8c8c8cbb9a8630ef0, Permission: serviceManagement
[2026-09-17 17:48:41] [INFO] INFO
[2026-09-17 17:48:41] [INFO] [Permission Verify] Allowed. User: 6aaae3a8c8c8cbb9a8630ef0, Permission: serviceManagement
[2026-09-17 17:48:41] [INFO] INFO
[2026-09-17 17:48:42] [INFO] [Permission Verify] Allowed. User: 6aaae3a8c8c8cbb9a8630ef0, Permission: dashboard
[2026-09-17 17:48:42] [INFO] [Permission Verify] Allowed. User: 6aaae3a8c8c8cbb9a8630ef0, Permission: dashboard
[2026-09-17 17:48:44] [INFO] INFO
[2026-09-17 17:48:44] [INFO] INFO
[2026-09-17 17:48:45] [INFO] [Permission Verify] Allowed. User: 6aaae3a8c8c8cbb9a8630ef0, Permission: dashboard
[2026-09-17 17:48:45] [INFO] [Permission Verify] Allowed. User: 6aaae3a8c8c8cbb9a8630ef0, Permission: dashboard
[2026-09-17 17:48:48] [INFO] INFO
[2026-09-17 17:48:48] [INFO] INFO
[2026-09-17 17:48:52] [INFO] [Permission Verify] Allowed. User: 6aaae3a8c8c8cbb9a8630ef0, Permission: invoice
[2026-09-17 17:48:52] [INFO] [Invoice] Get all invoices started. hotelId=6aaae0bcc8c8cbb9a8630ed4, branchId=6aaae1bdc8c8cbb9a8630ee3
[2026-09-17 17:48:52] [INFO] [Invoice] Get all invoices completed. hotelId=6aaae0bcc8c8cbb9a8630ed4, branchId=6aaae1bdc8c8cbb9a8630ee3, count=0
[2026-09-17 17:48:52] [INFO] [Permission Verify] Allowed. User: 6aaae3a8c8c8cbb9a8630ef0, Permission: invoice
[2026-09-17 17:48:52] [INFO] [Invoice] Get all invoices started. hotelId=6aaae0bcc8c8cbb9a8630ed4, branchId=6aaae1bdc8c8cbb9a8630ee3
[2026-09-17 17:48:52] [INFO] [Invoice] Get all invoices completed. hotelId=6aaae0bcc8c8cbb9a8630ed4, branchId=6aaae1bdc8c8cbb9a8630ee3, count=0
[2026-09-17 17:48:53] [INFO] [Permission Verify] Allowed. User: 6aaae3a8c8c8cbb9a8630ef0, Permission: reports
[2026-09-17 17:48:53] [INFO] [Permission Verify] Allowed. User: 6aaae3a8c8c8cbb9a8630ef0, Permission: reports
[2026-09-17 17:48:54] [INFO] [Permission Verify] Allowed. User: 6aaae3a8c8c8cbb9a8630ef0, Permission: dashboard
[2026-09-17 17:48:54] [INFO] [Permission Verify] Allowed. User: 6aaae3a8c8c8cbb9a8630ef0, Permission: dashboard
[2026-09-17 17:48:54] [INFO] INFO
[2026-09-17 17:48:54] [INFO] INFO
[2026-09-17 17:48:55] [INFO] INFO
[2026-09-17 17:48:55] [INFO] INFO
[2026-09-17 17:48:55] [INFO] [CUSTOMER] Fetched all customers | Hotel: 6aaae0bcc8c8cbb9a8630ed4 | Branch: 6aaae1bdc8c8cbb9a8630ee3 | Count: 0
[2026-09-17 17:48:55] [INFO] [CUSTOMER] Fetched all customers | Hotel: 6aaae0bcc8c8cbb9a8630ed4 | Branch: 6aaae1bdc8c8cbb9a8630ee3 | Count: 0
[2026-09-17 17:49:00] [INFO] [OVERSTAY] Cron triggered
[2026-09-17 17:49:00] [INFO] ==================================================
[2026-09-17 17:49:00] [INFO] OVERSTAY CRON STARTED
[2026-09-17 17:49:00] [INFO] ==================================================
[2026-09-17 17:49:00] [INFO] [OVERSTAY] Current India Date/Time: 17/09/2026 17:49:00
[2026-09-17 17:49:00] [INFO] [OVERSTAY] Timezone: Asia/Kolkata
[2026-09-17 17:49:00] [INFO] [SUBSCRIPTION] Expiry cron triggered
[2026-09-17 17:49:00] [INFO] ==================================================
[2026-09-17 17:49:00] [INFO] SUBSCRIPTION EXPIRY CRON STARTED
[2026-09-17 17:49:00] [INFO] ==================================================
[2026-09-17 17:49:00] [INFO] [SUBSCRIPTION] Current India Date: 2026-09-17
[2026-09-17 17:49:00] [INFO] [OVERSTAY] Staying customers found: 0
[2026-09-17 17:49:00] [INFO] ==================================================
[2026-09-17 17:49:00] [INFO] OVERSTAY CRON COMPLETED
[2026-09-17 17:49:00] [INFO] ==================================================
[2026-09-17 17:49:00] [INFO] [SUBSCRIPTION] Subscriptions found: 2
[2026-09-17 17:49:00] [INFO] [SUBSCRIPTION] mani hotel | Expiry: 2026-10-16 | Days Remaining: 29
[2026-09-17 17:49:00] [INFO] [SUBSCRIPTION] hotel 2 | Expiry: 2026-10-17 | Days Remaining: 30
[2026-09-17 17:49:00] [INFO] ==================================================
[2026-09-17 17:49:00] [INFO] SUBSCRIPTION EXPIRY CRON COMPLETED
[2026-09-17 17:49:00] [INFO] ==================================================
[2026-09-17 17:50:00] [INFO] [OVERSTAY] Cron triggered
[2026-09-17 17:50:00] [INFO] ==================================================
[2026-09-17 17:50:00] [INFO] OVERSTAY CRON STARTED
[2026-09-17 17:50:00] [INFO] ==================================================
[2026-09-17 17:50:00] [INFO] [OVERSTAY] Current India Date/Time: 17/09/2026 17:50:00
[2026-09-17 17:50:00] [INFO] [OVERSTAY] Timezone: Asia/Kolkata
[2026-09-17 17:50:00] [INFO] [SUBSCRIPTION] Expiry cron triggered
[2026-09-17 17:50:00] [INFO] ==================================================
[2026-09-17 17:50:00] [INFO] SUBSCRIPTION EXPIRY CRON STARTED
[2026-09-17 17:50:00] [INFO] ==================================================
[2026-09-17 17:50:00] [INFO] [SUBSCRIPTION] Current India Date: 2026-09-17
[2026-09-17 17:50:00] [INFO] [OVERSTAY] Staying customers found: 0
[2026-09-17 17:50:00] [INFO] ==================================================
[2026-09-17 17:50:00] [INFO] OVERSTAY CRON COMPLETED
[2026-09-17 17:50:00] [INFO] ==================================================
[2026-09-17 17:50:00] [INFO] [SUBSCRIPTION] Subscriptions found: 2
[2026-09-17 17:50:00] [INFO] [SUBSCRIPTION] mani hotel | Expiry: 2026-10-16 | Days Remaining: 29
[2026-09-17 17:50:00] [INFO] [SUBSCRIPTION] hotel 2 | Expiry: 2026-10-17 | Days Remaining: 30
[2026-09-17 17:50:00] [INFO] ==================================================
[2026-09-17 17:50:00] [INFO] SUBSCRIPTION EXPIRY CRON COMPLETED
[2026-09-17 17:50:00] [INFO] ==================================================
[2026-09-17 17:50:04] [INFO] INFO
[2026-09-17 17:50:04] [INFO] [Permission Verify] Forbidden. User: 6aaae3a8c8c8cbb9a8630ef0, Role: receptionist, Permission: customer
[2026-09-17 17:51:00] [INFO] [OVERSTAY] Cron triggered
[2026-09-17 17:51:00] [INFO] ==================================================
[2026-09-17 17:51:00] [INFO] OVERSTAY CRON STARTED
[2026-09-17 17:51:00] [INFO] ==================================================
[2026-09-17 17:51:00] [INFO] [OVERSTAY] Current India Date/Time: 17/09/2026 17:51:00
[2026-09-17 17:51:00] [INFO] [OVERSTAY] Timezone: Asia/Kolkata
[2026-09-17 17:51:00] [INFO] [SUBSCRIPTION] Expiry cron triggered
[2026-09-17 17:51:00] [INFO] ==================================================
[2026-09-17 17:51:00] [INFO] SUBSCRIPTION EXPIRY CRON STARTED
[2026-09-17 17:51:00] [INFO] ==================================================
[2026-09-17 17:51:00] [INFO] [SUBSCRIPTION] Current India Date: 2026-09-17
[2026-09-17 17:51:00] [INFO] [OVERSTAY] Staying customers found: 0
[2026-09-17 17:51:00] [INFO] ==================================================
[2026-09-17 17:51:00] [INFO] OVERSTAY CRON COMPLETED
[2026-09-17 17:51:00] [INFO] ==================================================
[2026-09-17 17:51:00] [INFO] [SUBSCRIPTION] Subscriptions found: 2
[2026-09-17 17:51:00] [INFO] [SUBSCRIPTION] mani hotel | Expiry: 2026-10-16 | Days Remaining: 29
[2026-09-17 17:51:00] [INFO] [SUBSCRIPTION] hotel 2 | Expiry: 2026-10-17 | Days Remaining: 30
[2026-09-17 17:51:00] [INFO] ==================================================
[2026-09-17 17:51:00] [INFO] SUBSCRIPTION EXPIRY CRON COMPLETED
[2026-09-17 17:51:00] [INFO] ==================================================
[2026-09-17 17:52:00] [INFO] [OVERSTAY] Cron triggered
[2026-09-17 17:52:00] [INFO] ==================================================
[2026-09-17 17:52:00] [INFO] OVERSTAY CRON STARTED
[2026-09-17 17:52:00] [INFO] ==================================================
[2026-09-17 17:52:00] [INFO] [OVERSTAY] Current India Date/Time: 17/09/2026 17:52:00
[2026-09-17 17:52:00] [INFO] [OVERSTAY] Timezone: Asia/Kolkata
[2026-09-17 17:52:00] [INFO] [SUBSCRIPTION] Expiry cron triggered
[2026-09-17 17:52:00] [INFO] ==================================================
[2026-09-17 17:52:00] [INFO] SUBSCRIPTION EXPIRY CRON STARTED
[2026-09-17 17:52:00] [INFO] ==================================================
[2026-09-17 17:52:00] [INFO] [SUBSCRIPTION] Current India Date: 2026-09-17
[2026-09-17 17:52:00] [INFO] [OVERSTAY] Staying customers found: 0
[2026-09-17 17:52:00] [INFO] ==================================================
[2026-09-17 17:52:00] [INFO] OVERSTAY CRON COMPLETED
[2026-09-17 17:52:00] [INFO] ==================================================
[2026-09-17 17:52:00] [INFO] [SUBSCRIPTION] Subscriptions found: 2
[2026-09-17 17:52:00] [INFO] [SUBSCRIPTION] mani hotel | Expiry: 2026-10-16 | Days Remaining: 29
[2026-09-17 17:52:00] [INFO] [SUBSCRIPTION] hotel 2 | Expiry: 2026-10-17 | Days Remaining: 30
[2026-09-17 17:52:00] [INFO] ==================================================
[2026-09-17 17:52:00] [INFO] SUBSCRIPTION EXPIRY CRON COMPLETED
[2026-09-17 17:52:00] [INFO] ==================================================
[2026-09-17 17:53:00] [INFO] [SUBSCRIPTION] Expiry cron triggered
[2026-09-17 17:53:00] [INFO] ==================================================
[2026-09-17 17:53:00] [INFO] SUBSCRIPTION EXPIRY CRON STARTED
[2026-09-17 17:53:00] [INFO] ==================================================
[2026-09-17 17:53:00] [INFO] [SUBSCRIPTION] Current India Date: 2026-09-17
[2026-09-17 17:53:00] [INFO] [OVERSTAY] Cron triggered
[2026-09-17 17:53:00] [INFO] ==================================================
[2026-09-17 17:53:00] [INFO] OVERSTAY CRON STARTED
[2026-09-17 17:53:00] [INFO] ==================================================
[2026-09-17 17:53:00] [INFO] [OVERSTAY] Current India Date/Time: 17/09/2026 17:53:00
[2026-09-17 17:53:00] [INFO] [OVERSTAY] Timezone: Asia/Kolkata
[2026-09-17 17:53:00] [INFO] [OVERSTAY] Staying customers found: 0
[2026-09-17 17:53:00] [INFO] ==================================================
[2026-09-17 17:53:00] [INFO] OVERSTAY CRON COMPLETED
[2026-09-17 17:53:00] [INFO] ==================================================
[2026-09-17 17:53:00] [INFO] [SUBSCRIPTION] Subscriptions found: 2
[2026-09-17 17:53:00] [INFO] [SUBSCRIPTION] mani hotel | Expiry: 2026-10-16 | Days Remaining: 29
[2026-09-17 17:53:00] [INFO] [SUBSCRIPTION] hotel 2 | Expiry: 2026-10-17 | Days Remaining: 30
[2026-09-17 17:53:00] [INFO] ==================================================
[2026-09-17 17:53:00] [INFO] SUBSCRIPTION EXPIRY CRON COMPLETED
[2026-09-17 17:53:00] [INFO] ==================================================
[2026-09-17 17:54:00] [INFO] [OVERSTAY] Cron triggered
[2026-09-17 17:54:00] [INFO] ==================================================
[2026-09-17 17:54:00] [INFO] OVERSTAY CRON STARTED
[2026-09-17 17:54:00] [INFO] ==================================================
[2026-09-17 17:54:00] [INFO] [OVERSTAY] Current India Date/Time: 17/09/2026 17:54:00
[2026-09-17 17:54:00] [INFO] [OVERSTAY] Timezone: Asia/Kolkata
[2026-09-17 17:54:00] [INFO] [SUBSCRIPTION] Expiry cron triggered
[2026-09-17 17:54:00] [INFO] ==================================================
[2026-09-17 17:54:00] [INFO] SUBSCRIPTION EXPIRY CRON STARTED
[2026-09-17 17:54:00] [INFO] ==================================================
[2026-09-17 17:54:00] [INFO] [SUBSCRIPTION] Current India Date: 2026-09-17
[2026-09-17 17:54:00] [INFO] [OVERSTAY] Staying customers found: 0
[2026-09-17 17:54:00] [INFO] ==================================================
[2026-09-17 17:54:00] [INFO] OVERSTAY CRON COMPLETED
[2026-09-17 17:54:00] [INFO] ==================================================
[2026-09-17 17:54:00] [INFO] [SUBSCRIPTION] Subscriptions found: 2
[2026-09-17 17:54:00] [INFO] [SUBSCRIPTION] mani hotel | Expiry: 2026-10-16 | Days Remaining: 29
[2026-09-17 17:54:00] [INFO] [SUBSCRIPTION] hotel 2 | Expiry: 2026-10-17 | Days Remaining: 30
[2026-09-17 17:54:00] [INFO] ==================================================
[2026-09-17 17:54:00] [INFO] SUBSCRIPTION EXPIRY CRON COMPLETED
[2026-09-17 17:54:00] [INFO] ==================================================
[2026-09-17 17:54:10] [INFO] INFO
[2026-09-17 17:54:10] [INFO] [Permission Verify] Forbidden. User: 6aaae3a8c8c8cbb9a8630ef0, Role: receptionist, Permission: customer
[2026-09-17 17:55:00] [INFO] [SUBSCRIPTION] Expiry cron triggered
[2026-09-17 17:55:00] [INFO] ==================================================
[2026-09-17 17:55:00] [INFO] SUBSCRIPTION EXPIRY CRON STARTED
[2026-09-17 17:55:00] [INFO] ==================================================
[2026-09-17 17:55:00] [INFO] [SUBSCRIPTION] Current India Date: 2026-09-17
[2026-09-17 17:55:00] [INFO] [OVERSTAY] Cron triggered
[2026-09-17 17:55:00] [INFO] ==================================================
[2026-09-17 17:55:00] [INFO] OVERSTAY CRON STARTED
[2026-09-17 17:55:00] [INFO] ==================================================
[2026-09-17 17:55:00] [INFO] [OVERSTAY] Current India Date/Time: 17/09/2026 17:55:00
[2026-09-17 17:55:00] [INFO] [OVERSTAY] Timezone: Asia/Kolkata
[2026-09-17 17:55:00] [INFO] [OVERSTAY] Staying customers found: 0
[2026-09-17 17:55:00] [INFO] ==================================================
[2026-09-17 17:55:00] [INFO] OVERSTAY CRON COMPLETED
[2026-09-17 17:55:00] [INFO] ==================================================
[2026-09-17 17:55:00] [INFO] [SUBSCRIPTION] Subscriptions found: 2
[2026-09-17 17:55:00] [INFO] [SUBSCRIPTION] mani hotel | Expiry: 2026-10-16 | Days Remaining: 29
[2026-09-17 17:55:00] [INFO] [SUBSCRIPTION] hotel 2 | Expiry: 2026-10-17 | Days Remaining: 30
[2026-09-17 17:55:00] [INFO] ==================================================
[2026-09-17 17:55:00] [INFO] SUBSCRIPTION EXPIRY CRON COMPLETED
[2026-09-17 17:55:00] [INFO] ==================================================
[2026-09-17 17:56:00] [INFO] [SUBSCRIPTION] Expiry cron triggered
[2026-09-17 17:56:00] [INFO] ==================================================
[2026-09-17 17:56:00] [INFO] SUBSCRIPTION EXPIRY CRON STARTED
[2026-09-17 17:56:00] [INFO] ==================================================
[2026-09-17 17:56:00] [INFO] [SUBSCRIPTION] Current India Date: 2026-09-17
[2026-09-17 17:56:00] [INFO] [OVERSTAY] Cron triggered
[2026-09-17 17:56:00] [INFO] ==================================================
[2026-09-17 17:56:00] [INFO] OVERSTAY CRON STARTED
[2026-09-17 17:56:00] [INFO] ==================================================
[2026-09-17 17:56:00] [INFO] [OVERSTAY] Current India Date/Time: 17/09/2026 17:56:00
[2026-09-17 17:56:00] [INFO] [OVERSTAY] Timezone: Asia/Kolkata
[2026-09-17 17:56:00] [INFO] [OVERSTAY] Staying customers found: 0
[2026-09-17 17:56:00] [INFO] ==================================================
[2026-09-17 17:56:00] [INFO] OVERSTAY CRON COMPLETED
[2026-09-17 17:56:00] [INFO] ==================================================
[2026-09-17 17:56:00] [INFO] [SUBSCRIPTION] Subscriptions found: 2
[2026-09-17 17:56:00] [INFO] [SUBSCRIPTION] mani hotel | Expiry: 2026-10-16 | Days Remaining: 29
[2026-09-17 17:56:00] [INFO] [SUBSCRIPTION] hotel 2 | Expiry: 2026-10-17 | Days Remaining: 30
[2026-09-17 17:56:00] [INFO] ==================================================
[2026-09-17 17:56:00] [INFO] SUBSCRIPTION EXPIRY CRON COMPLETED
[2026-09-17 17:56:00] [INFO] ==================================================
[2026-09-17 17:57:00] [INFO] [SUBSCRIPTION] Expiry cron triggered
[2026-09-17 17:57:00] [INFO] ==================================================
[2026-09-17 17:57:00] [INFO] SUBSCRIPTION EXPIRY CRON STARTED
[2026-09-17 17:57:00] [INFO] ==================================================
[2026-09-17 17:57:00] [INFO] [SUBSCRIPTION] Current India Date: 2026-09-17
[2026-09-17 17:57:00] [INFO] [OVERSTAY] Cron triggered
[2026-09-17 17:57:00] [INFO] ==================================================
[2026-09-17 17:57:00] [INFO] OVERSTAY CRON STARTED
[2026-09-17 17:57:00] [INFO] ==================================================
[2026-09-17 17:57:00] [INFO] [OVERSTAY] Current India Date/Time: 17/09/2026 17:57:00
[2026-09-17 17:57:00] [INFO] [OVERSTAY] Timezone: Asia/Kolkata
[2026-09-17 17:57:00] [INFO] [OVERSTAY] Staying customers found: 0
[2026-09-17 17:57:00] [INFO] ==================================================
[2026-09-17 17:57:00] [INFO] OVERSTAY CRON COMPLETED
[2026-09-17 17:57:00] [INFO] ==================================================
[2026-09-17 17:57:00] [INFO] [SUBSCRIPTION] Subscriptions found: 2
[2026-09-17 17:57:00] [INFO] [SUBSCRIPTION] mani hotel | Expiry: 2026-10-16 | Days Remaining: 29
[2026-09-17 17:57:00] [INFO] [SUBSCRIPTION] hotel 2 | Expiry: 2026-10-17 | Days Remaining: 30
[2026-09-17 17:57:00] [INFO] ==================================================
[2026-09-17 17:57:00] [INFO] SUBSCRIPTION EXPIRY CRON COMPLETED
[2026-09-17 17:57:00] [INFO] ==================================================
[2026-09-17 17:58:00] [INFO] [SUBSCRIPTION] Expiry cron triggered
[2026-09-17 17:58:00] [INFO] ==================================================
[2026-09-17 17:58:00] [INFO] SUBSCRIPTION EXPIRY CRON STARTED
[2026-09-17 17:58:00] [INFO] ==================================================
[2026-09-17 17:58:00] [INFO] [SUBSCRIPTION] Current India Date: 2026-09-17
[2026-09-17 17:58:00] [INFO] [OVERSTAY] Cron triggered
[2026-09-17 17:58:00] [INFO] ==================================================
[2026-09-17 17:58:00] [INFO] OVERSTAY CRON STARTED
[2026-09-17 17:58:00] [INFO] ==================================================
[2026-09-17 17:58:00] [INFO] [OVERSTAY] Current India Date/Time: 17/09/2026 17:58:00
[2026-09-17 17:58:00] [INFO] [OVERSTAY] Timezone: Asia/Kolkata
[2026-09-17 17:58:00] [INFO] [OVERSTAY] Staying customers found: 0
[2026-09-17 17:58:00] [INFO] ==================================================
[2026-09-17 17:58:00] [INFO] OVERSTAY CRON COMPLETED
[2026-09-17 17:58:00] [INFO] ==================================================
[2026-09-17 17:58:00] [INFO] [SUBSCRIPTION] Subscriptions found: 2
[2026-09-17 17:58:00] [INFO] [SUBSCRIPTION] mani hotel | Expiry: 2026-10-16 | Days Remaining: 29
[2026-09-17 17:58:00] [INFO] [SUBSCRIPTION] hotel 2 | Expiry: 2026-10-17 | Days Remaining: 30
[2026-09-17 17:58:00] [INFO] ==================================================
[2026-09-17 17:58:00] [INFO] SUBSCRIPTION EXPIRY CRON COMPLETED
[2026-09-17 17:58:00] [INFO] ==================================================
[2026-09-17 17:59:00] [INFO] [OVERSTAY] Cron triggered
[2026-09-17 17:59:00] [INFO] ==================================================
[2026-09-17 17:59:00] [INFO] OVERSTAY CRON STARTED
[2026-09-17 17:59:00] [INFO] ==================================================
[2026-09-17 17:59:00] [INFO] [OVERSTAY] Current India Date/Time: 17/09/2026 17:59:00
[2026-09-17 17:59:00] [INFO] [OVERSTAY] Timezone: Asia/Kolkata
[2026-09-17 17:59:00] [INFO] [SUBSCRIPTION] Expiry cron triggered
[2026-09-17 17:59:00] [INFO] ==================================================
[2026-09-17 17:59:00] [INFO] SUBSCRIPTION EXPIRY CRON STARTED
[2026-09-17 17:59:00] [INFO] ==================================================
[2026-09-17 17:59:00] [INFO] [SUBSCRIPTION] Current India Date: 2026-09-17
[2026-09-17 17:59:00] [INFO] [OVERSTAY] Staying customers found: 0
[2026-09-17 17:59:00] [INFO] ==================================================
[2026-09-17 17:59:00] [INFO] OVERSTAY CRON COMPLETED
[2026-09-17 17:59:00] [INFO] ==================================================
[2026-09-17 17:59:00] [INFO] [SUBSCRIPTION] Subscriptions found: 2
[2026-09-17 17:59:00] [INFO] [SUBSCRIPTION] mani hotel | Expiry: 2026-10-16 | Days Remaining: 29
[2026-09-17 17:59:00] [INFO] [SUBSCRIPTION] hotel 2 | Expiry: 2026-10-17 | Days Remaining: 30
[2026-09-17 17:59:00] [INFO] ==================================================
[2026-09-17 17:59:00] [INFO] SUBSCRIPTION EXPIRY CRON COMPLETED
[2026-09-17 17:59:00] [INFO] ==================================================
[2026-09-17 18:00:00] [INFO] [OVERSTAY] Cron triggered
[2026-09-17 18:00:00] [INFO] ==================================================
[2026-09-17 18:00:00] [INFO] OVERSTAY CRON STARTED
[2026-09-17 18:00:00] [INFO] ==================================================
[2026-09-17 18:00:00] [INFO] [OVERSTAY] Current India Date/Time: 17/09/2026 18:00:00
[2026-09-17 18:00:00] [INFO] [OVERSTAY] Timezone: Asia/Kolkata
[2026-09-17 18:00:00] [INFO] [SUBSCRIPTION] Expiry cron triggered
[2026-09-17 18:00:00] [INFO] ==================================================
[2026-09-17 18:00:00] [INFO] SUBSCRIPTION EXPIRY CRON STARTED
[2026-09-17 18:00:00] [INFO] ==================================================
[2026-09-17 18:00:00] [INFO] [SUBSCRIPTION] Current India Date: 2026-09-17
[2026-09-17 18:00:00] [INFO] [OVERSTAY] Staying customers found: 0
[2026-09-17 18:00:00] [INFO] ==================================================
[2026-09-17 18:00:00] [INFO] OVERSTAY CRON COMPLETED
[2026-09-17 18:00:00] [INFO] ==================================================
[2026-09-17 18:00:00] [INFO] [SUBSCRIPTION] Subscriptions found: 2
[2026-09-17 18:00:00] [INFO] [SUBSCRIPTION] mani hotel | Expiry: 2026-10-16 | Days Remaining: 29
[2026-09-17 18:00:00] [INFO] [SUBSCRIPTION] hotel 2 | Expiry: 2026-10-17 | Days Remaining: 30
[2026-09-17 18:00:00] [INFO] ==================================================
[2026-09-17 18:00:00] [INFO] SUBSCRIPTION EXPIRY CRON COMPLETED
[2026-09-17 18:00:00] [INFO] ==================================================
[2026-09-17 18:01:00] [INFO] [OVERSTAY] Cron triggered
[2026-09-17 18:01:00] [INFO] ==================================================
[2026-09-17 18:01:00] [INFO] OVERSTAY CRON STARTED
[2026-09-17 18:01:00] [INFO] ==================================================
[2026-09-17 18:01:00] [INFO] [OVERSTAY] Current India Date/Time: 17/09/2026 18:01:00
[2026-09-17 18:01:00] [INFO] [OVERSTAY] Timezone: Asia/Kolkata
[2026-09-17 18:01:00] [INFO] [SUBSCRIPTION] Expiry cron triggered
[2026-09-17 18:01:00] [INFO] ==================================================
[2026-09-17 18:01:00] [INFO] SUBSCRIPTION EXPIRY CRON STARTED
[2026-09-17 18:01:00] [INFO] ==================================================
[2026-09-17 18:01:00] [INFO] [SUBSCRIPTION] Current India Date: 2026-09-17
[2026-09-17 18:01:00] [INFO] [OVERSTAY] Staying customers found: 0
[2026-09-17 18:01:00] [INFO] ==================================================
[2026-09-17 18:01:00] [INFO] OVERSTAY CRON COMPLETED
[2026-09-17 18:01:00] [INFO] ==================================================
[2026-09-17 18:01:00] [INFO] [SUBSCRIPTION] Subscriptions found: 2
[2026-09-17 18:01:00] [INFO] [SUBSCRIPTION] mani hotel | Expiry: 2026-10-16 | Days Remaining: 29
[2026-09-17 18:01:00] [INFO] [SUBSCRIPTION] hotel 2 | Expiry: 2026-10-17 | Days Remaining: 30
[2026-09-17 18:01:00] [INFO] ==================================================
[2026-09-17 18:01:00] [INFO] SUBSCRIPTION EXPIRY CRON COMPLETED
[2026-09-17 18:01:00] [INFO] ==================================================
[2026-09-17 18:02:00] [INFO] [OVERSTAY] Cron triggered
[2026-09-17 18:02:00] [INFO] ==================================================
[2026-09-17 18:02:00] [INFO] OVERSTAY CRON STARTED
[2026-09-17 18:02:00] [INFO] ==================================================
[2026-09-17 18:02:00] [INFO] [OVERSTAY] Current India Date/Time: 17/09/2026 18:02:00
[2026-09-17 18:02:00] [INFO] [OVERSTAY] Timezone: Asia/Kolkata
[2026-09-17 18:02:00] [INFO] [SUBSCRIPTION] Expiry cron triggered
[2026-09-17 18:02:00] [INFO] ==================================================
[2026-09-17 18:02:00] [INFO] SUBSCRIPTION EXPIRY CRON STARTED
[2026-09-17 18:02:00] [INFO] ==================================================
[2026-09-17 18:02:00] [INFO] [SUBSCRIPTION] Current India Date: 2026-09-17
[2026-09-17 18:02:00] [INFO] [OVERSTAY] Staying customers found: 0
[2026-09-17 18:02:00] [INFO] ==================================================
[2026-09-17 18:02:00] [INFO] OVERSTAY CRON COMPLETED
[2026-09-17 18:02:00] [INFO] ==================================================
[2026-09-17 18:02:00] [INFO] [SUBSCRIPTION] Subscriptions found: 2
[2026-09-17 18:02:00] [INFO] [SUBSCRIPTION] mani hotel | Expiry: 2026-10-16 | Days Remaining: 29
[2026-09-17 18:02:00] [INFO] [SUBSCRIPTION] hotel 2 | Expiry: 2026-10-17 | Days Remaining: 30
[2026-09-17 18:02:00] [INFO] ==================================================
[2026-09-17 18:02:00] [INFO] SUBSCRIPTION EXPIRY CRON COMPLETED
[2026-09-17 18:02:00] [INFO] ==================================================
[2026-09-17 18:03:00] [INFO] [OVERSTAY] Cron triggered
[2026-09-17 18:03:00] [INFO] ==================================================
[2026-09-17 18:03:00] [INFO] OVERSTAY CRON STARTED
[2026-09-17 18:03:00] [INFO] ==================================================
[2026-09-17 18:03:00] [INFO] [OVERSTAY] Current India Date/Time: 17/09/2026 18:03:00
[2026-09-17 18:03:00] [INFO] [OVERSTAY] Timezone: Asia/Kolkata
[2026-09-17 18:03:00] [INFO] [SUBSCRIPTION] Expiry cron triggered
[2026-09-17 18:03:00] [INFO] ==================================================
[2026-09-17 18:03:00] [INFO] SUBSCRIPTION EXPIRY CRON STARTED
[2026-09-17 18:03:00] [INFO] ==================================================
[2026-09-17 18:03:00] [INFO] [SUBSCRIPTION] Current India Date: 2026-09-17
[2026-09-17 18:03:00] [INFO] [OVERSTAY] Staying customers found: 0
[2026-09-17 18:03:00] [INFO] ==================================================
[2026-09-17 18:03:00] [INFO] OVERSTAY CRON COMPLETED
[2026-09-17 18:03:00] [INFO] ==================================================
[2026-09-17 18:03:00] [INFO] [SUBSCRIPTION] Subscriptions found: 2
[2026-09-17 18:03:00] [INFO] [SUBSCRIPTION] mani hotel | Expiry: 2026-10-16 | Days Remaining: 29
[2026-09-17 18:03:00] [INFO] [SUBSCRIPTION] hotel 2 | Expiry: 2026-10-17 | Days Remaining: 30
[2026-09-17 18:03:00] [INFO] ==================================================
[2026-09-17 18:03:00] [INFO] SUBSCRIPTION EXPIRY CRON COMPLETED
[2026-09-17 18:03:00] [INFO] ==================================================
[2026-09-17 18:04:00] [INFO] [OVERSTAY] Cron triggered
[2026-09-17 18:04:00] [INFO] ==================================================
[2026-09-17 18:04:00] [INFO] OVERSTAY CRON STARTED
[2026-09-17 18:04:00] [INFO] ==================================================
[2026-09-17 18:04:00] [INFO] [OVERSTAY] Current India Date/Time: 17/09/2026 18:04:00
[2026-09-17 18:04:00] [INFO] [OVERSTAY] Timezone: Asia/Kolkata
[2026-09-17 18:04:00] [INFO] [SUBSCRIPTION] Expiry cron triggered
[2026-09-17 18:04:00] [INFO] ==================================================
[2026-09-17 18:04:00] [INFO] SUBSCRIPTION EXPIRY CRON STARTED
[2026-09-17 18:04:00] [INFO] ==================================================
[2026-09-17 18:04:00] [INFO] [SUBSCRIPTION] Current India Date: 2026-09-17
[2026-09-17 18:04:00] [INFO] [OVERSTAY] Staying customers found: 0
[2026-09-17 18:04:00] [INFO] ==================================================
[2026-09-17 18:04:00] [INFO] OVERSTAY CRON COMPLETED
[2026-09-17 18:04:00] [INFO] ==================================================
[2026-09-17 18:04:00] [INFO] [SUBSCRIPTION] Subscriptions found: 2
[2026-09-17 18:04:00] [INFO] [SUBSCRIPTION] mani hotel | Expiry: 2026-10-16 | Days Remaining: 29
[2026-09-17 18:04:00] [INFO] [SUBSCRIPTION] hotel 2 | Expiry: 2026-10-17 | Days Remaining: 30
[2026-09-17 18:04:00] [INFO] ==================================================
[2026-09-17 18:04:00] [INFO] SUBSCRIPTION EXPIRY CRON COMPLETED
[2026-09-17 18:04:00] [INFO] ==================================================
[2026-09-17 18:05:00] [INFO] [OVERSTAY] Cron triggered
[2026-09-17 18:05:00] [INFO] ==================================================
[2026-09-17 18:05:00] [INFO] OVERSTAY CRON STARTED
[2026-09-17 18:05:00] [INFO] ==================================================
[2026-09-17 18:05:00] [INFO] [OVERSTAY] Current India Date/Time: 17/09/2026 18:05:00
[2026-09-17 18:05:00] [INFO] [OVERSTAY] Timezone: Asia/Kolkata
[2026-09-17 18:05:00] [INFO] [SUBSCRIPTION] Expiry cron triggered
[2026-09-17 18:05:00] [INFO] ==================================================
[2026-09-17 18:05:00] [INFO] SUBSCRIPTION EXPIRY CRON STARTED
[2026-09-17 18:05:00] [INFO] ==================================================
[2026-09-17 18:05:00] [INFO] [SUBSCRIPTION] Current India Date: 2026-09-17
[2026-09-17 18:05:00] [INFO] [OVERSTAY] Staying customers found: 0
[2026-09-17 18:05:00] [INFO] ==================================================
[2026-09-17 18:05:00] [INFO] OVERSTAY CRON COMPLETED
[2026-09-17 18:05:00] [INFO] ==================================================
[2026-09-17 18:05:00] [INFO] [SUBSCRIPTION] Subscriptions found: 2
[2026-09-17 18:05:00] [INFO] [SUBSCRIPTION] mani hotel | Expiry: 2026-10-16 | Days Remaining: 29
[2026-09-17 18:05:00] [INFO] [SUBSCRIPTION] hotel 2 | Expiry: 2026-10-17 | Days Remaining: 30
[2026-09-17 18:05:00] [INFO] ==================================================
[2026-09-17 18:05:00] [INFO] SUBSCRIPTION EXPIRY CRON COMPLETED
[2026-09-17 18:05:00] [INFO] ==================================================
[2026-09-17 18:06:00] [INFO] [SUBSCRIPTION] Expiry cron triggered
[2026-09-17 18:06:00] [INFO] ==================================================
[2026-09-17 18:06:00] [INFO] SUBSCRIPTION EXPIRY CRON STARTED
[2026-09-17 18:06:00] [INFO] ==================================================
[2026-09-17 18:06:00] [INFO] [SUBSCRIPTION] Current India Date: 2026-09-17
[2026-09-17 18:06:00] [INFO] [OVERSTAY] Cron triggered
[2026-09-17 18:06:00] [INFO] ==================================================
[2026-09-17 18:06:00] [INFO] OVERSTAY CRON STARTED
[2026-09-17 18:06:00] [INFO] ==================================================
[2026-09-17 18:06:00] [INFO] [OVERSTAY] Current India Date/Time: 17/09/2026 18:06:00
[2026-09-17 18:06:00] [INFO] [OVERSTAY] Timezone: Asia/Kolkata
[2026-09-17 18:06:00] [INFO] [OVERSTAY] Staying customers found: 0
[2026-09-17 18:06:00] [INFO] ==================================================
[2026-09-17 18:06:00] [INFO] OVERSTAY CRON COMPLETED
[2026-09-17 18:06:00] [INFO] ==================================================
[2026-09-17 18:06:00] [INFO] [SUBSCRIPTION] Subscriptions found: 2
[2026-09-17 18:06:00] [INFO] [SUBSCRIPTION] mani hotel | Expiry: 2026-10-16 | Days Remaining: 29
[2026-09-17 18:06:00] [INFO] [SUBSCRIPTION] hotel 2 | Expiry: 2026-10-17 | Days Remaining: 30
[2026-09-17 18:06:00] [INFO] ==================================================
[2026-09-17 18:06:00] [INFO] SUBSCRIPTION EXPIRY CRON COMPLETED
[2026-09-17 18:06:00] [INFO] ==================================================
[2026-09-17 18:07:00] [INFO] [OVERSTAY] Cron triggered
[2026-09-17 18:07:00] [INFO] ==================================================
[2026-09-17 18:07:00] [INFO] OVERSTAY CRON STARTED
[2026-09-17 18:07:00] [INFO] ==================================================
[2026-09-17 18:07:00] [INFO] [OVERSTAY] Current India Date/Time: 17/09/2026 18:07:00
[2026-09-17 18:07:00] [INFO] [OVERSTAY] Timezone: Asia/Kolkata
[2026-09-17 18:07:00] [INFO] [SUBSCRIPTION] Expiry cron triggered
[2026-09-17 18:07:00] [INFO] ==================================================
[2026-09-17 18:07:00] [INFO] SUBSCRIPTION EXPIRY CRON STARTED
[2026-09-17 18:07:00] [INFO] ==================================================
[2026-09-17 18:07:00] [INFO] [SUBSCRIPTION] Current India Date: 2026-09-17
[2026-09-17 18:07:00] [INFO] [OVERSTAY] Staying customers found: 0
[2026-09-17 18:07:00] [INFO] ==================================================
[2026-09-17 18:07:00] [INFO] OVERSTAY CRON COMPLETED
[2026-09-17 18:07:00] [INFO] ==================================================
[2026-09-17 18:07:00] [INFO] [SUBSCRIPTION] Subscriptions found: 2
[2026-09-17 18:07:00] [INFO] [SUBSCRIPTION] mani hotel | Expiry: 2026-10-16 | Days Remaining: 29
[2026-09-17 18:07:00] [INFO] [SUBSCRIPTION] hotel 2 | Expiry: 2026-10-17 | Days Remaining: 30
[2026-09-17 18:07:00] [INFO] ==================================================
[2026-09-17 18:07:00] [INFO] SUBSCRIPTION EXPIRY CRON COMPLETED
[2026-09-17 18:07:00] [INFO] ==================================================
[2026-09-17 18:08:00] [INFO] [SUBSCRIPTION] Expiry cron triggered
[2026-09-17 18:08:00] [INFO] ==================================================
[2026-09-17 18:08:00] [INFO] SUBSCRIPTION EXPIRY CRON STARTED
[2026-09-17 18:08:00] [INFO] ==================================================
[2026-09-17 18:08:00] [INFO] [SUBSCRIPTION] Current India Date: 2026-09-17
[2026-09-17 18:08:00] [INFO] [OVERSTAY] Cron triggered
[2026-09-17 18:08:00] [INFO] ==================================================
[2026-09-17 18:08:00] [INFO] OVERSTAY CRON STARTED
[2026-09-17 18:08:00] [INFO] ==================================================
[2026-09-17 18:08:00] [INFO] [OVERSTAY] Current India Date/Time: 17/09/2026 18:08:00
[2026-09-17 18:08:00] [INFO] [OVERSTAY] Timezone: Asia/Kolkata
[2026-09-17 18:08:00] [INFO] [OVERSTAY] Staying customers found: 0
[2026-09-17 18:08:00] [INFO] ==================================================
[2026-09-17 18:08:00] [INFO] OVERSTAY CRON COMPLETED
[2026-09-17 18:08:00] [INFO] ==================================================
[2026-09-17 18:08:00] [INFO] [SUBSCRIPTION] Subscriptions found: 2
[2026-09-17 18:08:00] [INFO] [SUBSCRIPTION] mani hotel | Expiry: 2026-10-16 | Days Remaining: 29
[2026-09-17 18:08:00] [INFO] [SUBSCRIPTION] hotel 2 | Expiry: 2026-10-17 | Days Remaining: 30
[2026-09-17 18:08:00] [INFO] ==================================================
[2026-09-17 18:08:00] [INFO] SUBSCRIPTION EXPIRY CRON COMPLETED
[2026-09-17 18:08:00] [INFO] ==================================================
[2026-09-17 18:09:00] [INFO] [SUBSCRIPTION] Expiry cron triggered
[2026-09-17 18:09:00] [INFO] ==================================================
[2026-09-17 18:09:00] [INFO] SUBSCRIPTION EXPIRY CRON STARTED
[2026-09-17 18:09:00] [INFO] ==================================================
[2026-09-17 18:09:00] [INFO] [SUBSCRIPTION] Current India Date: 2026-09-17
[2026-09-17 18:09:00] [INFO] [OVERSTAY] Cron triggered
[2026-09-17 18:09:00] [INFO] ==================================================
[2026-09-17 18:09:00] [INFO] OVERSTAY CRON STARTED
[2026-09-17 18:09:00] [INFO] ==================================================
[2026-09-17 18:09:00] [INFO] [OVERSTAY] Current India Date/Time: 17/09/2026 18:09:00
[2026-09-17 18:09:00] [INFO] [OVERSTAY] Timezone: Asia/Kolkata
[2026-09-17 18:09:00] [INFO] [OVERSTAY] Staying customers found: 0
[2026-09-17 18:09:00] [INFO] ==================================================
[2026-09-17 18:09:00] [INFO] OVERSTAY CRON COMPLETED
[2026-09-17 18:09:00] [INFO] ==================================================
[2026-09-17 18:09:00] [INFO] [SUBSCRIPTION] Subscriptions found: 2
[2026-09-17 18:09:00] [INFO] [SUBSCRIPTION] mani hotel | Expiry: 2026-10-16 | Days Remaining: 29
[2026-09-17 18:09:00] [INFO] [SUBSCRIPTION] hotel 2 | Expiry: 2026-10-17 | Days Remaining: 30
[2026-09-17 18:09:00] [INFO] ==================================================
[2026-09-17 18:09:00] [INFO] SUBSCRIPTION EXPIRY CRON COMPLETED
[2026-09-17 18:09:00] [INFO] ==================================================
[2026-09-17 18:10:00] [INFO] [OVERSTAY] Cron triggered
[2026-09-17 18:10:00] [INFO] ==================================================
[2026-09-17 18:10:00] [INFO] OVERSTAY CRON STARTED
[2026-09-17 18:10:00] [INFO] ==================================================
[2026-09-17 18:10:00] [INFO] [OVERSTAY] Current India Date/Time: 17/09/2026 18:10:00
[2026-09-17 18:10:00] [INFO] [OVERSTAY] Timezone: Asia/Kolkata
[2026-09-17 18:10:00] [INFO] [SUBSCRIPTION] Expiry cron triggered
[2026-09-17 18:10:00] [INFO] ==================================================
[2026-09-17 18:10:00] [INFO] SUBSCRIPTION EXPIRY CRON STARTED
[2026-09-17 18:10:00] [INFO] ==================================================
[2026-09-17 18:10:00] [INFO] [SUBSCRIPTION] Current India Date: 2026-09-17
[2026-09-17 18:10:00] [INFO] [OVERSTAY] Staying customers found: 0
[2026-09-17 18:10:00] [INFO] ==================================================
[2026-09-17 18:10:00] [INFO] OVERSTAY CRON COMPLETED
[2026-09-17 18:10:00] [INFO] ==================================================
[2026-09-17 18:10:00] [INFO] [SUBSCRIPTION] Subscriptions found: 2
[2026-09-17 18:10:00] [INFO] [SUBSCRIPTION] mani hotel | Expiry: 2026-10-16 | Days Remaining: 29
[2026-09-17 18:10:00] [INFO] [SUBSCRIPTION] hotel 2 | Expiry: 2026-10-17 | Days Remaining: 30
[2026-09-17 18:10:00] [INFO] ==================================================
[2026-09-17 18:10:00] [INFO] SUBSCRIPTION EXPIRY CRON COMPLETED
[2026-09-17 18:10:00] [INFO] ==================================================
[2026-09-17 18:10:51] [INFO] [OVERSTAY] Overstay cron initialized successfully
[2026-09-17 18:10:51] [INFO] [OVERSTAY] Cron schedule: Every minute
[2026-09-17 18:10:51] [INFO] [OVERSTAY] Cron timezone: Asia/Kolkata
[2026-09-17 18:10:51] [INFO] ==================================================
[2026-09-17 18:10:51] [INFO] OVERSTAY CRON STARTED
[2026-09-17 18:10:51] [INFO] ==================================================
[2026-09-17 18:10:51] [INFO] [OVERSTAY] Current India Date/Time: 17/09/2026 18:10:51
[2026-09-17 18:10:51] [INFO] [OVERSTAY] Timezone: Asia/Kolkata
[2026-09-17 18:10:51] [INFO] [SUBSCRIPTION] Subscription expiry cron initialized successfully
[2026-09-17 18:10:51] [INFO] [SUBSCRIPTION] Cron schedule: Every minute
[2026-09-17 18:10:51] [INFO] [SUBSCRIPTION] Cron timezone: Asia/Kolkata
[2026-09-17 18:10:51] [INFO] ==================================================
[2026-09-17 18:10:51] [INFO] SUBSCRIPTION EXPIRY CRON STARTED
[2026-09-17 18:10:51] [INFO] ==================================================
[2026-09-17 18:10:51] [INFO] [SUBSCRIPTION] Current India Date: 2026-09-17
[2026-09-17 18:10:51] [INFO] [Logger] Running log cleanup check. Retention limit: 30 days.
[2026-09-17 18:10:51] [INFO] [Logger] Cleanup completed. No expired log files found.
[2026-09-17 18:10:51] [INFO] [Logger] Automated log cleanup scheduler started (runs every 24 hours).
[2026-09-17 18:10:51] [INFO] [Server] Server started and listening on port 5000
[2026-09-17 18:10:52] [INFO] [Database] MongoDB Connected successfully: 76.13.244.61
[2026-09-17 18:10:52] [INFO] Admin user already exists
[2026-09-17 18:10:52] [INFO] [OVERSTAY] Staying customers found: 0
[2026-09-17 18:10:52] [INFO] ==================================================
[2026-09-17 18:10:52] [INFO] OVERSTAY CRON COMPLETED
[2026-09-17 18:10:52] [INFO] ==================================================
[2026-09-17 18:10:52] [INFO] [SUBSCRIPTION] Subscriptions found: 2
[2026-09-17 18:10:52] [INFO] [SUBSCRIPTION] mani hotel | Expiry: 2026-10-16 | Days Remaining: 29
[2026-09-17 18:10:52] [INFO] [SUBSCRIPTION] hotel 2 | Expiry: 2026-10-17 | Days Remaining: 30
[2026-09-17 18:10:52] [INFO] ==================================================
[2026-09-17 18:10:52] [INFO] SUBSCRIPTION EXPIRY CRON COMPLETED
[2026-09-17 18:10:52] [INFO] ==================================================
