[2026-09-12 09:58:35] [INFO] [OVERSTAY] Overstay cron initialized successfully
[2026-09-12 09:58:35] [INFO] [OVERSTAY] Cron schedule: Every minute
[2026-09-12 09:58:35] [INFO] [OVERSTAY] Cron timezone: Asia/Kolkata
[2026-09-12 09:58:35] [INFO] ==================================================
[2026-09-12 09:58:35] [INFO] OVERSTAY CRON STARTED
[2026-09-12 09:58:35] [INFO] ==================================================
[2026-09-12 09:58:35] [INFO] [OVERSTAY] Current India Date/Time: 12/09/2026 09:58:35
[2026-09-12 09:58:35] [INFO] [OVERSTAY] Timezone: Asia/Kolkata
[2026-09-12 09:58:36] [INFO] [Logger] Running log cleanup check. Retention limit: 30 days.
[2026-09-12 09:58:36] [INFO] [Logger] Cleanup completed. No expired log files found.
[2026-09-12 09:58:36] [INFO] [Logger] Automated log cleanup scheduler started (runs every 24 hours).
[2026-09-12 09:58:36] [INFO] [Server] Server started and listening on port 5000
[2026-09-12 09:58:36] [INFO] [Database] MongoDB Connected successfully: 76.13.244.61
[2026-09-12 09:58:36] [INFO] Admin user already exists
[2026-09-12 09:58:36] [INFO] [OVERSTAY] Staying customers found: 0
[2026-09-12 09:58:36] [INFO] ==================================================
[2026-09-12 09:58:36] [INFO] OVERSTAY CRON COMPLETED
[2026-09-12 09:58:36] [INFO] ==================================================
[2026-09-12 09:58:49] [INFO] INFO
[2026-09-12 09:58:49] [INFO] INFO
[2026-09-12 09:59:00] [INFO] [OVERSTAY] Cron triggered
[2026-09-12 09:59:00] [INFO] ==================================================
[2026-09-12 09:59:00] [INFO] OVERSTAY CRON STARTED
[2026-09-12 09:59:00] [INFO] ==================================================
[2026-09-12 09:59:00] [INFO] [OVERSTAY] Current India Date/Time: 12/09/2026 09:59:00
[2026-09-12 09:59:00] [INFO] [OVERSTAY] Timezone: Asia/Kolkata
[2026-09-12 09:59:00] [INFO] [OVERSTAY] Staying customers found: 0
[2026-09-12 09:59:00] [INFO] ==================================================
[2026-09-12 09:59:00] [INFO] OVERSTAY CRON COMPLETED
[2026-09-12 09:59:00] [INFO] ==================================================
[2026-09-12 10:00:00] [INFO] [OVERSTAY] Cron triggered
[2026-09-12 10:00:00] [INFO] ==================================================
[2026-09-12 10:00:00] [INFO] OVERSTAY CRON STARTED
[2026-09-12 10:00:00] [INFO] ==================================================
[2026-09-12 10:00:00] [INFO] [OVERSTAY] Current India Date/Time: 12/09/2026 10:00:00
[2026-09-12 10:00:00] [INFO] [OVERSTAY] Timezone: Asia/Kolkata
[2026-09-12 10:00:00] [INFO] [OVERSTAY] Staying customers found: 0
[2026-09-12 10:00:00] [INFO] ==================================================
[2026-09-12 10:00:00] [INFO] OVERSTAY CRON COMPLETED
[2026-09-12 10:00:00] [INFO] ==================================================
[2026-09-12 10:01:00] [INFO] [OVERSTAY] Cron triggered
[2026-09-12 10:01:00] [INFO] ==================================================
[2026-09-12 10:01:00] [INFO] OVERSTAY CRON STARTED
[2026-09-12 10:01:00] [INFO] ==================================================
[2026-09-12 10:01:00] [INFO] [OVERSTAY] Current India Date/Time: 12/09/2026 10:01:00
[2026-09-12 10:01:00] [INFO] [OVERSTAY] Timezone: Asia/Kolkata
[2026-09-12 10:01:00] [INFO] [OVERSTAY] Staying customers found: 0
[2026-09-12 10:01:00] [INFO] ==================================================
[2026-09-12 10:01:00] [INFO] OVERSTAY CRON COMPLETED
[2026-09-12 10:01:00] [INFO] ==================================================
[2026-09-12 10:02:00] [INFO] [OVERSTAY] Cron triggered
[2026-09-12 10:02:00] [INFO] ==================================================
[2026-09-12 10:02:00] [INFO] OVERSTAY CRON STARTED
[2026-09-12 10:02:00] [INFO] ==================================================
[2026-09-12 10:02:00] [INFO] [OVERSTAY] Current India Date/Time: 12/09/2026 10:02:00
[2026-09-12 10:02:00] [INFO] [OVERSTAY] Timezone: Asia/Kolkata
[2026-09-12 10:02:00] [INFO] [OVERSTAY] Staying customers found: 0
[2026-09-12 10:02:00] [INFO] ==================================================
[2026-09-12 10:02:00] [INFO] OVERSTAY CRON COMPLETED
[2026-09-12 10:02:00] [INFO] ==================================================
[2026-09-12 10:03:00] [INFO] [OVERSTAY] Cron triggered
[2026-09-12 10:03:00] [INFO] ==================================================
[2026-09-12 10:03:00] [INFO] OVERSTAY CRON STARTED
[2026-09-12 10:03:00] [INFO] ==================================================
[2026-09-12 10:03:00] [INFO] [OVERSTAY] Current India Date/Time: 12/09/2026 10:03:00
[2026-09-12 10:03:00] [INFO] [OVERSTAY] Timezone: Asia/Kolkata
[2026-09-12 10:03:00] [INFO] [OVERSTAY] Staying customers found: 0
[2026-09-12 10:03:00] [INFO] ==================================================
[2026-09-12 10:03:00] [INFO] OVERSTAY CRON COMPLETED
[2026-09-12 10:03:00] [INFO] ==================================================
[2026-09-12 10:04:00] [INFO] [OVERSTAY] Cron triggered
[2026-09-12 10:04:00] [INFO] ==================================================
[2026-09-12 10:04:00] [INFO] OVERSTAY CRON STARTED
[2026-09-12 10:04:00] [INFO] ==================================================
[2026-09-12 10:04:00] [INFO] [OVERSTAY] Current India Date/Time: 12/09/2026 10:04:00
[2026-09-12 10:04:00] [INFO] [OVERSTAY] Timezone: Asia/Kolkata
[2026-09-12 10:04:00] [INFO] [OVERSTAY] Staying customers found: 0
[2026-09-12 10:04:00] [INFO] ==================================================
[2026-09-12 10:04:00] [INFO] OVERSTAY CRON COMPLETED
[2026-09-12 10:04:00] [INFO] ==================================================
[2026-09-12 10:05:00] [INFO] [OVERSTAY] Cron triggered
[2026-09-12 10:05:00] [INFO] ==================================================
[2026-09-12 10:05:00] [INFO] OVERSTAY CRON STARTED
[2026-09-12 10:05:00] [INFO] ==================================================
[2026-09-12 10:05:00] [INFO] [OVERSTAY] Current India Date/Time: 12/09/2026 10:05:00
[2026-09-12 10:05:00] [INFO] [OVERSTAY] Timezone: Asia/Kolkata
[2026-09-12 10:05:00] [INFO] [OVERSTAY] Staying customers found: 0
[2026-09-12 10:05:00] [INFO] ==================================================
[2026-09-12 10:05:00] [INFO] OVERSTAY CRON COMPLETED
[2026-09-12 10:05:00] [INFO] ==================================================
[2026-09-12 10:06:00] [INFO] [OVERSTAY] Cron triggered
[2026-09-12 10:06:00] [INFO] ==================================================
[2026-09-12 10:06:00] [INFO] OVERSTAY CRON STARTED
[2026-09-12 10:06:00] [INFO] ==================================================
[2026-09-12 10:06:00] [INFO] [OVERSTAY] Current India Date/Time: 12/09/2026 10:06:00
[2026-09-12 10:06:00] [INFO] [OVERSTAY] Timezone: Asia/Kolkata
[2026-09-12 10:06:00] [INFO] [OVERSTAY] Staying customers found: 0
[2026-09-12 10:06:00] [INFO] ==================================================
[2026-09-12 10:06:00] [INFO] OVERSTAY CRON COMPLETED
[2026-09-12 10:06:00] [INFO] ==================================================
[2026-09-12 10:07:00] [INFO] [OVERSTAY] Cron triggered
[2026-09-12 10:07:00] [INFO] ==================================================
[2026-09-12 10:07:00] [INFO] OVERSTAY CRON STARTED
[2026-09-12 10:07:00] [INFO] ==================================================
[2026-09-12 10:07:00] [INFO] [OVERSTAY] Current India Date/Time: 12/09/2026 10:07:00
[2026-09-12 10:07:00] [INFO] [OVERSTAY] Timezone: Asia/Kolkata
[2026-09-12 10:07:00] [INFO] [OVERSTAY] Staying customers found: 0
[2026-09-12 10:07:00] [INFO] ==================================================
[2026-09-12 10:07:00] [INFO] OVERSTAY CRON COMPLETED
[2026-09-12 10:07:00] [INFO] ==================================================
[2026-09-12 10:08:00] [INFO] [OVERSTAY] Cron triggered
[2026-09-12 10:08:00] [INFO] ==================================================
[2026-09-12 10:08:00] [INFO] OVERSTAY CRON STARTED
[2026-09-12 10:08:00] [INFO] ==================================================
[2026-09-12 10:08:00] [INFO] [OVERSTAY] Current India Date/Time: 12/09/2026 10:08:00
[2026-09-12 10:08:00] [INFO] [OVERSTAY] Timezone: Asia/Kolkata
[2026-09-12 10:08:00] [INFO] [OVERSTAY] Staying customers found: 0
[2026-09-12 10:08:00] [INFO] ==================================================
[2026-09-12 10:08:00] [INFO] OVERSTAY CRON COMPLETED
[2026-09-12 10:08:00] [INFO] ==================================================
[2026-09-12 10:09:00] [INFO] [OVERSTAY] Cron triggered
[2026-09-12 10:09:00] [INFO] ==================================================
[2026-09-12 10:09:00] [INFO] OVERSTAY CRON STARTED
[2026-09-12 10:09:00] [INFO] ==================================================
[2026-09-12 10:09:00] [INFO] [OVERSTAY] Current India Date/Time: 12/09/2026 10:09:00
[2026-09-12 10:09:00] [INFO] [OVERSTAY] Timezone: Asia/Kolkata
[2026-09-12 10:09:00] [INFO] [OVERSTAY] Staying customers found: 0
[2026-09-12 10:09:00] [INFO] ==================================================
[2026-09-12 10:09:00] [INFO] OVERSTAY CRON COMPLETED
[2026-09-12 10:09:00] [INFO] ==================================================
[2026-09-12 10:10:00] [INFO] [OVERSTAY] Cron triggered
[2026-09-12 10:10:00] [INFO] ==================================================
[2026-09-12 10:10:00] [INFO] OVERSTAY CRON STARTED
[2026-09-12 10:10:00] [INFO] ==================================================
[2026-09-12 10:10:00] [INFO] [OVERSTAY] Current India Date/Time: 12/09/2026 10:10:00
[2026-09-12 10:10:00] [INFO] [OVERSTAY] Timezone: Asia/Kolkata
[2026-09-12 10:10:00] [INFO] [OVERSTAY] Staying customers found: 0
[2026-09-12 10:10:00] [INFO] ==================================================
[2026-09-12 10:10:00] [INFO] OVERSTAY CRON COMPLETED
[2026-09-12 10:10:00] [INFO] ==================================================
[2026-09-12 10:11:00] [INFO] [OVERSTAY] Cron triggered
[2026-09-12 10:11:00] [INFO] ==================================================
[2026-09-12 10:11:00] [INFO] OVERSTAY CRON STARTED
[2026-09-12 10:11:00] [INFO] ==================================================
[2026-09-12 10:11:00] [INFO] [OVERSTAY] Current India Date/Time: 12/09/2026 10:11:00
[2026-09-12 10:11:00] [INFO] [OVERSTAY] Timezone: Asia/Kolkata
[2026-09-12 10:11:00] [INFO] [OVERSTAY] Staying customers found: 0
[2026-09-12 10:11:00] [INFO] ==================================================
[2026-09-12 10:11:00] [INFO] OVERSTAY CRON COMPLETED
[2026-09-12 10:11:00] [INFO] ==================================================
[2026-09-12 10:12:00] [INFO] [OVERSTAY] Cron triggered
[2026-09-12 10:12:00] [INFO] ==================================================
[2026-09-12 10:12:00] [INFO] OVERSTAY CRON STARTED
[2026-09-12 10:12:00] [INFO] ==================================================
[2026-09-12 10:12:00] [INFO] [OVERSTAY] Current India Date/Time: 12/09/2026 10:12:00
[2026-09-12 10:12:00] [INFO] [OVERSTAY] Timezone: Asia/Kolkata
[2026-09-12 10:12:00] [INFO] [OVERSTAY] Staying customers found: 0
[2026-09-12 10:12:00] [INFO] ==================================================
[2026-09-12 10:12:00] [INFO] OVERSTAY CRON COMPLETED
[2026-09-12 10:12:00] [INFO] ==================================================
[2026-09-12 10:13:00] [INFO] [OVERSTAY] Cron triggered
[2026-09-12 10:13:00] [INFO] ==================================================
[2026-09-12 10:13:00] [INFO] OVERSTAY CRON STARTED
[2026-09-12 10:13:00] [INFO] ==================================================
[2026-09-12 10:13:00] [INFO] [OVERSTAY] Current India Date/Time: 12/09/2026 10:13:00
[2026-09-12 10:13:00] [INFO] [OVERSTAY] Timezone: Asia/Kolkata
[2026-09-12 10:13:00] [INFO] [OVERSTAY] Staying customers found: 0
[2026-09-12 10:13:00] [INFO] ==================================================
[2026-09-12 10:13:00] [INFO] OVERSTAY CRON COMPLETED
[2026-09-12 10:13:00] [INFO] ==================================================
[2026-09-12 10:14:00] [INFO] [OVERSTAY] Cron triggered
[2026-09-12 10:14:00] [INFO] ==================================================
[2026-09-12 10:14:00] [INFO] OVERSTAY CRON STARTED
[2026-09-12 10:14:00] [INFO] ==================================================
[2026-09-12 10:14:00] [INFO] [OVERSTAY] Current India Date/Time: 12/09/2026 10:14:00
[2026-09-12 10:14:00] [INFO] [OVERSTAY] Timezone: Asia/Kolkata
[2026-09-12 10:14:00] [INFO] [OVERSTAY] Staying customers found: 0
[2026-09-12 10:14:00] [INFO] ==================================================
[2026-09-12 10:14:00] [INFO] OVERSTAY CRON COMPLETED
[2026-09-12 10:14:00] [INFO] ==================================================
[2026-09-12 10:15:00] [INFO] [OVERSTAY] Cron triggered
[2026-09-12 10:15:00] [INFO] ==================================================
[2026-09-12 10:15:00] [INFO] OVERSTAY CRON STARTED
[2026-09-12 10:15:00] [INFO] ==================================================
[2026-09-12 10:15:00] [INFO] [OVERSTAY] Current India Date/Time: 12/09/2026 10:15:00
[2026-09-12 10:15:00] [INFO] [OVERSTAY] Timezone: Asia/Kolkata
[2026-09-12 10:15:00] [INFO] [OVERSTAY] Staying customers found: 0
[2026-09-12 10:15:00] [INFO] ==================================================
[2026-09-12 10:15:00] [INFO] OVERSTAY CRON COMPLETED
[2026-09-12 10:15:00] [INFO] ==================================================
[2026-09-12 10:16:00] [INFO] [OVERSTAY] Cron triggered
[2026-09-12 10:16:00] [INFO] ==================================================
[2026-09-12 10:16:00] [INFO] OVERSTAY CRON STARTED
[2026-09-12 10:16:00] [INFO] ==================================================
[2026-09-12 10:16:00] [INFO] [OVERSTAY] Current India Date/Time: 12/09/2026 10:16:00
[2026-09-12 10:16:00] [INFO] [OVERSTAY] Timezone: Asia/Kolkata
[2026-09-12 10:16:00] [INFO] [OVERSTAY] Staying customers found: 0
[2026-09-12 10:16:00] [INFO] ==================================================
[2026-09-12 10:16:00] [INFO] OVERSTAY CRON COMPLETED
[2026-09-12 10:16:00] [INFO] ==================================================
[2026-09-12 10:17:00] [INFO] [OVERSTAY] Cron triggered
[2026-09-12 10:17:00] [INFO] ==================================================
[2026-09-12 10:17:00] [INFO] OVERSTAY CRON STARTED
[2026-09-12 10:17:00] [INFO] ==================================================
[2026-09-12 10:17:00] [INFO] [OVERSTAY] Current India Date/Time: 12/09/2026 10:17:00
[2026-09-12 10:17:00] [INFO] [OVERSTAY] Timezone: Asia/Kolkata
[2026-09-12 10:17:00] [INFO] [OVERSTAY] Staying customers found: 0
[2026-09-12 10:17:00] [INFO] ==================================================
[2026-09-12 10:17:00] [INFO] OVERSTAY CRON COMPLETED
[2026-09-12 10:17:00] [INFO] ==================================================
[2026-09-12 10:18:00] [INFO] [OVERSTAY] Cron triggered
[2026-09-12 10:18:00] [INFO] ==================================================
[2026-09-12 10:18:00] [INFO] OVERSTAY CRON STARTED
[2026-09-12 10:18:00] [INFO] ==================================================
[2026-09-12 10:18:00] [INFO] [OVERSTAY] Current India Date/Time: 12/09/2026 10:18:00
[2026-09-12 10:18:00] [INFO] [OVERSTAY] Timezone: Asia/Kolkata
[2026-09-12 10:18:00] [INFO] [OVERSTAY] Staying customers found: 0
[2026-09-12 10:18:00] [INFO] ==================================================
[2026-09-12 10:18:00] [INFO] OVERSTAY CRON COMPLETED
[2026-09-12 10:18:00] [INFO] ==================================================
[2026-09-12 10:19:00] [INFO] [OVERSTAY] Cron triggered
[2026-09-12 10:19:00] [INFO] ==================================================
[2026-09-12 10:19:00] [INFO] OVERSTAY CRON STARTED
[2026-09-12 10:19:00] [INFO] ==================================================
[2026-09-12 10:19:00] [INFO] [OVERSTAY] Current India Date/Time: 12/09/2026 10:19:00
[2026-09-12 10:19:00] [INFO] [OVERSTAY] Timezone: Asia/Kolkata
[2026-09-12 10:19:00] [INFO] [OVERSTAY] Staying customers found: 0
[2026-09-12 10:19:00] [INFO] ==================================================
[2026-09-12 10:19:00] [INFO] OVERSTAY CRON COMPLETED
[2026-09-12 10:19:00] [INFO] ==================================================
[2026-09-12 10:20:00] [INFO] [OVERSTAY] Cron triggered
[2026-09-12 10:20:00] [INFO] ==================================================
[2026-09-12 10:20:00] [INFO] OVERSTAY CRON STARTED
[2026-09-12 10:20:00] [INFO] ==================================================
[2026-09-12 10:20:00] [INFO] [OVERSTAY] Current India Date/Time: 12/09/2026 10:20:00
[2026-09-12 10:20:00] [INFO] [OVERSTAY] Timezone: Asia/Kolkata
[2026-09-12 10:20:00] [INFO] [OVERSTAY] Staying customers found: 0
[2026-09-12 10:20:00] [INFO] ==================================================
[2026-09-12 10:20:00] [INFO] OVERSTAY CRON COMPLETED
[2026-09-12 10:20:00] [INFO] ==================================================
[2026-09-12 10:21:00] [INFO] [OVERSTAY] Cron triggered
[2026-09-12 10:21:00] [INFO] ==================================================
[2026-09-12 10:21:00] [INFO] OVERSTAY CRON STARTED
[2026-09-12 10:21:00] [INFO] ==================================================
[2026-09-12 10:21:00] [INFO] [OVERSTAY] Current India Date/Time: 12/09/2026 10:21:00
[2026-09-12 10:21:00] [INFO] [OVERSTAY] Timezone: Asia/Kolkata
[2026-09-12 10:21:00] [INFO] [OVERSTAY] Staying customers found: 0
[2026-09-12 10:21:00] [INFO] ==================================================
[2026-09-12 10:21:00] [INFO] OVERSTAY CRON COMPLETED
[2026-09-12 10:21:00] [INFO] ==================================================
[2026-09-12 10:22:00] [INFO] [OVERSTAY] Cron triggered
[2026-09-12 10:22:00] [INFO] ==================================================
[2026-09-12 10:22:00] [INFO] OVERSTAY CRON STARTED
[2026-09-12 10:22:00] [INFO] ==================================================
[2026-09-12 10:22:00] [INFO] [OVERSTAY] Current India Date/Time: 12/09/2026 10:22:00
[2026-09-12 10:22:00] [INFO] [OVERSTAY] Timezone: Asia/Kolkata
[2026-09-12 10:22:00] [INFO] [OVERSTAY] Staying customers found: 0
[2026-09-12 10:22:00] [INFO] ==================================================
[2026-09-12 10:22:00] [INFO] OVERSTAY CRON COMPLETED
[2026-09-12 10:22:00] [INFO] ==================================================
[2026-09-12 10:23:00] [INFO] [OVERSTAY] Cron triggered
[2026-09-12 10:23:00] [INFO] ==================================================
[2026-09-12 10:23:00] [INFO] OVERSTAY CRON STARTED
[2026-09-12 10:23:00] [INFO] ==================================================
[2026-09-12 10:23:00] [INFO] [OVERSTAY] Current India Date/Time: 12/09/2026 10:23:00
[2026-09-12 10:23:00] [INFO] [OVERSTAY] Timezone: Asia/Kolkata
[2026-09-12 10:23:00] [INFO] [OVERSTAY] Staying customers found: 0
[2026-09-12 10:23:00] [INFO] ==================================================
[2026-09-12 10:23:00] [INFO] OVERSTAY CRON COMPLETED
[2026-09-12 10:23:00] [INFO] ==================================================
[2026-09-12 10:24:00] [INFO] [OVERSTAY] Cron triggered
[2026-09-12 10:24:00] [INFO] ==================================================
[2026-09-12 10:24:00] [INFO] OVERSTAY CRON STARTED
[2026-09-12 10:24:00] [INFO] ==================================================
[2026-09-12 10:24:00] [INFO] [OVERSTAY] Current India Date/Time: 12/09/2026 10:24:00
[2026-09-12 10:24:00] [INFO] [OVERSTAY] Timezone: Asia/Kolkata
[2026-09-12 10:24:00] [INFO] [OVERSTAY] Staying customers found: 0
[2026-09-12 10:24:00] [INFO] ==================================================
[2026-09-12 10:24:00] [INFO] OVERSTAY CRON COMPLETED
[2026-09-12 10:24:00] [INFO] ==================================================
[2026-09-12 10:24:50] [INFO] [OVERSTAY] Overstay cron initialized successfully
[2026-09-12 10:24:50] [INFO] [OVERSTAY] Cron schedule: Every minute
[2026-09-12 10:24:50] [INFO] [OVERSTAY] Cron timezone: Asia/Kolkata
[2026-09-12 10:24:50] [INFO] ==================================================
[2026-09-12 10:24:50] [INFO] OVERSTAY CRON STARTED
[2026-09-12 10:24:50] [INFO] ==================================================
[2026-09-12 10:24:50] [INFO] [OVERSTAY] Current India Date/Time: 12/09/2026 10:24:50
[2026-09-12 10:24:50] [INFO] [OVERSTAY] Timezone: Asia/Kolkata
[2026-09-12 10:24:51] [INFO] [Logger] Running log cleanup check. Retention limit: 30 days.
[2026-09-12 10:24:51] [INFO] [Logger] Cleanup completed. No expired log files found.
[2026-09-12 10:24:51] [INFO] [Logger] Automated log cleanup scheduler started (runs every 24 hours).
[2026-09-12 10:24:51] [INFO] [Server] Server started and listening on port 5000
[2026-09-12 10:24:51] [INFO] [Database] MongoDB Connected successfully: 76.13.244.61
[2026-09-12 10:24:51] [INFO] Admin user already exists
[2026-09-12 10:24:51] [INFO] [OVERSTAY] Staying customers found: 0
[2026-09-12 10:24:51] [INFO] ==================================================
[2026-09-12 10:24:51] [INFO] OVERSTAY CRON COMPLETED
[2026-09-12 10:24:51] [INFO] ==================================================
[2026-09-12 10:24:56] [INFO] [OVERSTAY] Overstay cron initialized successfully
[2026-09-12 10:24:56] [INFO] [OVERSTAY] Cron schedule: Every minute
[2026-09-12 10:24:56] [INFO] [OVERSTAY] Cron timezone: Asia/Kolkata
[2026-09-12 10:24:56] [INFO] ==================================================
[2026-09-12 10:24:56] [INFO] OVERSTAY CRON STARTED
[2026-09-12 10:24:56] [INFO] ==================================================
[2026-09-12 10:24:56] [INFO] [OVERSTAY] Current India Date/Time: 12/09/2026 10:24:56
[2026-09-12 10:24:56] [INFO] [OVERSTAY] Timezone: Asia/Kolkata
[2026-09-12 10:24:56] [INFO] [Logger] Running log cleanup check. Retention limit: 30 days.
[2026-09-12 10:24:56] [INFO] [Logger] Cleanup completed. No expired log files found.
[2026-09-12 10:24:56] [INFO] [Logger] Automated log cleanup scheduler started (runs every 24 hours).
[2026-09-12 10:24:56] [INFO] [Server] Server started and listening on port 5000
[2026-09-12 10:24:56] [INFO] [Database] MongoDB Connected successfully: 76.13.244.61
[2026-09-12 10:24:56] [INFO] Admin user already exists
[2026-09-12 10:24:56] [INFO] [OVERSTAY] Staying customers found: 0
[2026-09-12 10:24:56] [INFO] ==================================================
[2026-09-12 10:24:56] [INFO] OVERSTAY CRON COMPLETED
[2026-09-12 10:24:56] [INFO] ==================================================
[2026-09-12 10:25:00] [INFO] [OVERSTAY] Cron triggered
[2026-09-12 10:25:00] [INFO] ==================================================
[2026-09-12 10:25:00] [INFO] OVERSTAY CRON STARTED
[2026-09-12 10:25:00] [INFO] ==================================================
[2026-09-12 10:25:00] [INFO] [OVERSTAY] Current India Date/Time: 12/09/2026 10:25:00
[2026-09-12 10:25:00] [INFO] [OVERSTAY] Timezone: Asia/Kolkata
[2026-09-12 10:25:00] [INFO] [OVERSTAY] Staying customers found: 0
[2026-09-12 10:25:00] [INFO] ==================================================
[2026-09-12 10:25:00] [INFO] OVERSTAY CRON COMPLETED
[2026-09-12 10:25:00] [INFO] ==================================================
[2026-09-12 10:25:05] [INFO] [OVERSTAY] Overstay cron initialized successfully
[2026-09-12 10:25:05] [INFO] [OVERSTAY] Cron schedule: Every minute
[2026-09-12 10:25:05] [INFO] [OVERSTAY] Cron timezone: Asia/Kolkata
[2026-09-12 10:25:05] [INFO] ==================================================
[2026-09-12 10:25:05] [INFO] OVERSTAY CRON STARTED
[2026-09-12 10:25:05] [INFO] ==================================================
[2026-09-12 10:25:05] [INFO] [OVERSTAY] Current India Date/Time: 12/09/2026 10:25:05
[2026-09-12 10:25:05] [INFO] [OVERSTAY] Timezone: Asia/Kolkata
[2026-09-12 10:25:06] [INFO] [Logger] Running log cleanup check. Retention limit: 30 days.
[2026-09-12 10:25:06] [INFO] [Logger] Cleanup completed. No expired log files found.
[2026-09-12 10:25:06] [INFO] [Logger] Automated log cleanup scheduler started (runs every 24 hours).
[2026-09-12 10:25:06] [INFO] [Server] Server started and listening on port 5000
[2026-09-12 10:25:06] [INFO] [Database] MongoDB Connected successfully: 76.13.244.61
[2026-09-12 10:25:06] [INFO] Admin user already exists
[2026-09-12 10:25:06] [INFO] [OVERSTAY] Staying customers found: 0
[2026-09-12 10:25:06] [INFO] ==================================================
[2026-09-12 10:25:06] [INFO] OVERSTAY CRON COMPLETED
[2026-09-12 10:25:06] [INFO] ==================================================
[2026-09-12 10:25:21] [INFO] [OVERSTAY] Overstay cron initialized successfully
[2026-09-12 10:25:21] [INFO] [OVERSTAY] Cron schedule: Every minute
[2026-09-12 10:25:21] [INFO] [OVERSTAY] Cron timezone: Asia/Kolkata
[2026-09-12 10:25:21] [INFO] ==================================================
[2026-09-12 10:25:21] [INFO] OVERSTAY CRON STARTED
[2026-09-12 10:25:21] [INFO] ==================================================
[2026-09-12 10:25:21] [INFO] [OVERSTAY] Current India Date/Time: 12/09/2026 10:25:21
[2026-09-12 10:25:21] [INFO] [OVERSTAY] Timezone: Asia/Kolkata
[2026-09-12 10:25:21] [INFO] [Logger] Running log cleanup check. Retention limit: 30 days.
[2026-09-12 10:25:21] [INFO] [Logger] Cleanup completed. No expired log files found.
[2026-09-12 10:25:21] [INFO] [Logger] Automated log cleanup scheduler started (runs every 24 hours).
[2026-09-12 10:25:21] [INFO] [Server] Server started and listening on port 5000
[2026-09-12 10:25:21] [INFO] [Database] MongoDB Connected successfully: 76.13.244.61
[2026-09-12 10:25:22] [INFO] Admin user already exists
[2026-09-12 10:25:22] [INFO] [OVERSTAY] Staying customers found: 0
[2026-09-12 10:25:22] [INFO] ==================================================
[2026-09-12 10:25:22] [INFO] OVERSTAY CRON COMPLETED
[2026-09-12 10:25:22] [INFO] ==================================================
[2026-09-12 10:25:38] [INFO] [OVERSTAY] Overstay cron initialized successfully
[2026-09-12 10:25:38] [INFO] [OVERSTAY] Cron schedule: Every minute
[2026-09-12 10:25:38] [INFO] [OVERSTAY] Cron timezone: Asia/Kolkata
[2026-09-12 10:25:38] [INFO] ==================================================
[2026-09-12 10:25:38] [INFO] OVERSTAY CRON STARTED
[2026-09-12 10:25:38] [INFO] ==================================================
[2026-09-12 10:25:38] [INFO] [OVERSTAY] Current India Date/Time: 12/09/2026 10:25:38
[2026-09-12 10:25:38] [INFO] [OVERSTAY] Timezone: Asia/Kolkata
[2026-09-12 10:25:38] [INFO] [Logger] Running log cleanup check. Retention limit: 30 days.
[2026-09-12 10:25:38] [INFO] [Logger] Cleanup completed. No expired log files found.
[2026-09-12 10:25:38] [INFO] [Logger] Automated log cleanup scheduler started (runs every 24 hours).
[2026-09-12 10:25:38] [INFO] [Server] Server started and listening on port 5000
[2026-09-12 10:25:38] [INFO] [Database] MongoDB Connected successfully: 76.13.244.61
[2026-09-12 10:25:38] [INFO] Admin user already exists
[2026-09-12 10:25:38] [INFO] [OVERSTAY] Staying customers found: 0
[2026-09-12 10:25:38] [INFO] ==================================================
[2026-09-12 10:25:38] [INFO] OVERSTAY CRON COMPLETED
[2026-09-12 10:25:38] [INFO] ==================================================
[2026-09-12 10:26:00] [INFO] [OVERSTAY] Cron triggered
[2026-09-12 10:26:00] [INFO] ==================================================
[2026-09-12 10:26:00] [INFO] OVERSTAY CRON STARTED
[2026-09-12 10:26:00] [INFO] ==================================================
[2026-09-12 10:26:00] [INFO] [OVERSTAY] Current India Date/Time: 12/09/2026 10:26:00
[2026-09-12 10:26:00] [INFO] [OVERSTAY] Timezone: Asia/Kolkata
[2026-09-12 10:26:00] [INFO] [OVERSTAY] Staying customers found: 0
[2026-09-12 10:26:00] [INFO] ==================================================
[2026-09-12 10:26:00] [INFO] OVERSTAY CRON COMPLETED
[2026-09-12 10:26:00] [INFO] ==================================================
[2026-09-12 10:26:28] [INFO] [OVERSTAY] Overstay cron initialized successfully
[2026-09-12 10:26:28] [INFO] [OVERSTAY] Cron schedule: Every minute
[2026-09-12 10:26:28] [INFO] [OVERSTAY] Cron timezone: Asia/Kolkata
[2026-09-12 10:26:28] [INFO] ==================================================
[2026-09-12 10:26:28] [INFO] OVERSTAY CRON STARTED
[2026-09-12 10:26:28] [INFO] ==================================================
[2026-09-12 10:26:28] [INFO] [OVERSTAY] Current India Date/Time: 12/09/2026 10:26:28
[2026-09-12 10:26:28] [INFO] [OVERSTAY] Timezone: Asia/Kolkata
[2026-09-12 10:26:28] [INFO] [Logger] Running log cleanup check. Retention limit: 30 days.
[2026-09-12 10:26:28] [INFO] [Logger] Cleanup completed. No expired log files found.
[2026-09-12 10:26:28] [INFO] [Logger] Automated log cleanup scheduler started (runs every 24 hours).
[2026-09-12 10:26:28] [INFO] [Server] Server started and listening on port 5000
[2026-09-12 10:26:28] [INFO] [Database] MongoDB Connected successfully: 76.13.244.61
[2026-09-12 10:26:28] [INFO] Admin user already exists
[2026-09-12 10:26:28] [INFO] [OVERSTAY] Staying customers found: 0
[2026-09-12 10:26:28] [INFO] ==================================================
[2026-09-12 10:26:28] [INFO] OVERSTAY CRON COMPLETED
[2026-09-12 10:26:28] [INFO] ==================================================
[2026-09-12 10:26:45] [INFO] [OVERSTAY] Overstay cron initialized successfully
[2026-09-12 10:26:45] [INFO] [OVERSTAY] Cron schedule: Every minute
[2026-09-12 10:26:45] [INFO] [OVERSTAY] Cron timezone: Asia/Kolkata
[2026-09-12 10:26:45] [INFO] ==================================================
[2026-09-12 10:26:45] [INFO] OVERSTAY CRON STARTED
[2026-09-12 10:26:45] [INFO] ==================================================
[2026-09-12 10:26:45] [INFO] [OVERSTAY] Current India Date/Time: 12/09/2026 10:26:45
[2026-09-12 10:26:45] [INFO] [OVERSTAY] Timezone: Asia/Kolkata
[2026-09-12 10:26:45] [INFO] [Logger] Running log cleanup check. Retention limit: 30 days.
[2026-09-12 10:26:45] [INFO] [Logger] Cleanup completed. No expired log files found.
[2026-09-12 10:26:45] [INFO] [Logger] Automated log cleanup scheduler started (runs every 24 hours).
[2026-09-12 10:26:45] [INFO] [Server] Server started and listening on port 5000
[2026-09-12 10:26:45] [INFO] [Database] MongoDB Connected successfully: 76.13.244.61
[2026-09-12 10:26:45] [INFO] Admin user already exists
[2026-09-12 10:26:45] [INFO] [OVERSTAY] Staying customers found: 0
[2026-09-12 10:26:45] [INFO] ==================================================
[2026-09-12 10:26:45] [INFO] OVERSTAY CRON COMPLETED
[2026-09-12 10:26:45] [INFO] ==================================================
[2026-09-12 10:26:50] [INFO] [OVERSTAY] Overstay cron initialized successfully
[2026-09-12 10:26:50] [INFO] [OVERSTAY] Cron schedule: Every minute
[2026-09-12 10:26:50] [INFO] [OVERSTAY] Cron timezone: Asia/Kolkata
[2026-09-12 10:26:50] [INFO] ==================================================
[2026-09-12 10:26:50] [INFO] OVERSTAY CRON STARTED
[2026-09-12 10:26:50] [INFO] ==================================================
[2026-09-12 10:26:50] [INFO] [OVERSTAY] Current India Date/Time: 12/09/2026 10:26:50
[2026-09-12 10:26:50] [INFO] [OVERSTAY] Timezone: Asia/Kolkata
[2026-09-12 10:26:50] [INFO] [Logger] Running log cleanup check. Retention limit: 30 days.
[2026-09-12 10:26:50] [INFO] [Logger] Cleanup completed. No expired log files found.
[2026-09-12 10:26:50] [INFO] [Logger] Automated log cleanup scheduler started (runs every 24 hours).
[2026-09-12 10:26:50] [INFO] [Server] Server started and listening on port 5000
[2026-09-12 10:26:50] [INFO] [Database] MongoDB Connected successfully: 76.13.244.61
[2026-09-12 10:26:50] [INFO] Admin user already exists
[2026-09-12 10:26:50] [INFO] [OVERSTAY] Staying customers found: 0
[2026-09-12 10:26:50] [INFO] ==================================================
[2026-09-12 10:26:50] [INFO] OVERSTAY CRON COMPLETED
[2026-09-12 10:26:50] [INFO] ==================================================
[2026-09-12 10:27:00] [INFO] [OVERSTAY] Cron triggered
[2026-09-12 10:27:00] [INFO] ==================================================
[2026-09-12 10:27:00] [INFO] OVERSTAY CRON STARTED
[2026-09-12 10:27:00] [INFO] ==================================================
[2026-09-12 10:27:00] [INFO] [OVERSTAY] Current India Date/Time: 12/09/2026 10:27:00
[2026-09-12 10:27:00] [INFO] [OVERSTAY] Timezone: Asia/Kolkata
[2026-09-12 10:27:00] [INFO] [OVERSTAY] Staying customers found: 0
[2026-09-12 10:27:00] [INFO] ==================================================
[2026-09-12 10:27:00] [INFO] OVERSTAY CRON COMPLETED
[2026-09-12 10:27:00] [INFO] ==================================================
[2026-09-12 10:27:13] [INFO] [OVERSTAY] Overstay cron initialized successfully
[2026-09-12 10:27:13] [INFO] [OVERSTAY] Cron schedule: Every minute
[2026-09-12 10:27:13] [INFO] [OVERSTAY] Cron timezone: Asia/Kolkata
[2026-09-12 10:27:13] [INFO] ==================================================
[2026-09-12 10:27:13] [INFO] OVERSTAY CRON STARTED
[2026-09-12 10:27:13] [INFO] ==================================================
[2026-09-12 10:27:13] [INFO] [OVERSTAY] Current India Date/Time: 12/09/2026 10:27:13
[2026-09-12 10:27:13] [INFO] [OVERSTAY] Timezone: Asia/Kolkata
[2026-09-12 10:27:13] [INFO] [Logger] Running log cleanup check. Retention limit: 30 days.
[2026-09-12 10:27:13] [INFO] [Logger] Cleanup completed. No expired log files found.
[2026-09-12 10:27:13] [INFO] [Logger] Automated log cleanup scheduler started (runs every 24 hours).
[2026-09-12 10:27:13] [INFO] [Server] Server started and listening on port 5000
[2026-09-12 10:27:13] [INFO] [Database] MongoDB Connected successfully: 76.13.244.61
[2026-09-12 10:27:14] [INFO] Admin user already exists
[2026-09-12 10:27:14] [INFO] [OVERSTAY] Staying customers found: 0
[2026-09-12 10:27:14] [INFO] ==================================================
[2026-09-12 10:27:14] [INFO] OVERSTAY CRON COMPLETED
[2026-09-12 10:27:14] [INFO] ==================================================
[2026-09-12 10:27:16] [INFO] [OVERSTAY] Overstay cron initialized successfully
[2026-09-12 10:27:16] [INFO] [OVERSTAY] Cron schedule: Every minute
[2026-09-12 10:27:16] [INFO] [OVERSTAY] Cron timezone: Asia/Kolkata
[2026-09-12 10:27:16] [INFO] ==================================================
[2026-09-12 10:27:16] [INFO] OVERSTAY CRON STARTED
[2026-09-12 10:27:16] [INFO] ==================================================
[2026-09-12 10:27:16] [INFO] [OVERSTAY] Current India Date/Time: 12/09/2026 10:27:16
[2026-09-12 10:27:16] [INFO] [OVERSTAY] Timezone: Asia/Kolkata
[2026-09-12 10:27:17] [INFO] [Logger] Running log cleanup check. Retention limit: 30 days.
[2026-09-12 10:27:17] [INFO] [Logger] Cleanup completed. No expired log files found.
[2026-09-12 10:27:17] [INFO] [Logger] Automated log cleanup scheduler started (runs every 24 hours).
[2026-09-12 10:27:17] [INFO] [Server] Server started and listening on port 5000
[2026-09-12 10:27:17] [INFO] [Database] MongoDB Connected successfully: 76.13.244.61
[2026-09-12 10:27:17] [INFO] Admin user already exists
[2026-09-12 10:27:17] [INFO] [OVERSTAY] Staying customers found: 0
[2026-09-12 10:27:17] [INFO] ==================================================
[2026-09-12 10:27:17] [INFO] OVERSTAY CRON COMPLETED
[2026-09-12 10:27:17] [INFO] ==================================================
[2026-09-12 10:27:41] [INFO] [OVERSTAY] Overstay cron initialized successfully
[2026-09-12 10:27:41] [INFO] [OVERSTAY] Cron schedule: Every minute
[2026-09-12 10:27:41] [INFO] [OVERSTAY] Cron timezone: Asia/Kolkata
[2026-09-12 10:27:41] [INFO] ==================================================
[2026-09-12 10:27:41] [INFO] OVERSTAY CRON STARTED
[2026-09-12 10:27:41] [INFO] ==================================================
[2026-09-12 10:27:41] [INFO] [OVERSTAY] Current India Date/Time: 12/09/2026 10:27:41
[2026-09-12 10:27:41] [INFO] [OVERSTAY] Timezone: Asia/Kolkata
[2026-09-12 10:27:41] [INFO] [Logger] Running log cleanup check. Retention limit: 30 days.
[2026-09-12 10:27:41] [INFO] [Logger] Cleanup completed. No expired log files found.
[2026-09-12 10:27:41] [INFO] [Logger] Automated log cleanup scheduler started (runs every 24 hours).
[2026-09-12 10:27:41] [INFO] [Server] Server started and listening on port 5000
[2026-09-12 10:27:42] [INFO] [Database] MongoDB Connected successfully: 76.13.244.61
[2026-09-12 10:27:42] [INFO] Admin user already exists
[2026-09-12 10:27:42] [INFO] [OVERSTAY] Staying customers found: 0
[2026-09-12 10:27:42] [INFO] ==================================================
[2026-09-12 10:27:42] [INFO] OVERSTAY CRON COMPLETED
[2026-09-12 10:27:42] [INFO] ==================================================
[2026-09-12 10:28:00] [INFO] [OVERSTAY] Cron triggered
[2026-09-12 10:28:00] [INFO] ==================================================
[2026-09-12 10:28:00] [INFO] OVERSTAY CRON STARTED
[2026-09-12 10:28:00] [INFO] ==================================================
[2026-09-12 10:28:00] [INFO] [OVERSTAY] Current India Date/Time: 12/09/2026 10:28:00
[2026-09-12 10:28:00] [INFO] [OVERSTAY] Timezone: Asia/Kolkata
[2026-09-12 10:28:00] [INFO] [OVERSTAY] Staying customers found: 0
[2026-09-12 10:28:00] [INFO] ==================================================
[2026-09-12 10:28:00] [INFO] OVERSTAY CRON COMPLETED
[2026-09-12 10:28:00] [INFO] ==================================================
[2026-09-12 10:28:23] [INFO] [OVERSTAY] Overstay cron initialized successfully
[2026-09-12 10:28:23] [INFO] [OVERSTAY] Cron schedule: Every minute
[2026-09-12 10:28:23] [INFO] [OVERSTAY] Cron timezone: Asia/Kolkata
[2026-09-12 10:28:23] [INFO] ==================================================
[2026-09-12 10:28:23] [INFO] OVERSTAY CRON STARTED
[2026-09-12 10:28:23] [INFO] ==================================================
[2026-09-12 10:28:23] [INFO] [OVERSTAY] Current India Date/Time: 12/09/2026 10:28:23
[2026-09-12 10:28:23] [INFO] [OVERSTAY] Timezone: Asia/Kolkata
[2026-09-12 10:28:24] [INFO] [Logger] Running log cleanup check. Retention limit: 30 days.
[2026-09-12 10:28:24] [INFO] [Logger] Cleanup completed. No expired log files found.
[2026-09-12 10:28:24] [INFO] [Logger] Automated log cleanup scheduler started (runs every 24 hours).
[2026-09-12 10:28:24] [INFO] [Server] Server started and listening on port 5000
[2026-09-12 10:28:24] [INFO] [Database] MongoDB Connected successfully: 76.13.244.61
[2026-09-12 10:28:24] [INFO] Admin user already exists
[2026-09-12 10:28:24] [INFO] [OVERSTAY] Staying customers found: 0
[2026-09-12 10:28:24] [INFO] ==================================================
[2026-09-12 10:28:24] [INFO] OVERSTAY CRON COMPLETED
[2026-09-12 10:28:24] [INFO] ==================================================
[2026-09-12 10:28:32] [INFO] [OVERSTAY] Overstay cron initialized successfully
[2026-09-12 10:28:32] [INFO] [OVERSTAY] Cron schedule: Every minute
[2026-09-12 10:28:32] [INFO] [OVERSTAY] Cron timezone: Asia/Kolkata
[2026-09-12 10:28:32] [INFO] ==================================================
[2026-09-12 10:28:32] [INFO] OVERSTAY CRON STARTED
[2026-09-12 10:28:32] [INFO] ==================================================
[2026-09-12 10:28:32] [INFO] [OVERSTAY] Current India Date/Time: 12/09/2026 10:28:32
[2026-09-12 10:28:32] [INFO] [OVERSTAY] Timezone: Asia/Kolkata
[2026-09-12 10:28:33] [INFO] [Logger] Running log cleanup check. Retention limit: 30 days.
[2026-09-12 10:28:33] [INFO] [Logger] Cleanup completed. No expired log files found.
[2026-09-12 10:28:33] [INFO] [Logger] Automated log cleanup scheduler started (runs every 24 hours).
[2026-09-12 10:28:33] [INFO] [Server] Server started and listening on port 5000
[2026-09-12 10:28:33] [INFO] [Database] MongoDB Connected successfully: 76.13.244.61
[2026-09-12 10:28:33] [INFO] Admin user already exists
[2026-09-12 10:28:33] [INFO] [OVERSTAY] Staying customers found: 0
[2026-09-12 10:28:33] [INFO] ==================================================
[2026-09-12 10:28:33] [INFO] OVERSTAY CRON COMPLETED
[2026-09-12 10:28:33] [INFO] ==================================================
[2026-09-12 10:28:38] [INFO] [OVERSTAY] Overstay cron initialized successfully
[2026-09-12 10:28:38] [INFO] [OVERSTAY] Cron schedule: Every minute
[2026-09-12 10:28:38] [INFO] [OVERSTAY] Cron timezone: Asia/Kolkata
[2026-09-12 10:28:38] [INFO] ==================================================
[2026-09-12 10:28:38] [INFO] OVERSTAY CRON STARTED
[2026-09-12 10:28:38] [INFO] ==================================================
[2026-09-12 10:28:38] [INFO] [OVERSTAY] Current India Date/Time: 12/09/2026 10:28:38
[2026-09-12 10:28:38] [INFO] [OVERSTAY] Timezone: Asia/Kolkata
[2026-09-12 10:28:39] [INFO] [Logger] Running log cleanup check. Retention limit: 30 days.
[2026-09-12 10:28:39] [INFO] [Logger] Cleanup completed. No expired log files found.
[2026-09-12 10:28:39] [INFO] [Logger] Automated log cleanup scheduler started (runs every 24 hours).
[2026-09-12 10:28:39] [INFO] [Server] Server started and listening on port 5000
[2026-09-12 10:28:39] [INFO] [Database] MongoDB Connected successfully: 76.13.244.61
[2026-09-12 10:28:39] [INFO] Admin user already exists
[2026-09-12 10:28:39] [INFO] [OVERSTAY] Staying customers found: 0
[2026-09-12 10:28:39] [INFO] ==================================================
[2026-09-12 10:28:39] [INFO] OVERSTAY CRON COMPLETED
[2026-09-12 10:28:39] [INFO] ==================================================
[2026-09-12 10:29:00] [INFO] [OVERSTAY] Cron triggered
[2026-09-12 10:29:00] [INFO] ==================================================
[2026-09-12 10:29:00] [INFO] OVERSTAY CRON STARTED
[2026-09-12 10:29:00] [INFO] ==================================================
[2026-09-12 10:29:00] [INFO] [OVERSTAY] Current India Date/Time: 12/09/2026 10:29:00
[2026-09-12 10:29:00] [INFO] [OVERSTAY] Timezone: Asia/Kolkata
[2026-09-12 10:29:00] [INFO] [OVERSTAY] Staying customers found: 0
[2026-09-12 10:29:00] [INFO] ==================================================
[2026-09-12 10:29:00] [INFO] OVERSTAY CRON COMPLETED
[2026-09-12 10:29:00] [INFO] ==================================================
[2026-09-12 10:29:08] [INFO] [OVERSTAY] Overstay cron initialized successfully
[2026-09-12 10:29:08] [INFO] [OVERSTAY] Cron schedule: Every minute
[2026-09-12 10:29:08] [INFO] [OVERSTAY] Cron timezone: Asia/Kolkata
[2026-09-12 10:29:08] [INFO] ==================================================
[2026-09-12 10:29:08] [INFO] OVERSTAY CRON STARTED
[2026-09-12 10:29:08] [INFO] ==================================================
[2026-09-12 10:29:08] [INFO] [OVERSTAY] Current India Date/Time: 12/09/2026 10:29:08
[2026-09-12 10:29:08] [INFO] [OVERSTAY] Timezone: Asia/Kolkata
[2026-09-12 10:29:09] [INFO] [Logger] Running log cleanup check. Retention limit: 30 days.
[2026-09-12 10:29:09] [INFO] [Logger] Cleanup completed. No expired log files found.
[2026-09-12 10:29:09] [INFO] [Logger] Automated log cleanup scheduler started (runs every 24 hours).
[2026-09-12 10:29:09] [INFO] [Server] Server started and listening on port 5000
[2026-09-12 10:29:09] [INFO] [Database] MongoDB Connected successfully: 76.13.244.61
[2026-09-12 10:29:09] [INFO] Admin user already exists
[2026-09-12 10:29:09] [INFO] [OVERSTAY] Staying customers found: 0
[2026-09-12 10:29:09] [INFO] ==================================================
[2026-09-12 10:29:09] [INFO] OVERSTAY CRON COMPLETED
[2026-09-12 10:29:09] [INFO] ==================================================
[2026-09-12 10:29:15] [INFO] [OVERSTAY] Overstay cron initialized successfully
[2026-09-12 10:29:15] [INFO] [OVERSTAY] Cron schedule: Every minute
[2026-09-12 10:29:15] [INFO] [OVERSTAY] Cron timezone: Asia/Kolkata
[2026-09-12 10:29:15] [INFO] ==================================================
[2026-09-12 10:29:15] [INFO] OVERSTAY CRON STARTED
[2026-09-12 10:29:15] [INFO] ==================================================
[2026-09-12 10:29:15] [INFO] [OVERSTAY] Current India Date/Time: 12/09/2026 10:29:15
[2026-09-12 10:29:15] [INFO] [OVERSTAY] Timezone: Asia/Kolkata
[2026-09-12 10:29:15] [INFO] [Logger] Running log cleanup check. Retention limit: 30 days.
[2026-09-12 10:29:15] [INFO] [Logger] Cleanup completed. No expired log files found.
[2026-09-12 10:29:15] [INFO] [Logger] Automated log cleanup scheduler started (runs every 24 hours).
[2026-09-12 10:29:15] [INFO] [Server] Server started and listening on port 5000
[2026-09-12 10:29:16] [INFO] [Database] MongoDB Connected successfully: 76.13.244.61
[2026-09-12 10:29:16] [INFO] Admin user already exists
[2026-09-12 10:29:16] [INFO] [OVERSTAY] Staying customers found: 0
[2026-09-12 10:29:16] [INFO] ==================================================
[2026-09-12 10:29:16] [INFO] OVERSTAY CRON COMPLETED
[2026-09-12 10:29:16] [INFO] ==================================================
[2026-09-12 10:29:30] [INFO] [OVERSTAY] Overstay cron initialized successfully
[2026-09-12 10:29:30] [INFO] [OVERSTAY] Cron schedule: Every minute
[2026-09-12 10:29:30] [INFO] [OVERSTAY] Cron timezone: Asia/Kolkata
[2026-09-12 10:29:30] [INFO] ==================================================
[2026-09-12 10:29:30] [INFO] OVERSTAY CRON STARTED
[2026-09-12 10:29:30] [INFO] ==================================================
[2026-09-12 10:29:30] [INFO] [OVERSTAY] Current India Date/Time: 12/09/2026 10:29:30
[2026-09-12 10:29:30] [INFO] [OVERSTAY] Timezone: Asia/Kolkata
[2026-09-12 10:29:31] [INFO] [Logger] Running log cleanup check. Retention limit: 30 days.
[2026-09-12 10:29:31] [INFO] [Logger] Cleanup completed. No expired log files found.
[2026-09-12 10:29:31] [INFO] [Logger] Automated log cleanup scheduler started (runs every 24 hours).
[2026-09-12 10:29:31] [INFO] [Server] Server started and listening on port 5000
[2026-09-12 10:29:31] [INFO] [Database] MongoDB Connected successfully: 76.13.244.61
[2026-09-12 10:29:31] [INFO] [OVERSTAY] Staying customers found: 0
[2026-09-12 10:29:31] [INFO] ==================================================
[2026-09-12 10:29:31] [INFO] OVERSTAY CRON COMPLETED
[2026-09-12 10:29:31] [INFO] ==================================================
[2026-09-12 10:29:31] [INFO] Admin user already exists
[2026-09-12 10:29:33] [INFO] [OVERSTAY] Overstay cron initialized successfully
[2026-09-12 10:29:33] [INFO] [OVERSTAY] Cron schedule: Every minute
[2026-09-12 10:29:33] [INFO] [OVERSTAY] Cron timezone: Asia/Kolkata
[2026-09-12 10:29:33] [INFO] ==================================================
[2026-09-12 10:29:33] [INFO] OVERSTAY CRON STARTED
[2026-09-12 10:29:33] [INFO] ==================================================
[2026-09-12 10:29:33] [INFO] [OVERSTAY] Current India Date/Time: 12/09/2026 10:29:33
[2026-09-12 10:29:33] [INFO] [OVERSTAY] Timezone: Asia/Kolkata
[2026-09-12 10:29:33] [INFO] [Logger] Running log cleanup check. Retention limit: 30 days.
[2026-09-12 10:29:33] [INFO] [Logger] Cleanup completed. No expired log files found.
[2026-09-12 10:29:33] [INFO] [Logger] Automated log cleanup scheduler started (runs every 24 hours).
[2026-09-12 10:29:33] [INFO] [Server] Server started and listening on port 5000
[2026-09-12 10:29:33] [INFO] [Database] MongoDB Connected successfully: 76.13.244.61
[2026-09-12 10:29:33] [INFO] Admin user already exists
[2026-09-12 10:29:33] [INFO] [OVERSTAY] Staying customers found: 0
[2026-09-12 10:29:33] [INFO] ==================================================
[2026-09-12 10:29:33] [INFO] OVERSTAY CRON COMPLETED
[2026-09-12 10:29:33] [INFO] ==================================================
[2026-09-12 10:30:00] [INFO] [OVERSTAY] Cron triggered
[2026-09-12 10:30:00] [INFO] ==================================================
[2026-09-12 10:30:00] [INFO] OVERSTAY CRON STARTED
[2026-09-12 10:30:00] [INFO] ==================================================
[2026-09-12 10:30:00] [INFO] [OVERSTAY] Current India Date/Time: 12/09/2026 10:30:00
[2026-09-12 10:30:00] [INFO] [OVERSTAY] Timezone: Asia/Kolkata
[2026-09-12 10:30:00] [INFO] [OVERSTAY] Staying customers found: 0
[2026-09-12 10:30:00] [INFO] ==================================================
[2026-09-12 10:30:00] [INFO] OVERSTAY CRON COMPLETED
[2026-09-12 10:30:00] [INFO] ==================================================
[2026-09-12 10:30:05] [INFO] [OVERSTAY] Overstay cron initialized successfully
[2026-09-12 10:30:05] [INFO] [OVERSTAY] Cron schedule: Every minute
[2026-09-12 10:30:05] [INFO] [OVERSTAY] Cron timezone: Asia/Kolkata
[2026-09-12 10:30:05] [INFO] ==================================================
[2026-09-12 10:30:05] [INFO] OVERSTAY CRON STARTED
[2026-09-12 10:30:05] [INFO] ==================================================
[2026-09-12 10:30:05] [INFO] [OVERSTAY] Current India Date/Time: 12/09/2026 10:30:05
[2026-09-12 10:30:05] [INFO] [OVERSTAY] Timezone: Asia/Kolkata
[2026-09-12 10:30:05] [INFO] [Logger] Running log cleanup check. Retention limit: 30 days.
[2026-09-12 10:30:05] [INFO] [Logger] Cleanup completed. No expired log files found.
[2026-09-12 10:30:05] [INFO] [Logger] Automated log cleanup scheduler started (runs every 24 hours).
[2026-09-12 10:30:05] [INFO] [Server] Server started and listening on port 5000
[2026-09-12 10:30:05] [INFO] [Database] MongoDB Connected successfully: 76.13.244.61
[2026-09-12 10:30:05] [INFO] Admin user already exists
[2026-09-12 10:30:05] [INFO] [OVERSTAY] Staying customers found: 0
[2026-09-12 10:30:05] [INFO] ==================================================
[2026-09-12 10:30:05] [INFO] OVERSTAY CRON COMPLETED
[2026-09-12 10:30:05] [INFO] ==================================================
[2026-09-12 10:30:29] [INFO] [OVERSTAY] Overstay cron initialized successfully
[2026-09-12 10:30:29] [INFO] [OVERSTAY] Cron schedule: Every minute
[2026-09-12 10:30:29] [INFO] [OVERSTAY] Cron timezone: Asia/Kolkata
[2026-09-12 10:30:29] [INFO] ==================================================
[2026-09-12 10:30:29] [INFO] OVERSTAY CRON STARTED
[2026-09-12 10:30:29] [INFO] ==================================================
[2026-09-12 10:30:29] [INFO] [OVERSTAY] Current India Date/Time: 12/09/2026 10:30:29
[2026-09-12 10:30:29] [INFO] [OVERSTAY] Timezone: Asia/Kolkata
[2026-09-12 10:30:30] [INFO] [Logger] Running log cleanup check. Retention limit: 30 days.
[2026-09-12 10:30:30] [INFO] [Logger] Cleanup completed. No expired log files found.
[2026-09-12 10:30:30] [INFO] [Logger] Automated log cleanup scheduler started (runs every 24 hours).
[2026-09-12 10:30:30] [INFO] [Server] Server started and listening on port 5000
[2026-09-12 10:30:30] [INFO] [Database] MongoDB Connected successfully: 76.13.244.61
[2026-09-12 10:30:30] [INFO] Admin user already exists
[2026-09-12 10:30:30] [INFO] [OVERSTAY] Staying customers found: 0
[2026-09-12 10:30:30] [INFO] ==================================================
[2026-09-12 10:30:30] [INFO] OVERSTAY CRON COMPLETED
[2026-09-12 10:30:30] [INFO] ==================================================
[2026-09-12 10:30:32] [INFO] [OVERSTAY] Overstay cron initialized successfully
[2026-09-12 10:30:32] [INFO] [OVERSTAY] Cron schedule: Every minute
[2026-09-12 10:30:32] [INFO] [OVERSTAY] Cron timezone: Asia/Kolkata
[2026-09-12 10:30:32] [INFO] ==================================================
[2026-09-12 10:30:32] [INFO] OVERSTAY CRON STARTED
[2026-09-12 10:30:32] [INFO] ==================================================
[2026-09-12 10:30:32] [INFO] [OVERSTAY] Current India Date/Time: 12/09/2026 10:30:32
[2026-09-12 10:30:32] [INFO] [OVERSTAY] Timezone: Asia/Kolkata
[2026-09-12 10:30:33] [INFO] [Logger] Running log cleanup check. Retention limit: 30 days.
[2026-09-12 10:30:33] [INFO] [Logger] Cleanup completed. No expired log files found.
[2026-09-12 10:30:33] [INFO] [Logger] Automated log cleanup scheduler started (runs every 24 hours).
[2026-09-12 10:30:33] [INFO] [Server] Server started and listening on port 5000
[2026-09-12 10:30:33] [INFO] [Database] MongoDB Connected successfully: 76.13.244.61
[2026-09-12 10:30:33] [INFO] Admin user already exists
[2026-09-12 10:30:33] [INFO] [OVERSTAY] Staying customers found: 0
[2026-09-12 10:30:33] [INFO] ==================================================
[2026-09-12 10:30:33] [INFO] OVERSTAY CRON COMPLETED
[2026-09-12 10:30:33] [INFO] ==================================================
[2026-09-12 10:31:00] [INFO] [OVERSTAY] Cron triggered
[2026-09-12 10:31:00] [INFO] ==================================================
[2026-09-12 10:31:00] [INFO] OVERSTAY CRON STARTED
[2026-09-12 10:31:00] [INFO] ==================================================
[2026-09-12 10:31:00] [INFO] [OVERSTAY] Current India Date/Time: 12/09/2026 10:31:00
[2026-09-12 10:31:00] [INFO] [OVERSTAY] Timezone: Asia/Kolkata
[2026-09-12 10:31:00] [INFO] [OVERSTAY] Staying customers found: 0
[2026-09-12 10:31:00] [INFO] ==================================================
[2026-09-12 10:31:00] [INFO] OVERSTAY CRON COMPLETED
[2026-09-12 10:31:00] [INFO] ==================================================
[2026-09-12 10:32:00] [INFO] [OVERSTAY] Cron triggered
[2026-09-12 10:32:00] [INFO] ==================================================
[2026-09-12 10:32:00] [INFO] OVERSTAY CRON STARTED
[2026-09-12 10:32:00] [INFO] ==================================================
[2026-09-12 10:32:00] [INFO] [OVERSTAY] Current India Date/Time: 12/09/2026 10:32:00
[2026-09-12 10:32:00] [INFO] [OVERSTAY] Timezone: Asia/Kolkata
[2026-09-12 10:32:00] [INFO] [OVERSTAY] Staying customers found: 0
[2026-09-12 10:32:00] [INFO] ==================================================
[2026-09-12 10:32:00] [INFO] OVERSTAY CRON COMPLETED
[2026-09-12 10:32:00] [INFO] ==================================================
[2026-09-12 10:33:00] [INFO] [OVERSTAY] Cron triggered
[2026-09-12 10:33:00] [INFO] ==================================================
[2026-09-12 10:33:00] [INFO] OVERSTAY CRON STARTED
[2026-09-12 10:33:00] [INFO] ==================================================
[2026-09-12 10:33:00] [INFO] [OVERSTAY] Current India Date/Time: 12/09/2026 10:33:00
[2026-09-12 10:33:00] [INFO] [OVERSTAY] Timezone: Asia/Kolkata
[2026-09-12 10:33:00] [INFO] [OVERSTAY] Staying customers found: 0
[2026-09-12 10:33:00] [INFO] ==================================================
[2026-09-12 10:33:00] [INFO] OVERSTAY CRON COMPLETED
[2026-09-12 10:33:00] [INFO] ==================================================
[2026-09-12 10:34:00] [INFO] [OVERSTAY] Cron triggered
[2026-09-12 10:34:00] [INFO] ==================================================
[2026-09-12 10:34:00] [INFO] OVERSTAY CRON STARTED
[2026-09-12 10:34:00] [INFO] ==================================================
[2026-09-12 10:34:00] [INFO] [OVERSTAY] Current India Date/Time: 12/09/2026 10:34:00
[2026-09-12 10:34:00] [INFO] [OVERSTAY] Timezone: Asia/Kolkata
[2026-09-12 10:34:00] [INFO] [OVERSTAY] Staying customers found: 0
[2026-09-12 10:34:00] [INFO] ==================================================
[2026-09-12 10:34:00] [INFO] OVERSTAY CRON COMPLETED
[2026-09-12 10:34:00] [INFO] ==================================================
[2026-09-12 10:35:00] [INFO] [OVERSTAY] Cron triggered
[2026-09-12 10:35:00] [INFO] ==================================================
[2026-09-12 10:35:00] [INFO] OVERSTAY CRON STARTED
[2026-09-12 10:35:00] [INFO] ==================================================
[2026-09-12 10:35:00] [INFO] [OVERSTAY] Current India Date/Time: 12/09/2026 10:35:00
[2026-09-12 10:35:00] [INFO] [OVERSTAY] Timezone: Asia/Kolkata
[2026-09-12 10:35:00] [INFO] [OVERSTAY] Staying customers found: 0
[2026-09-12 10:35:00] [INFO] ==================================================
[2026-09-12 10:35:00] [INFO] OVERSTAY CRON COMPLETED
[2026-09-12 10:35:00] [INFO] ==================================================
[2026-09-12 10:35:10] [INFO] [OVERSTAY] Overstay cron initialized successfully
[2026-09-12 10:35:10] [INFO] [OVERSTAY] Cron schedule: Every minute
[2026-09-12 10:35:10] [INFO] [OVERSTAY] Cron timezone: Asia/Kolkata
[2026-09-12 10:35:10] [INFO] ==================================================
[2026-09-12 10:35:10] [INFO] OVERSTAY CRON STARTED
[2026-09-12 10:35:10] [INFO] ==================================================
[2026-09-12 10:35:10] [INFO] [OVERSTAY] Current India Date/Time: 12/09/2026 10:35:10
[2026-09-12 10:35:10] [INFO] [OVERSTAY] Timezone: Asia/Kolkata
[2026-09-12 10:35:10] [INFO] [Logger] Running log cleanup check. Retention limit: 30 days.
[2026-09-12 10:35:10] [INFO] [Logger] Cleanup completed. No expired log files found.
[2026-09-12 10:35:10] [INFO] [Logger] Automated log cleanup scheduler started (runs every 24 hours).
[2026-09-12 10:35:10] [INFO] [Server] Server started and listening on port 5000
[2026-09-12 10:35:11] [INFO] [Database] MongoDB Connected successfully: 76.13.244.61
[2026-09-12 10:35:11] [INFO] Admin user already exists
[2026-09-12 10:35:11] [INFO] [OVERSTAY] Staying customers found: 0
[2026-09-12 10:35:11] [INFO] ==================================================
[2026-09-12 10:35:11] [INFO] OVERSTAY CRON COMPLETED
[2026-09-12 10:35:11] [INFO] ==================================================
[2026-09-12 10:35:12] [INFO] [OVERSTAY] Overstay cron initialized successfully
[2026-09-12 10:35:12] [INFO] [OVERSTAY] Cron schedule: Every minute
[2026-09-12 10:35:12] [INFO] [OVERSTAY] Cron timezone: Asia/Kolkata
[2026-09-12 10:35:12] [INFO] ==================================================
[2026-09-12 10:35:12] [INFO] OVERSTAY CRON STARTED
[2026-09-12 10:35:12] [INFO] ==================================================
[2026-09-12 10:35:12] [INFO] [OVERSTAY] Current India Date/Time: 12/09/2026 10:35:12
[2026-09-12 10:35:12] [INFO] [OVERSTAY] Timezone: Asia/Kolkata
[2026-09-12 10:35:12] [INFO] [Logger] Running log cleanup check. Retention limit: 30 days.
[2026-09-12 10:35:12] [INFO] [Logger] Cleanup completed. No expired log files found.
[2026-09-12 10:35:12] [INFO] [Logger] Automated log cleanup scheduler started (runs every 24 hours).
[2026-09-12 10:35:12] [INFO] [Server] Server started and listening on port 5000
[2026-09-12 10:35:13] [INFO] [Database] MongoDB Connected successfully: 76.13.244.61
[2026-09-12 10:35:13] [INFO] Admin user already exists
[2026-09-12 10:35:13] [INFO] [OVERSTAY] Staying customers found: 0
[2026-09-12 10:35:13] [INFO] ==================================================
[2026-09-12 10:35:13] [INFO] OVERSTAY CRON COMPLETED
[2026-09-12 10:35:13] [INFO] ==================================================
[2026-09-12 10:35:15] [INFO] [OVERSTAY] Overstay cron initialized successfully
[2026-09-12 10:35:15] [INFO] [OVERSTAY] Cron schedule: Every minute
[2026-09-12 10:35:15] [INFO] [OVERSTAY] Cron timezone: Asia/Kolkata
[2026-09-12 10:35:15] [INFO] ==================================================
[2026-09-12 10:35:15] [INFO] OVERSTAY CRON STARTED
[2026-09-12 10:35:15] [INFO] ==================================================
[2026-09-12 10:35:15] [INFO] [OVERSTAY] Current India Date/Time: 12/09/2026 10:35:15
[2026-09-12 10:35:15] [INFO] [OVERSTAY] Timezone: Asia/Kolkata
[2026-09-12 10:35:16] [INFO] [Logger] Running log cleanup check. Retention limit: 30 days.
[2026-09-12 10:35:16] [INFO] [Logger] Cleanup completed. No expired log files found.
[2026-09-12 10:35:16] [INFO] [Logger] Automated log cleanup scheduler started (runs every 24 hours).
[2026-09-12 10:35:16] [INFO] [Server] Server started and listening on port 5000
[2026-09-12 10:35:16] [INFO] [Database] MongoDB Connected successfully: 76.13.244.61
[2026-09-12 10:35:16] [INFO] Admin user already exists
[2026-09-12 10:35:16] [INFO] [OVERSTAY] Staying customers found: 0
[2026-09-12 10:35:16] [INFO] ==================================================
[2026-09-12 10:35:16] [INFO] OVERSTAY CRON COMPLETED
[2026-09-12 10:35:16] [INFO] ==================================================
[2026-09-12 10:35:22] [INFO] [OVERSTAY] Overstay cron initialized successfully
[2026-09-12 10:35:22] [INFO] [OVERSTAY] Cron schedule: Every minute
[2026-09-12 10:35:22] [INFO] [OVERSTAY] Cron timezone: Asia/Kolkata
[2026-09-12 10:35:22] [INFO] ==================================================
[2026-09-12 10:35:22] [INFO] OVERSTAY CRON STARTED
[2026-09-12 10:35:22] [INFO] ==================================================
[2026-09-12 10:35:22] [INFO] [OVERSTAY] Current India Date/Time: 12/09/2026 10:35:22
[2026-09-12 10:35:22] [INFO] [OVERSTAY] Timezone: Asia/Kolkata
[2026-09-12 10:35:22] [INFO] [Logger] Running log cleanup check. Retention limit: 30 days.
[2026-09-12 10:35:22] [INFO] [Logger] Cleanup completed. No expired log files found.
[2026-09-12 10:35:22] [INFO] [Logger] Automated log cleanup scheduler started (runs every 24 hours).
[2026-09-12 10:35:22] [INFO] [Server] Server started and listening on port 5000
[2026-09-12 10:35:22] [INFO] [Database] MongoDB Connected successfully: 76.13.244.61
[2026-09-12 10:35:23] [INFO] Admin user already exists
[2026-09-12 10:35:23] [INFO] [OVERSTAY] Staying customers found: 0
[2026-09-12 10:35:23] [INFO] ==================================================
[2026-09-12 10:35:23] [INFO] OVERSTAY CRON COMPLETED
[2026-09-12 10:35:23] [INFO] ==================================================
[2026-09-12 10:35:47] [INFO] [OVERSTAY] Overstay cron initialized successfully
[2026-09-12 10:35:47] [INFO] [OVERSTAY] Cron schedule: Every minute
[2026-09-12 10:35:47] [INFO] [OVERSTAY] Cron timezone: Asia/Kolkata
[2026-09-12 10:35:47] [INFO] ==================================================
[2026-09-12 10:35:47] [INFO] OVERSTAY CRON STARTED
[2026-09-12 10:35:47] [INFO] ==================================================
[2026-09-12 10:35:47] [INFO] [OVERSTAY] Current India Date/Time: 12/09/2026 10:35:47
[2026-09-12 10:35:47] [INFO] [OVERSTAY] Timezone: Asia/Kolkata
[2026-09-12 10:35:47] [INFO] [Logger] Running log cleanup check. Retention limit: 30 days.
[2026-09-12 10:35:47] [INFO] [Logger] Cleanup completed. No expired log files found.
[2026-09-12 10:35:47] [INFO] [Logger] Automated log cleanup scheduler started (runs every 24 hours).
[2026-09-12 10:35:47] [INFO] [Server] Server started and listening on port 5000
[2026-09-12 10:35:48] [INFO] [Database] MongoDB Connected successfully: 76.13.244.61
[2026-09-12 10:35:48] [INFO] Admin user already exists
[2026-09-12 10:35:48] [INFO] [OVERSTAY] Staying customers found: 0
[2026-09-12 10:35:48] [INFO] ==================================================
[2026-09-12 10:35:48] [INFO] OVERSTAY CRON COMPLETED
[2026-09-12 10:35:48] [INFO] ==================================================
[2026-09-12 10:35:51] [INFO] [OVERSTAY] Overstay cron initialized successfully
[2026-09-12 10:35:51] [INFO] [OVERSTAY] Cron schedule: Every minute
[2026-09-12 10:35:51] [INFO] [OVERSTAY] Cron timezone: Asia/Kolkata
[2026-09-12 10:35:51] [INFO] ==================================================
[2026-09-12 10:35:51] [INFO] OVERSTAY CRON STARTED
[2026-09-12 10:35:51] [INFO] ==================================================
[2026-09-12 10:35:51] [INFO] [OVERSTAY] Current India Date/Time: 12/09/2026 10:35:51
[2026-09-12 10:35:51] [INFO] [OVERSTAY] Timezone: Asia/Kolkata
[2026-09-12 10:35:52] [INFO] [Logger] Running log cleanup check. Retention limit: 30 days.
[2026-09-12 10:35:52] [INFO] [Logger] Cleanup completed. No expired log files found.
[2026-09-12 10:35:52] [INFO] [Logger] Automated log cleanup scheduler started (runs every 24 hours).
[2026-09-12 10:35:52] [INFO] [Server] Server started and listening on port 5000
[2026-09-12 10:35:52] [INFO] [Database] MongoDB Connected successfully: 76.13.244.61
[2026-09-12 10:35:52] [INFO] Admin user already exists
[2026-09-12 10:35:52] [INFO] [OVERSTAY] Staying customers found: 0
[2026-09-12 10:35:52] [INFO] ==================================================
[2026-09-12 10:35:52] [INFO] OVERSTAY CRON COMPLETED
[2026-09-12 10:35:52] [INFO] ==================================================
[2026-09-12 10:36:00] [INFO] [OVERSTAY] Overstay cron initialized successfully
[2026-09-12 10:36:00] [INFO] [OVERSTAY] Cron schedule: Every minute
[2026-09-12 10:36:00] [INFO] [OVERSTAY] Cron timezone: Asia/Kolkata
[2026-09-12 10:36:00] [INFO] ==================================================
[2026-09-12 10:36:00] [INFO] OVERSTAY CRON STARTED
[2026-09-12 10:36:00] [INFO] ==================================================
[2026-09-12 10:36:00] [INFO] [OVERSTAY] Current India Date/Time: 12/09/2026 10:36:00
[2026-09-12 10:36:00] [INFO] [OVERSTAY] Timezone: Asia/Kolkata
[2026-09-12 10:36:00] [INFO] [Logger] Running log cleanup check. Retention limit: 30 days.
[2026-09-12 10:36:00] [INFO] [Logger] Cleanup completed. No expired log files found.
[2026-09-12 10:36:00] [INFO] [Logger] Automated log cleanup scheduler started (runs every 24 hours).
[2026-09-12 10:36:00] [INFO] [Server] Server started and listening on port 5000
[2026-09-12 10:36:01] [INFO] [Database] MongoDB Connected successfully: 76.13.244.61
[2026-09-12 10:36:01] [INFO] Admin user already exists
[2026-09-12 10:36:01] [INFO] [OVERSTAY] Staying customers found: 0
[2026-09-12 10:36:01] [INFO] ==================================================
[2026-09-12 10:36:01] [INFO] OVERSTAY CRON COMPLETED
[2026-09-12 10:36:01] [INFO] ==================================================
[2026-09-12 10:37:00] [INFO] [OVERSTAY] Cron triggered
[2026-09-12 10:37:00] [INFO] ==================================================
[2026-09-12 10:37:00] [INFO] OVERSTAY CRON STARTED
[2026-09-12 10:37:00] [INFO] ==================================================
[2026-09-12 10:37:00] [INFO] [OVERSTAY] Current India Date/Time: 12/09/2026 10:37:00
[2026-09-12 10:37:00] [INFO] [OVERSTAY] Timezone: Asia/Kolkata
[2026-09-12 10:37:00] [INFO] [OVERSTAY] Staying customers found: 0
[2026-09-12 10:37:00] [INFO] ==================================================
[2026-09-12 10:37:00] [INFO] OVERSTAY CRON COMPLETED
[2026-09-12 10:37:00] [INFO] ==================================================
[2026-09-12 10:38:00] [INFO] [OVERSTAY] Cron triggered
[2026-09-12 10:38:00] [INFO] ==================================================
[2026-09-12 10:38:00] [INFO] OVERSTAY CRON STARTED
[2026-09-12 10:38:00] [INFO] ==================================================
[2026-09-12 10:38:00] [INFO] [OVERSTAY] Current India Date/Time: 12/09/2026 10:38:00
[2026-09-12 10:38:00] [INFO] [OVERSTAY] Timezone: Asia/Kolkata
[2026-09-12 10:38:00] [INFO] [OVERSTAY] Staying customers found: 0
[2026-09-12 10:38:00] [INFO] ==================================================
[2026-09-12 10:38:00] [INFO] OVERSTAY CRON COMPLETED
[2026-09-12 10:38:00] [INFO] ==================================================
[2026-09-12 10:38:02] [INFO] [OVERSTAY] Overstay cron initialized successfully
[2026-09-12 10:38:02] [INFO] [OVERSTAY] Cron schedule: Every minute
[2026-09-12 10:38:02] [INFO] [OVERSTAY] Cron timezone: Asia/Kolkata
[2026-09-12 10:38:02] [INFO] ==================================================
[2026-09-12 10:38:02] [INFO] OVERSTAY CRON STARTED
[2026-09-12 10:38:02] [INFO] ==================================================
[2026-09-12 10:38:02] [INFO] [OVERSTAY] Current India Date/Time: 12/09/2026 10:38:02
[2026-09-12 10:38:02] [INFO] [OVERSTAY] Timezone: Asia/Kolkata
[2026-09-12 10:38:02] [INFO] [Logger] Running log cleanup check. Retention limit: 30 days.
[2026-09-12 10:38:02] [INFO] [Logger] Cleanup completed. No expired log files found.
[2026-09-12 10:38:02] [INFO] [Logger] Automated log cleanup scheduler started (runs every 24 hours).
[2026-09-12 10:38:02] [INFO] [Server] Server started and listening on port 5000
[2026-09-12 10:38:03] [INFO] [Database] MongoDB Connected successfully: 76.13.244.61
[2026-09-12 10:38:03] [INFO] Admin user already exists
[2026-09-12 10:38:03] [INFO] [OVERSTAY] Staying customers found: 0
[2026-09-12 10:38:03] [INFO] ==================================================
[2026-09-12 10:38:03] [INFO] OVERSTAY CRON COMPLETED
[2026-09-12 10:38:03] [INFO] ==================================================
[2026-09-12 10:39:00] [INFO] [OVERSTAY] Cron triggered
[2026-09-12 10:39:00] [INFO] ==================================================
[2026-09-12 10:39:00] [INFO] OVERSTAY CRON STARTED
[2026-09-12 10:39:00] [INFO] ==================================================
[2026-09-12 10:39:00] [INFO] [OVERSTAY] Current India Date/Time: 12/09/2026 10:39:00
[2026-09-12 10:39:00] [INFO] [OVERSTAY] Timezone: Asia/Kolkata
[2026-09-12 10:39:00] [INFO] [OVERSTAY] Staying customers found: 0
[2026-09-12 10:39:00] [INFO] ==================================================
[2026-09-12 10:39:00] [INFO] OVERSTAY CRON COMPLETED
[2026-09-12 10:39:00] [INFO] ==================================================
[2026-09-12 10:39:07] [INFO] [OVERSTAY] Overstay cron initialized successfully
[2026-09-12 10:39:07] [INFO] [OVERSTAY] Cron schedule: Every minute
[2026-09-12 10:39:07] [INFO] [OVERSTAY] Cron timezone: Asia/Kolkata
[2026-09-12 10:39:07] [INFO] ==================================================
[2026-09-12 10:39:07] [INFO] OVERSTAY CRON STARTED
[2026-09-12 10:39:07] [INFO] ==================================================
[2026-09-12 10:39:07] [INFO] [OVERSTAY] Current India Date/Time: 12/09/2026 10:39:07
[2026-09-12 10:39:07] [INFO] [OVERSTAY] Timezone: Asia/Kolkata
[2026-09-12 10:39:07] [INFO] [Logger] Running log cleanup check. Retention limit: 30 days.
[2026-09-12 10:39:07] [INFO] [Logger] Cleanup completed. No expired log files found.
[2026-09-12 10:39:07] [INFO] [Logger] Automated log cleanup scheduler started (runs every 24 hours).
[2026-09-12 10:39:07] [INFO] [Server] Server started and listening on port 5000
[2026-09-12 10:39:07] [INFO] [Database] MongoDB Connected successfully: 76.13.244.61
[2026-09-12 10:39:07] [INFO] Admin user already exists
[2026-09-12 10:39:07] [INFO] [OVERSTAY] Staying customers found: 0
[2026-09-12 10:39:07] [INFO] ==================================================
[2026-09-12 10:39:07] [INFO] OVERSTAY CRON COMPLETED
[2026-09-12 10:39:07] [INFO] ==================================================
[2026-09-12 10:40:00] [INFO] [OVERSTAY] Cron triggered
[2026-09-12 10:40:00] [INFO] ==================================================
[2026-09-12 10:40:00] [INFO] OVERSTAY CRON STARTED
[2026-09-12 10:40:00] [INFO] ==================================================
[2026-09-12 10:40:00] [INFO] [OVERSTAY] Current India Date/Time: 12/09/2026 10:40:00
[2026-09-12 10:40:00] [INFO] [OVERSTAY] Timezone: Asia/Kolkata
[2026-09-12 10:40:00] [INFO] [OVERSTAY] Staying customers found: 0
[2026-09-12 10:40:00] [INFO] ==================================================
[2026-09-12 10:40:00] [INFO] OVERSTAY CRON COMPLETED
[2026-09-12 10:40:00] [INFO] ==================================================
[2026-09-12 10:40:45] [INFO] [OVERSTAY] Overstay cron initialized successfully
[2026-09-12 10:40:45] [INFO] [OVERSTAY] Cron schedule: Every minute
[2026-09-12 10:40:45] [INFO] [OVERSTAY] Cron timezone: Asia/Kolkata
[2026-09-12 10:40:45] [INFO] ==================================================
[2026-09-12 10:40:45] [INFO] OVERSTAY CRON STARTED
[2026-09-12 10:40:45] [INFO] ==================================================
[2026-09-12 10:40:45] [INFO] [OVERSTAY] Current India Date/Time: 12/09/2026 10:40:45
[2026-09-12 10:40:45] [INFO] [OVERSTAY] Timezone: Asia/Kolkata
[2026-09-12 10:40:46] [INFO] [Logger] Running log cleanup check. Retention limit: 30 days.
[2026-09-12 10:40:46] [INFO] [Logger] Cleanup completed. No expired log files found.
[2026-09-12 10:40:46] [INFO] [Logger] Automated log cleanup scheduler started (runs every 24 hours).
[2026-09-12 10:40:46] [INFO] [Server] Server started and listening on port 5000
[2026-09-12 10:40:46] [INFO] [Database] MongoDB Connected successfully: 76.13.244.61
[2026-09-12 10:40:46] [INFO] Admin user already exists
[2026-09-12 10:40:46] [INFO] [OVERSTAY] Staying customers found: 0
[2026-09-12 10:40:46] [INFO] ==================================================
[2026-09-12 10:40:46] [INFO] OVERSTAY CRON COMPLETED
[2026-09-12 10:40:46] [INFO] ==================================================
[2026-09-12 10:40:58] [INFO] [OVERSTAY] Overstay cron initialized successfully
[2026-09-12 10:40:58] [INFO] [OVERSTAY] Cron schedule: Every minute
[2026-09-12 10:40:58] [INFO] [OVERSTAY] Cron timezone: Asia/Kolkata
[2026-09-12 10:40:58] [INFO] ==================================================
[2026-09-12 10:40:58] [INFO] OVERSTAY CRON STARTED
[2026-09-12 10:40:58] [INFO] ==================================================
[2026-09-12 10:40:58] [INFO] [OVERSTAY] Current India Date/Time: 12/09/2026 10:40:58
[2026-09-12 10:40:58] [INFO] [OVERSTAY] Timezone: Asia/Kolkata
[2026-09-12 10:40:58] [INFO] [Logger] Running log cleanup check. Retention limit: 30 days.
[2026-09-12 10:40:58] [INFO] [Logger] Cleanup completed. No expired log files found.
[2026-09-12 10:40:58] [INFO] [Logger] Automated log cleanup scheduler started (runs every 24 hours).
[2026-09-12 10:40:58] [INFO] [Server] Server started and listening on port 5000
[2026-09-12 10:40:58] [INFO] [Database] MongoDB Connected successfully: 76.13.244.61
[2026-09-12 10:40:58] [INFO] Admin user already exists
[2026-09-12 10:40:58] [INFO] [OVERSTAY] Staying customers found: 0
[2026-09-12 10:40:58] [INFO] ==================================================
[2026-09-12 10:40:58] [INFO] OVERSTAY CRON COMPLETED
[2026-09-12 10:40:58] [INFO] ==================================================
[2026-09-12 10:41:00] [INFO] [OVERSTAY] Cron triggered
[2026-09-12 10:41:00] [INFO] ==================================================
[2026-09-12 10:41:00] [INFO] OVERSTAY CRON STARTED
[2026-09-12 10:41:00] [INFO] ==================================================
[2026-09-12 10:41:00] [INFO] [OVERSTAY] Current India Date/Time: 12/09/2026 10:41:00
[2026-09-12 10:41:00] [INFO] [OVERSTAY] Timezone: Asia/Kolkata
[2026-09-12 10:41:00] [INFO] [OVERSTAY] Staying customers found: 0
[2026-09-12 10:41:00] [INFO] ==================================================
[2026-09-12 10:41:00] [INFO] OVERSTAY CRON COMPLETED
[2026-09-12 10:41:00] [INFO] ==================================================
[2026-09-12 10:42:00] [INFO] [OVERSTAY] Cron triggered
[2026-09-12 10:42:00] [INFO] ==================================================
[2026-09-12 10:42:00] [INFO] OVERSTAY CRON STARTED
[2026-09-12 10:42:00] [INFO] ==================================================
[2026-09-12 10:42:00] [INFO] [OVERSTAY] Current India Date/Time: 12/09/2026 10:42:00
[2026-09-12 10:42:00] [INFO] [OVERSTAY] Timezone: Asia/Kolkata
[2026-09-12 10:42:00] [INFO] [OVERSTAY] Staying customers found: 0
[2026-09-12 10:42:00] [INFO] ==================================================
[2026-09-12 10:42:00] [INFO] OVERSTAY CRON COMPLETED
[2026-09-12 10:42:00] [INFO] ==================================================
[2026-09-12 10:42:40] [INFO] [OVERSTAY] Overstay cron initialized successfully
[2026-09-12 10:42:40] [INFO] [OVERSTAY] Cron schedule: Every minute
[2026-09-12 10:42:40] [INFO] [OVERSTAY] Cron timezone: Asia/Kolkata
[2026-09-12 10:42:40] [INFO] ==================================================
[2026-09-12 10:42:40] [INFO] OVERSTAY CRON STARTED
[2026-09-12 10:42:40] [INFO] ==================================================
[2026-09-12 10:42:40] [INFO] [OVERSTAY] Current India Date/Time: 12/09/2026 10:42:40
[2026-09-12 10:42:40] [INFO] [OVERSTAY] Timezone: Asia/Kolkata
[2026-09-12 10:42:40] [INFO] [Logger] Running log cleanup check. Retention limit: 30 days.
[2026-09-12 10:42:40] [INFO] [Logger] Cleanup completed. No expired log files found.
[2026-09-12 10:42:40] [INFO] [Logger] Automated log cleanup scheduler started (runs every 24 hours).
[2026-09-12 10:42:40] [INFO] [Server] Server started and listening on port 5000
[2026-09-12 10:42:40] [INFO] [Database] MongoDB Connected successfully: 76.13.244.61
[2026-09-12 10:42:40] [INFO] Admin user already exists
[2026-09-12 10:42:40] [INFO] [OVERSTAY] Staying customers found: 0
[2026-09-12 10:42:40] [INFO] ==================================================
[2026-09-12 10:42:40] [INFO] OVERSTAY CRON COMPLETED
[2026-09-12 10:42:40] [INFO] ==================================================
[2026-09-12 10:42:50] [INFO] [OVERSTAY] Overstay cron initialized successfully
[2026-09-12 10:42:50] [INFO] [OVERSTAY] Cron schedule: Every minute
[2026-09-12 10:42:50] [INFO] [OVERSTAY] Cron timezone: Asia/Kolkata
[2026-09-12 10:42:50] [INFO] ==================================================
[2026-09-12 10:42:50] [INFO] OVERSTAY CRON STARTED
[2026-09-12 10:42:50] [INFO] ==================================================
[2026-09-12 10:42:50] [INFO] [OVERSTAY] Current India Date/Time: 12/09/2026 10:42:50
[2026-09-12 10:42:50] [INFO] [OVERSTAY] Timezone: Asia/Kolkata
[2026-09-12 10:42:51] [INFO] [Logger] Running log cleanup check. Retention limit: 30 days.
[2026-09-12 10:42:51] [INFO] [Logger] Cleanup completed. No expired log files found.
[2026-09-12 10:42:51] [INFO] [Logger] Automated log cleanup scheduler started (runs every 24 hours).
[2026-09-12 10:42:51] [INFO] [Server] Server started and listening on port 5000
[2026-09-12 10:42:51] [INFO] [Database] MongoDB Connected successfully: 76.13.244.61
[2026-09-12 10:42:51] [INFO] Admin user already exists
[2026-09-12 10:42:51] [INFO] [OVERSTAY] Staying customers found: 0
[2026-09-12 10:42:51] [INFO] ==================================================
[2026-09-12 10:42:51] [INFO] OVERSTAY CRON COMPLETED
[2026-09-12 10:42:51] [INFO] ==================================================
[2026-09-12 10:43:00] [INFO] [OVERSTAY] Cron triggered
[2026-09-12 10:43:00] [INFO] ==================================================
[2026-09-12 10:43:00] [INFO] OVERSTAY CRON STARTED
[2026-09-12 10:43:00] [INFO] ==================================================
[2026-09-12 10:43:00] [INFO] [OVERSTAY] Current India Date/Time: 12/09/2026 10:43:00
[2026-09-12 10:43:00] [INFO] [OVERSTAY] Timezone: Asia/Kolkata
[2026-09-12 10:43:00] [INFO] [OVERSTAY] Staying customers found: 0
[2026-09-12 10:43:00] [INFO] ==================================================
[2026-09-12 10:43:00] [INFO] OVERSTAY CRON COMPLETED
[2026-09-12 10:43:00] [INFO] ==================================================
[2026-09-12 10:43:44] [INFO] [OVERSTAY] Overstay cron initialized successfully
[2026-09-12 10:43:44] [INFO] [OVERSTAY] Cron schedule: Every minute
[2026-09-12 10:43:44] [INFO] [OVERSTAY] Cron timezone: Asia/Kolkata
[2026-09-12 10:43:44] [INFO] ==================================================
[2026-09-12 10:43:44] [INFO] OVERSTAY CRON STARTED
[2026-09-12 10:43:44] [INFO] ==================================================
[2026-09-12 10:43:44] [INFO] [OVERSTAY] Current India Date/Time: 12/09/2026 10:43:44
[2026-09-12 10:43:44] [INFO] [OVERSTAY] Timezone: Asia/Kolkata
[2026-09-12 10:43:45] [INFO] [Logger] Running log cleanup check. Retention limit: 30 days.
[2026-09-12 10:43:45] [INFO] [Logger] Cleanup completed. No expired log files found.
[2026-09-12 10:43:45] [INFO] [Logger] Automated log cleanup scheduler started (runs every 24 hours).
[2026-09-12 10:43:45] [INFO] [Server] Server started and listening on port 5000
[2026-09-12 10:43:45] [INFO] [Database] MongoDB Connected successfully: 76.13.244.61
[2026-09-12 10:43:45] [INFO] Admin user already exists
[2026-09-12 10:43:45] [INFO] [OVERSTAY] Staying customers found: 0
[2026-09-12 10:43:45] [INFO] ==================================================
[2026-09-12 10:43:45] [INFO] OVERSTAY CRON COMPLETED
[2026-09-12 10:43:45] [INFO] ==================================================
[2026-09-12 10:43:55] [INFO] [OVERSTAY] Overstay cron initialized successfully
[2026-09-12 10:43:55] [INFO] [OVERSTAY] Cron schedule: Every minute
[2026-09-12 10:43:55] [INFO] [OVERSTAY] Cron timezone: Asia/Kolkata
[2026-09-12 10:43:55] [INFO] ==================================================
[2026-09-12 10:43:55] [INFO] OVERSTAY CRON STARTED
[2026-09-12 10:43:55] [INFO] ==================================================
[2026-09-12 10:43:55] [INFO] [OVERSTAY] Current India Date/Time: 12/09/2026 10:43:55
[2026-09-12 10:43:55] [INFO] [OVERSTAY] Timezone: Asia/Kolkata
[2026-09-12 10:43:55] [INFO] [Logger] Running log cleanup check. Retention limit: 30 days.
[2026-09-12 10:43:55] [INFO] [Logger] Cleanup completed. No expired log files found.
[2026-09-12 10:43:55] [INFO] [Logger] Automated log cleanup scheduler started (runs every 24 hours).
[2026-09-12 10:43:55] [INFO] [Server] Server started and listening on port 5000
[2026-09-12 10:43:55] [INFO] [Database] MongoDB Connected successfully: 76.13.244.61
[2026-09-12 10:43:56] [INFO] Admin user already exists
[2026-09-12 10:43:56] [INFO] [OVERSTAY] Staying customers found: 0
[2026-09-12 10:43:56] [INFO] ==================================================
[2026-09-12 10:43:56] [INFO] OVERSTAY CRON COMPLETED
[2026-09-12 10:43:56] [INFO] ==================================================
[2026-09-12 10:44:00] [INFO] [OVERSTAY] Cron triggered
[2026-09-12 10:44:00] [INFO] ==================================================
[2026-09-12 10:44:00] [INFO] OVERSTAY CRON STARTED
[2026-09-12 10:44:00] [INFO] ==================================================
[2026-09-12 10:44:00] [INFO] [OVERSTAY] Current India Date/Time: 12/09/2026 10:44:00
[2026-09-12 10:44:00] [INFO] [OVERSTAY] Timezone: Asia/Kolkata
[2026-09-12 10:44:00] [INFO] [OVERSTAY] Staying customers found: 0
[2026-09-12 10:44:00] [INFO] ==================================================
[2026-09-12 10:44:00] [INFO] OVERSTAY CRON COMPLETED
[2026-09-12 10:44:00] [INFO] ==================================================
[2026-09-12 10:44:46] [INFO] [OVERSTAY] Overstay cron initialized successfully
[2026-09-12 10:44:46] [INFO] [OVERSTAY] Cron schedule: Every minute
[2026-09-12 10:44:46] [INFO] [OVERSTAY] Cron timezone: Asia/Kolkata
[2026-09-12 10:44:46] [INFO] ==================================================
[2026-09-12 10:44:46] [INFO] OVERSTAY CRON STARTED
[2026-09-12 10:44:46] [INFO] ==================================================
[2026-09-12 10:44:46] [INFO] [OVERSTAY] Current India Date/Time: 12/09/2026 10:44:46
[2026-09-12 10:44:46] [INFO] [OVERSTAY] Timezone: Asia/Kolkata
[2026-09-12 10:44:47] [INFO] [Logger] Running log cleanup check. Retention limit: 30 days.
[2026-09-12 10:44:47] [INFO] [Logger] Cleanup completed. No expired log files found.
[2026-09-12 10:44:47] [INFO] [Logger] Automated log cleanup scheduler started (runs every 24 hours).
[2026-09-12 10:44:47] [INFO] [Server] Server started and listening on port 5000
[2026-09-12 10:44:47] [INFO] [Database] MongoDB Connected successfully: 76.13.244.61
[2026-09-12 10:44:47] [INFO] Admin user already exists
[2026-09-12 10:44:47] [INFO] [OVERSTAY] Staying customers found: 0
[2026-09-12 10:44:47] [INFO] ==================================================
[2026-09-12 10:44:47] [INFO] OVERSTAY CRON COMPLETED
[2026-09-12 10:44:47] [INFO] ==================================================
[2026-09-12 10:45:00] [INFO] [OVERSTAY] Overstay cron initialized successfully
[2026-09-12 10:45:00] [INFO] [OVERSTAY] Cron schedule: Every minute
[2026-09-12 10:45:00] [INFO] [OVERSTAY] Cron timezone: Asia/Kolkata
[2026-09-12 10:45:00] [INFO] ==================================================
[2026-09-12 10:45:00] [INFO] OVERSTAY CRON STARTED
[2026-09-12 10:45:00] [INFO] ==================================================
[2026-09-12 10:45:00] [INFO] [OVERSTAY] Current India Date/Time: 12/09/2026 10:45:00
[2026-09-12 10:45:00] [INFO] [OVERSTAY] Timezone: Asia/Kolkata
[2026-09-12 10:45:00] [INFO] [Logger] Running log cleanup check. Retention limit: 30 days.
[2026-09-12 10:45:00] [INFO] [Logger] Cleanup completed. No expired log files found.
[2026-09-12 10:45:00] [INFO] [Logger] Automated log cleanup scheduler started (runs every 24 hours).
[2026-09-12 10:45:00] [INFO] [Server] Server started and listening on port 5000
[2026-09-12 10:45:01] [INFO] [Database] MongoDB Connected successfully: 76.13.244.61
[2026-09-12 10:45:01] [INFO] Admin user already exists
[2026-09-12 10:45:01] [INFO] [OVERSTAY] Staying customers found: 0
[2026-09-12 10:45:01] [INFO] ==================================================
[2026-09-12 10:45:01] [INFO] OVERSTAY CRON COMPLETED
[2026-09-12 10:45:01] [INFO] ==================================================
[2026-09-12 10:46:00] [INFO] [OVERSTAY] Cron triggered
[2026-09-12 10:46:00] [INFO] ==================================================
[2026-09-12 10:46:00] [INFO] OVERSTAY CRON STARTED
[2026-09-12 10:46:00] [INFO] ==================================================
[2026-09-12 10:46:00] [INFO] [OVERSTAY] Current India Date/Time: 12/09/2026 10:46:00
[2026-09-12 10:46:00] [INFO] [OVERSTAY] Timezone: Asia/Kolkata
[2026-09-12 10:46:00] [INFO] [OVERSTAY] Staying customers found: 0
[2026-09-12 10:46:00] [INFO] ==================================================
[2026-09-12 10:46:00] [INFO] OVERSTAY CRON COMPLETED
[2026-09-12 10:46:00] [INFO] ==================================================
[2026-09-12 10:46:27] [INFO] [OVERSTAY] Overstay cron initialized successfully
[2026-09-12 10:46:27] [INFO] [OVERSTAY] Cron schedule: Every minute
[2026-09-12 10:46:27] [INFO] [OVERSTAY] Cron timezone: Asia/Kolkata
[2026-09-12 10:46:27] [INFO] ==================================================
[2026-09-12 10:46:27] [INFO] OVERSTAY CRON STARTED
[2026-09-12 10:46:27] [INFO] ==================================================
[2026-09-12 10:46:27] [INFO] [OVERSTAY] Current India Date/Time: 12/09/2026 10:46:27
[2026-09-12 10:46:27] [INFO] [OVERSTAY] Timezone: Asia/Kolkata
[2026-09-12 10:46:28] [INFO] [Logger] Running log cleanup check. Retention limit: 30 days.
[2026-09-12 10:46:28] [INFO] [Logger] Cleanup completed. No expired log files found.
[2026-09-12 10:46:28] [INFO] [Logger] Automated log cleanup scheduler started (runs every 24 hours).
[2026-09-12 10:46:28] [INFO] [Server] Server started and listening on port 5000
[2026-09-12 10:46:28] [INFO] [Database] MongoDB Connected successfully: 76.13.244.61
[2026-09-12 10:46:28] [INFO] Admin user already exists
[2026-09-12 10:46:28] [INFO] [OVERSTAY] Staying customers found: 0
[2026-09-12 10:46:28] [INFO] ==================================================
[2026-09-12 10:46:28] [INFO] OVERSTAY CRON COMPLETED
[2026-09-12 10:46:28] [INFO] ==================================================
[2026-09-12 10:47:00] [INFO] [OVERSTAY] Cron triggered
[2026-09-12 10:47:00] [INFO] ==================================================
[2026-09-12 10:47:00] [INFO] OVERSTAY CRON STARTED
[2026-09-12 10:47:00] [INFO] ==================================================
[2026-09-12 10:47:00] [INFO] [OVERSTAY] Current India Date/Time: 12/09/2026 10:47:00
[2026-09-12 10:47:00] [INFO] [OVERSTAY] Timezone: Asia/Kolkata
[2026-09-12 10:47:00] [INFO] [OVERSTAY] Staying customers found: 0
[2026-09-12 10:47:00] [INFO] ==================================================
[2026-09-12 10:47:00] [INFO] OVERSTAY CRON COMPLETED
[2026-09-12 10:47:00] [INFO] ==================================================
[2026-09-12 10:48:00] [INFO] [OVERSTAY] Cron triggered
[2026-09-12 10:48:00] [INFO] ==================================================
[2026-09-12 10:48:00] [INFO] OVERSTAY CRON STARTED
[2026-09-12 10:48:00] [INFO] ==================================================
[2026-09-12 10:48:00] [INFO] [OVERSTAY] Current India Date/Time: 12/09/2026 10:48:00
[2026-09-12 10:48:00] [INFO] [OVERSTAY] Timezone: Asia/Kolkata
[2026-09-12 10:48:00] [INFO] [OVERSTAY] Staying customers found: 0
[2026-09-12 10:48:00] [INFO] ==================================================
[2026-09-12 10:48:00] [INFO] OVERSTAY CRON COMPLETED
[2026-09-12 10:48:00] [INFO] ==================================================
[2026-09-12 10:49:00] [INFO] [OVERSTAY] Cron triggered
[2026-09-12 10:49:00] [INFO] ==================================================
[2026-09-12 10:49:00] [INFO] OVERSTAY CRON STARTED
[2026-09-12 10:49:00] [INFO] ==================================================
[2026-09-12 10:49:00] [INFO] [OVERSTAY] Current India Date/Time: 12/09/2026 10:49:00
[2026-09-12 10:49:00] [INFO] [OVERSTAY] Timezone: Asia/Kolkata
[2026-09-12 10:49:00] [INFO] [OVERSTAY] Staying customers found: 0
[2026-09-12 10:49:00] [INFO] ==================================================
[2026-09-12 10:49:00] [INFO] OVERSTAY CRON COMPLETED
[2026-09-12 10:49:00] [INFO] ==================================================
[2026-09-12 10:50:00] [INFO] [OVERSTAY] Cron triggered
[2026-09-12 10:50:00] [INFO] ==================================================
[2026-09-12 10:50:00] [INFO] OVERSTAY CRON STARTED
[2026-09-12 10:50:00] [INFO] ==================================================
[2026-09-12 10:50:00] [INFO] [OVERSTAY] Current India Date/Time: 12/09/2026 10:50:00
[2026-09-12 10:50:00] [INFO] [OVERSTAY] Timezone: Asia/Kolkata
[2026-09-12 10:50:00] [INFO] [OVERSTAY] Staying customers found: 0
[2026-09-12 10:50:00] [INFO] ==================================================
[2026-09-12 10:50:00] [INFO] OVERSTAY CRON COMPLETED
[2026-09-12 10:50:00] [INFO] ==================================================
[2026-09-12 10:51:00] [INFO] [OVERSTAY] Cron triggered
[2026-09-12 10:51:00] [INFO] ==================================================
[2026-09-12 10:51:00] [INFO] OVERSTAY CRON STARTED
[2026-09-12 10:51:00] [INFO] ==================================================
[2026-09-12 10:51:00] [INFO] [OVERSTAY] Current India Date/Time: 12/09/2026 10:51:00
[2026-09-12 10:51:00] [INFO] [OVERSTAY] Timezone: Asia/Kolkata
[2026-09-12 10:51:00] [INFO] [OVERSTAY] Staying customers found: 0
[2026-09-12 10:51:00] [INFO] ==================================================
[2026-09-12 10:51:00] [INFO] OVERSTAY CRON COMPLETED
[2026-09-12 10:51:00] [INFO] ==================================================
[2026-09-12 10:52:00] [INFO] [OVERSTAY] Cron triggered
[2026-09-12 10:52:00] [INFO] ==================================================
[2026-09-12 10:52:00] [INFO] OVERSTAY CRON STARTED
[2026-09-12 10:52:00] [INFO] ==================================================
[2026-09-12 10:52:00] [INFO] [OVERSTAY] Current India Date/Time: 12/09/2026 10:52:00
[2026-09-12 10:52:00] [INFO] [OVERSTAY] Timezone: Asia/Kolkata
[2026-09-12 10:52:00] [INFO] [OVERSTAY] Staying customers found: 0
[2026-09-12 10:52:00] [INFO] ==================================================
[2026-09-12 10:52:00] [INFO] OVERSTAY CRON COMPLETED
[2026-09-12 10:52:00] [INFO] ==================================================
[2026-09-12 10:53:00] [INFO] [OVERSTAY] Cron triggered
[2026-09-12 10:53:00] [INFO] ==================================================
[2026-09-12 10:53:00] [INFO] OVERSTAY CRON STARTED
[2026-09-12 10:53:00] [INFO] ==================================================
[2026-09-12 10:53:00] [INFO] [OVERSTAY] Current India Date/Time: 12/09/2026 10:53:00
[2026-09-12 10:53:00] [INFO] [OVERSTAY] Timezone: Asia/Kolkata
[2026-09-12 10:53:00] [INFO] [OVERSTAY] Staying customers found: 0
[2026-09-12 10:53:00] [INFO] ==================================================
[2026-09-12 10:53:00] [INFO] OVERSTAY CRON COMPLETED
[2026-09-12 10:53:00] [INFO] ==================================================
[2026-09-12 10:53:05] [INFO] [OVERSTAY] Overstay cron initialized successfully
[2026-09-12 10:53:05] [INFO] [OVERSTAY] Cron schedule: Every minute
[2026-09-12 10:53:05] [INFO] [OVERSTAY] Cron timezone: Asia/Kolkata
[2026-09-12 10:53:05] [INFO] ==================================================
[2026-09-12 10:53:05] [INFO] OVERSTAY CRON STARTED
[2026-09-12 10:53:05] [INFO] ==================================================
[2026-09-12 10:53:05] [INFO] [OVERSTAY] Current India Date/Time: 12/09/2026 10:53:05
[2026-09-12 10:53:05] [INFO] [OVERSTAY] Timezone: Asia/Kolkata
[2026-09-12 10:53:05] [INFO] [Logger] Running log cleanup check. Retention limit: 30 days.
[2026-09-12 10:53:05] [INFO] [Logger] Cleanup completed. No expired log files found.
[2026-09-12 10:53:05] [INFO] [Logger] Automated log cleanup scheduler started (runs every 24 hours).
[2026-09-12 10:53:05] [INFO] [Server] Server started and listening on port 5000
[2026-09-12 10:53:06] [INFO] [Database] MongoDB Connected successfully: 76.13.244.61
[2026-09-12 10:53:06] [INFO] Admin user already exists
[2026-09-12 10:53:06] [INFO] [OVERSTAY] Staying customers found: 0
[2026-09-12 10:53:06] [INFO] ==================================================
[2026-09-12 10:53:06] [INFO] OVERSTAY CRON COMPLETED
[2026-09-12 10:53:06] [INFO] ==================================================
[2026-09-12 10:53:13] [INFO] [OVERSTAY] Overstay cron initialized successfully
[2026-09-12 10:53:13] [INFO] [OVERSTAY] Cron schedule: Every minute
[2026-09-12 10:53:13] [INFO] [OVERSTAY] Cron timezone: Asia/Kolkata
[2026-09-12 10:53:13] [INFO] ==================================================
[2026-09-12 10:53:13] [INFO] OVERSTAY CRON STARTED
[2026-09-12 10:53:13] [INFO] ==================================================
[2026-09-12 10:53:13] [INFO] [OVERSTAY] Current India Date/Time: 12/09/2026 10:53:13
[2026-09-12 10:53:13] [INFO] [OVERSTAY] Timezone: Asia/Kolkata
[2026-09-12 10:53:13] [INFO] [Logger] Running log cleanup check. Retention limit: 30 days.
[2026-09-12 10:53:13] [INFO] [Logger] Cleanup completed. No expired log files found.
[2026-09-12 10:53:13] [INFO] [Logger] Automated log cleanup scheduler started (runs every 24 hours).
[2026-09-12 10:53:13] [INFO] [Server] Server started and listening on port 5000
[2026-09-12 10:53:13] [INFO] [Database] MongoDB Connected successfully: 76.13.244.61
[2026-09-12 10:53:13] [INFO] Admin user already exists
[2026-09-12 10:53:13] [INFO] [OVERSTAY] Staying customers found: 0
[2026-09-12 10:53:13] [INFO] ==================================================
[2026-09-12 10:53:13] [INFO] OVERSTAY CRON COMPLETED
[2026-09-12 10:53:13] [INFO] ==================================================
[2026-09-12 10:53:28] [INFO] [OVERSTAY] Overstay cron initialized successfully
[2026-09-12 10:53:28] [INFO] [OVERSTAY] Cron schedule: Every minute
[2026-09-12 10:53:28] [INFO] [OVERSTAY] Cron timezone: Asia/Kolkata
[2026-09-12 10:53:28] [INFO] ==================================================
[2026-09-12 10:53:28] [INFO] OVERSTAY CRON STARTED
[2026-09-12 10:53:28] [INFO] ==================================================
[2026-09-12 10:53:28] [INFO] [OVERSTAY] Current India Date/Time: 12/09/2026 10:53:28
[2026-09-12 10:53:28] [INFO] [OVERSTAY] Timezone: Asia/Kolkata
[2026-09-12 10:53:28] [INFO] [Logger] Running log cleanup check. Retention limit: 30 days.
[2026-09-12 10:53:28] [INFO] [Logger] Cleanup completed. No expired log files found.
[2026-09-12 10:53:28] [INFO] [Logger] Automated log cleanup scheduler started (runs every 24 hours).
[2026-09-12 10:53:28] [INFO] [Server] Server started and listening on port 5000
[2026-09-12 10:53:28] [INFO] [Database] MongoDB Connected successfully: 76.13.244.61
[2026-09-12 10:53:29] [INFO] Admin user already exists
[2026-09-12 10:53:29] [INFO] [OVERSTAY] Staying customers found: 0
[2026-09-12 10:53:29] [INFO] ==================================================
[2026-09-12 10:53:29] [INFO] OVERSTAY CRON COMPLETED
[2026-09-12 10:53:29] [INFO] ==================================================
[2026-09-12 10:53:32] [INFO] [OVERSTAY] Overstay cron initialized successfully
[2026-09-12 10:53:32] [INFO] [OVERSTAY] Cron schedule: Every minute
[2026-09-12 10:53:32] [INFO] [OVERSTAY] Cron timezone: Asia/Kolkata
[2026-09-12 10:53:32] [INFO] ==================================================
[2026-09-12 10:53:32] [INFO] OVERSTAY CRON STARTED
[2026-09-12 10:53:32] [INFO] ==================================================
[2026-09-12 10:53:32] [INFO] [OVERSTAY] Current India Date/Time: 12/09/2026 10:53:32
[2026-09-12 10:53:32] [INFO] [OVERSTAY] Timezone: Asia/Kolkata
[2026-09-12 10:53:33] [INFO] [Logger] Running log cleanup check. Retention limit: 30 days.
[2026-09-12 10:53:33] [INFO] [Logger] Cleanup completed. No expired log files found.
[2026-09-12 10:53:33] [INFO] [Logger] Automated log cleanup scheduler started (runs every 24 hours).
[2026-09-12 10:53:33] [INFO] [Server] Server started and listening on port 5000
[2026-09-12 10:53:33] [INFO] [Database] MongoDB Connected successfully: 76.13.244.61
[2026-09-12 10:53:33] [INFO] Admin user already exists
[2026-09-12 10:53:33] [INFO] [OVERSTAY] Staying customers found: 0
[2026-09-12 10:53:33] [INFO] ==================================================
[2026-09-12 10:53:33] [INFO] OVERSTAY CRON COMPLETED
[2026-09-12 10:53:33] [INFO] ==================================================
[2026-09-12 10:54:00] [INFO] [OVERSTAY] Cron triggered
[2026-09-12 10:54:00] [INFO] ==================================================
[2026-09-12 10:54:00] [INFO] OVERSTAY CRON STARTED
[2026-09-12 10:54:00] [INFO] ==================================================
[2026-09-12 10:54:00] [INFO] [OVERSTAY] Current India Date/Time: 12/09/2026 10:54:00
[2026-09-12 10:54:00] [INFO] [OVERSTAY] Timezone: Asia/Kolkata
[2026-09-12 10:54:00] [INFO] [OVERSTAY] Staying customers found: 0
[2026-09-12 10:54:00] [INFO] ==================================================
[2026-09-12 10:54:00] [INFO] OVERSTAY CRON COMPLETED
[2026-09-12 10:54:00] [INFO] ==================================================
[2026-09-12 10:54:15] [INFO] [OVERSTAY] Overstay cron initialized successfully
[2026-09-12 10:54:15] [INFO] [OVERSTAY] Cron schedule: Every minute
[2026-09-12 10:54:15] [INFO] [OVERSTAY] Cron timezone: Asia/Kolkata
[2026-09-12 10:54:15] [INFO] ==================================================
[2026-09-12 10:54:15] [INFO] OVERSTAY CRON STARTED
[2026-09-12 10:54:15] [INFO] ==================================================
[2026-09-12 10:54:15] [INFO] [OVERSTAY] Current India Date/Time: 12/09/2026 10:54:15
[2026-09-12 10:54:15] [INFO] [OVERSTAY] Timezone: Asia/Kolkata
[2026-09-12 10:54:15] [INFO] [Logger] Running log cleanup check. Retention limit: 30 days.
[2026-09-12 10:54:15] [INFO] [Logger] Cleanup completed. No expired log files found.
[2026-09-12 10:54:15] [INFO] [Logger] Automated log cleanup scheduler started (runs every 24 hours).
[2026-09-12 10:54:15] [INFO] [Server] Server started and listening on port 5000
[2026-09-12 10:54:16] [INFO] [Database] MongoDB Connected successfully: 76.13.244.61
[2026-09-12 10:54:16] [INFO] Admin user already exists
[2026-09-12 10:54:16] [INFO] [OVERSTAY] Staying customers found: 0
[2026-09-12 10:54:16] [INFO] ==================================================
[2026-09-12 10:54:16] [INFO] OVERSTAY CRON COMPLETED
[2026-09-12 10:54:16] [INFO] ==================================================
[2026-09-12 10:54:21] [INFO] [OVERSTAY] Overstay cron initialized successfully
[2026-09-12 10:54:21] [INFO] [OVERSTAY] Cron schedule: Every minute
[2026-09-12 10:54:21] [INFO] [OVERSTAY] Cron timezone: Asia/Kolkata
[2026-09-12 10:54:21] [INFO] ==================================================
[2026-09-12 10:54:21] [INFO] OVERSTAY CRON STARTED
[2026-09-12 10:54:21] [INFO] ==================================================
[2026-09-12 10:54:21] [INFO] [OVERSTAY] Current India Date/Time: 12/09/2026 10:54:21
[2026-09-12 10:54:21] [INFO] [OVERSTAY] Timezone: Asia/Kolkata
[2026-09-12 10:54:22] [INFO] [Logger] Running log cleanup check. Retention limit: 30 days.
[2026-09-12 10:54:22] [INFO] [Logger] Cleanup completed. No expired log files found.
[2026-09-12 10:54:22] [INFO] [Logger] Automated log cleanup scheduler started (runs every 24 hours).
[2026-09-12 10:54:22] [INFO] [Server] Server started and listening on port 5000
[2026-09-12 10:54:22] [INFO] [Database] MongoDB Connected successfully: 76.13.244.61
[2026-09-12 10:54:22] [INFO] Admin user already exists
[2026-09-12 10:54:22] [INFO] [OVERSTAY] Staying customers found: 0
[2026-09-12 10:54:22] [INFO] ==================================================
[2026-09-12 10:54:22] [INFO] OVERSTAY CRON COMPLETED
[2026-09-12 10:54:22] [INFO] ==================================================
[2026-09-12 10:54:36] [INFO] [OVERSTAY] Overstay cron initialized successfully
[2026-09-12 10:54:36] [INFO] [OVERSTAY] Cron schedule: Every minute
[2026-09-12 10:54:36] [INFO] [OVERSTAY] Cron timezone: Asia/Kolkata
[2026-09-12 10:54:36] [INFO] ==================================================
[2026-09-12 10:54:36] [INFO] OVERSTAY CRON STARTED
[2026-09-12 10:54:36] [INFO] ==================================================
[2026-09-12 10:54:36] [INFO] [OVERSTAY] Current India Date/Time: 12/09/2026 10:54:36
[2026-09-12 10:54:36] [INFO] [OVERSTAY] Timezone: Asia/Kolkata
[2026-09-12 10:54:36] [INFO] [Logger] Running log cleanup check. Retention limit: 30 days.
[2026-09-12 10:54:36] [INFO] [Logger] Cleanup completed. No expired log files found.
[2026-09-12 10:54:36] [INFO] [Logger] Automated log cleanup scheduler started (runs every 24 hours).
[2026-09-12 10:54:36] [INFO] [Server] Server started and listening on port 5000
[2026-09-12 10:54:36] [INFO] [Database] MongoDB Connected successfully: 76.13.244.61
[2026-09-12 10:54:36] [INFO] Admin user already exists
[2026-09-12 10:54:36] [INFO] [OVERSTAY] Staying customers found: 0
[2026-09-12 10:54:36] [INFO] ==================================================
[2026-09-12 10:54:36] [INFO] OVERSTAY CRON COMPLETED
[2026-09-12 10:54:36] [INFO] ==================================================
[2026-09-12 10:54:39] [INFO] [OVERSTAY] Overstay cron initialized successfully
[2026-09-12 10:54:39] [INFO] [OVERSTAY] Cron schedule: Every minute
[2026-09-12 10:54:39] [INFO] [OVERSTAY] Cron timezone: Asia/Kolkata
[2026-09-12 10:54:39] [INFO] ==================================================
[2026-09-12 10:54:39] [INFO] OVERSTAY CRON STARTED
[2026-09-12 10:54:39] [INFO] ==================================================
[2026-09-12 10:54:39] [INFO] [OVERSTAY] Current India Date/Time: 12/09/2026 10:54:39
[2026-09-12 10:54:39] [INFO] [OVERSTAY] Timezone: Asia/Kolkata
[2026-09-12 10:54:39] [INFO] [Logger] Running log cleanup check. Retention limit: 30 days.
[2026-09-12 10:54:39] [INFO] [Logger] Cleanup completed. No expired log files found.
[2026-09-12 10:54:39] [INFO] [Logger] Automated log cleanup scheduler started (runs every 24 hours).
[2026-09-12 10:54:39] [INFO] [Server] Server started and listening on port 5000
[2026-09-12 10:54:39] [INFO] [Database] MongoDB Connected successfully: 76.13.244.61
[2026-09-12 10:54:39] [INFO] Admin user already exists
[2026-09-12 10:54:39] [INFO] [OVERSTAY] Staying customers found: 0
[2026-09-12 10:54:39] [INFO] ==================================================
[2026-09-12 10:54:39] [INFO] OVERSTAY CRON COMPLETED
[2026-09-12 10:54:39] [INFO] ==================================================
[2026-09-12 10:55:00] [INFO] [OVERSTAY] Cron triggered
[2026-09-12 10:55:00] [INFO] ==================================================
[2026-09-12 10:55:00] [INFO] OVERSTAY CRON STARTED
[2026-09-12 10:55:00] [INFO] ==================================================
[2026-09-12 10:55:00] [INFO] [OVERSTAY] Current India Date/Time: 12/09/2026 10:55:00
[2026-09-12 10:55:00] [INFO] [OVERSTAY] Timezone: Asia/Kolkata
[2026-09-12 10:55:00] [INFO] [OVERSTAY] Staying customers found: 0
[2026-09-12 10:55:00] [INFO] ==================================================
[2026-09-12 10:55:00] [INFO] OVERSTAY CRON COMPLETED
[2026-09-12 10:55:00] [INFO] ==================================================
[2026-09-12 10:55:54] [INFO] [OVERSTAY] Overstay cron initialized successfully
[2026-09-12 10:55:54] [INFO] [OVERSTAY] Cron schedule: Every minute
[2026-09-12 10:55:54] [INFO] [OVERSTAY] Cron timezone: Asia/Kolkata
[2026-09-12 10:55:54] [INFO] ==================================================
[2026-09-12 10:55:54] [INFO] OVERSTAY CRON STARTED
[2026-09-12 10:55:54] [INFO] ==================================================
[2026-09-12 10:55:54] [INFO] [OVERSTAY] Current India Date/Time: 12/09/2026 10:55:54
[2026-09-12 10:55:54] [INFO] [OVERSTAY] Timezone: Asia/Kolkata
[2026-09-12 10:55:54] [INFO] [Logger] Running log cleanup check. Retention limit: 30 days.
[2026-09-12 10:55:54] [INFO] [Logger] Cleanup completed. No expired log files found.
[2026-09-12 10:55:54] [INFO] [Logger] Automated log cleanup scheduler started (runs every 24 hours).
[2026-09-12 10:55:54] [INFO] [Server] Server started and listening on port 5000
[2026-09-12 10:55:54] [INFO] [Database] MongoDB Connected successfully: 76.13.244.61
[2026-09-12 10:55:54] [INFO] Admin user already exists
[2026-09-12 10:55:54] [INFO] [OVERSTAY] Staying customers found: 0
[2026-09-12 10:55:54] [INFO] ==================================================
[2026-09-12 10:55:54] [INFO] OVERSTAY CRON COMPLETED
[2026-09-12 10:55:54] [INFO] ==================================================
[2026-09-12 10:56:00] [INFO] [OVERSTAY] Overstay cron initialized successfully
[2026-09-12 10:56:00] [INFO] [OVERSTAY] Cron schedule: Every minute
[2026-09-12 10:56:00] [INFO] [OVERSTAY] Cron timezone: Asia/Kolkata
[2026-09-12 10:56:00] [INFO] ==================================================
[2026-09-12 10:56:00] [INFO] OVERSTAY CRON STARTED
[2026-09-12 10:56:00] [INFO] ==================================================
[2026-09-12 10:56:00] [INFO] [OVERSTAY] Current India Date/Time: 12/09/2026 10:56:00
[2026-09-12 10:56:00] [INFO] [OVERSTAY] Timezone: Asia/Kolkata
[2026-09-12 10:56:00] [INFO] [Logger] Running log cleanup check. Retention limit: 30 days.
[2026-09-12 10:56:00] [INFO] [Logger] Cleanup completed. No expired log files found.
[2026-09-12 10:56:00] [INFO] [Logger] Automated log cleanup scheduler started (runs every 24 hours).
[2026-09-12 10:56:00] [INFO] [Server] Server started and listening on port 5000
[2026-09-12 10:56:00] [INFO] [Database] MongoDB Connected successfully: 76.13.244.61
[2026-09-12 10:56:00] [INFO] Admin user already exists
[2026-09-12 10:56:00] [INFO] [OVERSTAY] Staying customers found: 0
[2026-09-12 10:56:00] [INFO] ==================================================
[2026-09-12 10:56:00] [INFO] OVERSTAY CRON COMPLETED
[2026-09-12 10:56:00] [INFO] ==================================================
[2026-09-12 10:56:27] [INFO] [OVERSTAY] Overstay cron initialized successfully
[2026-09-12 10:56:27] [INFO] [OVERSTAY] Cron schedule: Every minute
[2026-09-12 10:56:27] [INFO] [OVERSTAY] Cron timezone: Asia/Kolkata
[2026-09-12 10:56:27] [INFO] ==================================================
[2026-09-12 10:56:27] [INFO] OVERSTAY CRON STARTED
[2026-09-12 10:56:27] [INFO] ==================================================
[2026-09-12 10:56:27] [INFO] [OVERSTAY] Current India Date/Time: 12/09/2026 10:56:27
[2026-09-12 10:56:27] [INFO] [OVERSTAY] Timezone: Asia/Kolkata
[2026-09-12 10:56:27] [INFO] [Logger] Running log cleanup check. Retention limit: 30 days.
[2026-09-12 10:56:27] [INFO] [Logger] Cleanup completed. No expired log files found.
[2026-09-12 10:56:27] [INFO] [Logger] Automated log cleanup scheduler started (runs every 24 hours).
[2026-09-12 10:56:27] [INFO] [Server] Server started and listening on port 5000
[2026-09-12 10:56:28] [INFO] [Database] MongoDB Connected successfully: 76.13.244.61
[2026-09-12 10:56:28] [INFO] Admin user already exists
[2026-09-12 10:56:28] [INFO] [OVERSTAY] Staying customers found: 0
[2026-09-12 10:56:28] [INFO] ==================================================
[2026-09-12 10:56:28] [INFO] OVERSTAY CRON COMPLETED
[2026-09-12 10:56:28] [INFO] ==================================================
[2026-09-12 10:56:34] [INFO] [OVERSTAY] Overstay cron initialized successfully
[2026-09-12 10:56:34] [INFO] [OVERSTAY] Cron schedule: Every minute
[2026-09-12 10:56:34] [INFO] [OVERSTAY] Cron timezone: Asia/Kolkata
[2026-09-12 10:56:34] [INFO] ==================================================
[2026-09-12 10:56:34] [INFO] OVERSTAY CRON STARTED
[2026-09-12 10:56:34] [INFO] ==================================================
[2026-09-12 10:56:34] [INFO] [OVERSTAY] Current India Date/Time: 12/09/2026 10:56:34
[2026-09-12 10:56:34] [INFO] [OVERSTAY] Timezone: Asia/Kolkata
[2026-09-12 10:56:34] [INFO] [Logger] Running log cleanup check. Retention limit: 30 days.
[2026-09-12 10:56:34] [INFO] [Logger] Cleanup completed. No expired log files found.
[2026-09-12 10:56:34] [INFO] [Logger] Automated log cleanup scheduler started (runs every 24 hours).
[2026-09-12 10:56:34] [INFO] [Server] Server started and listening on port 5000
[2026-09-12 10:56:34] [INFO] [Database] MongoDB Connected successfully: 76.13.244.61
[2026-09-12 10:56:34] [INFO] Admin user already exists
[2026-09-12 10:56:34] [INFO] [OVERSTAY] Staying customers found: 0
[2026-09-12 10:56:34] [INFO] ==================================================
[2026-09-12 10:56:34] [INFO] OVERSTAY CRON COMPLETED
[2026-09-12 10:56:34] [INFO] ==================================================
[2026-09-12 10:57:00] [INFO] [OVERSTAY] Cron triggered
[2026-09-12 10:57:00] [INFO] ==================================================
[2026-09-12 10:57:00] [INFO] OVERSTAY CRON STARTED
[2026-09-12 10:57:00] [INFO] ==================================================
[2026-09-12 10:57:00] [INFO] [OVERSTAY] Current India Date/Time: 12/09/2026 10:57:00
[2026-09-12 10:57:00] [INFO] [OVERSTAY] Timezone: Asia/Kolkata
[2026-09-12 10:57:00] [INFO] [OVERSTAY] Staying customers found: 0
[2026-09-12 10:57:00] [INFO] ==================================================
[2026-09-12 10:57:00] [INFO] OVERSTAY CRON COMPLETED
[2026-09-12 10:57:00] [INFO] ==================================================
[2026-09-12 10:57:03] [INFO] [OVERSTAY] Overstay cron initialized successfully
[2026-09-12 10:57:03] [INFO] [OVERSTAY] Cron schedule: Every minute
[2026-09-12 10:57:03] [INFO] [OVERSTAY] Cron timezone: Asia/Kolkata
[2026-09-12 10:57:03] [INFO] ==================================================
[2026-09-12 10:57:03] [INFO] OVERSTAY CRON STARTED
[2026-09-12 10:57:03] [INFO] ==================================================
[2026-09-12 10:57:03] [INFO] [OVERSTAY] Current India Date/Time: 12/09/2026 10:57:03
[2026-09-12 10:57:03] [INFO] [OVERSTAY] Timezone: Asia/Kolkata
[2026-09-12 10:57:03] [INFO] [Logger] Running log cleanup check. Retention limit: 30 days.
[2026-09-12 10:57:03] [INFO] [Logger] Cleanup completed. No expired log files found.
[2026-09-12 10:57:03] [INFO] [Logger] Automated log cleanup scheduler started (runs every 24 hours).
[2026-09-12 10:57:03] [INFO] [Server] Server started and listening on port 5000
[2026-09-12 10:57:03] [INFO] [Database] MongoDB Connected successfully: 76.13.244.61
[2026-09-12 10:57:04] [INFO] Admin user already exists
[2026-09-12 10:57:04] [INFO] [OVERSTAY] Staying customers found: 0
[2026-09-12 10:57:04] [INFO] ==================================================
[2026-09-12 10:57:04] [INFO] OVERSTAY CRON COMPLETED
[2026-09-12 10:57:04] [INFO] ==================================================
[2026-09-12 10:57:09] [INFO] [OVERSTAY] Overstay cron initialized successfully
[2026-09-12 10:57:09] [INFO] [OVERSTAY] Cron schedule: Every minute
[2026-09-12 10:57:09] [INFO] [OVERSTAY] Cron timezone: Asia/Kolkata
[2026-09-12 10:57:09] [INFO] ==================================================
[2026-09-12 10:57:09] [INFO] OVERSTAY CRON STARTED
[2026-09-12 10:57:09] [INFO] ==================================================
[2026-09-12 10:57:09] [INFO] [OVERSTAY] Current India Date/Time: 12/09/2026 10:57:09
[2026-09-12 10:57:09] [INFO] [OVERSTAY] Timezone: Asia/Kolkata
[2026-09-12 10:57:10] [INFO] [Logger] Running log cleanup check. Retention limit: 30 days.
[2026-09-12 10:57:10] [INFO] [Logger] Cleanup completed. No expired log files found.
[2026-09-12 10:57:10] [INFO] [Logger] Automated log cleanup scheduler started (runs every 24 hours).
[2026-09-12 10:57:10] [INFO] [Server] Server started and listening on port 5000
[2026-09-12 10:57:10] [INFO] [Database] MongoDB Connected successfully: 76.13.244.61
[2026-09-12 10:57:10] [INFO] Admin user already exists
[2026-09-12 10:57:10] [INFO] [OVERSTAY] Staying customers found: 0
[2026-09-12 10:57:10] [INFO] ==================================================
[2026-09-12 10:57:10] [INFO] OVERSTAY CRON COMPLETED
[2026-09-12 10:57:10] [INFO] ==================================================
[2026-09-12 10:57:55] [INFO] [OVERSTAY] Overstay cron initialized successfully
[2026-09-12 10:57:55] [INFO] [OVERSTAY] Cron schedule: Every minute
[2026-09-12 10:57:55] [INFO] [OVERSTAY] Cron timezone: Asia/Kolkata
[2026-09-12 10:57:55] [INFO] ==================================================
[2026-09-12 10:57:55] [INFO] OVERSTAY CRON STARTED
[2026-09-12 10:57:55] [INFO] ==================================================
[2026-09-12 10:57:55] [INFO] [OVERSTAY] Current India Date/Time: 12/09/2026 10:57:55
[2026-09-12 10:57:55] [INFO] [OVERSTAY] Timezone: Asia/Kolkata
[2026-09-12 10:57:55] [INFO] [Logger] Running log cleanup check. Retention limit: 30 days.
[2026-09-12 10:57:55] [INFO] [Logger] Cleanup completed. No expired log files found.
[2026-09-12 10:57:55] [INFO] [Logger] Automated log cleanup scheduler started (runs every 24 hours).
[2026-09-12 10:57:55] [INFO] [Server] Server started and listening on port 5000
[2026-09-12 10:57:55] [INFO] [Database] MongoDB Connected successfully: 76.13.244.61
[2026-09-12 10:57:55] [INFO] Admin user already exists
[2026-09-12 10:57:56] [INFO] [OVERSTAY] Staying customers found: 0
[2026-09-12 10:57:56] [INFO] ==================================================
[2026-09-12 10:57:56] [INFO] OVERSTAY CRON COMPLETED
[2026-09-12 10:57:56] [INFO] ==================================================
[2026-09-12 10:57:57] [INFO] [OVERSTAY] Overstay cron initialized successfully
[2026-09-12 10:57:57] [INFO] [OVERSTAY] Cron schedule: Every minute
[2026-09-12 10:57:57] [INFO] [OVERSTAY] Cron timezone: Asia/Kolkata
[2026-09-12 10:57:57] [INFO] ==================================================
[2026-09-12 10:57:57] [INFO] OVERSTAY CRON STARTED
[2026-09-12 10:57:57] [INFO] ==================================================
[2026-09-12 10:57:57] [INFO] [OVERSTAY] Current India Date/Time: 12/09/2026 10:57:57
[2026-09-12 10:57:57] [INFO] [OVERSTAY] Timezone: Asia/Kolkata
[2026-09-12 10:57:58] [INFO] [Logger] Running log cleanup check. Retention limit: 30 days.
[2026-09-12 10:57:58] [INFO] [Logger] Cleanup completed. No expired log files found.
[2026-09-12 10:57:58] [INFO] [Logger] Automated log cleanup scheduler started (runs every 24 hours).
[2026-09-12 10:57:58] [INFO] [Server] Server started and listening on port 5000
[2026-09-12 10:57:58] [INFO] [Database] MongoDB Connected successfully: 76.13.244.61
[2026-09-12 10:57:58] [INFO] Admin user already exists
[2026-09-12 10:57:58] [INFO] [OVERSTAY] Staying customers found: 0
[2026-09-12 10:57:58] [INFO] ==================================================
[2026-09-12 10:57:58] [INFO] OVERSTAY CRON COMPLETED
[2026-09-12 10:57:58] [INFO] ==================================================
[2026-09-12 10:58:00] [INFO] [OVERSTAY] Cron triggered
[2026-09-12 10:58:00] [INFO] ==================================================
[2026-09-12 10:58:00] [INFO] OVERSTAY CRON STARTED
[2026-09-12 10:58:00] [INFO] ==================================================
[2026-09-12 10:58:00] [INFO] [OVERSTAY] Current India Date/Time: 12/09/2026 10:58:00
[2026-09-12 10:58:00] [INFO] [OVERSTAY] Timezone: Asia/Kolkata
[2026-09-12 10:58:00] [INFO] [OVERSTAY] Staying customers found: 0
[2026-09-12 10:58:00] [INFO] ==================================================
[2026-09-12 10:58:00] [INFO] OVERSTAY CRON COMPLETED
[2026-09-12 10:58:00] [INFO] ==================================================
[2026-09-12 10:58:15] [INFO] [OVERSTAY] Overstay cron initialized successfully
[2026-09-12 10:58:15] [INFO] [OVERSTAY] Cron schedule: Every minute
[2026-09-12 10:58:15] [INFO] [OVERSTAY] Cron timezone: Asia/Kolkata
[2026-09-12 10:58:15] [INFO] ==================================================
[2026-09-12 10:58:15] [INFO] OVERSTAY CRON STARTED
[2026-09-12 10:58:15] [INFO] ==================================================
[2026-09-12 10:58:15] [INFO] [OVERSTAY] Current India Date/Time: 12/09/2026 10:58:15
[2026-09-12 10:58:15] [INFO] [OVERSTAY] Timezone: Asia/Kolkata
[2026-09-12 10:58:16] [INFO] [Logger] Running log cleanup check. Retention limit: 30 days.
[2026-09-12 10:58:16] [INFO] [Logger] Cleanup completed. No expired log files found.
[2026-09-12 10:58:16] [INFO] [Logger] Automated log cleanup scheduler started (runs every 24 hours).
[2026-09-12 10:58:16] [INFO] [Server] Server started and listening on port 5000
[2026-09-12 10:58:16] [INFO] [Database] MongoDB Connected successfully: 76.13.244.61
[2026-09-12 10:58:16] [INFO] Admin user already exists
[2026-09-12 10:58:16] [INFO] [OVERSTAY] Staying customers found: 0
[2026-09-12 10:58:16] [INFO] ==================================================
[2026-09-12 10:58:16] [INFO] OVERSTAY CRON COMPLETED
[2026-09-12 10:58:16] [INFO] ==================================================
[2026-09-12 10:58:23] [INFO] [OVERSTAY] Overstay cron initialized successfully
[2026-09-12 10:58:23] [INFO] [OVERSTAY] Cron schedule: Every minute
[2026-09-12 10:58:23] [INFO] [OVERSTAY] Cron timezone: Asia/Kolkata
[2026-09-12 10:58:23] [INFO] ==================================================
[2026-09-12 10:58:23] [INFO] OVERSTAY CRON STARTED
[2026-09-12 10:58:23] [INFO] ==================================================
[2026-09-12 10:58:23] [INFO] [OVERSTAY] Current India Date/Time: 12/09/2026 10:58:23
[2026-09-12 10:58:23] [INFO] [OVERSTAY] Timezone: Asia/Kolkata
[2026-09-12 10:58:24] [INFO] [Logger] Running log cleanup check. Retention limit: 30 days.
[2026-09-12 10:58:24] [INFO] [Logger] Cleanup completed. No expired log files found.
[2026-09-12 10:58:24] [INFO] [Logger] Automated log cleanup scheduler started (runs every 24 hours).
[2026-09-12 10:58:24] [INFO] [Server] Server started and listening on port 5000
[2026-09-12 10:58:24] [INFO] [Database] MongoDB Connected successfully: 76.13.244.61
[2026-09-12 10:58:24] [INFO] Admin user already exists
[2026-09-12 10:58:24] [INFO] [OVERSTAY] Staying customers found: 0
[2026-09-12 10:58:24] [INFO] ==================================================
[2026-09-12 10:58:24] [INFO] OVERSTAY CRON COMPLETED
[2026-09-12 10:58:24] [INFO] ==================================================
[2026-09-12 10:58:33] [INFO] [OVERSTAY] Overstay cron initialized successfully
[2026-09-12 10:58:33] [INFO] [OVERSTAY] Cron schedule: Every minute
[2026-09-12 10:58:33] [INFO] [OVERSTAY] Cron timezone: Asia/Kolkata
[2026-09-12 10:58:33] [INFO] ==================================================
[2026-09-12 10:58:33] [INFO] OVERSTAY CRON STARTED
[2026-09-12 10:58:33] [INFO] ==================================================
[2026-09-12 10:58:33] [INFO] [OVERSTAY] Current India Date/Time: 12/09/2026 10:58:33
[2026-09-12 10:58:33] [INFO] [OVERSTAY] Timezone: Asia/Kolkata
[2026-09-12 10:58:33] [INFO] [Logger] Running log cleanup check. Retention limit: 30 days.
[2026-09-12 10:58:33] [INFO] [Logger] Cleanup completed. No expired log files found.
[2026-09-12 10:58:33] [INFO] [Logger] Automated log cleanup scheduler started (runs every 24 hours).
[2026-09-12 10:58:33] [INFO] [Server] Server started and listening on port 5000
[2026-09-12 10:58:33] [INFO] [Database] MongoDB Connected successfully: 76.13.244.61
[2026-09-12 10:58:34] [INFO] Admin user already exists
[2026-09-12 10:58:34] [INFO] [OVERSTAY] Staying customers found: 0
[2026-09-12 10:58:34] [INFO] ==================================================
[2026-09-12 10:58:34] [INFO] OVERSTAY CRON COMPLETED
[2026-09-12 10:58:34] [INFO] ==================================================
[2026-09-12 10:58:42] [INFO] [OVERSTAY] Overstay cron initialized successfully
[2026-09-12 10:58:42] [INFO] [OVERSTAY] Cron schedule: Every minute
[2026-09-12 10:58:42] [INFO] [OVERSTAY] Cron timezone: Asia/Kolkata
[2026-09-12 10:58:42] [INFO] ==================================================
[2026-09-12 10:58:42] [INFO] OVERSTAY CRON STARTED
[2026-09-12 10:58:42] [INFO] ==================================================
[2026-09-12 10:58:42] [INFO] [OVERSTAY] Current India Date/Time: 12/09/2026 10:58:42
[2026-09-12 10:58:42] [INFO] [OVERSTAY] Timezone: Asia/Kolkata
[2026-09-12 10:58:42] [INFO] [Logger] Running log cleanup check. Retention limit: 30 days.
[2026-09-12 10:58:42] [INFO] [Logger] Cleanup completed. No expired log files found.
[2026-09-12 10:58:42] [INFO] [Logger] Automated log cleanup scheduler started (runs every 24 hours).
[2026-09-12 10:58:42] [INFO] [Server] Server started and listening on port 5000
[2026-09-12 10:58:42] [INFO] [Database] MongoDB Connected successfully: 76.13.244.61
[2026-09-12 10:58:43] [INFO] Admin user already exists
[2026-09-12 10:58:43] [INFO] [OVERSTAY] Staying customers found: 0
[2026-09-12 10:58:43] [INFO] ==================================================
[2026-09-12 10:58:43] [INFO] OVERSTAY CRON COMPLETED
[2026-09-12 10:58:43] [INFO] ==================================================
[2026-09-12 10:58:46] [INFO] [OVERSTAY] Overstay cron initialized successfully
[2026-09-12 10:58:46] [INFO] [OVERSTAY] Cron schedule: Every minute
[2026-09-12 10:58:46] [INFO] [OVERSTAY] Cron timezone: Asia/Kolkata
[2026-09-12 10:58:46] [INFO] ==================================================
[2026-09-12 10:58:46] [INFO] OVERSTAY CRON STARTED
[2026-09-12 10:58:46] [INFO] ==================================================
[2026-09-12 10:58:46] [INFO] [OVERSTAY] Current India Date/Time: 12/09/2026 10:58:46
[2026-09-12 10:58:46] [INFO] [OVERSTAY] Timezone: Asia/Kolkata
[2026-09-12 10:58:48] [INFO] [OVERSTAY] Overstay cron initialized successfully
[2026-09-12 10:58:48] [INFO] [OVERSTAY] Cron schedule: Every minute
[2026-09-12 10:58:48] [INFO] [OVERSTAY] Cron timezone: Asia/Kolkata
[2026-09-12 10:58:48] [INFO] ==================================================
[2026-09-12 10:58:48] [INFO] OVERSTAY CRON STARTED
[2026-09-12 10:58:48] [INFO] ==================================================
[2026-09-12 10:58:48] [INFO] [OVERSTAY] Current India Date/Time: 12/09/2026 10:58:48
[2026-09-12 10:58:48] [INFO] [OVERSTAY] Timezone: Asia/Kolkata
[2026-09-12 10:58:50] [INFO] [OVERSTAY] Overstay cron initialized successfully
[2026-09-12 10:58:50] [INFO] [OVERSTAY] Cron schedule: Every minute
[2026-09-12 10:58:50] [INFO] [OVERSTAY] Cron timezone: Asia/Kolkata
[2026-09-12 10:58:50] [INFO] ==================================================
[2026-09-12 10:58:50] [INFO] OVERSTAY CRON STARTED
[2026-09-12 10:58:50] [INFO] ==================================================
[2026-09-12 10:58:50] [INFO] [OVERSTAY] Current India Date/Time: 12/09/2026 10:58:50
[2026-09-12 10:58:50] [INFO] [OVERSTAY] Timezone: Asia/Kolkata
[2026-09-12 10:58:52] [INFO] [OVERSTAY] Overstay cron initialized successfully
[2026-09-12 10:58:52] [INFO] [OVERSTAY] Cron schedule: Every minute
[2026-09-12 10:58:52] [INFO] [OVERSTAY] Cron timezone: Asia/Kolkata
[2026-09-12 10:58:52] [INFO] ==================================================
[2026-09-12 10:58:53] [INFO] OVERSTAY CRON STARTED
[2026-09-12 10:58:53] [INFO] ==================================================
[2026-09-12 10:58:53] [INFO] [OVERSTAY] Current India Date/Time: 12/09/2026 10:58:53
[2026-09-12 10:58:53] [INFO] [OVERSTAY] Timezone: Asia/Kolkata
[2026-09-12 10:59:01] [INFO] [OVERSTAY] Overstay cron initialized successfully
[2026-09-12 10:59:01] [INFO] [OVERSTAY] Cron schedule: Every minute
[2026-09-12 10:59:01] [INFO] [OVERSTAY] Cron timezone: Asia/Kolkata
[2026-09-12 10:59:01] [INFO] ==================================================
[2026-09-12 10:59:01] [INFO] OVERSTAY CRON STARTED
[2026-09-12 10:59:01] [INFO] ==================================================
[2026-09-12 10:59:01] [INFO] [OVERSTAY] Current India Date/Time: 12/09/2026 10:59:01
[2026-09-12 10:59:01] [INFO] [OVERSTAY] Timezone: Asia/Kolkata
[2026-09-12 10:59:03] [INFO] [OVERSTAY] Overstay cron initialized successfully
[2026-09-12 10:59:03] [INFO] [OVERSTAY] Cron schedule: Every minute
[2026-09-12 10:59:03] [INFO] [OVERSTAY] Cron timezone: Asia/Kolkata
[2026-09-12 10:59:03] [INFO] ==================================================
[2026-09-12 10:59:03] [INFO] OVERSTAY CRON STARTED
[2026-09-12 10:59:03] [INFO] ==================================================
[2026-09-12 10:59:03] [INFO] [OVERSTAY] Current India Date/Time: 12/09/2026 10:59:03
[2026-09-12 10:59:03] [INFO] [OVERSTAY] Timezone: Asia/Kolkata
[2026-09-12 10:59:12] [INFO] [OVERSTAY] Overstay cron initialized successfully
[2026-09-12 10:59:13] [INFO] [OVERSTAY] Cron schedule: Every minute
[2026-09-12 10:59:13] [INFO] [OVERSTAY] Cron timezone: Asia/Kolkata
[2026-09-12 10:59:13] [INFO] ==================================================
[2026-09-12 10:59:13] [INFO] OVERSTAY CRON STARTED
[2026-09-12 10:59:13] [INFO] ==================================================
[2026-09-12 10:59:13] [INFO] [OVERSTAY] Current India Date/Time: 12/09/2026 10:59:13
[2026-09-12 10:59:13] [INFO] [OVERSTAY] Timezone: Asia/Kolkata
[2026-09-12 10:59:19] [INFO] [OVERSTAY] Overstay cron initialized successfully
[2026-09-12 10:59:19] [INFO] [OVERSTAY] Cron schedule: Every minute
[2026-09-12 10:59:19] [INFO] [OVERSTAY] Cron timezone: Asia/Kolkata
[2026-09-12 10:59:19] [INFO] ==================================================
[2026-09-12 10:59:19] [INFO] OVERSTAY CRON STARTED
[2026-09-12 10:59:19] [INFO] ==================================================
[2026-09-12 10:59:19] [INFO] [OVERSTAY] Current India Date/Time: 12/09/2026 10:59:19
[2026-09-12 10:59:19] [INFO] [OVERSTAY] Timezone: Asia/Kolkata
[2026-09-12 10:59:24] [INFO] [OVERSTAY] Overstay cron initialized successfully
[2026-09-12 10:59:24] [INFO] [OVERSTAY] Cron schedule: Every minute
[2026-09-12 10:59:24] [INFO] [OVERSTAY] Cron timezone: Asia/Kolkata
[2026-09-12 10:59:24] [INFO] ==================================================
[2026-09-12 10:59:24] [INFO] OVERSTAY CRON STARTED
[2026-09-12 10:59:24] [INFO] ==================================================
[2026-09-12 10:59:24] [INFO] [OVERSTAY] Current India Date/Time: 12/09/2026 10:59:24
[2026-09-12 10:59:24] [INFO] [OVERSTAY] Timezone: Asia/Kolkata
[2026-09-12 10:59:34] [INFO] [OVERSTAY] Overstay cron initialized successfully
[2026-09-12 10:59:34] [INFO] [OVERSTAY] Cron schedule: Every minute
[2026-09-12 10:59:34] [INFO] [OVERSTAY] Cron timezone: Asia/Kolkata
[2026-09-12 10:59:34] [INFO] ==================================================
[2026-09-12 10:59:34] [INFO] OVERSTAY CRON STARTED
[2026-09-12 10:59:34] [INFO] ==================================================
[2026-09-12 10:59:34] [INFO] [OVERSTAY] Current India Date/Time: 12/09/2026 10:59:34
[2026-09-12 10:59:34] [INFO] [OVERSTAY] Timezone: Asia/Kolkata
[2026-09-12 10:59:36] [INFO] [OVERSTAY] Overstay cron initialized successfully
[2026-09-12 10:59:36] [INFO] [OVERSTAY] Cron schedule: Every minute
[2026-09-12 10:59:36] [INFO] [OVERSTAY] Cron timezone: Asia/Kolkata
[2026-09-12 10:59:36] [INFO] ==================================================
[2026-09-12 10:59:36] [INFO] OVERSTAY CRON STARTED
[2026-09-12 10:59:36] [INFO] ==================================================
[2026-09-12 10:59:36] [INFO] [OVERSTAY] Current India Date/Time: 12/09/2026 10:59:36
[2026-09-12 10:59:36] [INFO] [OVERSTAY] Timezone: Asia/Kolkata
[2026-09-12 10:59:43] [INFO] [OVERSTAY] Overstay cron initialized successfully
[2026-09-12 10:59:43] [INFO] [OVERSTAY] Cron schedule: Every minute
[2026-09-12 10:59:43] [INFO] [OVERSTAY] Cron timezone: Asia/Kolkata
[2026-09-12 10:59:43] [INFO] ==================================================
[2026-09-12 10:59:43] [INFO] OVERSTAY CRON STARTED
[2026-09-12 10:59:43] [INFO] ==================================================
[2026-09-12 10:59:43] [INFO] [OVERSTAY] Current India Date/Time: 12/09/2026 10:59:43
[2026-09-12 10:59:43] [INFO] [OVERSTAY] Timezone: Asia/Kolkata
[2026-09-12 11:00:27] [INFO] [OVERSTAY] Overstay cron initialized successfully
[2026-09-12 11:00:27] [INFO] [OVERSTAY] Cron schedule: Every minute
[2026-09-12 11:00:27] [INFO] [OVERSTAY] Cron timezone: Asia/Kolkata
[2026-09-12 11:00:27] [INFO] ==================================================
[2026-09-12 11:00:27] [INFO] OVERSTAY CRON STARTED
[2026-09-12 11:00:27] [INFO] ==================================================
[2026-09-12 11:00:27] [INFO] [OVERSTAY] Current India Date/Time: 12/09/2026 11:00:27
[2026-09-12 11:00:27] [INFO] [OVERSTAY] Timezone: Asia/Kolkata
[2026-09-12 11:00:55] [INFO] [OVERSTAY] Overstay cron initialized successfully
[2026-09-12 11:00:55] [INFO] [OVERSTAY] Cron schedule: Every minute
[2026-09-12 11:00:55] [INFO] [OVERSTAY] Cron timezone: Asia/Kolkata
[2026-09-12 11:00:55] [INFO] ==================================================
[2026-09-12 11:00:55] [INFO] OVERSTAY CRON STARTED
[2026-09-12 11:00:55] [INFO] ==================================================
[2026-09-12 11:00:55] [INFO] [OVERSTAY] Current India Date/Time: 12/09/2026 11:00:55
[2026-09-12 11:00:55] [INFO] [OVERSTAY] Timezone: Asia/Kolkata
[2026-09-12 11:01:11] [INFO] [OVERSTAY] Overstay cron initialized successfully
[2026-09-12 11:01:11] [INFO] [OVERSTAY] Cron schedule: Every minute
[2026-09-12 11:01:11] [INFO] [OVERSTAY] Cron timezone: Asia/Kolkata
[2026-09-12 11:01:11] [INFO] ==================================================
[2026-09-12 11:01:11] [INFO] OVERSTAY CRON STARTED
[2026-09-12 11:01:11] [INFO] ==================================================
[2026-09-12 11:01:11] [INFO] [OVERSTAY] Current India Date/Time: 12/09/2026 11:01:11
[2026-09-12 11:01:11] [INFO] [OVERSTAY] Timezone: Asia/Kolkata
[2026-09-12 11:01:11] [INFO] [Logger] Running log cleanup check. Retention limit: 30 days.
[2026-09-12 11:01:11] [INFO] [Logger] Cleanup completed. No expired log files found.
[2026-09-12 11:01:11] [INFO] [Logger] Automated log cleanup scheduler started (runs every 24 hours).
[2026-09-12 11:01:11] [INFO] [Server] Server started and listening on port 5000
[2026-09-12 11:01:12] [INFO] [Database] MongoDB Connected successfully: 76.13.244.61
[2026-09-12 11:01:12] [INFO] Admin user already exists
[2026-09-12 11:01:12] [INFO] [OVERSTAY] Staying customers found: 0
[2026-09-12 11:01:12] [INFO] ==================================================
[2026-09-12 11:01:12] [INFO] OVERSTAY CRON COMPLETED
[2026-09-12 11:01:12] [INFO] ==================================================
[2026-09-12 11:01:26] [INFO] [OVERSTAY] Overstay cron initialized successfully
[2026-09-12 11:01:26] [INFO] [OVERSTAY] Cron schedule: Every minute
[2026-09-12 11:01:26] [INFO] [OVERSTAY] Cron timezone: Asia/Kolkata
[2026-09-12 11:01:26] [INFO] ==================================================
[2026-09-12 11:01:26] [INFO] OVERSTAY CRON STARTED
[2026-09-12 11:01:26] [INFO] ==================================================
[2026-09-12 11:01:26] [INFO] [OVERSTAY] Current India Date/Time: 12/09/2026 11:01:26
[2026-09-12 11:01:26] [INFO] [OVERSTAY] Timezone: Asia/Kolkata
[2026-09-12 11:01:26] [INFO] [Logger] Running log cleanup check. Retention limit: 30 days.
[2026-09-12 11:01:26] [INFO] [Logger] Cleanup completed. No expired log files found.
[2026-09-12 11:01:26] [INFO] [Logger] Automated log cleanup scheduler started (runs every 24 hours).
[2026-09-12 11:01:26] [INFO] [Server] Server started and listening on port 5000
[2026-09-12 11:01:26] [INFO] [Database] MongoDB Connected successfully: 76.13.244.61
[2026-09-12 11:01:26] [INFO] Admin user already exists
[2026-09-12 11:01:26] [INFO] [OVERSTAY] Staying customers found: 0
[2026-09-12 11:01:26] [INFO] ==================================================
[2026-09-12 11:01:26] [INFO] OVERSTAY CRON COMPLETED
[2026-09-12 11:01:26] [INFO] ==================================================
[2026-09-12 11:01:35] [INFO] [OVERSTAY] Overstay cron initialized successfully
[2026-09-12 11:01:35] [INFO] [OVERSTAY] Cron schedule: Every minute
[2026-09-12 11:01:35] [INFO] [OVERSTAY] Cron timezone: Asia/Kolkata
[2026-09-12 11:01:35] [INFO] ==================================================
[2026-09-12 11:01:35] [INFO] OVERSTAY CRON STARTED
[2026-09-12 11:01:35] [INFO] ==================================================
[2026-09-12 11:01:35] [INFO] [OVERSTAY] Current India Date/Time: 12/09/2026 11:01:35
[2026-09-12 11:01:35] [INFO] [OVERSTAY] Timezone: Asia/Kolkata
[2026-09-12 11:01:36] [INFO] [Logger] Running log cleanup check. Retention limit: 30 days.
[2026-09-12 11:01:36] [INFO] [Logger] Cleanup completed. No expired log files found.
[2026-09-12 11:01:36] [INFO] [Logger] Automated log cleanup scheduler started (runs every 24 hours).
[2026-09-12 11:01:36] [INFO] [Server] Server started and listening on port 5000
[2026-09-12 11:01:36] [INFO] [Database] MongoDB Connected successfully: 76.13.244.61
[2026-09-12 11:01:36] [INFO] [OVERSTAY] Staying customers found: 0
[2026-09-12 11:01:36] [INFO] ==================================================
[2026-09-12 11:01:36] [INFO] OVERSTAY CRON COMPLETED
[2026-09-12 11:01:36] [INFO] ==================================================
[2026-09-12 11:01:36] [INFO] Admin user already exists
[2026-09-12 11:01:45] [INFO] [OVERSTAY] Overstay cron initialized successfully
[2026-09-12 11:01:45] [INFO] [OVERSTAY] Cron schedule: Every minute
[2026-09-12 11:01:45] [INFO] [OVERSTAY] Cron timezone: Asia/Kolkata
[2026-09-12 11:01:45] [INFO] ==================================================
[2026-09-12 11:01:45] [INFO] OVERSTAY CRON STARTED
[2026-09-12 11:01:45] [INFO] ==================================================
[2026-09-12 11:01:45] [INFO] [OVERSTAY] Current India Date/Time: 12/09/2026 11:01:45
[2026-09-12 11:01:45] [INFO] [OVERSTAY] Timezone: Asia/Kolkata
[2026-09-12 11:01:45] [INFO] [Logger] Running log cleanup check. Retention limit: 30 days.
[2026-09-12 11:01:45] [INFO] [Logger] Cleanup completed. No expired log files found.
[2026-09-12 11:01:45] [INFO] [Logger] Automated log cleanup scheduler started (runs every 24 hours).
[2026-09-12 11:01:45] [INFO] [Server] Server started and listening on port 5000
[2026-09-12 11:01:46] [INFO] [Database] MongoDB Connected successfully: 76.13.244.61
[2026-09-12 11:01:46] [INFO] Admin user already exists
[2026-09-12 11:01:46] [INFO] [OVERSTAY] Staying customers found: 0
[2026-09-12 11:01:46] [INFO] ==================================================
[2026-09-12 11:01:46] [INFO] OVERSTAY CRON COMPLETED
[2026-09-12 11:01:46] [INFO] ==================================================
[2026-09-12 11:02:00] [INFO] [OVERSTAY] Cron triggered
[2026-09-12 11:02:00] [INFO] ==================================================
[2026-09-12 11:02:00] [INFO] OVERSTAY CRON STARTED
[2026-09-12 11:02:00] [INFO] ==================================================
[2026-09-12 11:02:00] [INFO] [OVERSTAY] Current India Date/Time: 12/09/2026 11:02:00
[2026-09-12 11:02:00] [INFO] [OVERSTAY] Timezone: Asia/Kolkata
[2026-09-12 11:02:00] [INFO] [OVERSTAY] Staying customers found: 0
[2026-09-12 11:02:00] [INFO] ==================================================
[2026-09-12 11:02:00] [INFO] OVERSTAY CRON COMPLETED
[2026-09-12 11:02:00] [INFO] ==================================================
[2026-09-12 11:03:00] [INFO] [OVERSTAY] Cron triggered
[2026-09-12 11:03:00] [INFO] ==================================================
[2026-09-12 11:03:00] [INFO] OVERSTAY CRON STARTED
[2026-09-12 11:03:00] [INFO] ==================================================
[2026-09-12 11:03:00] [INFO] [OVERSTAY] Current India Date/Time: 12/09/2026 11:03:00
[2026-09-12 11:03:00] [INFO] [OVERSTAY] Timezone: Asia/Kolkata
[2026-09-12 11:03:00] [INFO] [OVERSTAY] Staying customers found: 0
[2026-09-12 11:03:00] [INFO] ==================================================
[2026-09-12 11:03:00] [INFO] OVERSTAY CRON COMPLETED
[2026-09-12 11:03:00] [INFO] ==================================================
[2026-09-12 11:04:00] [INFO] [OVERSTAY] Cron triggered
[2026-09-12 11:04:00] [INFO] ==================================================
[2026-09-12 11:04:00] [INFO] OVERSTAY CRON STARTED
[2026-09-12 11:04:00] [INFO] ==================================================
[2026-09-12 11:04:00] [INFO] [OVERSTAY] Current India Date/Time: 12/09/2026 11:04:00
[2026-09-12 11:04:00] [INFO] [OVERSTAY] Timezone: Asia/Kolkata
[2026-09-12 11:04:00] [INFO] [OVERSTAY] Staying customers found: 0
[2026-09-12 11:04:00] [INFO] ==================================================
[2026-09-12 11:04:00] [INFO] OVERSTAY CRON COMPLETED
[2026-09-12 11:04:00] [INFO] ==================================================
[2026-09-12 11:05:00] [INFO] [OVERSTAY] Cron triggered
[2026-09-12 11:05:00] [INFO] ==================================================
[2026-09-12 11:05:00] [INFO] OVERSTAY CRON STARTED
[2026-09-12 11:05:00] [INFO] ==================================================
[2026-09-12 11:05:00] [INFO] [OVERSTAY] Current India Date/Time: 12/09/2026 11:05:00
[2026-09-12 11:05:00] [INFO] [OVERSTAY] Timezone: Asia/Kolkata
[2026-09-12 11:05:00] [INFO] [OVERSTAY] Staying customers found: 0
[2026-09-12 11:05:00] [INFO] ==================================================
[2026-09-12 11:05:00] [INFO] OVERSTAY CRON COMPLETED
[2026-09-12 11:05:00] [INFO] ==================================================
[2026-09-12 11:06:00] [INFO] [OVERSTAY] Cron triggered
[2026-09-12 11:06:00] [INFO] ==================================================
[2026-09-12 11:06:00] [INFO] OVERSTAY CRON STARTED
[2026-09-12 11:06:00] [INFO] ==================================================
[2026-09-12 11:06:00] [INFO] [OVERSTAY] Current India Date/Time: 12/09/2026 11:06:00
[2026-09-12 11:06:00] [INFO] [OVERSTAY] Timezone: Asia/Kolkata
[2026-09-12 11:06:00] [INFO] [OVERSTAY] Staying customers found: 0
[2026-09-12 11:06:00] [INFO] ==================================================
[2026-09-12 11:06:00] [INFO] OVERSTAY CRON COMPLETED
[2026-09-12 11:06:00] [INFO] ==================================================
[2026-09-12 11:07:00] [INFO] [OVERSTAY] Cron triggered
[2026-09-12 11:07:00] [INFO] ==================================================
[2026-09-12 11:07:00] [INFO] OVERSTAY CRON STARTED
[2026-09-12 11:07:00] [INFO] ==================================================
[2026-09-12 11:07:00] [INFO] [OVERSTAY] Current India Date/Time: 12/09/2026 11:07:00
[2026-09-12 11:07:00] [INFO] [OVERSTAY] Timezone: Asia/Kolkata
[2026-09-12 11:07:00] [INFO] [OVERSTAY] Staying customers found: 0
[2026-09-12 11:07:00] [INFO] ==================================================
[2026-09-12 11:07:00] [INFO] OVERSTAY CRON COMPLETED
[2026-09-12 11:07:00] [INFO] ==================================================
[2026-09-12 11:08:00] [INFO] [OVERSTAY] Cron triggered
[2026-09-12 11:08:00] [INFO] ==================================================
[2026-09-12 11:08:00] [INFO] OVERSTAY CRON STARTED
[2026-09-12 11:08:00] [INFO] ==================================================
[2026-09-12 11:08:00] [INFO] [OVERSTAY] Current India Date/Time: 12/09/2026 11:08:00
[2026-09-12 11:08:00] [INFO] [OVERSTAY] Timezone: Asia/Kolkata
[2026-09-12 11:08:00] [INFO] [OVERSTAY] Staying customers found: 0
[2026-09-12 11:08:00] [INFO] ==================================================
[2026-09-12 11:08:00] [INFO] OVERSTAY CRON COMPLETED
[2026-09-12 11:08:00] [INFO] ==================================================
[2026-09-12 11:09:00] [INFO] [OVERSTAY] Cron triggered
[2026-09-12 11:09:00] [INFO] ==================================================
[2026-09-12 11:09:00] [INFO] OVERSTAY CRON STARTED
[2026-09-12 11:09:00] [INFO] ==================================================
[2026-09-12 11:09:00] [INFO] [OVERSTAY] Current India Date/Time: 12/09/2026 11:09:00
[2026-09-12 11:09:00] [INFO] [OVERSTAY] Timezone: Asia/Kolkata
[2026-09-12 11:09:00] [INFO] [OVERSTAY] Staying customers found: 0
[2026-09-12 11:09:00] [INFO] ==================================================
[2026-09-12 11:09:00] [INFO] OVERSTAY CRON COMPLETED
[2026-09-12 11:09:00] [INFO] ==================================================
[2026-09-12 11:10:00] [INFO] [OVERSTAY] Cron triggered
[2026-09-12 11:10:00] [INFO] ==================================================
[2026-09-12 11:10:00] [INFO] OVERSTAY CRON STARTED
[2026-09-12 11:10:00] [INFO] ==================================================
[2026-09-12 11:10:00] [INFO] [OVERSTAY] Current India Date/Time: 12/09/2026 11:10:00
[2026-09-12 11:10:00] [INFO] [OVERSTAY] Timezone: Asia/Kolkata
[2026-09-12 11:10:00] [INFO] [OVERSTAY] Staying customers found: 0
[2026-09-12 11:10:00] [INFO] ==================================================
[2026-09-12 11:10:00] [INFO] OVERSTAY CRON COMPLETED
[2026-09-12 11:10:00] [INFO] ==================================================
[2026-09-12 11:11:00] [INFO] [OVERSTAY] Cron triggered
[2026-09-12 11:11:00] [INFO] ==================================================
[2026-09-12 11:11:00] [INFO] OVERSTAY CRON STARTED
[2026-09-12 11:11:00] [INFO] ==================================================
[2026-09-12 11:11:00] [INFO] [OVERSTAY] Current India Date/Time: 12/09/2026 11:11:00
[2026-09-12 11:11:00] [INFO] [OVERSTAY] Timezone: Asia/Kolkata
[2026-09-12 11:11:00] [INFO] [OVERSTAY] Staying customers found: 0
[2026-09-12 11:11:00] [INFO] ==================================================
[2026-09-12 11:11:00] [INFO] OVERSTAY CRON COMPLETED
[2026-09-12 11:11:00] [INFO] ==================================================
[2026-09-12 11:12:00] [INFO] [OVERSTAY] Cron triggered
[2026-09-12 11:12:00] [INFO] ==================================================
[2026-09-12 11:12:00] [INFO] OVERSTAY CRON STARTED
[2026-09-12 11:12:00] [INFO] ==================================================
[2026-09-12 11:12:00] [INFO] [OVERSTAY] Current India Date/Time: 12/09/2026 11:12:00
[2026-09-12 11:12:00] [INFO] [OVERSTAY] Timezone: Asia/Kolkata
[2026-09-12 11:12:00] [INFO] [OVERSTAY] Staying customers found: 0
[2026-09-12 11:12:00] [INFO] ==================================================
[2026-09-12 11:12:00] [INFO] OVERSTAY CRON COMPLETED
[2026-09-12 11:12:00] [INFO] ==================================================
[2026-09-12 11:13:00] [INFO] [OVERSTAY] Cron triggered
[2026-09-12 11:13:00] [INFO] ==================================================
[2026-09-12 11:13:00] [INFO] OVERSTAY CRON STARTED
[2026-09-12 11:13:00] [INFO] ==================================================
[2026-09-12 11:13:00] [INFO] [OVERSTAY] Current India Date/Time: 12/09/2026 11:13:00
[2026-09-12 11:13:00] [INFO] [OVERSTAY] Timezone: Asia/Kolkata
[2026-09-12 11:13:00] [INFO] [OVERSTAY] Staying customers found: 0
[2026-09-12 11:13:00] [INFO] ==================================================
[2026-09-12 11:13:00] [INFO] OVERSTAY CRON COMPLETED
[2026-09-12 11:13:00] [INFO] ==================================================
[2026-09-12 11:14:00] [INFO] [OVERSTAY] Cron triggered
[2026-09-12 11:14:00] [INFO] ==================================================
[2026-09-12 11:14:00] [INFO] OVERSTAY CRON STARTED
[2026-09-12 11:14:00] [INFO] ==================================================
[2026-09-12 11:14:00] [INFO] [OVERSTAY] Current India Date/Time: 12/09/2026 11:14:00
[2026-09-12 11:14:00] [INFO] [OVERSTAY] Timezone: Asia/Kolkata
[2026-09-12 11:14:00] [INFO] [OVERSTAY] Staying customers found: 0
[2026-09-12 11:14:00] [INFO] ==================================================
[2026-09-12 11:14:00] [INFO] OVERSTAY CRON COMPLETED
[2026-09-12 11:14:00] [INFO] ==================================================
[2026-09-12 11:15:00] [INFO] [OVERSTAY] Cron triggered
[2026-09-12 11:15:00] [INFO] ==================================================
[2026-09-12 11:15:00] [INFO] OVERSTAY CRON STARTED
[2026-09-12 11:15:00] [INFO] ==================================================
[2026-09-12 11:15:00] [INFO] [OVERSTAY] Current India Date/Time: 12/09/2026 11:15:00
[2026-09-12 11:15:00] [INFO] [OVERSTAY] Timezone: Asia/Kolkata
[2026-09-12 11:15:00] [INFO] [OVERSTAY] Staying customers found: 0
[2026-09-12 11:15:00] [INFO] ==================================================
[2026-09-12 11:15:00] [INFO] OVERSTAY CRON COMPLETED
[2026-09-12 11:15:00] [INFO] ==================================================
[2026-09-12 11:16:00] [INFO] [OVERSTAY] Cron triggered
[2026-09-12 11:16:00] [INFO] ==================================================
[2026-09-12 11:16:00] [INFO] OVERSTAY CRON STARTED
[2026-09-12 11:16:00] [INFO] ==================================================
[2026-09-12 11:16:00] [INFO] [OVERSTAY] Current India Date/Time: 12/09/2026 11:16:00
[2026-09-12 11:16:00] [INFO] [OVERSTAY] Timezone: Asia/Kolkata
[2026-09-12 11:16:00] [INFO] [OVERSTAY] Staying customers found: 0
[2026-09-12 11:16:00] [INFO] ==================================================
[2026-09-12 11:16:00] [INFO] OVERSTAY CRON COMPLETED
[2026-09-12 11:16:00] [INFO] ==================================================
[2026-09-12 11:17:00] [INFO] [OVERSTAY] Cron triggered
[2026-09-12 11:17:00] [INFO] ==================================================
[2026-09-12 11:17:00] [INFO] OVERSTAY CRON STARTED
[2026-09-12 11:17:00] [INFO] ==================================================
[2026-09-12 11:17:00] [INFO] [OVERSTAY] Current India Date/Time: 12/09/2026 11:17:00
[2026-09-12 11:17:00] [INFO] [OVERSTAY] Timezone: Asia/Kolkata
[2026-09-12 11:17:00] [INFO] [OVERSTAY] Staying customers found: 0
[2026-09-12 11:17:00] [INFO] ==================================================
[2026-09-12 11:17:00] [INFO] OVERSTAY CRON COMPLETED
[2026-09-12 11:17:00] [INFO] ==================================================
[2026-09-12 11:18:00] [INFO] [OVERSTAY] Cron triggered
[2026-09-12 11:18:00] [INFO] ==================================================
[2026-09-12 11:18:00] [INFO] OVERSTAY CRON STARTED
[2026-09-12 11:18:00] [INFO] ==================================================
[2026-09-12 11:18:00] [INFO] [OVERSTAY] Current India Date/Time: 12/09/2026 11:18:00
[2026-09-12 11:18:00] [INFO] [OVERSTAY] Timezone: Asia/Kolkata
[2026-09-12 11:18:00] [INFO] [OVERSTAY] Staying customers found: 0
[2026-09-12 11:18:00] [INFO] ==================================================
[2026-09-12 11:18:00] [INFO] OVERSTAY CRON COMPLETED
[2026-09-12 11:18:00] [INFO] ==================================================
[2026-09-12 11:19:00] [INFO] [OVERSTAY] Cron triggered
[2026-09-12 11:19:00] [INFO] ==================================================
[2026-09-12 11:19:00] [INFO] OVERSTAY CRON STARTED
[2026-09-12 11:19:00] [INFO] ==================================================
[2026-09-12 11:19:00] [INFO] [OVERSTAY] Current India Date/Time: 12/09/2026 11:19:00
[2026-09-12 11:19:00] [INFO] [OVERSTAY] Timezone: Asia/Kolkata
[2026-09-12 11:19:00] [INFO] [OVERSTAY] Staying customers found: 0
[2026-09-12 11:19:00] [INFO] ==================================================
[2026-09-12 11:19:00] [INFO] OVERSTAY CRON COMPLETED
[2026-09-12 11:19:00] [INFO] ==================================================
[2026-09-12 11:20:00] [INFO] [OVERSTAY] Cron triggered
[2026-09-12 11:20:00] [INFO] ==================================================
[2026-09-12 11:20:00] [INFO] OVERSTAY CRON STARTED
[2026-09-12 11:20:00] [INFO] ==================================================
[2026-09-12 11:20:00] [INFO] [OVERSTAY] Current India Date/Time: 12/09/2026 11:20:00
[2026-09-12 11:20:00] [INFO] [OVERSTAY] Timezone: Asia/Kolkata
[2026-09-12 11:20:00] [INFO] [OVERSTAY] Staying customers found: 0
[2026-09-12 11:20:00] [INFO] ==================================================
[2026-09-12 11:20:00] [INFO] OVERSTAY CRON COMPLETED
[2026-09-12 11:20:00] [INFO] ==================================================
[2026-09-12 11:21:00] [INFO] [OVERSTAY] Cron triggered
[2026-09-12 11:21:00] [INFO] ==================================================
[2026-09-12 11:21:00] [INFO] OVERSTAY CRON STARTED
[2026-09-12 11:21:00] [INFO] ==================================================
[2026-09-12 11:21:00] [INFO] [OVERSTAY] Current India Date/Time: 12/09/2026 11:21:00
[2026-09-12 11:21:00] [INFO] [OVERSTAY] Timezone: Asia/Kolkata
[2026-09-12 11:21:00] [INFO] [OVERSTAY] Staying customers found: 0
[2026-09-12 11:21:00] [INFO] ==================================================
[2026-09-12 11:21:00] [INFO] OVERSTAY CRON COMPLETED
[2026-09-12 11:21:00] [INFO] ==================================================
[2026-09-12 11:22:00] [INFO] [OVERSTAY] Cron triggered
[2026-09-12 11:22:00] [INFO] ==================================================
[2026-09-12 11:22:00] [INFO] OVERSTAY CRON STARTED
[2026-09-12 11:22:00] [INFO] ==================================================
[2026-09-12 11:22:00] [INFO] [OVERSTAY] Current India Date/Time: 12/09/2026 11:22:00
[2026-09-12 11:22:00] [INFO] [OVERSTAY] Timezone: Asia/Kolkata
[2026-09-12 11:22:00] [INFO] [OVERSTAY] Staying customers found: 0
[2026-09-12 11:22:00] [INFO] ==================================================
[2026-09-12 11:22:00] [INFO] OVERSTAY CRON COMPLETED
[2026-09-12 11:22:00] [INFO] ==================================================
[2026-09-12 11:23:00] [INFO] [OVERSTAY] Cron triggered
[2026-09-12 11:23:00] [INFO] ==================================================
[2026-09-12 11:23:00] [INFO] OVERSTAY CRON STARTED
[2026-09-12 11:23:00] [INFO] ==================================================
[2026-09-12 11:23:00] [INFO] [OVERSTAY] Current India Date/Time: 12/09/2026 11:23:00
[2026-09-12 11:23:00] [INFO] [OVERSTAY] Timezone: Asia/Kolkata
[2026-09-12 11:23:00] [INFO] [OVERSTAY] Staying customers found: 0
[2026-09-12 11:23:00] [INFO] ==================================================
[2026-09-12 11:23:00] [INFO] OVERSTAY CRON COMPLETED
[2026-09-12 11:23:00] [INFO] ==================================================
[2026-09-12 11:24:00] [INFO] [OVERSTAY] Cron triggered
[2026-09-12 11:24:00] [INFO] ==================================================
[2026-09-12 11:24:00] [INFO] OVERSTAY CRON STARTED
[2026-09-12 11:24:00] [INFO] ==================================================
[2026-09-12 11:24:00] [INFO] [OVERSTAY] Current India Date/Time: 12/09/2026 11:24:00
[2026-09-12 11:24:00] [INFO] [OVERSTAY] Timezone: Asia/Kolkata
[2026-09-12 11:24:00] [INFO] [OVERSTAY] Staying customers found: 0
[2026-09-12 11:24:00] [INFO] ==================================================
[2026-09-12 11:24:00] [INFO] OVERSTAY CRON COMPLETED
[2026-09-12 11:24:00] [INFO] ==================================================
[2026-09-12 11:25:00] [INFO] [OVERSTAY] Cron triggered
[2026-09-12 11:25:00] [INFO] ==================================================
[2026-09-12 11:25:00] [INFO] OVERSTAY CRON STARTED
[2026-09-12 11:25:00] [INFO] ==================================================
[2026-09-12 11:25:00] [INFO] [OVERSTAY] Current India Date/Time: 12/09/2026 11:25:00
[2026-09-12 11:25:00] [INFO] [OVERSTAY] Timezone: Asia/Kolkata
[2026-09-12 11:25:00] [INFO] [OVERSTAY] Staying customers found: 0
[2026-09-12 11:25:00] [INFO] ==================================================
[2026-09-12 11:25:00] [INFO] OVERSTAY CRON COMPLETED
[2026-09-12 11:25:00] [INFO] ==================================================
[2026-09-12 11:26:00] [INFO] [OVERSTAY] Cron triggered
[2026-09-12 11:26:00] [INFO] ==================================================
[2026-09-12 11:26:00] [INFO] OVERSTAY CRON STARTED
[2026-09-12 11:26:00] [INFO] ==================================================
[2026-09-12 11:26:00] [INFO] [OVERSTAY] Current India Date/Time: 12/09/2026 11:26:00
[2026-09-12 11:26:00] [INFO] [OVERSTAY] Timezone: Asia/Kolkata
[2026-09-12 11:26:00] [INFO] [OVERSTAY] Staying customers found: 0
[2026-09-12 11:26:00] [INFO] ==================================================
[2026-09-12 11:26:00] [INFO] OVERSTAY CRON COMPLETED
[2026-09-12 11:26:00] [INFO] ==================================================
[2026-09-12 11:27:00] [INFO] [OVERSTAY] Cron triggered
[2026-09-12 11:27:00] [INFO] ==================================================
[2026-09-12 11:27:00] [INFO] OVERSTAY CRON STARTED
[2026-09-12 11:27:00] [INFO] ==================================================
[2026-09-12 11:27:00] [INFO] [OVERSTAY] Current India Date/Time: 12/09/2026 11:27:00
[2026-09-12 11:27:00] [INFO] [OVERSTAY] Timezone: Asia/Kolkata
[2026-09-12 11:27:00] [INFO] [OVERSTAY] Staying customers found: 0
[2026-09-12 11:27:00] [INFO] ==================================================
[2026-09-12 11:27:00] [INFO] OVERSTAY CRON COMPLETED
[2026-09-12 11:27:00] [INFO] ==================================================
[2026-09-12 11:28:00] [INFO] [OVERSTAY] Cron triggered
[2026-09-12 11:28:00] [INFO] ==================================================
[2026-09-12 11:28:00] [INFO] OVERSTAY CRON STARTED
[2026-09-12 11:28:00] [INFO] ==================================================
[2026-09-12 11:28:00] [INFO] [OVERSTAY] Current India Date/Time: 12/09/2026 11:28:00
[2026-09-12 11:28:00] [INFO] [OVERSTAY] Timezone: Asia/Kolkata
[2026-09-12 11:28:00] [INFO] [OVERSTAY] Staying customers found: 0
[2026-09-12 11:28:00] [INFO] ==================================================
[2026-09-12 11:28:00] [INFO] OVERSTAY CRON COMPLETED
[2026-09-12 11:28:00] [INFO] ==================================================
[2026-09-12 11:29:00] [INFO] [OVERSTAY] Cron triggered
[2026-09-12 11:29:00] [INFO] ==================================================
[2026-09-12 11:29:00] [INFO] OVERSTAY CRON STARTED
[2026-09-12 11:29:00] [INFO] ==================================================
[2026-09-12 11:29:00] [INFO] [OVERSTAY] Current India Date/Time: 12/09/2026 11:29:00
[2026-09-12 11:29:00] [INFO] [OVERSTAY] Timezone: Asia/Kolkata
[2026-09-12 11:29:00] [INFO] [OVERSTAY] Staying customers found: 0
[2026-09-12 11:29:00] [INFO] ==================================================
[2026-09-12 11:29:00] [INFO] OVERSTAY CRON COMPLETED
[2026-09-12 11:29:00] [INFO] ==================================================
[2026-09-12 11:30:00] [INFO] [OVERSTAY] Cron triggered
[2026-09-12 11:30:00] [INFO] ==================================================
[2026-09-12 11:30:00] [INFO] OVERSTAY CRON STARTED
[2026-09-12 11:30:00] [INFO] ==================================================
[2026-09-12 11:30:00] [INFO] [OVERSTAY] Current India Date/Time: 12/09/2026 11:30:00
[2026-09-12 11:30:00] [INFO] [OVERSTAY] Timezone: Asia/Kolkata
[2026-09-12 11:30:00] [INFO] [OVERSTAY] Staying customers found: 0
[2026-09-12 11:30:00] [INFO] ==================================================
[2026-09-12 11:30:00] [INFO] OVERSTAY CRON COMPLETED
[2026-09-12 11:30:00] [INFO] ==================================================
[2026-09-12 11:31:00] [INFO] [OVERSTAY] Cron triggered
[2026-09-12 11:31:00] [INFO] ==================================================
[2026-09-12 11:31:00] [INFO] OVERSTAY CRON STARTED
[2026-09-12 11:31:00] [INFO] ==================================================
[2026-09-12 11:31:00] [INFO] [OVERSTAY] Current India Date/Time: 12/09/2026 11:31:00
[2026-09-12 11:31:00] [INFO] [OVERSTAY] Timezone: Asia/Kolkata
[2026-09-12 11:31:00] [INFO] [OVERSTAY] Staying customers found: 0
[2026-09-12 11:31:00] [INFO] ==================================================
[2026-09-12 11:31:00] [INFO] OVERSTAY CRON COMPLETED
[2026-09-12 11:31:00] [INFO] ==================================================
[2026-09-12 11:32:00] [INFO] [OVERSTAY] Cron triggered
[2026-09-12 11:32:00] [INFO] ==================================================
[2026-09-12 11:32:00] [INFO] OVERSTAY CRON STARTED
[2026-09-12 11:32:00] [INFO] ==================================================
[2026-09-12 11:32:00] [INFO] [OVERSTAY] Current India Date/Time: 12/09/2026 11:32:00
[2026-09-12 11:32:00] [INFO] [OVERSTAY] Timezone: Asia/Kolkata
[2026-09-12 11:32:00] [INFO] [OVERSTAY] Staying customers found: 0
[2026-09-12 11:32:00] [INFO] ==================================================
[2026-09-12 11:32:00] [INFO] OVERSTAY CRON COMPLETED
[2026-09-12 11:32:00] [INFO] ==================================================
[2026-09-12 11:33:00] [INFO] [OVERSTAY] Cron triggered
[2026-09-12 11:33:00] [INFO] ==================================================
[2026-09-12 11:33:00] [INFO] OVERSTAY CRON STARTED
[2026-09-12 11:33:00] [INFO] ==================================================
[2026-09-12 11:33:00] [INFO] [OVERSTAY] Current India Date/Time: 12/09/2026 11:33:00
[2026-09-12 11:33:00] [INFO] [OVERSTAY] Timezone: Asia/Kolkata
[2026-09-12 11:33:00] [INFO] [OVERSTAY] Staying customers found: 0
[2026-09-12 11:33:00] [INFO] ==================================================
[2026-09-12 11:33:00] [INFO] OVERSTAY CRON COMPLETED
[2026-09-12 11:33:00] [INFO] ==================================================
[2026-09-12 11:34:00] [INFO] [OVERSTAY] Cron triggered
[2026-09-12 11:34:00] [INFO] ==================================================
[2026-09-12 11:34:00] [INFO] OVERSTAY CRON STARTED
[2026-09-12 11:34:00] [INFO] ==================================================
[2026-09-12 11:34:00] [INFO] [OVERSTAY] Current India Date/Time: 12/09/2026 11:34:00
[2026-09-12 11:34:00] [INFO] [OVERSTAY] Timezone: Asia/Kolkata
[2026-09-12 11:34:00] [INFO] [OVERSTAY] Staying customers found: 0
[2026-09-12 11:34:00] [INFO] ==================================================
[2026-09-12 11:34:00] [INFO] OVERSTAY CRON COMPLETED
[2026-09-12 11:34:00] [INFO] ==================================================
[2026-09-12 11:35:00] [INFO] [OVERSTAY] Cron triggered
[2026-09-12 11:35:00] [INFO] ==================================================
[2026-09-12 11:35:00] [INFO] OVERSTAY CRON STARTED
[2026-09-12 11:35:00] [INFO] ==================================================
[2026-09-12 11:35:00] [INFO] [OVERSTAY] Current India Date/Time: 12/09/2026 11:35:00
[2026-09-12 11:35:00] [INFO] [OVERSTAY] Timezone: Asia/Kolkata
[2026-09-12 11:35:00] [INFO] [OVERSTAY] Staying customers found: 0
[2026-09-12 11:35:00] [INFO] ==================================================
[2026-09-12 11:35:00] [INFO] OVERSTAY CRON COMPLETED
[2026-09-12 11:35:00] [INFO] ==================================================
[2026-09-12 11:36:00] [INFO] [OVERSTAY] Cron triggered
[2026-09-12 11:36:00] [INFO] ==================================================
[2026-09-12 11:36:00] [INFO] OVERSTAY CRON STARTED
[2026-09-12 11:36:00] [INFO] ==================================================
[2026-09-12 11:36:00] [INFO] [OVERSTAY] Current India Date/Time: 12/09/2026 11:36:00
[2026-09-12 11:36:00] [INFO] [OVERSTAY] Timezone: Asia/Kolkata
[2026-09-12 11:36:00] [INFO] [OVERSTAY] Staying customers found: 0
[2026-09-12 11:36:00] [INFO] ==================================================
[2026-09-12 11:36:00] [INFO] OVERSTAY CRON COMPLETED
[2026-09-12 11:36:00] [INFO] ==================================================
[2026-09-12 11:37:00] [INFO] [OVERSTAY] Cron triggered
[2026-09-12 11:37:00] [INFO] ==================================================
[2026-09-12 11:37:00] [INFO] OVERSTAY CRON STARTED
[2026-09-12 11:37:00] [INFO] ==================================================
[2026-09-12 11:37:00] [INFO] [OVERSTAY] Current India Date/Time: 12/09/2026 11:37:00
[2026-09-12 11:37:00] [INFO] [OVERSTAY] Timezone: Asia/Kolkata
[2026-09-12 11:37:00] [INFO] [OVERSTAY] Staying customers found: 0
[2026-09-12 11:37:00] [INFO] ==================================================
[2026-09-12 11:37:00] [INFO] OVERSTAY CRON COMPLETED
[2026-09-12 11:37:00] [INFO] ==================================================
[2026-09-12 11:38:00] [INFO] [OVERSTAY] Cron triggered
[2026-09-12 11:38:00] [INFO] ==================================================
[2026-09-12 11:38:00] [INFO] OVERSTAY CRON STARTED
[2026-09-12 11:38:00] [INFO] ==================================================
[2026-09-12 11:38:00] [INFO] [OVERSTAY] Current India Date/Time: 12/09/2026 11:38:00
[2026-09-12 11:38:00] [INFO] [OVERSTAY] Timezone: Asia/Kolkata
[2026-09-12 11:38:00] [INFO] [OVERSTAY] Staying customers found: 0
[2026-09-12 11:38:00] [INFO] ==================================================
[2026-09-12 11:38:00] [INFO] OVERSTAY CRON COMPLETED
[2026-09-12 11:38:00] [INFO] ==================================================
[2026-09-12 11:39:00] [INFO] [OVERSTAY] Cron triggered
[2026-09-12 11:39:00] [INFO] ==================================================
[2026-09-12 11:39:00] [INFO] OVERSTAY CRON STARTED
[2026-09-12 11:39:00] [INFO] ==================================================
[2026-09-12 11:39:00] [INFO] [OVERSTAY] Current India Date/Time: 12/09/2026 11:39:00
[2026-09-12 11:39:00] [INFO] [OVERSTAY] Timezone: Asia/Kolkata
[2026-09-12 11:39:00] [INFO] [OVERSTAY] Staying customers found: 0
[2026-09-12 11:39:00] [INFO] ==================================================
[2026-09-12 11:39:00] [INFO] OVERSTAY CRON COMPLETED
[2026-09-12 11:39:00] [INFO] ==================================================
[2026-09-12 11:40:00] [INFO] [OVERSTAY] Cron triggered
[2026-09-12 11:40:00] [INFO] ==================================================
[2026-09-12 11:40:00] [INFO] OVERSTAY CRON STARTED
[2026-09-12 11:40:00] [INFO] ==================================================
[2026-09-12 11:40:00] [INFO] [OVERSTAY] Current India Date/Time: 12/09/2026 11:40:00
[2026-09-12 11:40:00] [INFO] [OVERSTAY] Timezone: Asia/Kolkata
[2026-09-12 11:40:00] [INFO] [OVERSTAY] Staying customers found: 0
[2026-09-12 11:40:00] [INFO] ==================================================
[2026-09-12 11:40:00] [INFO] OVERSTAY CRON COMPLETED
[2026-09-12 11:40:00] [INFO] ==================================================
[2026-09-12 11:41:00] [INFO] [OVERSTAY] Cron triggered
[2026-09-12 11:41:00] [INFO] ==================================================
[2026-09-12 11:41:00] [INFO] OVERSTAY CRON STARTED
[2026-09-12 11:41:00] [INFO] ==================================================
[2026-09-12 11:41:00] [INFO] [OVERSTAY] Current India Date/Time: 12/09/2026 11:41:00
[2026-09-12 11:41:00] [INFO] [OVERSTAY] Timezone: Asia/Kolkata
[2026-09-12 11:41:00] [INFO] [OVERSTAY] Staying customers found: 0
[2026-09-12 11:41:00] [INFO] ==================================================
[2026-09-12 11:41:00] [INFO] OVERSTAY CRON COMPLETED
[2026-09-12 11:41:00] [INFO] ==================================================
[2026-09-12 11:42:00] [INFO] [OVERSTAY] Cron triggered
[2026-09-12 11:42:00] [INFO] ==================================================
[2026-09-12 11:42:00] [INFO] OVERSTAY CRON STARTED
[2026-09-12 11:42:00] [INFO] ==================================================
[2026-09-12 11:42:00] [INFO] [OVERSTAY] Current India Date/Time: 12/09/2026 11:42:00
[2026-09-12 11:42:00] [INFO] [OVERSTAY] Timezone: Asia/Kolkata
[2026-09-12 11:42:00] [INFO] [OVERSTAY] Staying customers found: 0
[2026-09-12 11:42:00] [INFO] ==================================================
[2026-09-12 11:42:00] [INFO] OVERSTAY CRON COMPLETED
[2026-09-12 11:42:00] [INFO] ==================================================
[2026-09-12 11:43:00] [INFO] [OVERSTAY] Cron triggered
[2026-09-12 11:43:00] [INFO] ==================================================
[2026-09-12 11:43:00] [INFO] OVERSTAY CRON STARTED
[2026-09-12 11:43:00] [INFO] ==================================================
[2026-09-12 11:43:00] [INFO] [OVERSTAY] Current India Date/Time: 12/09/2026 11:43:00
[2026-09-12 11:43:00] [INFO] [OVERSTAY] Timezone: Asia/Kolkata
[2026-09-12 11:43:00] [INFO] [OVERSTAY] Staying customers found: 0
[2026-09-12 11:43:00] [INFO] ==================================================
[2026-09-12 11:43:00] [INFO] OVERSTAY CRON COMPLETED
[2026-09-12 11:43:00] [INFO] ==================================================
[2026-09-12 11:44:00] [INFO] [OVERSTAY] Cron triggered
[2026-09-12 11:44:00] [INFO] ==================================================
[2026-09-12 11:44:00] [INFO] OVERSTAY CRON STARTED
[2026-09-12 11:44:00] [INFO] ==================================================
[2026-09-12 11:44:00] [INFO] [OVERSTAY] Current India Date/Time: 12/09/2026 11:44:00
[2026-09-12 11:44:00] [INFO] [OVERSTAY] Timezone: Asia/Kolkata
[2026-09-12 11:44:00] [INFO] [OVERSTAY] Staying customers found: 0
[2026-09-12 11:44:00] [INFO] ==================================================
[2026-09-12 11:44:00] [INFO] OVERSTAY CRON COMPLETED
[2026-09-12 11:44:00] [INFO] ==================================================
[2026-09-12 11:45:00] [INFO] [OVERSTAY] Cron triggered
[2026-09-12 11:45:00] [INFO] ==================================================
[2026-09-12 11:45:00] [INFO] OVERSTAY CRON STARTED
[2026-09-12 11:45:00] [INFO] ==================================================
[2026-09-12 11:45:00] [INFO] [OVERSTAY] Current India Date/Time: 12/09/2026 11:45:00
[2026-09-12 11:45:00] [INFO] [OVERSTAY] Timezone: Asia/Kolkata
[2026-09-12 11:45:00] [INFO] [OVERSTAY] Staying customers found: 0
[2026-09-12 11:45:00] [INFO] ==================================================
[2026-09-12 11:45:00] [INFO] OVERSTAY CRON COMPLETED
[2026-09-12 11:45:00] [INFO] ==================================================
[2026-09-12 11:46:00] [INFO] [OVERSTAY] Cron triggered
[2026-09-12 11:46:00] [INFO] ==================================================
[2026-09-12 11:46:00] [INFO] OVERSTAY CRON STARTED
[2026-09-12 11:46:00] [INFO] ==================================================
[2026-09-12 11:46:00] [INFO] [OVERSTAY] Current India Date/Time: 12/09/2026 11:46:00
[2026-09-12 11:46:00] [INFO] [OVERSTAY] Timezone: Asia/Kolkata
[2026-09-12 11:46:00] [INFO] [OVERSTAY] Staying customers found: 0
[2026-09-12 11:46:00] [INFO] ==================================================
[2026-09-12 11:46:00] [INFO] OVERSTAY CRON COMPLETED
[2026-09-12 11:46:00] [INFO] ==================================================
[2026-09-12 11:47:00] [INFO] [OVERSTAY] Cron triggered
[2026-09-12 11:47:00] [INFO] ==================================================
[2026-09-12 11:47:00] [INFO] OVERSTAY CRON STARTED
[2026-09-12 11:47:00] [INFO] ==================================================
[2026-09-12 11:47:00] [INFO] [OVERSTAY] Current India Date/Time: 12/09/2026 11:47:00
[2026-09-12 11:47:00] [INFO] [OVERSTAY] Timezone: Asia/Kolkata
[2026-09-12 11:47:00] [INFO] [OVERSTAY] Staying customers found: 0
[2026-09-12 11:47:00] [INFO] ==================================================
[2026-09-12 11:47:00] [INFO] OVERSTAY CRON COMPLETED
[2026-09-12 11:47:00] [INFO] ==================================================
[2026-09-12 11:48:00] [INFO] [OVERSTAY] Cron triggered
[2026-09-12 11:48:00] [INFO] ==================================================
[2026-09-12 11:48:00] [INFO] OVERSTAY CRON STARTED
[2026-09-12 11:48:00] [INFO] ==================================================
[2026-09-12 11:48:00] [INFO] [OVERSTAY] Current India Date/Time: 12/09/2026 11:48:00
[2026-09-12 11:48:00] [INFO] [OVERSTAY] Timezone: Asia/Kolkata
[2026-09-12 11:48:00] [INFO] [OVERSTAY] Staying customers found: 0
[2026-09-12 11:48:00] [INFO] ==================================================
[2026-09-12 11:48:00] [INFO] OVERSTAY CRON COMPLETED
[2026-09-12 11:48:00] [INFO] ==================================================
[2026-09-12 11:49:00] [INFO] [OVERSTAY] Cron triggered
[2026-09-12 11:49:00] [INFO] ==================================================
[2026-09-12 11:49:00] [INFO] OVERSTAY CRON STARTED
[2026-09-12 11:49:00] [INFO] ==================================================
[2026-09-12 11:49:00] [INFO] [OVERSTAY] Current India Date/Time: 12/09/2026 11:49:00
[2026-09-12 11:49:00] [INFO] [OVERSTAY] Timezone: Asia/Kolkata
[2026-09-12 11:49:00] [INFO] [OVERSTAY] Staying customers found: 0
[2026-09-12 11:49:00] [INFO] ==================================================
[2026-09-12 11:49:00] [INFO] OVERSTAY CRON COMPLETED
[2026-09-12 11:49:00] [INFO] ==================================================
[2026-09-12 11:50:00] [INFO] [OVERSTAY] Cron triggered
[2026-09-12 11:50:00] [INFO] ==================================================
[2026-09-12 11:50:00] [INFO] OVERSTAY CRON STARTED
[2026-09-12 11:50:00] [INFO] ==================================================
[2026-09-12 11:50:00] [INFO] [OVERSTAY] Current India Date/Time: 12/09/2026 11:50:00
[2026-09-12 11:50:00] [INFO] [OVERSTAY] Timezone: Asia/Kolkata
[2026-09-12 11:50:00] [INFO] [OVERSTAY] Staying customers found: 0
[2026-09-12 11:50:00] [INFO] ==================================================
[2026-09-12 11:50:00] [INFO] OVERSTAY CRON COMPLETED
[2026-09-12 11:50:00] [INFO] ==================================================
[2026-09-12 11:51:00] [INFO] [OVERSTAY] Cron triggered
[2026-09-12 11:51:00] [INFO] ==================================================
[2026-09-12 11:51:00] [INFO] OVERSTAY CRON STARTED
[2026-09-12 11:51:00] [INFO] ==================================================
[2026-09-12 11:51:00] [INFO] [OVERSTAY] Current India Date/Time: 12/09/2026 11:51:00
[2026-09-12 11:51:00] [INFO] [OVERSTAY] Timezone: Asia/Kolkata
[2026-09-12 11:51:00] [INFO] [OVERSTAY] Staying customers found: 0
[2026-09-12 11:51:00] [INFO] ==================================================
[2026-09-12 11:51:00] [INFO] OVERSTAY CRON COMPLETED
[2026-09-12 11:51:00] [INFO] ==================================================
[2026-09-12 11:52:00] [INFO] [OVERSTAY] Cron triggered
[2026-09-12 11:52:00] [INFO] ==================================================
[2026-09-12 11:52:00] [INFO] OVERSTAY CRON STARTED
[2026-09-12 11:52:00] [INFO] ==================================================
[2026-09-12 11:52:00] [INFO] [OVERSTAY] Current India Date/Time: 12/09/2026 11:52:00
[2026-09-12 11:52:00] [INFO] [OVERSTAY] Timezone: Asia/Kolkata
[2026-09-12 11:52:00] [INFO] [OVERSTAY] Staying customers found: 0
[2026-09-12 11:52:00] [INFO] ==================================================
[2026-09-12 11:52:00] [INFO] OVERSTAY CRON COMPLETED
[2026-09-12 11:52:00] [INFO] ==================================================
[2026-09-12 11:53:00] [INFO] [OVERSTAY] Cron triggered
[2026-09-12 11:53:00] [INFO] ==================================================
[2026-09-12 11:53:00] [INFO] OVERSTAY CRON STARTED
[2026-09-12 11:53:00] [INFO] ==================================================
[2026-09-12 11:53:00] [INFO] [OVERSTAY] Current India Date/Time: 12/09/2026 11:53:00
[2026-09-12 11:53:00] [INFO] [OVERSTAY] Timezone: Asia/Kolkata
[2026-09-12 11:53:00] [INFO] [OVERSTAY] Staying customers found: 0
[2026-09-12 11:53:00] [INFO] ==================================================
[2026-09-12 11:53:00] [INFO] OVERSTAY CRON COMPLETED
[2026-09-12 11:53:00] [INFO] ==================================================
[2026-09-12 11:54:00] [INFO] [OVERSTAY] Cron triggered
[2026-09-12 11:54:00] [INFO] ==================================================
[2026-09-12 11:54:00] [INFO] OVERSTAY CRON STARTED
[2026-09-12 11:54:00] [INFO] ==================================================
[2026-09-12 11:54:00] [INFO] [OVERSTAY] Current India Date/Time: 12/09/2026 11:54:00
[2026-09-12 11:54:00] [INFO] [OVERSTAY] Timezone: Asia/Kolkata
[2026-09-12 11:54:00] [INFO] [OVERSTAY] Staying customers found: 0
[2026-09-12 11:54:00] [INFO] ==================================================
[2026-09-12 11:54:00] [INFO] OVERSTAY CRON COMPLETED
[2026-09-12 11:54:00] [INFO] ==================================================
[2026-09-12 11:55:00] [INFO] [OVERSTAY] Cron triggered
[2026-09-12 11:55:00] [INFO] ==================================================
[2026-09-12 11:55:00] [INFO] OVERSTAY CRON STARTED
[2026-09-12 11:55:00] [INFO] ==================================================
[2026-09-12 11:55:00] [INFO] [OVERSTAY] Current India Date/Time: 12/09/2026 11:55:00
[2026-09-12 11:55:00] [INFO] [OVERSTAY] Timezone: Asia/Kolkata
[2026-09-12 11:55:00] [INFO] [OVERSTAY] Staying customers found: 0
[2026-09-12 11:55:00] [INFO] ==================================================
[2026-09-12 11:55:00] [INFO] OVERSTAY CRON COMPLETED
[2026-09-12 11:55:00] [INFO] ==================================================
[2026-09-12 11:56:00] [INFO] [OVERSTAY] Cron triggered
[2026-09-12 11:56:00] [INFO] ==================================================
[2026-09-12 11:56:00] [INFO] OVERSTAY CRON STARTED
[2026-09-12 11:56:00] [INFO] ==================================================
[2026-09-12 11:56:00] [INFO] [OVERSTAY] Current India Date/Time: 12/09/2026 11:56:00
[2026-09-12 11:56:00] [INFO] [OVERSTAY] Timezone: Asia/Kolkata
[2026-09-12 11:56:00] [INFO] [OVERSTAY] Staying customers found: 0
[2026-09-12 11:56:00] [INFO] ==================================================
[2026-09-12 11:56:00] [INFO] OVERSTAY CRON COMPLETED
[2026-09-12 11:56:00] [INFO] ==================================================
[2026-09-12 11:57:00] [INFO] [OVERSTAY] Cron triggered
[2026-09-12 11:57:00] [INFO] ==================================================
[2026-09-12 11:57:00] [INFO] OVERSTAY CRON STARTED
[2026-09-12 11:57:00] [INFO] ==================================================
[2026-09-12 11:57:00] [INFO] [OVERSTAY] Current India Date/Time: 12/09/2026 11:57:00
[2026-09-12 11:57:00] [INFO] [OVERSTAY] Timezone: Asia/Kolkata
[2026-09-12 11:57:00] [INFO] [OVERSTAY] Staying customers found: 0
[2026-09-12 11:57:00] [INFO] ==================================================
[2026-09-12 11:57:00] [INFO] OVERSTAY CRON COMPLETED
[2026-09-12 11:57:00] [INFO] ==================================================
[2026-09-12 11:58:00] [INFO] [OVERSTAY] Cron triggered
[2026-09-12 11:58:00] [INFO] ==================================================
[2026-09-12 11:58:00] [INFO] OVERSTAY CRON STARTED
[2026-09-12 11:58:00] [INFO] ==================================================
[2026-09-12 11:58:00] [INFO] [OVERSTAY] Current India Date/Time: 12/09/2026 11:58:00
[2026-09-12 11:58:00] [INFO] [OVERSTAY] Timezone: Asia/Kolkata
[2026-09-12 11:58:00] [INFO] [OVERSTAY] Staying customers found: 0
[2026-09-12 11:58:00] [INFO] ==================================================
[2026-09-12 11:58:00] [INFO] OVERSTAY CRON COMPLETED
[2026-09-12 11:58:00] [INFO] ==================================================
[2026-09-12 11:59:00] [INFO] [OVERSTAY] Cron triggered
[2026-09-12 11:59:00] [INFO] ==================================================
[2026-09-12 11:59:00] [INFO] OVERSTAY CRON STARTED
[2026-09-12 11:59:00] [INFO] ==================================================
[2026-09-12 11:59:00] [INFO] [OVERSTAY] Current India Date/Time: 12/09/2026 11:59:00
[2026-09-12 11:59:00] [INFO] [OVERSTAY] Timezone: Asia/Kolkata
[2026-09-12 11:59:00] [INFO] [OVERSTAY] Staying customers found: 0
[2026-09-12 11:59:00] [INFO] ==================================================
[2026-09-12 11:59:00] [INFO] OVERSTAY CRON COMPLETED
[2026-09-12 11:59:00] [INFO] ==================================================
[2026-09-12 12:00:00] [INFO] [OVERSTAY] Cron triggered
[2026-09-12 12:00:00] [INFO] ==================================================
[2026-09-12 12:00:00] [INFO] OVERSTAY CRON STARTED
[2026-09-12 12:00:00] [INFO] ==================================================
[2026-09-12 12:00:00] [INFO] [OVERSTAY] Current India Date/Time: 12/09/2026 12:00:00
[2026-09-12 12:00:00] [INFO] [OVERSTAY] Timezone: Asia/Kolkata
[2026-09-12 12:00:00] [INFO] [OVERSTAY] Staying customers found: 0
[2026-09-12 12:00:00] [INFO] ==================================================
[2026-09-12 12:00:00] [INFO] OVERSTAY CRON COMPLETED
[2026-09-12 12:00:00] [INFO] ==================================================
[2026-09-12 12:01:00] [INFO] [OVERSTAY] Cron triggered
[2026-09-12 12:01:00] [INFO] ==================================================
[2026-09-12 12:01:00] [INFO] OVERSTAY CRON STARTED
[2026-09-12 12:01:00] [INFO] ==================================================
[2026-09-12 12:01:00] [INFO] [OVERSTAY] Current India Date/Time: 12/09/2026 12:01:00
[2026-09-12 12:01:00] [INFO] [OVERSTAY] Timezone: Asia/Kolkata
[2026-09-12 12:01:00] [INFO] [OVERSTAY] Staying customers found: 0
[2026-09-12 12:01:00] [INFO] ==================================================
[2026-09-12 12:01:00] [INFO] OVERSTAY CRON COMPLETED
[2026-09-12 12:01:00] [INFO] ==================================================
[2026-09-12 12:02:00] [INFO] [OVERSTAY] Cron triggered
[2026-09-12 12:02:00] [INFO] ==================================================
[2026-09-12 12:02:00] [INFO] OVERSTAY CRON STARTED
[2026-09-12 12:02:00] [INFO] ==================================================
[2026-09-12 12:02:00] [INFO] [OVERSTAY] Current India Date/Time: 12/09/2026 12:02:00
[2026-09-12 12:02:00] [INFO] [OVERSTAY] Timezone: Asia/Kolkata
[2026-09-12 12:02:00] [INFO] [OVERSTAY] Staying customers found: 0
[2026-09-12 12:02:00] [INFO] ==================================================
[2026-09-12 12:02:00] [INFO] OVERSTAY CRON COMPLETED
[2026-09-12 12:02:00] [INFO] ==================================================
[2026-09-12 12:03:00] [INFO] [OVERSTAY] Cron triggered
[2026-09-12 12:03:00] [INFO] ==================================================
[2026-09-12 12:03:00] [INFO] OVERSTAY CRON STARTED
[2026-09-12 12:03:00] [INFO] ==================================================
[2026-09-12 12:03:00] [INFO] [OVERSTAY] Current India Date/Time: 12/09/2026 12:03:00
[2026-09-12 12:03:00] [INFO] [OVERSTAY] Timezone: Asia/Kolkata
[2026-09-12 12:03:00] [INFO] [OVERSTAY] Staying customers found: 0
[2026-09-12 12:03:00] [INFO] ==================================================
[2026-09-12 12:03:00] [INFO] OVERSTAY CRON COMPLETED
[2026-09-12 12:03:00] [INFO] ==================================================
[2026-09-12 12:04:00] [INFO] [OVERSTAY] Cron triggered
[2026-09-12 12:04:00] [INFO] ==================================================
[2026-09-12 12:04:00] [INFO] OVERSTAY CRON STARTED
[2026-09-12 12:04:00] [INFO] ==================================================
[2026-09-12 12:04:00] [INFO] [OVERSTAY] Current India Date/Time: 12/09/2026 12:04:00
[2026-09-12 12:04:00] [INFO] [OVERSTAY] Timezone: Asia/Kolkata
[2026-09-12 12:04:00] [INFO] [OVERSTAY] Staying customers found: 0
[2026-09-12 12:04:00] [INFO] ==================================================
[2026-09-12 12:04:00] [INFO] OVERSTAY CRON COMPLETED
[2026-09-12 12:04:00] [INFO] ==================================================
[2026-09-12 12:05:00] [INFO] [OVERSTAY] Cron triggered
[2026-09-12 12:05:00] [INFO] ==================================================
[2026-09-12 12:05:00] [INFO] OVERSTAY CRON STARTED
[2026-09-12 12:05:00] [INFO] ==================================================
[2026-09-12 12:05:00] [INFO] [OVERSTAY] Current India Date/Time: 12/09/2026 12:05:00
[2026-09-12 12:05:00] [INFO] [OVERSTAY] Timezone: Asia/Kolkata
[2026-09-12 12:05:00] [INFO] [OVERSTAY] Staying customers found: 0
[2026-09-12 12:05:00] [INFO] ==================================================
[2026-09-12 12:05:00] [INFO] OVERSTAY CRON COMPLETED
[2026-09-12 12:05:00] [INFO] ==================================================
[2026-09-12 12:06:00] [INFO] [OVERSTAY] Cron triggered
[2026-09-12 12:06:00] [INFO] ==================================================
[2026-09-12 12:06:00] [INFO] OVERSTAY CRON STARTED
[2026-09-12 12:06:00] [INFO] ==================================================
[2026-09-12 12:06:00] [INFO] [OVERSTAY] Current India Date/Time: 12/09/2026 12:06:00
[2026-09-12 12:06:00] [INFO] [OVERSTAY] Timezone: Asia/Kolkata
[2026-09-12 12:06:00] [INFO] [OVERSTAY] Staying customers found: 0
[2026-09-12 12:06:00] [INFO] ==================================================
[2026-09-12 12:06:00] [INFO] OVERSTAY CRON COMPLETED
[2026-09-12 12:06:00] [INFO] ==================================================
[2026-09-12 12:07:00] [INFO] [OVERSTAY] Cron triggered
[2026-09-12 12:07:00] [INFO] ==================================================
[2026-09-12 12:07:00] [INFO] OVERSTAY CRON STARTED
[2026-09-12 12:07:00] [INFO] ==================================================
[2026-09-12 12:07:00] [INFO] [OVERSTAY] Current India Date/Time: 12/09/2026 12:07:00
[2026-09-12 12:07:00] [INFO] [OVERSTAY] Timezone: Asia/Kolkata
[2026-09-12 12:07:00] [INFO] [OVERSTAY] Staying customers found: 0
[2026-09-12 12:07:00] [INFO] ==================================================
[2026-09-12 12:07:00] [INFO] OVERSTAY CRON COMPLETED
[2026-09-12 12:07:00] [INFO] ==================================================
[2026-09-12 12:08:00] [INFO] [OVERSTAY] Cron triggered
[2026-09-12 12:08:00] [INFO] ==================================================
[2026-09-12 12:08:00] [INFO] OVERSTAY CRON STARTED
[2026-09-12 12:08:00] [INFO] ==================================================
[2026-09-12 12:08:00] [INFO] [OVERSTAY] Current India Date/Time: 12/09/2026 12:08:00
[2026-09-12 12:08:00] [INFO] [OVERSTAY] Timezone: Asia/Kolkata
[2026-09-12 12:08:00] [INFO] [OVERSTAY] Staying customers found: 0
[2026-09-12 12:08:00] [INFO] ==================================================
[2026-09-12 12:08:00] [INFO] OVERSTAY CRON COMPLETED
[2026-09-12 12:08:00] [INFO] ==================================================
[2026-09-12 12:09:00] [INFO] [OVERSTAY] Cron triggered
[2026-09-12 12:09:00] [INFO] ==================================================
[2026-09-12 12:09:00] [INFO] OVERSTAY CRON STARTED
[2026-09-12 12:09:00] [INFO] ==================================================
[2026-09-12 12:09:00] [INFO] [OVERSTAY] Current India Date/Time: 12/09/2026 12:09:00
[2026-09-12 12:09:00] [INFO] [OVERSTAY] Timezone: Asia/Kolkata
[2026-09-12 12:09:00] [INFO] [OVERSTAY] Staying customers found: 0
[2026-09-12 12:09:00] [INFO] ==================================================
[2026-09-12 12:09:00] [INFO] OVERSTAY CRON COMPLETED
[2026-09-12 12:09:00] [INFO] ==================================================
[2026-09-12 12:10:00] [INFO] [OVERSTAY] Cron triggered
[2026-09-12 12:10:00] [INFO] ==================================================
[2026-09-12 12:10:00] [INFO] OVERSTAY CRON STARTED
[2026-09-12 12:10:00] [INFO] ==================================================
[2026-09-12 12:10:00] [INFO] [OVERSTAY] Current India Date/Time: 12/09/2026 12:10:00
[2026-09-12 12:10:00] [INFO] [OVERSTAY] Timezone: Asia/Kolkata
[2026-09-12 12:10:00] [INFO] [OVERSTAY] Staying customers found: 0
[2026-09-12 12:10:00] [INFO] ==================================================
[2026-09-12 12:10:00] [INFO] OVERSTAY CRON COMPLETED
[2026-09-12 12:10:00] [INFO] ==================================================
[2026-09-12 12:11:00] [INFO] [OVERSTAY] Cron triggered
[2026-09-12 12:11:00] [INFO] ==================================================
[2026-09-12 12:11:00] [INFO] OVERSTAY CRON STARTED
[2026-09-12 12:11:00] [INFO] ==================================================
[2026-09-12 12:11:00] [INFO] [OVERSTAY] Current India Date/Time: 12/09/2026 12:11:00
[2026-09-12 12:11:00] [INFO] [OVERSTAY] Timezone: Asia/Kolkata
[2026-09-12 12:11:00] [INFO] [OVERSTAY] Staying customers found: 0
[2026-09-12 12:11:00] [INFO] ==================================================
[2026-09-12 12:11:00] [INFO] OVERSTAY CRON COMPLETED
[2026-09-12 12:11:00] [INFO] ==================================================
[2026-09-12 12:12:00] [INFO] [OVERSTAY] Cron triggered
[2026-09-12 12:12:00] [INFO] ==================================================
[2026-09-12 12:12:00] [INFO] OVERSTAY CRON STARTED
[2026-09-12 12:12:00] [INFO] ==================================================
[2026-09-12 12:12:00] [INFO] [OVERSTAY] Current India Date/Time: 12/09/2026 12:12:00
[2026-09-12 12:12:00] [INFO] [OVERSTAY] Timezone: Asia/Kolkata
[2026-09-12 12:12:00] [INFO] [OVERSTAY] Staying customers found: 0
[2026-09-12 12:12:00] [INFO] ==================================================
[2026-09-12 12:12:00] [INFO] OVERSTAY CRON COMPLETED
[2026-09-12 12:12:00] [INFO] ==================================================
[2026-09-12 12:13:00] [INFO] [OVERSTAY] Cron triggered
[2026-09-12 12:13:00] [INFO] ==================================================
[2026-09-12 12:13:00] [INFO] OVERSTAY CRON STARTED
[2026-09-12 12:13:00] [INFO] ==================================================
[2026-09-12 12:13:00] [INFO] [OVERSTAY] Current India Date/Time: 12/09/2026 12:13:00
[2026-09-12 12:13:00] [INFO] [OVERSTAY] Timezone: Asia/Kolkata
[2026-09-12 12:13:00] [INFO] [OVERSTAY] Staying customers found: 0
[2026-09-12 12:13:00] [INFO] ==================================================
[2026-09-12 12:13:00] [INFO] OVERSTAY CRON COMPLETED
[2026-09-12 12:13:00] [INFO] ==================================================
[2026-09-12 12:14:00] [INFO] [OVERSTAY] Cron triggered
[2026-09-12 12:14:00] [INFO] ==================================================
[2026-09-12 12:14:00] [INFO] OVERSTAY CRON STARTED
[2026-09-12 12:14:00] [INFO] ==================================================
[2026-09-12 12:14:00] [INFO] [OVERSTAY] Current India Date/Time: 12/09/2026 12:14:00
[2026-09-12 12:14:00] [INFO] [OVERSTAY] Timezone: Asia/Kolkata
[2026-09-12 12:14:00] [INFO] [OVERSTAY] Staying customers found: 0
[2026-09-12 12:14:00] [INFO] ==================================================
[2026-09-12 12:14:00] [INFO] OVERSTAY CRON COMPLETED
[2026-09-12 12:14:00] [INFO] ==================================================
[2026-09-12 12:15:00] [INFO] [OVERSTAY] Cron triggered
[2026-09-12 12:15:00] [INFO] ==================================================
[2026-09-12 12:15:00] [INFO] OVERSTAY CRON STARTED
[2026-09-12 12:15:00] [INFO] ==================================================
[2026-09-12 12:15:00] [INFO] [OVERSTAY] Current India Date/Time: 12/09/2026 12:15:00
[2026-09-12 12:15:00] [INFO] [OVERSTAY] Timezone: Asia/Kolkata
[2026-09-12 12:15:00] [INFO] [OVERSTAY] Staying customers found: 0
[2026-09-12 12:15:00] [INFO] ==================================================
[2026-09-12 12:15:00] [INFO] OVERSTAY CRON COMPLETED
[2026-09-12 12:15:00] [INFO] ==================================================
[2026-09-12 12:16:00] [INFO] [OVERSTAY] Cron triggered
[2026-09-12 12:16:00] [INFO] ==================================================
[2026-09-12 12:16:00] [INFO] OVERSTAY CRON STARTED
[2026-09-12 12:16:00] [INFO] ==================================================
[2026-09-12 12:16:00] [INFO] [OVERSTAY] Current India Date/Time: 12/09/2026 12:16:00
[2026-09-12 12:16:00] [INFO] [OVERSTAY] Timezone: Asia/Kolkata
[2026-09-12 12:16:00] [INFO] [OVERSTAY] Staying customers found: 0
[2026-09-12 12:16:00] [INFO] ==================================================
[2026-09-12 12:16:00] [INFO] OVERSTAY CRON COMPLETED
[2026-09-12 12:16:00] [INFO] ==================================================
[2026-09-12 12:17:00] [INFO] [OVERSTAY] Cron triggered
[2026-09-12 12:17:00] [INFO] ==================================================
[2026-09-12 12:17:00] [INFO] OVERSTAY CRON STARTED
[2026-09-12 12:17:00] [INFO] ==================================================
[2026-09-12 12:17:00] [INFO] [OVERSTAY] Current India Date/Time: 12/09/2026 12:17:00
[2026-09-12 12:17:00] [INFO] [OVERSTAY] Timezone: Asia/Kolkata
[2026-09-12 12:17:00] [INFO] [OVERSTAY] Staying customers found: 0
[2026-09-12 12:17:00] [INFO] ==================================================
[2026-09-12 12:17:00] [INFO] OVERSTAY CRON COMPLETED
[2026-09-12 12:17:00] [INFO] ==================================================
[2026-09-12 12:18:00] [INFO] [OVERSTAY] Cron triggered
[2026-09-12 12:18:00] [INFO] ==================================================
[2026-09-12 12:18:00] [INFO] OVERSTAY CRON STARTED
[2026-09-12 12:18:00] [INFO] ==================================================
[2026-09-12 12:18:00] [INFO] [OVERSTAY] Current India Date/Time: 12/09/2026 12:18:00
[2026-09-12 12:18:00] [INFO] [OVERSTAY] Timezone: Asia/Kolkata
[2026-09-12 12:18:00] [INFO] [OVERSTAY] Staying customers found: 0
[2026-09-12 12:18:00] [INFO] ==================================================
[2026-09-12 12:18:00] [INFO] OVERSTAY CRON COMPLETED
[2026-09-12 12:18:00] [INFO] ==================================================
[2026-09-12 12:19:00] [INFO] [OVERSTAY] Cron triggered
[2026-09-12 12:19:00] [INFO] ==================================================
[2026-09-12 12:19:00] [INFO] OVERSTAY CRON STARTED
[2026-09-12 12:19:00] [INFO] ==================================================
[2026-09-12 12:19:00] [INFO] [OVERSTAY] Current India Date/Time: 12/09/2026 12:19:00
[2026-09-12 12:19:00] [INFO] [OVERSTAY] Timezone: Asia/Kolkata
[2026-09-12 12:19:00] [INFO] [OVERSTAY] Staying customers found: 0
[2026-09-12 12:19:00] [INFO] ==================================================
[2026-09-12 12:19:00] [INFO] OVERSTAY CRON COMPLETED
[2026-09-12 12:19:00] [INFO] ==================================================
[2026-09-12 12:20:00] [INFO] [OVERSTAY] Cron triggered
[2026-09-12 12:20:00] [INFO] ==================================================
[2026-09-12 12:20:00] [INFO] OVERSTAY CRON STARTED
[2026-09-12 12:20:00] [INFO] ==================================================
[2026-09-12 12:20:00] [INFO] [OVERSTAY] Current India Date/Time: 12/09/2026 12:20:00
[2026-09-12 12:20:00] [INFO] [OVERSTAY] Timezone: Asia/Kolkata
[2026-09-12 12:20:00] [INFO] [OVERSTAY] Staying customers found: 0
[2026-09-12 12:20:00] [INFO] ==================================================
[2026-09-12 12:20:00] [INFO] OVERSTAY CRON COMPLETED
[2026-09-12 12:20:00] [INFO] ==================================================
[2026-09-12 12:21:00] [INFO] [OVERSTAY] Cron triggered
[2026-09-12 12:21:00] [INFO] ==================================================
[2026-09-12 12:21:00] [INFO] OVERSTAY CRON STARTED
[2026-09-12 12:21:00] [INFO] ==================================================
[2026-09-12 12:21:00] [INFO] [OVERSTAY] Current India Date/Time: 12/09/2026 12:21:00
[2026-09-12 12:21:00] [INFO] [OVERSTAY] Timezone: Asia/Kolkata
[2026-09-12 12:21:00] [INFO] [OVERSTAY] Staying customers found: 0
[2026-09-12 12:21:00] [INFO] ==================================================
[2026-09-12 12:21:00] [INFO] OVERSTAY CRON COMPLETED
[2026-09-12 12:21:00] [INFO] ==================================================
[2026-09-12 12:22:00] [INFO] [OVERSTAY] Cron triggered
[2026-09-12 12:22:00] [INFO] ==================================================
[2026-09-12 12:22:00] [INFO] OVERSTAY CRON STARTED
[2026-09-12 12:22:00] [INFO] ==================================================
[2026-09-12 12:22:00] [INFO] [OVERSTAY] Current India Date/Time: 12/09/2026 12:22:00
[2026-09-12 12:22:00] [INFO] [OVERSTAY] Timezone: Asia/Kolkata
[2026-09-12 12:22:00] [INFO] [OVERSTAY] Staying customers found: 0
[2026-09-12 12:22:00] [INFO] ==================================================
[2026-09-12 12:22:00] [INFO] OVERSTAY CRON COMPLETED
[2026-09-12 12:22:00] [INFO] ==================================================
[2026-09-12 12:23:00] [INFO] [OVERSTAY] Cron triggered
[2026-09-12 12:23:00] [INFO] ==================================================
[2026-09-12 12:23:00] [INFO] OVERSTAY CRON STARTED
[2026-09-12 12:23:00] [INFO] ==================================================
[2026-09-12 12:23:00] [INFO] [OVERSTAY] Current India Date/Time: 12/09/2026 12:23:00
[2026-09-12 12:23:00] [INFO] [OVERSTAY] Timezone: Asia/Kolkata
[2026-09-12 12:23:00] [INFO] [OVERSTAY] Staying customers found: 0
[2026-09-12 12:23:00] [INFO] ==================================================
[2026-09-12 12:23:00] [INFO] OVERSTAY CRON COMPLETED
[2026-09-12 12:23:00] [INFO] ==================================================
[2026-09-12 12:24:00] [INFO] [OVERSTAY] Cron triggered
[2026-09-12 12:24:00] [INFO] ==================================================
[2026-09-12 12:24:00] [INFO] OVERSTAY CRON STARTED
[2026-09-12 12:24:00] [INFO] ==================================================
[2026-09-12 12:24:00] [INFO] [OVERSTAY] Current India Date/Time: 12/09/2026 12:24:00
[2026-09-12 12:24:00] [INFO] [OVERSTAY] Timezone: Asia/Kolkata
[2026-09-12 12:24:00] [INFO] [OVERSTAY] Staying customers found: 0
[2026-09-12 12:24:00] [INFO] ==================================================
[2026-09-12 12:24:00] [INFO] OVERSTAY CRON COMPLETED
[2026-09-12 12:24:00] [INFO] ==================================================
[2026-09-12 12:25:00] [INFO] [OVERSTAY] Cron triggered
[2026-09-12 12:25:00] [INFO] ==================================================
[2026-09-12 12:25:00] [INFO] OVERSTAY CRON STARTED
[2026-09-12 12:25:00] [INFO] ==================================================
[2026-09-12 12:25:00] [INFO] [OVERSTAY] Current India Date/Time: 12/09/2026 12:25:00
[2026-09-12 12:25:00] [INFO] [OVERSTAY] Timezone: Asia/Kolkata
[2026-09-12 12:25:00] [INFO] [OVERSTAY] Staying customers found: 0
[2026-09-12 12:25:00] [INFO] ==================================================
[2026-09-12 12:25:00] [INFO] OVERSTAY CRON COMPLETED
[2026-09-12 12:25:00] [INFO] ==================================================
[2026-09-12 12:26:00] [INFO] [OVERSTAY] Cron triggered
[2026-09-12 12:26:00] [INFO] ==================================================
[2026-09-12 12:26:00] [INFO] OVERSTAY CRON STARTED
[2026-09-12 12:26:00] [INFO] ==================================================
[2026-09-12 12:26:00] [INFO] [OVERSTAY] Current India Date/Time: 12/09/2026 12:26:00
[2026-09-12 12:26:00] [INFO] [OVERSTAY] Timezone: Asia/Kolkata
[2026-09-12 12:26:00] [INFO] [OVERSTAY] Staying customers found: 0
[2026-09-12 12:26:00] [INFO] ==================================================
[2026-09-12 12:26:00] [INFO] OVERSTAY CRON COMPLETED
[2026-09-12 12:26:00] [INFO] ==================================================
[2026-09-12 12:27:00] [INFO] [OVERSTAY] Cron triggered
[2026-09-12 12:27:00] [INFO] ==================================================
[2026-09-12 12:27:00] [INFO] OVERSTAY CRON STARTED
[2026-09-12 12:27:00] [INFO] ==================================================
[2026-09-12 12:27:00] [INFO] [OVERSTAY] Current India Date/Time: 12/09/2026 12:27:00
[2026-09-12 12:27:00] [INFO] [OVERSTAY] Timezone: Asia/Kolkata
[2026-09-12 12:27:00] [INFO] [OVERSTAY] Staying customers found: 0
[2026-09-12 12:27:00] [INFO] ==================================================
[2026-09-12 12:27:00] [INFO] OVERSTAY CRON COMPLETED
[2026-09-12 12:27:00] [INFO] ==================================================
[2026-09-12 12:28:00] [INFO] [OVERSTAY] Cron triggered
[2026-09-12 12:28:00] [INFO] ==================================================
[2026-09-12 12:28:00] [INFO] OVERSTAY CRON STARTED
[2026-09-12 12:28:00] [INFO] ==================================================
[2026-09-12 12:28:00] [INFO] [OVERSTAY] Current India Date/Time: 12/09/2026 12:28:00
[2026-09-12 12:28:00] [INFO] [OVERSTAY] Timezone: Asia/Kolkata
[2026-09-12 12:28:00] [INFO] [OVERSTAY] Staying customers found: 0
[2026-09-12 12:28:00] [INFO] ==================================================
[2026-09-12 12:28:00] [INFO] OVERSTAY CRON COMPLETED
[2026-09-12 12:28:00] [INFO] ==================================================
[2026-09-12 12:28:48] [INFO] [OVERSTAY] Overstay cron initialized successfully
[2026-09-12 12:28:48] [INFO] [OVERSTAY] Cron schedule: Every minute
[2026-09-12 12:28:48] [INFO] [OVERSTAY] Cron timezone: Asia/Kolkata
[2026-09-12 12:28:48] [INFO] ==================================================
[2026-09-12 12:28:48] [INFO] OVERSTAY CRON STARTED
[2026-09-12 12:28:48] [INFO] ==================================================
[2026-09-12 12:28:48] [INFO] [OVERSTAY] Current India Date/Time: 12/09/2026 12:28:48
[2026-09-12 12:28:48] [INFO] [OVERSTAY] Timezone: Asia/Kolkata
[2026-09-12 12:28:52] [INFO] [Logger] Running log cleanup check. Retention limit: 30 days.
[2026-09-12 12:28:52] [INFO] [Logger] Cleanup completed. No expired log files found.
[2026-09-12 12:28:52] [INFO] [Logger] Automated log cleanup scheduler started (runs every 24 hours).
[2026-09-12 12:28:52] [INFO] [Server] Server started and listening on port 5000
[2026-09-12 12:28:52] [INFO] [Database] MongoDB Connected successfully: 76.13.244.61
[2026-09-12 12:28:52] [INFO] Admin user already exists
[2026-09-12 12:28:52] [INFO] [OVERSTAY] Staying customers found: 0
[2026-09-12 12:28:52] [INFO] ==================================================
[2026-09-12 12:28:52] [INFO] OVERSTAY CRON COMPLETED
[2026-09-12 12:28:52] [INFO] ==================================================
[2026-09-12 12:28:54] [INFO] [OVERSTAY] Overstay cron initialized successfully
[2026-09-12 12:28:54] [INFO] [OVERSTAY] Cron schedule: Every minute
[2026-09-12 12:28:54] [INFO] [OVERSTAY] Cron timezone: Asia/Kolkata
[2026-09-12 12:28:54] [INFO] ==================================================
[2026-09-12 12:28:54] [INFO] OVERSTAY CRON STARTED
[2026-09-12 12:28:54] [INFO] ==================================================
[2026-09-12 12:28:54] [INFO] [OVERSTAY] Current India Date/Time: 12/09/2026 12:28:54
[2026-09-12 12:28:54] [INFO] [OVERSTAY] Timezone: Asia/Kolkata
[2026-09-12 12:28:54] [INFO] [Logger] Running log cleanup check. Retention limit: 30 days.
[2026-09-12 12:28:54] [INFO] [Logger] Cleanup completed. No expired log files found.
[2026-09-12 12:28:54] [INFO] [Logger] Automated log cleanup scheduler started (runs every 24 hours).
[2026-09-12 12:28:54] [INFO] [Server] Server started and listening on port 5000
[2026-09-12 12:28:55] [INFO] [Database] MongoDB Connected successfully: 76.13.244.61
[2026-09-12 12:28:55] [INFO] Admin user already exists
[2026-09-12 12:28:55] [INFO] [OVERSTAY] Staying customers found: 0
[2026-09-12 12:28:55] [INFO] ==================================================
[2026-09-12 12:28:55] [INFO] OVERSTAY CRON COMPLETED
[2026-09-12 12:28:55] [INFO] ==================================================
[2026-09-12 12:29:00] [INFO] [OVERSTAY] Cron triggered
[2026-09-12 12:29:00] [INFO] ==================================================
[2026-09-12 12:29:00] [INFO] OVERSTAY CRON STARTED
[2026-09-12 12:29:00] [INFO] ==================================================
[2026-09-12 12:29:00] [INFO] [OVERSTAY] Current India Date/Time: 12/09/2026 12:29:00
[2026-09-12 12:29:00] [INFO] [OVERSTAY] Timezone: Asia/Kolkata
[2026-09-12 12:29:00] [INFO] [OVERSTAY] Staying customers found: 0
[2026-09-12 12:29:00] [INFO] ==================================================
[2026-09-12 12:29:00] [INFO] OVERSTAY CRON COMPLETED
[2026-09-12 12:29:00] [INFO] ==================================================
[2026-09-12 12:29:02] [INFO] [OVERSTAY] Overstay cron initialized successfully
[2026-09-12 12:29:02] [INFO] [OVERSTAY] Cron schedule: Every minute
[2026-09-12 12:29:02] [INFO] [OVERSTAY] Cron timezone: Asia/Kolkata
[2026-09-12 12:29:02] [INFO] ==================================================
[2026-09-12 12:29:02] [INFO] OVERSTAY CRON STARTED
[2026-09-12 12:29:02] [INFO] ==================================================
[2026-09-12 12:29:02] [INFO] [OVERSTAY] Current India Date/Time: 12/09/2026 12:29:02
[2026-09-12 12:29:02] [INFO] [OVERSTAY] Timezone: Asia/Kolkata
[2026-09-12 12:29:03] [INFO] [Logger] Running log cleanup check. Retention limit: 30 days.
[2026-09-12 12:29:03] [INFO] [Logger] Cleanup completed. No expired log files found.
[2026-09-12 12:29:03] [INFO] [Logger] Automated log cleanup scheduler started (runs every 24 hours).
[2026-09-12 12:29:03] [INFO] [Server] Server started and listening on port 5000
[2026-09-12 12:29:03] [INFO] [Database] MongoDB Connected successfully: 76.13.244.61
[2026-09-12 12:29:03] [INFO] Admin user already exists
[2026-09-12 12:29:03] [INFO] [OVERSTAY] Staying customers found: 0
[2026-09-12 12:29:03] [INFO] ==================================================
[2026-09-12 12:29:03] [INFO] OVERSTAY CRON COMPLETED
[2026-09-12 12:29:03] [INFO] ==================================================
[2026-09-12 12:29:06] [INFO] [OVERSTAY] Overstay cron initialized successfully
[2026-09-12 12:29:06] [INFO] [OVERSTAY] Cron schedule: Every minute
[2026-09-12 12:29:06] [INFO] [OVERSTAY] Cron timezone: Asia/Kolkata
[2026-09-12 12:29:06] [INFO] ==================================================
[2026-09-12 12:29:06] [INFO] OVERSTAY CRON STARTED
[2026-09-12 12:29:06] [INFO] ==================================================
[2026-09-12 12:29:06] [INFO] [OVERSTAY] Current India Date/Time: 12/09/2026 12:29:06
[2026-09-12 12:29:06] [INFO] [OVERSTAY] Timezone: Asia/Kolkata
[2026-09-12 12:29:07] [INFO] [Logger] Running log cleanup check. Retention limit: 30 days.
[2026-09-12 12:29:07] [INFO] [Logger] Cleanup completed. No expired log files found.
[2026-09-12 12:29:07] [INFO] [Logger] Automated log cleanup scheduler started (runs every 24 hours).
[2026-09-12 12:29:07] [INFO] [Server] Server started and listening on port 5000
[2026-09-12 12:29:07] [INFO] [Database] MongoDB Connected successfully: 76.13.244.61
[2026-09-12 12:29:07] [INFO] Admin user already exists
[2026-09-12 12:29:07] [INFO] [OVERSTAY] Staying customers found: 0
[2026-09-12 12:29:07] [INFO] ==================================================
[2026-09-12 12:29:07] [INFO] OVERSTAY CRON COMPLETED
[2026-09-12 12:29:07] [INFO] ==================================================
[2026-09-12 12:29:29] [INFO] [OVERSTAY] Overstay cron initialized successfully
[2026-09-12 12:29:29] [INFO] [OVERSTAY] Cron schedule: Every minute
[2026-09-12 12:29:29] [INFO] [OVERSTAY] Cron timezone: Asia/Kolkata
[2026-09-12 12:29:29] [INFO] ==================================================
[2026-09-12 12:29:29] [INFO] OVERSTAY CRON STARTED
[2026-09-12 12:29:29] [INFO] ==================================================
[2026-09-12 12:29:29] [INFO] [OVERSTAY] Current India Date/Time: 12/09/2026 12:29:29
[2026-09-12 12:29:29] [INFO] [OVERSTAY] Timezone: Asia/Kolkata
[2026-09-12 12:29:29] [INFO] [Logger] Running log cleanup check. Retention limit: 30 days.
[2026-09-12 12:29:29] [INFO] [Logger] Cleanup completed. No expired log files found.
[2026-09-12 12:29:29] [INFO] [Logger] Automated log cleanup scheduler started (runs every 24 hours).
[2026-09-12 12:29:29] [INFO] [Server] Server started and listening on port 5000
[2026-09-12 12:29:29] [INFO] [Database] MongoDB Connected successfully: 76.13.244.61
[2026-09-12 12:29:29] [INFO] [OVERSTAY] Staying customers found: 0
[2026-09-12 12:29:29] [INFO] ==================================================
[2026-09-12 12:29:29] [INFO] OVERSTAY CRON COMPLETED
[2026-09-12 12:29:29] [INFO] ==================================================
[2026-09-12 12:29:30] [INFO] Admin user already exists
[2026-09-12 12:29:41] [INFO] [OVERSTAY] Overstay cron initialized successfully
[2026-09-12 12:29:41] [INFO] [OVERSTAY] Cron schedule: Every minute
[2026-09-12 12:29:41] [INFO] [OVERSTAY] Cron timezone: Asia/Kolkata
[2026-09-12 12:29:41] [INFO] ==================================================
[2026-09-12 12:29:41] [INFO] OVERSTAY CRON STARTED
[2026-09-12 12:29:41] [INFO] ==================================================
[2026-09-12 12:29:41] [INFO] [OVERSTAY] Current India Date/Time: 12/09/2026 12:29:41
[2026-09-12 12:29:41] [INFO] [OVERSTAY] Timezone: Asia/Kolkata
[2026-09-12 12:29:41] [INFO] [Logger] Running log cleanup check. Retention limit: 30 days.
[2026-09-12 12:29:41] [INFO] [Logger] Cleanup completed. No expired log files found.
[2026-09-12 12:29:41] [INFO] [Logger] Automated log cleanup scheduler started (runs every 24 hours).
[2026-09-12 12:29:41] [INFO] [Server] Server started and listening on port 5000
[2026-09-12 12:29:41] [INFO] [Database] MongoDB Connected successfully: 76.13.244.61
[2026-09-12 12:29:41] [INFO] Admin user already exists
[2026-09-12 12:29:42] [INFO] [OVERSTAY] Staying customers found: 0
[2026-09-12 12:29:42] [INFO] ==================================================
[2026-09-12 12:29:42] [INFO] OVERSTAY CRON COMPLETED
[2026-09-12 12:29:42] [INFO] ==================================================
[2026-09-12 12:30:00] [INFO] [OVERSTAY] Cron triggered
[2026-09-12 12:30:00] [INFO] ==================================================
[2026-09-12 12:30:00] [INFO] OVERSTAY CRON STARTED
[2026-09-12 12:30:00] [INFO] ==================================================
[2026-09-12 12:30:00] [INFO] [OVERSTAY] Current India Date/Time: 12/09/2026 12:30:00
[2026-09-12 12:30:00] [INFO] [OVERSTAY] Timezone: Asia/Kolkata
[2026-09-12 12:30:00] [INFO] [OVERSTAY] Staying customers found: 0
[2026-09-12 12:30:00] [INFO] ==================================================
[2026-09-12 12:30:00] [INFO] OVERSTAY CRON COMPLETED
[2026-09-12 12:30:00] [INFO] ==================================================
[2026-09-12 12:31:00] [INFO] [OVERSTAY] Cron triggered
[2026-09-12 12:31:00] [INFO] ==================================================
[2026-09-12 12:31:00] [INFO] OVERSTAY CRON STARTED
[2026-09-12 12:31:00] [INFO] ==================================================
[2026-09-12 12:31:00] [INFO] [OVERSTAY] Current India Date/Time: 12/09/2026 12:31:00
[2026-09-12 12:31:00] [INFO] [OVERSTAY] Timezone: Asia/Kolkata
[2026-09-12 12:31:00] [INFO] [OVERSTAY] Staying customers found: 0
[2026-09-12 12:31:00] [INFO] ==================================================
[2026-09-12 12:31:00] [INFO] OVERSTAY CRON COMPLETED
[2026-09-12 12:31:00] [INFO] ==================================================
[2026-09-12 12:32:00] [INFO] [OVERSTAY] Cron triggered
[2026-09-12 12:32:00] [INFO] ==================================================
[2026-09-12 12:32:00] [INFO] OVERSTAY CRON STARTED
[2026-09-12 12:32:00] [INFO] ==================================================
[2026-09-12 12:32:00] [INFO] [OVERSTAY] Current India Date/Time: 12/09/2026 12:32:00
[2026-09-12 12:32:00] [INFO] [OVERSTAY] Timezone: Asia/Kolkata
[2026-09-12 12:32:00] [INFO] [OVERSTAY] Staying customers found: 0
[2026-09-12 12:32:00] [INFO] ==================================================
[2026-09-12 12:32:00] [INFO] OVERSTAY CRON COMPLETED
[2026-09-12 12:32:00] [INFO] ==================================================
[2026-09-12 12:33:00] [INFO] [OVERSTAY] Cron triggered
[2026-09-12 12:33:00] [INFO] ==================================================
[2026-09-12 12:33:00] [INFO] OVERSTAY CRON STARTED
[2026-09-12 12:33:00] [INFO] ==================================================
[2026-09-12 12:33:00] [INFO] [OVERSTAY] Current India Date/Time: 12/09/2026 12:33:00
[2026-09-12 12:33:00] [INFO] [OVERSTAY] Timezone: Asia/Kolkata
[2026-09-12 12:33:00] [INFO] [OVERSTAY] Staying customers found: 0
[2026-09-12 12:33:00] [INFO] ==================================================
[2026-09-12 12:33:00] [INFO] OVERSTAY CRON COMPLETED
[2026-09-12 12:33:00] [INFO] ==================================================
[2026-09-12 12:34:00] [INFO] [OVERSTAY] Cron triggered
[2026-09-12 12:34:00] [INFO] ==================================================
[2026-09-12 12:34:00] [INFO] OVERSTAY CRON STARTED
[2026-09-12 12:34:00] [INFO] ==================================================
[2026-09-12 12:34:00] [INFO] [OVERSTAY] Current India Date/Time: 12/09/2026 12:34:00
[2026-09-12 12:34:00] [INFO] [OVERSTAY] Timezone: Asia/Kolkata
[2026-09-12 12:34:00] [INFO] [OVERSTAY] Staying customers found: 0
[2026-09-12 12:34:00] [INFO] ==================================================
[2026-09-12 12:34:00] [INFO] OVERSTAY CRON COMPLETED
[2026-09-12 12:34:00] [INFO] ==================================================
[2026-09-12 12:35:00] [INFO] [OVERSTAY] Cron triggered
[2026-09-12 12:35:00] [INFO] ==================================================
[2026-09-12 12:35:00] [INFO] OVERSTAY CRON STARTED
[2026-09-12 12:35:00] [INFO] ==================================================
[2026-09-12 12:35:00] [INFO] [OVERSTAY] Current India Date/Time: 12/09/2026 12:35:00
[2026-09-12 12:35:00] [INFO] [OVERSTAY] Timezone: Asia/Kolkata
[2026-09-12 12:35:00] [INFO] [OVERSTAY] Staying customers found: 0
[2026-09-12 12:35:00] [INFO] ==================================================
[2026-09-12 12:35:00] [INFO] OVERSTAY CRON COMPLETED
[2026-09-12 12:35:00] [INFO] ==================================================
[2026-09-12 12:35:23] [INFO] [OVERSTAY] Overstay cron initialized successfully
[2026-09-12 12:35:23] [INFO] [OVERSTAY] Cron schedule: Every minute
[2026-09-12 12:35:23] [INFO] [OVERSTAY] Cron timezone: Asia/Kolkata
[2026-09-12 12:35:23] [INFO] ==================================================
[2026-09-12 12:35:23] [INFO] OVERSTAY CRON STARTED
[2026-09-12 12:35:23] [INFO] ==================================================
[2026-09-12 12:35:23] [INFO] [OVERSTAY] Current India Date/Time: 12/09/2026 12:35:23
[2026-09-12 12:35:23] [INFO] [OVERSTAY] Timezone: Asia/Kolkata
[2026-09-12 12:35:23] [INFO] [Logger] Running log cleanup check. Retention limit: 30 days.
[2026-09-12 12:35:23] [INFO] [Logger] Cleanup completed. No expired log files found.
[2026-09-12 12:35:23] [INFO] [Logger] Automated log cleanup scheduler started (runs every 24 hours).
[2026-09-12 12:35:23] [INFO] [Server] Server started and listening on port 5000
[2026-09-12 12:35:23] [INFO] [Database] MongoDB Connected successfully: 76.13.244.61
[2026-09-12 12:35:24] [INFO] Admin user already exists
[2026-09-12 12:35:24] [INFO] [OVERSTAY] Staying customers found: 0
[2026-09-12 12:35:24] [INFO] ==================================================
[2026-09-12 12:35:24] [INFO] OVERSTAY CRON COMPLETED
[2026-09-12 12:35:24] [INFO] ==================================================
[2026-09-12 12:35:29] [INFO] [OVERSTAY] Overstay cron initialized successfully
[2026-09-12 12:35:29] [INFO] [OVERSTAY] Cron schedule: Every minute
[2026-09-12 12:35:29] [INFO] [OVERSTAY] Cron timezone: Asia/Kolkata
[2026-09-12 12:35:29] [INFO] ==================================================
[2026-09-12 12:35:29] [INFO] OVERSTAY CRON STARTED
[2026-09-12 12:35:29] [INFO] ==================================================
[2026-09-12 12:35:29] [INFO] [OVERSTAY] Current India Date/Time: 12/09/2026 12:35:29
[2026-09-12 12:35:29] [INFO] [OVERSTAY] Timezone: Asia/Kolkata
[2026-09-12 12:35:29] [INFO] [Logger] Running log cleanup check. Retention limit: 30 days.
[2026-09-12 12:35:29] [INFO] [Logger] Cleanup completed. No expired log files found.
[2026-09-12 12:35:29] [INFO] [Logger] Automated log cleanup scheduler started (runs every 24 hours).
[2026-09-12 12:35:29] [INFO] [Server] Server started and listening on port 5000
[2026-09-12 12:35:29] [INFO] [Database] MongoDB Connected successfully: 76.13.244.61
[2026-09-12 12:35:29] [INFO] Admin user already exists
[2026-09-12 12:35:29] [INFO] [OVERSTAY] Staying customers found: 0
[2026-09-12 12:35:29] [INFO] ==================================================
[2026-09-12 12:35:29] [INFO] OVERSTAY CRON COMPLETED
[2026-09-12 12:35:29] [INFO] ==================================================
[2026-09-12 12:36:00] [INFO] [OVERSTAY] Cron triggered
[2026-09-12 12:36:00] [INFO] ==================================================
[2026-09-12 12:36:00] [INFO] OVERSTAY CRON STARTED
[2026-09-12 12:36:00] [INFO] ==================================================
[2026-09-12 12:36:00] [INFO] [OVERSTAY] Current India Date/Time: 12/09/2026 12:36:00
[2026-09-12 12:36:00] [INFO] [OVERSTAY] Timezone: Asia/Kolkata
[2026-09-12 12:36:00] [INFO] [OVERSTAY] Staying customers found: 0
[2026-09-12 12:36:00] [INFO] ==================================================
[2026-09-12 12:36:00] [INFO] OVERSTAY CRON COMPLETED
[2026-09-12 12:36:00] [INFO] ==================================================
[2026-09-12 12:36:45] [INFO] [OVERSTAY] Overstay cron initialized successfully
[2026-09-12 12:36:45] [INFO] [OVERSTAY] Cron schedule: Every minute
[2026-09-12 12:36:45] [INFO] [OVERSTAY] Cron timezone: Asia/Kolkata
[2026-09-12 12:36:45] [INFO] ==================================================
[2026-09-12 12:36:45] [INFO] OVERSTAY CRON STARTED
[2026-09-12 12:36:45] [INFO] ==================================================
[2026-09-12 12:36:45] [INFO] [OVERSTAY] Current India Date/Time: 12/09/2026 12:36:45
[2026-09-12 12:36:45] [INFO] [OVERSTAY] Timezone: Asia/Kolkata
[2026-09-12 12:36:46] [INFO] [Logger] Running log cleanup check. Retention limit: 30 days.
[2026-09-12 12:36:46] [INFO] [Logger] Cleanup completed. No expired log files found.
[2026-09-12 12:36:46] [INFO] [Logger] Automated log cleanup scheduler started (runs every 24 hours).
[2026-09-12 12:36:46] [INFO] [Server] Server started and listening on port 5000
[2026-09-12 12:36:46] [INFO] [Database] MongoDB Connected successfully: 76.13.244.61
[2026-09-12 12:36:46] [INFO] Admin user already exists
[2026-09-12 12:36:46] [INFO] [OVERSTAY] Staying customers found: 0
[2026-09-12 12:36:46] [INFO] ==================================================
[2026-09-12 12:36:46] [INFO] OVERSTAY CRON COMPLETED
[2026-09-12 12:36:46] [INFO] ==================================================
[2026-09-12 12:36:51] [INFO] [OVERSTAY] Overstay cron initialized successfully
[2026-09-12 12:36:51] [INFO] [OVERSTAY] Cron schedule: Every minute
[2026-09-12 12:36:51] [INFO] [OVERSTAY] Cron timezone: Asia/Kolkata
[2026-09-12 12:36:51] [INFO] ==================================================
[2026-09-12 12:36:51] [INFO] OVERSTAY CRON STARTED
[2026-09-12 12:36:51] [INFO] ==================================================
[2026-09-12 12:36:51] [INFO] [OVERSTAY] Current India Date/Time: 12/09/2026 12:36:51
[2026-09-12 12:36:51] [INFO] [OVERSTAY] Timezone: Asia/Kolkata
[2026-09-12 12:36:51] [INFO] [Logger] Running log cleanup check. Retention limit: 30 days.
[2026-09-12 12:36:51] [INFO] [Logger] Cleanup completed. No expired log files found.
[2026-09-12 12:36:51] [INFO] [Logger] Automated log cleanup scheduler started (runs every 24 hours).
[2026-09-12 12:36:51] [INFO] [Server] Server started and listening on port 5000
[2026-09-12 12:36:51] [INFO] [Database] MongoDB Connected successfully: 76.13.244.61
[2026-09-12 12:36:51] [INFO] [OVERSTAY] Staying customers found: 0
[2026-09-12 12:36:51] [INFO] ==================================================
[2026-09-12 12:36:51] [INFO] OVERSTAY CRON COMPLETED
[2026-09-12 12:36:51] [INFO] ==================================================
[2026-09-12 12:36:51] [INFO] Admin user already exists
[2026-09-12 12:37:00] [INFO] [OVERSTAY] Cron triggered
[2026-09-12 12:37:00] [INFO] ==================================================
[2026-09-12 12:37:00] [INFO] OVERSTAY CRON STARTED
[2026-09-12 12:37:00] [INFO] ==================================================
[2026-09-12 12:37:00] [INFO] [OVERSTAY] Current India Date/Time: 12/09/2026 12:37:00
[2026-09-12 12:37:00] [INFO] [OVERSTAY] Timezone: Asia/Kolkata
[2026-09-12 12:37:00] [INFO] [OVERSTAY] Staying customers found: 0
[2026-09-12 12:37:00] [INFO] ==================================================
[2026-09-12 12:37:00] [INFO] OVERSTAY CRON COMPLETED
[2026-09-12 12:37:00] [INFO] ==================================================
[2026-09-12 13:00:12] [INFO] [OVERSTAY] Overstay cron initialized successfully
[2026-09-12 13:00:12] [INFO] [OVERSTAY] Cron schedule: Every minute
[2026-09-12 13:00:12] [INFO] [OVERSTAY] Cron timezone: Asia/Kolkata
[2026-09-12 13:00:12] [INFO] ==================================================
[2026-09-12 13:00:12] [INFO] OVERSTAY CRON STARTED
[2026-09-12 13:00:12] [INFO] ==================================================
[2026-09-12 13:00:12] [INFO] [OVERSTAY] Current India Date/Time: 12/09/2026 13:00:12
[2026-09-12 13:00:12] [INFO] [OVERSTAY] Timezone: Asia/Kolkata
[2026-09-12 13:00:12] [INFO] [Logger] Running log cleanup check. Retention limit: 30 days.
[2026-09-12 13:00:12] [INFO] [Logger] Cleanup completed. No expired log files found.
[2026-09-12 13:00:12] [INFO] [Logger] Automated log cleanup scheduler started (runs every 24 hours).
[2026-09-12 13:00:12] [INFO] [Server] Server started and listening on port 5000
[2026-09-12 13:00:13] [INFO] [Database] MongoDB Connected successfully: 76.13.244.61
[2026-09-12 13:00:13] [INFO] Admin user already exists
[2026-09-12 13:00:13] [INFO] [OVERSTAY] Staying customers found: 0
[2026-09-12 13:00:13] [INFO] ==================================================
[2026-09-12 13:00:13] [INFO] OVERSTAY CRON COMPLETED
[2026-09-12 13:00:13] [INFO] ==================================================
[2026-09-12 13:00:14] [INFO] INFO
[2026-09-12 13:00:14] [INFO] INFO
[2026-09-12 13:00:23] [INFO] INFO
[2026-09-12 13:00:23] [INFO] INFO
[2026-09-12 13:01:00] [INFO] [OVERSTAY] Cron triggered
[2026-09-12 13:01:00] [INFO] ==================================================
[2026-09-12 13:01:00] [INFO] OVERSTAY CRON STARTED
[2026-09-12 13:01:00] [INFO] ==================================================
[2026-09-12 13:01:00] [INFO] [OVERSTAY] Current India Date/Time: 12/09/2026 13:01:00
[2026-09-12 13:01:00] [INFO] [OVERSTAY] Timezone: Asia/Kolkata
[2026-09-12 13:01:00] [INFO] [OVERSTAY] Staying customers found: 0
[2026-09-12 13:01:00] [INFO] ==================================================
[2026-09-12 13:01:00] [INFO] OVERSTAY CRON COMPLETED
[2026-09-12 13:01:00] [INFO] ==================================================
[2026-09-12 13:01:25] [INFO] Hotel registrations retrieved successfully. Total registrations: 0
[2026-09-12 13:01:25] [INFO] Hotel registrations retrieved successfully. Total registrations: 0
[2026-09-12 13:01:36] [INFO] Hotel registrations retrieved successfully. Total registrations: 0
[2026-09-12 13:01:36] [INFO] Hotel registrations retrieved successfully. Total registrations: 0
[2026-09-12 13:01:37] [INFO] Hotel registrations retrieved successfully. Total registrations: 0
[2026-09-12 13:01:43] [INFO] Hotel registrations retrieved successfully. Total registrations: 0
[2026-09-12 13:01:43] [INFO] Hotel registrations retrieved successfully. Total registrations: 0
[2026-09-12 13:02:00] [INFO] [OVERSTAY] Cron triggered
[2026-09-12 13:02:00] [INFO] ==================================================
[2026-09-12 13:02:00] [INFO] OVERSTAY CRON STARTED
[2026-09-12 13:02:00] [INFO] ==================================================
[2026-09-12 13:02:00] [INFO] [OVERSTAY] Current India Date/Time: 12/09/2026 13:02:00
[2026-09-12 13:02:00] [INFO] [OVERSTAY] Timezone: Asia/Kolkata
[2026-09-12 13:02:00] [INFO] [OVERSTAY] Staying customers found: 0
[2026-09-12 13:02:00] [INFO] ==================================================
[2026-09-12 13:02:00] [INFO] OVERSTAY CRON COMPLETED
[2026-09-12 13:02:00] [INFO] ==================================================
[2026-09-12 13:36:49] [INFO] Hotel registrations retrieved successfully. Total registrations: 0
[2026-09-12 13:36:49] [INFO] Hotel registrations retrieved successfully. Total registrations: 0
[2026-09-12 13:37:00] [INFO] [OVERSTAY] Cron triggered
[2026-09-12 13:37:00] [INFO] ==================================================
[2026-09-12 13:37:00] [INFO] OVERSTAY CRON STARTED
[2026-09-12 13:37:00] [INFO] ==================================================
[2026-09-12 13:37:00] [INFO] [OVERSTAY] Current India Date/Time: 12/09/2026 13:37:00
[2026-09-12 13:37:00] [INFO] [OVERSTAY] Timezone: Asia/Kolkata
[2026-09-12 13:37:00] [INFO] [OVERSTAY] Staying customers found: 0
[2026-09-12 13:37:00] [INFO] ==================================================
[2026-09-12 13:37:00] [INFO] OVERSTAY CRON COMPLETED
[2026-09-12 13:37:00] [INFO] ==================================================
[2026-09-12 13:37:12] [INFO] Hotel registrations retrieved successfully. Total registrations: 0
[2026-09-12 13:37:41] [INFO] Hotel registrations retrieved successfully. Total registrations: 0
[2026-09-12 13:37:41] [INFO] Hotel registrations retrieved successfully. Total registrations: 0
[2026-09-12 13:37:51] [INFO] Hotel registrations retrieved successfully. Total registrations: 0
[2026-09-12 13:37:51] [INFO] Hotel registrations retrieved successfully. Total registrations: 0
[2026-09-12 13:37:54] [INFO] Hotel registrations retrieved successfully. Total registrations: 0
[2026-09-12 13:37:54] [INFO] Hotel registrations retrieved successfully. Total registrations: 0
[2026-09-12 13:37:59] [INFO] Hotel registrations retrieved successfully. Total registrations: 0
[2026-09-12 13:38:00] [INFO] [OVERSTAY] Cron triggered
[2026-09-12 13:38:00] [INFO] ==================================================
[2026-09-12 13:38:00] [INFO] OVERSTAY CRON STARTED
[2026-09-12 13:38:00] [INFO] ==================================================
[2026-09-12 13:38:00] [INFO] [OVERSTAY] Current India Date/Time: 12/09/2026 13:38:00
[2026-09-12 13:38:00] [INFO] [OVERSTAY] Timezone: Asia/Kolkata
[2026-09-12 13:38:00] [INFO] Hotel registrations retrieved successfully. Total registrations: 0
[2026-09-12 13:38:00] [INFO] [OVERSTAY] Staying customers found: 0
[2026-09-12 13:38:00] [INFO] ==================================================
[2026-09-12 13:38:00] [INFO] OVERSTAY CRON COMPLETED
[2026-09-12 13:38:00] [INFO] ==================================================
[2026-09-12 13:39:00] [INFO] [OVERSTAY] Cron triggered
[2026-09-12 13:39:00] [INFO] ==================================================
[2026-09-12 13:39:00] [INFO] OVERSTAY CRON STARTED
[2026-09-12 13:39:00] [INFO] ==================================================
[2026-09-12 13:39:00] [INFO] [OVERSTAY] Current India Date/Time: 12/09/2026 13:39:00
[2026-09-12 13:39:00] [INFO] [OVERSTAY] Timezone: Asia/Kolkata
[2026-09-12 13:39:00] [INFO] [OVERSTAY] Staying customers found: 0
[2026-09-12 13:39:00] [INFO] ==================================================
[2026-09-12 13:39:00] [INFO] OVERSTAY CRON COMPLETED
[2026-09-12 13:39:00] [INFO] ==================================================
[2026-09-12 13:40:00] [INFO] [OVERSTAY] Cron triggered
[2026-09-12 13:40:00] [INFO] ==================================================
[2026-09-12 13:40:00] [INFO] OVERSTAY CRON STARTED
[2026-09-12 13:40:00] [INFO] ==================================================
[2026-09-12 13:40:00] [INFO] [OVERSTAY] Current India Date/Time: 12/09/2026 13:40:00
[2026-09-12 13:40:00] [INFO] [OVERSTAY] Timezone: Asia/Kolkata
[2026-09-12 13:40:00] [INFO] [OVERSTAY] Staying customers found: 0
[2026-09-12 13:40:00] [INFO] ==================================================
[2026-09-12 13:40:00] [INFO] OVERSTAY CRON COMPLETED
[2026-09-12 13:40:00] [INFO] ==================================================
[2026-09-12 13:41:00] [INFO] [OVERSTAY] Cron triggered
[2026-09-12 13:41:00] [INFO] ==================================================
[2026-09-12 13:41:00] [INFO] OVERSTAY CRON STARTED
[2026-09-12 13:41:00] [INFO] ==================================================
[2026-09-12 13:41:00] [INFO] [OVERSTAY] Current India Date/Time: 12/09/2026 13:41:00
[2026-09-12 13:41:00] [INFO] [OVERSTAY] Timezone: Asia/Kolkata
[2026-09-12 13:41:00] [INFO] [OVERSTAY] Staying customers found: 0
[2026-09-12 13:41:00] [INFO] ==================================================
[2026-09-12 13:41:00] [INFO] OVERSTAY CRON COMPLETED
[2026-09-12 13:41:00] [INFO] ==================================================
[2026-09-12 13:42:00] [INFO] [OVERSTAY] Cron triggered
[2026-09-12 13:42:00] [INFO] ==================================================
[2026-09-12 13:42:00] [INFO] OVERSTAY CRON STARTED
[2026-09-12 13:42:00] [INFO] ==================================================
[2026-09-12 13:42:00] [INFO] [OVERSTAY] Current India Date/Time: 12/09/2026 13:42:00
[2026-09-12 13:42:00] [INFO] [OVERSTAY] Timezone: Asia/Kolkata
[2026-09-12 13:42:00] [INFO] [OVERSTAY] Staying customers found: 0
[2026-09-12 13:42:00] [INFO] ==================================================
[2026-09-12 13:42:00] [INFO] OVERSTAY CRON COMPLETED
[2026-09-12 13:42:00] [INFO] ==================================================
[2026-09-12 13:43:00] [INFO] [OVERSTAY] Cron triggered
[2026-09-12 13:43:00] [INFO] ==================================================
[2026-09-12 13:43:00] [INFO] OVERSTAY CRON STARTED
[2026-09-12 13:43:00] [INFO] ==================================================
[2026-09-12 13:43:00] [INFO] [OVERSTAY] Current India Date/Time: 12/09/2026 13:43:00
[2026-09-12 13:43:00] [INFO] [OVERSTAY] Timezone: Asia/Kolkata
[2026-09-12 13:43:00] [INFO] [OVERSTAY] Staying customers found: 0
[2026-09-12 13:43:00] [INFO] ==================================================
[2026-09-12 13:43:00] [INFO] OVERSTAY CRON COMPLETED
[2026-09-12 13:43:00] [INFO] ==================================================
[2026-09-12 13:44:00] [INFO] [OVERSTAY] Cron triggered
[2026-09-12 13:44:00] [INFO] ==================================================
[2026-09-12 13:44:00] [INFO] OVERSTAY CRON STARTED
[2026-09-12 13:44:00] [INFO] ==================================================
[2026-09-12 13:44:00] [INFO] [OVERSTAY] Current India Date/Time: 12/09/2026 13:44:00
[2026-09-12 13:44:00] [INFO] [OVERSTAY] Timezone: Asia/Kolkata
[2026-09-12 13:44:00] [INFO] [OVERSTAY] Staying customers found: 0
[2026-09-12 13:44:00] [INFO] ==================================================
[2026-09-12 13:44:00] [INFO] OVERSTAY CRON COMPLETED
[2026-09-12 13:44:00] [INFO] ==================================================
[2026-09-12 13:45:00] [INFO] [OVERSTAY] Cron triggered
[2026-09-12 13:45:00] [INFO] ==================================================
[2026-09-12 13:45:00] [INFO] OVERSTAY CRON STARTED
[2026-09-12 13:45:00] [INFO] ==================================================
[2026-09-12 13:45:00] [INFO] [OVERSTAY] Current India Date/Time: 12/09/2026 13:45:00
[2026-09-12 13:45:00] [INFO] [OVERSTAY] Timezone: Asia/Kolkata
[2026-09-12 13:45:00] [INFO] [OVERSTAY] Staying customers found: 0
[2026-09-12 13:45:00] [INFO] ==================================================
[2026-09-12 13:45:00] [INFO] OVERSTAY CRON COMPLETED
[2026-09-12 13:45:00] [INFO] ==================================================
[2026-09-12 13:46:00] [INFO] [OVERSTAY] Cron triggered
[2026-09-12 13:46:00] [INFO] ==================================================
[2026-09-12 13:46:00] [INFO] OVERSTAY CRON STARTED
[2026-09-12 13:46:00] [INFO] ==================================================
[2026-09-12 13:46:00] [INFO] [OVERSTAY] Current India Date/Time: 12/09/2026 13:46:00
[2026-09-12 13:46:00] [INFO] [OVERSTAY] Timezone: Asia/Kolkata
[2026-09-12 13:46:00] [INFO] [OVERSTAY] Staying customers found: 0
[2026-09-12 13:46:00] [INFO] ==================================================
[2026-09-12 13:46:00] [INFO] OVERSTAY CRON COMPLETED
[2026-09-12 13:46:00] [INFO] ==================================================
[2026-09-12 13:47:00] [INFO] [OVERSTAY] Cron triggered
[2026-09-12 13:47:00] [INFO] ==================================================
[2026-09-12 13:47:00] [INFO] OVERSTAY CRON STARTED
[2026-09-12 13:47:00] [INFO] ==================================================
[2026-09-12 13:47:00] [INFO] [OVERSTAY] Current India Date/Time: 12/09/2026 13:47:00
[2026-09-12 13:47:00] [INFO] [OVERSTAY] Timezone: Asia/Kolkata
[2026-09-12 13:47:00] [INFO] [OVERSTAY] Staying customers found: 0
[2026-09-12 13:47:00] [INFO] ==================================================
[2026-09-12 13:47:00] [INFO] OVERSTAY CRON COMPLETED
[2026-09-12 13:47:00] [INFO] ==================================================
[2026-09-12 13:48:00] [INFO] [OVERSTAY] Cron triggered
[2026-09-12 13:48:00] [INFO] ==================================================
[2026-09-12 13:48:00] [INFO] OVERSTAY CRON STARTED
[2026-09-12 13:48:00] [INFO] ==================================================
[2026-09-12 13:48:00] [INFO] [OVERSTAY] Current India Date/Time: 12/09/2026 13:48:00
[2026-09-12 13:48:00] [INFO] [OVERSTAY] Timezone: Asia/Kolkata
[2026-09-12 13:48:00] [INFO] [OVERSTAY] Staying customers found: 0
[2026-09-12 13:48:00] [INFO] ==================================================
[2026-09-12 13:48:00] [INFO] OVERSTAY CRON COMPLETED
[2026-09-12 13:48:00] [INFO] ==================================================
[2026-09-12 13:49:00] [INFO] [OVERSTAY] Cron triggered
[2026-09-12 13:49:00] [INFO] ==================================================
[2026-09-12 13:49:00] [INFO] OVERSTAY CRON STARTED
[2026-09-12 13:49:00] [INFO] ==================================================
[2026-09-12 13:49:00] [INFO] [OVERSTAY] Current India Date/Time: 12/09/2026 13:49:00
[2026-09-12 13:49:00] [INFO] [OVERSTAY] Timezone: Asia/Kolkata
[2026-09-12 13:49:00] [INFO] [OVERSTAY] Staying customers found: 0
[2026-09-12 13:49:00] [INFO] ==================================================
[2026-09-12 13:49:00] [INFO] OVERSTAY CRON COMPLETED
[2026-09-12 13:49:00] [INFO] ==================================================
[2026-09-12 13:50:00] [INFO] [OVERSTAY] Cron triggered
[2026-09-12 13:50:00] [INFO] ==================================================
[2026-09-12 13:50:00] [INFO] OVERSTAY CRON STARTED
[2026-09-12 13:50:00] [INFO] ==================================================
[2026-09-12 13:50:00] [INFO] [OVERSTAY] Current India Date/Time: 12/09/2026 13:50:00
[2026-09-12 13:50:00] [INFO] [OVERSTAY] Timezone: Asia/Kolkata
[2026-09-12 13:50:00] [INFO] [OVERSTAY] Staying customers found: 0
[2026-09-12 13:50:00] [INFO] ==================================================
[2026-09-12 13:50:00] [INFO] OVERSTAY CRON COMPLETED
[2026-09-12 13:50:00] [INFO] ==================================================
[2026-09-12 13:51:00] [INFO] [OVERSTAY] Cron triggered
[2026-09-12 13:51:00] [INFO] ==================================================
[2026-09-12 13:51:00] [INFO] OVERSTAY CRON STARTED
[2026-09-12 13:51:00] [INFO] ==================================================
[2026-09-12 13:51:00] [INFO] [OVERSTAY] Current India Date/Time: 12/09/2026 13:51:00
[2026-09-12 13:51:00] [INFO] [OVERSTAY] Timezone: Asia/Kolkata
[2026-09-12 13:51:00] [INFO] [OVERSTAY] Staying customers found: 0
[2026-09-12 13:51:00] [INFO] ==================================================
[2026-09-12 13:51:00] [INFO] OVERSTAY CRON COMPLETED
[2026-09-12 13:51:00] [INFO] ==================================================
[2026-09-12 13:52:00] [INFO] [OVERSTAY] Cron triggered
[2026-09-12 13:52:00] [INFO] ==================================================
[2026-09-12 13:52:00] [INFO] OVERSTAY CRON STARTED
[2026-09-12 13:52:00] [INFO] ==================================================
[2026-09-12 13:52:00] [INFO] [OVERSTAY] Current India Date/Time: 12/09/2026 13:52:00
[2026-09-12 13:52:00] [INFO] [OVERSTAY] Timezone: Asia/Kolkata
[2026-09-12 13:52:00] [INFO] [OVERSTAY] Staying customers found: 0
[2026-09-12 13:52:00] [INFO] ==================================================
[2026-09-12 13:52:00] [INFO] OVERSTAY CRON COMPLETED
[2026-09-12 13:52:00] [INFO] ==================================================
[2026-09-12 13:53:00] [INFO] [OVERSTAY] Cron triggered
[2026-09-12 13:53:00] [INFO] ==================================================
[2026-09-12 13:53:00] [INFO] OVERSTAY CRON STARTED
[2026-09-12 13:53:00] [INFO] ==================================================
[2026-09-12 13:53:00] [INFO] [OVERSTAY] Current India Date/Time: 12/09/2026 13:53:00
[2026-09-12 13:53:00] [INFO] [OVERSTAY] Timezone: Asia/Kolkata
[2026-09-12 13:53:00] [INFO] [OVERSTAY] Staying customers found: 0
[2026-09-12 13:53:00] [INFO] ==================================================
[2026-09-12 13:53:00] [INFO] OVERSTAY CRON COMPLETED
[2026-09-12 13:53:00] [INFO] ==================================================
[2026-09-12 13:53:27] [INFO] Plan created successfully: 6aa50bfff77eb6adcf10d592
[2026-09-12 13:53:43] [INFO] Hotel registrations retrieved successfully. Total registrations: 0
[2026-09-12 13:53:43] [INFO] Hotel registrations retrieved successfully. Total registrations: 0
[2026-09-12 13:53:53] [INFO] Hotel registrations retrieved successfully. Total registrations: 0
[2026-09-12 13:53:53] [INFO] Hotel registrations retrieved successfully. Total registrations: 0
[2026-09-12 13:53:57] [INFO] Hotel registrations retrieved successfully. Total registrations: 0
[2026-09-12 13:53:57] [INFO] Hotel registrations retrieved successfully. Total registrations: 0
[2026-09-12 13:53:59] [INFO] Hotel registrations retrieved successfully. Total registrations: 0
[2026-09-12 13:53:59] [INFO] Hotel registrations retrieved successfully. Total registrations: 0
[2026-09-12 13:54:00] [INFO] [OVERSTAY] Cron triggered
[2026-09-12 13:54:00] [INFO] ==================================================
[2026-09-12 13:54:00] [INFO] OVERSTAY CRON STARTED
[2026-09-12 13:54:00] [INFO] ==================================================
[2026-09-12 13:54:00] [INFO] [OVERSTAY] Current India Date/Time: 12/09/2026 13:54:00
[2026-09-12 13:54:00] [INFO] [OVERSTAY] Timezone: Asia/Kolkata
[2026-09-12 13:54:00] [INFO] [OVERSTAY] Staying customers found: 0
[2026-09-12 13:54:00] [INFO] ==================================================
[2026-09-12 13:54:00] [INFO] OVERSTAY CRON COMPLETED
[2026-09-12 13:54:00] [INFO] ==================================================
[2026-09-12 13:54:13] [INFO] Hotel registrations retrieved successfully. Total registrations: 0
[2026-09-12 13:54:13] [INFO] Hotel registrations retrieved successfully. Total registrations: 0
[2026-09-12 13:55:00] [INFO] [OVERSTAY] Cron triggered
[2026-09-12 13:55:00] [INFO] ==================================================
[2026-09-12 13:55:00] [INFO] OVERSTAY CRON STARTED
[2026-09-12 13:55:00] [INFO] ==================================================
[2026-09-12 13:55:00] [INFO] [OVERSTAY] Current India Date/Time: 12/09/2026 13:55:00
[2026-09-12 13:55:00] [INFO] [OVERSTAY] Timezone: Asia/Kolkata
[2026-09-12 13:55:00] [INFO] [OVERSTAY] Staying customers found: 0
[2026-09-12 13:55:00] [INFO] ==================================================
[2026-09-12 13:55:00] [INFO] OVERSTAY CRON COMPLETED
[2026-09-12 13:55:00] [INFO] ==================================================
[2026-09-12 13:56:00] [INFO] [OVERSTAY] Cron triggered
[2026-09-12 13:56:00] [INFO] ==================================================
[2026-09-12 13:56:00] [INFO] OVERSTAY CRON STARTED
[2026-09-12 13:56:00] [INFO] ==================================================
[2026-09-12 13:56:00] [INFO] [OVERSTAY] Current India Date/Time: 12/09/2026 13:56:00
[2026-09-12 13:56:00] [INFO] [OVERSTAY] Timezone: Asia/Kolkata
[2026-09-12 13:56:00] [INFO] [OVERSTAY] Staying customers found: 0
[2026-09-12 13:56:00] [INFO] ==================================================
[2026-09-12 13:56:00] [INFO] OVERSTAY CRON COMPLETED
[2026-09-12 13:56:00] [INFO] ==================================================
[2026-09-12 13:57:00] [INFO] [OVERSTAY] Cron triggered
[2026-09-12 13:57:00] [INFO] ==================================================
[2026-09-12 13:57:00] [INFO] OVERSTAY CRON STARTED
[2026-09-12 13:57:00] [INFO] ==================================================
[2026-09-12 13:57:00] [INFO] [OVERSTAY] Current India Date/Time: 12/09/2026 13:57:00
[2026-09-12 13:57:00] [INFO] [OVERSTAY] Timezone: Asia/Kolkata
[2026-09-12 13:57:00] [INFO] [OVERSTAY] Staying customers found: 0
[2026-09-12 13:57:00] [INFO] ==================================================
[2026-09-12 13:57:00] [INFO] OVERSTAY CRON COMPLETED
[2026-09-12 13:57:00] [INFO] ==================================================
[2026-09-12 13:58:00] [INFO] [OVERSTAY] Cron triggered
[2026-09-12 13:58:00] [INFO] ==================================================
[2026-09-12 13:58:00] [INFO] OVERSTAY CRON STARTED
[2026-09-12 13:58:00] [INFO] ==================================================
[2026-09-12 13:58:00] [INFO] [OVERSTAY] Current India Date/Time: 12/09/2026 13:58:00
[2026-09-12 13:58:00] [INFO] [OVERSTAY] Timezone: Asia/Kolkata
[2026-09-12 13:58:00] [INFO] [OVERSTAY] Staying customers found: 0
[2026-09-12 13:58:00] [INFO] ==================================================
[2026-09-12 13:58:00] [INFO] OVERSTAY CRON COMPLETED
[2026-09-12 13:58:00] [INFO] ==================================================
[2026-09-12 13:59:00] [INFO] [OVERSTAY] Cron triggered
[2026-09-12 13:59:00] [INFO] ==================================================
[2026-09-12 13:59:00] [INFO] OVERSTAY CRON STARTED
[2026-09-12 13:59:00] [INFO] ==================================================
[2026-09-12 13:59:00] [INFO] [OVERSTAY] Current India Date/Time: 12/09/2026 13:59:00
[2026-09-12 13:59:00] [INFO] [OVERSTAY] Timezone: Asia/Kolkata
[2026-09-12 13:59:00] [INFO] [OVERSTAY] Staying customers found: 0
[2026-09-12 13:59:00] [INFO] ==================================================
[2026-09-12 13:59:00] [INFO] OVERSTAY CRON COMPLETED
[2026-09-12 13:59:00] [INFO] ==================================================
[2026-09-12 14:00:00] [INFO] [OVERSTAY] Cron triggered
[2026-09-12 14:00:00] [INFO] ==================================================
[2026-09-12 14:00:00] [INFO] OVERSTAY CRON STARTED
[2026-09-12 14:00:00] [INFO] ==================================================
[2026-09-12 14:00:00] [INFO] [OVERSTAY] Current India Date/Time: 12/09/2026 14:00:00
[2026-09-12 14:00:00] [INFO] [OVERSTAY] Timezone: Asia/Kolkata
[2026-09-12 14:00:00] [INFO] [OVERSTAY] Staying customers found: 0
[2026-09-12 14:00:00] [INFO] ==================================================
[2026-09-12 14:00:00] [INFO] OVERSTAY CRON COMPLETED
[2026-09-12 14:00:00] [INFO] ==================================================
[2026-09-12 14:00:39] [INFO] Plan created successfully: 6aa50daff77eb6adcf10d593
[2026-09-12 14:00:44] [INFO] Hotel registrations retrieved successfully. Total registrations: 0
[2026-09-12 14:00:44] [INFO] Hotel registrations retrieved successfully. Total registrations: 0
[2026-09-12 14:00:52] [INFO] Hotel registrations retrieved successfully. Total registrations: 0
[2026-09-12 14:00:52] [INFO] Hotel registrations retrieved successfully. Total registrations: 0
[2026-09-12 14:00:54] [INFO] Hotel registrations retrieved successfully. Total registrations: 0
[2026-09-12 14:00:54] [INFO] Hotel registrations retrieved successfully. Total registrations: 0
[2026-09-12 14:01:00] [INFO] [OVERSTAY] Cron triggered
[2026-09-12 14:01:00] [INFO] ==================================================
[2026-09-12 14:01:00] [INFO] OVERSTAY CRON STARTED
[2026-09-12 14:01:00] [INFO] ==================================================
[2026-09-12 14:01:00] [INFO] [OVERSTAY] Current India Date/Time: 12/09/2026 14:01:00
[2026-09-12 14:01:00] [INFO] [OVERSTAY] Timezone: Asia/Kolkata
[2026-09-12 14:01:00] [INFO] [OVERSTAY] Staying customers found: 0
[2026-09-12 14:01:00] [INFO] ==================================================
[2026-09-12 14:01:00] [INFO] OVERSTAY CRON COMPLETED
[2026-09-12 14:01:00] [INFO] ==================================================
[2026-09-12 14:01:01] [INFO] Hotel registrations retrieved successfully. Total registrations: 0
[2026-09-12 14:01:01] [INFO] Hotel registrations retrieved successfully. Total registrations: 0
[2026-09-12 14:01:05] [INFO] Hotel registrations retrieved successfully. Total registrations: 0
[2026-09-12 14:01:05] [INFO] Hotel registrations retrieved successfully. Total registrations: 0
[2026-09-12 14:01:10] [INFO] Hotel registrations retrieved successfully. Total registrations: 0
[2026-09-12 14:01:10] [INFO] Hotel registrations retrieved successfully. Total registrations: 0
[2026-09-12 14:01:14] [INFO] Hotel registrations retrieved successfully. Total registrations: 0
[2026-09-12 14:01:14] [INFO] Hotel registrations retrieved successfully. Total registrations: 0
[2026-09-12 14:01:15] [INFO] Hotel registrations retrieved successfully. Total registrations: 0
[2026-09-12 14:01:15] [INFO] Hotel registrations retrieved successfully. Total registrations: 0
[2026-09-12 14:01:20] [INFO] Hotel registrations retrieved successfully. Total registrations: 0
[2026-09-12 14:01:20] [INFO] Hotel registrations retrieved successfully. Total registrations: 0
[2026-09-12 14:01:36] [INFO] INFO
[2026-09-12 14:01:36] [INFO] INFO
[2026-09-12 14:02:00] [INFO] [OVERSTAY] Cron triggered
[2026-09-12 14:02:00] [INFO] ==================================================
[2026-09-12 14:02:00] [INFO] OVERSTAY CRON STARTED
[2026-09-12 14:02:00] [INFO] ==================================================
[2026-09-12 14:02:00] [INFO] [OVERSTAY] Current India Date/Time: 12/09/2026 14:02:00
[2026-09-12 14:02:00] [INFO] [OVERSTAY] Timezone: Asia/Kolkata
[2026-09-12 14:02:00] [INFO] [OVERSTAY] Staying customers found: 0
[2026-09-12 14:02:00] [INFO] ==================================================
[2026-09-12 14:02:00] [INFO] OVERSTAY CRON COMPLETED
[2026-09-12 14:02:00] [INFO] ==================================================
[2026-09-12 14:03:00] [INFO] [OVERSTAY] Cron triggered
[2026-09-12 14:03:00] [INFO] ==================================================
[2026-09-12 14:03:00] [INFO] OVERSTAY CRON STARTED
[2026-09-12 14:03:00] [INFO] ==================================================
[2026-09-12 14:03:00] [INFO] [OVERSTAY] Current India Date/Time: 12/09/2026 14:03:00
[2026-09-12 14:03:00] [INFO] [OVERSTAY] Timezone: Asia/Kolkata
[2026-09-12 14:03:00] [INFO] [OVERSTAY] Staying customers found: 0
[2026-09-12 14:03:00] [INFO] ==================================================
[2026-09-12 14:03:00] [INFO] OVERSTAY CRON COMPLETED
[2026-09-12 14:03:00] [INFO] ==================================================
[2026-09-12 14:04:00] [INFO] [OVERSTAY] Cron triggered
[2026-09-12 14:04:00] [INFO] ==================================================
[2026-09-12 14:04:00] [INFO] OVERSTAY CRON STARTED
[2026-09-12 14:04:00] [INFO] ==================================================
[2026-09-12 14:04:00] [INFO] [OVERSTAY] Current India Date/Time: 12/09/2026 14:04:00
[2026-09-12 14:04:00] [INFO] [OVERSTAY] Timezone: Asia/Kolkata
[2026-09-12 14:04:00] [INFO] [OVERSTAY] Staying customers found: 0
[2026-09-12 14:04:00] [INFO] ==================================================
[2026-09-12 14:04:00] [INFO] OVERSTAY CRON COMPLETED
[2026-09-12 14:04:00] [INFO] ==================================================
[2026-09-12 14:05:00] [INFO] [OVERSTAY] Cron triggered
[2026-09-12 14:05:00] [INFO] ==================================================
[2026-09-12 14:05:00] [INFO] OVERSTAY CRON STARTED
[2026-09-12 14:05:00] [INFO] ==================================================
[2026-09-12 14:05:00] [INFO] [OVERSTAY] Current India Date/Time: 12/09/2026 14:05:00
[2026-09-12 14:05:00] [INFO] [OVERSTAY] Timezone: Asia/Kolkata
[2026-09-12 14:05:00] [INFO] [OVERSTAY] Staying customers found: 0
[2026-09-12 14:05:00] [INFO] ==================================================
[2026-09-12 14:05:00] [INFO] OVERSTAY CRON COMPLETED
[2026-09-12 14:05:00] [INFO] ==================================================
[2026-09-12 14:06:00] [INFO] [OVERSTAY] Cron triggered
[2026-09-12 14:06:00] [INFO] ==================================================
[2026-09-12 14:06:00] [INFO] OVERSTAY CRON STARTED
[2026-09-12 14:06:00] [INFO] ==================================================
[2026-09-12 14:06:00] [INFO] [OVERSTAY] Current India Date/Time: 12/09/2026 14:06:00
[2026-09-12 14:06:00] [INFO] [OVERSTAY] Timezone: Asia/Kolkata
[2026-09-12 14:06:00] [INFO] [OVERSTAY] Staying customers found: 0
[2026-09-12 14:06:00] [INFO] ==================================================
[2026-09-12 14:06:00] [INFO] OVERSTAY CRON COMPLETED
[2026-09-12 14:06:00] [INFO] ==================================================
[2026-09-12 14:07:00] [INFO] [OVERSTAY] Cron triggered
[2026-09-12 14:07:00] [INFO] ==================================================
[2026-09-12 14:07:00] [INFO] OVERSTAY CRON STARTED
[2026-09-12 14:07:00] [INFO] ==================================================
[2026-09-12 14:07:00] [INFO] [OVERSTAY] Current India Date/Time: 12/09/2026 14:07:00
[2026-09-12 14:07:00] [INFO] [OVERSTAY] Timezone: Asia/Kolkata
[2026-09-12 14:07:00] [INFO] [OVERSTAY] Staying customers found: 0
[2026-09-12 14:07:00] [INFO] ==================================================
[2026-09-12 14:07:00] [INFO] OVERSTAY CRON COMPLETED
[2026-09-12 14:07:00] [INFO] ==================================================
[2026-09-12 14:08:00] [INFO] [OVERSTAY] Cron triggered
[2026-09-12 14:08:00] [INFO] ==================================================
[2026-09-12 14:08:00] [INFO] OVERSTAY CRON STARTED
[2026-09-12 14:08:00] [INFO] ==================================================
[2026-09-12 14:08:00] [INFO] [OVERSTAY] Current India Date/Time: 12/09/2026 14:08:00
[2026-09-12 14:08:00] [INFO] [OVERSTAY] Timezone: Asia/Kolkata
[2026-09-12 14:08:00] [INFO] [OVERSTAY] Staying customers found: 0
[2026-09-12 14:08:00] [INFO] ==================================================
[2026-09-12 14:08:00] [INFO] OVERSTAY CRON COMPLETED
[2026-09-12 14:08:00] [INFO] ==================================================
[2026-09-12 14:09:00] [INFO] [OVERSTAY] Cron triggered
[2026-09-12 14:09:00] [INFO] ==================================================
[2026-09-12 14:09:00] [INFO] OVERSTAY CRON STARTED
[2026-09-12 14:09:00] [INFO] ==================================================
[2026-09-12 14:09:00] [INFO] [OVERSTAY] Current India Date/Time: 12/09/2026 14:09:00
[2026-09-12 14:09:00] [INFO] [OVERSTAY] Timezone: Asia/Kolkata
[2026-09-12 14:09:00] [INFO] [OVERSTAY] Staying customers found: 0
[2026-09-12 14:09:00] [INFO] ==================================================
[2026-09-12 14:09:00] [INFO] OVERSTAY CRON COMPLETED
[2026-09-12 14:09:00] [INFO] ==================================================
[2026-09-12 14:10:00] [INFO] [OVERSTAY] Cron triggered
[2026-09-12 14:10:00] [INFO] ==================================================
[2026-09-12 14:10:00] [INFO] OVERSTAY CRON STARTED
[2026-09-12 14:10:00] [INFO] ==================================================
[2026-09-12 14:10:00] [INFO] [OVERSTAY] Current India Date/Time: 12/09/2026 14:10:00
[2026-09-12 14:10:00] [INFO] [OVERSTAY] Timezone: Asia/Kolkata
[2026-09-12 14:10:00] [INFO] [OVERSTAY] Staying customers found: 0
[2026-09-12 14:10:00] [INFO] ==================================================
[2026-09-12 14:10:00] [INFO] OVERSTAY CRON COMPLETED
[2026-09-12 14:10:00] [INFO] ==================================================
[2026-09-12 14:11:00] [INFO] [OVERSTAY] Cron triggered
[2026-09-12 14:11:00] [INFO] ==================================================
[2026-09-12 14:11:00] [INFO] OVERSTAY CRON STARTED
[2026-09-12 14:11:00] [INFO] ==================================================
[2026-09-12 14:11:00] [INFO] [OVERSTAY] Current India Date/Time: 12/09/2026 14:11:00
[2026-09-12 14:11:00] [INFO] [OVERSTAY] Timezone: Asia/Kolkata
[2026-09-12 14:11:00] [INFO] [OVERSTAY] Staying customers found: 0
[2026-09-12 14:11:00] [INFO] ==================================================
[2026-09-12 14:11:00] [INFO] OVERSTAY CRON COMPLETED
[2026-09-12 14:11:00] [INFO] ==================================================
[2026-09-12 14:12:00] [INFO] [OVERSTAY] Cron triggered
[2026-09-12 14:12:00] [INFO] ==================================================
[2026-09-12 14:12:00] [INFO] OVERSTAY CRON STARTED
[2026-09-12 14:12:00] [INFO] ==================================================
[2026-09-12 14:12:00] [INFO] [OVERSTAY] Current India Date/Time: 12/09/2026 14:12:00
[2026-09-12 14:12:00] [INFO] [OVERSTAY] Timezone: Asia/Kolkata
[2026-09-12 14:12:00] [INFO] [OVERSTAY] Staying customers found: 0
[2026-09-12 14:12:00] [INFO] ==================================================
[2026-09-12 14:12:00] [INFO] OVERSTAY CRON COMPLETED
[2026-09-12 14:12:00] [INFO] ==================================================
[2026-09-12 14:13:00] [INFO] [OVERSTAY] Cron triggered
[2026-09-12 14:13:00] [INFO] ==================================================
[2026-09-12 14:13:00] [INFO] OVERSTAY CRON STARTED
[2026-09-12 14:13:00] [INFO] ==================================================
[2026-09-12 14:13:00] [INFO] [OVERSTAY] Current India Date/Time: 12/09/2026 14:13:00
[2026-09-12 14:13:00] [INFO] [OVERSTAY] Timezone: Asia/Kolkata
[2026-09-12 14:13:00] [INFO] [OVERSTAY] Staying customers found: 0
[2026-09-12 14:13:00] [INFO] ==================================================
[2026-09-12 14:13:00] [INFO] OVERSTAY CRON COMPLETED
[2026-09-12 14:13:00] [INFO] ==================================================
[2026-09-12 14:14:00] [INFO] [OVERSTAY] Cron triggered
[2026-09-12 14:14:00] [INFO] ==================================================
[2026-09-12 14:14:00] [INFO] OVERSTAY CRON STARTED
[2026-09-12 14:14:00] [INFO] ==================================================
[2026-09-12 14:14:00] [INFO] [OVERSTAY] Current India Date/Time: 12/09/2026 14:14:00
[2026-09-12 14:14:00] [INFO] [OVERSTAY] Timezone: Asia/Kolkata
[2026-09-12 14:14:00] [INFO] [OVERSTAY] Staying customers found: 0
[2026-09-12 14:14:00] [INFO] ==================================================
[2026-09-12 14:14:00] [INFO] OVERSTAY CRON COMPLETED
[2026-09-12 14:14:00] [INFO] ==================================================
[2026-09-12 14:15:00] [INFO] [OVERSTAY] Cron triggered
[2026-09-12 14:15:00] [INFO] ==================================================
[2026-09-12 14:15:00] [INFO] OVERSTAY CRON STARTED
[2026-09-12 14:15:00] [INFO] ==================================================
[2026-09-12 14:15:00] [INFO] [OVERSTAY] Current India Date/Time: 12/09/2026 14:15:00
[2026-09-12 14:15:00] [INFO] [OVERSTAY] Timezone: Asia/Kolkata
[2026-09-12 14:15:00] [INFO] [OVERSTAY] Staying customers found: 0
[2026-09-12 14:15:00] [INFO] ==================================================
[2026-09-12 14:15:00] [INFO] OVERSTAY CRON COMPLETED
[2026-09-12 14:15:00] [INFO] ==================================================
[2026-09-12 14:16:00] [INFO] [OVERSTAY] Cron triggered
[2026-09-12 14:16:00] [INFO] ==================================================
[2026-09-12 14:16:00] [INFO] OVERSTAY CRON STARTED
[2026-09-12 14:16:00] [INFO] ==================================================
[2026-09-12 14:16:00] [INFO] [OVERSTAY] Current India Date/Time: 12/09/2026 14:16:00
[2026-09-12 14:16:00] [INFO] [OVERSTAY] Timezone: Asia/Kolkata
[2026-09-12 14:16:00] [INFO] [OVERSTAY] Staying customers found: 0
[2026-09-12 14:16:00] [INFO] ==================================================
[2026-09-12 14:16:00] [INFO] OVERSTAY CRON COMPLETED
[2026-09-12 14:16:00] [INFO] ==================================================
[2026-09-12 14:17:00] [INFO] [OVERSTAY] Cron triggered
[2026-09-12 14:17:00] [INFO] ==================================================
[2026-09-12 14:17:00] [INFO] OVERSTAY CRON STARTED
[2026-09-12 14:17:00] [INFO] ==================================================
[2026-09-12 14:17:00] [INFO] [OVERSTAY] Current India Date/Time: 12/09/2026 14:17:00
[2026-09-12 14:17:00] [INFO] [OVERSTAY] Timezone: Asia/Kolkata
[2026-09-12 14:17:00] [INFO] [OVERSTAY] Staying customers found: 0
[2026-09-12 14:17:00] [INFO] ==================================================
[2026-09-12 14:17:00] [INFO] OVERSTAY CRON COMPLETED
[2026-09-12 14:17:00] [INFO] ==================================================
[2026-09-12 14:18:00] [INFO] [OVERSTAY] Cron triggered
[2026-09-12 14:18:00] [INFO] ==================================================
[2026-09-12 14:18:00] [INFO] OVERSTAY CRON STARTED
[2026-09-12 14:18:00] [INFO] ==================================================
[2026-09-12 14:18:00] [INFO] [OVERSTAY] Current India Date/Time: 12/09/2026 14:18:00
[2026-09-12 14:18:00] [INFO] [OVERSTAY] Timezone: Asia/Kolkata
[2026-09-12 14:18:00] [INFO] [OVERSTAY] Staying customers found: 0
[2026-09-12 14:18:00] [INFO] ==================================================
[2026-09-12 14:18:00] [INFO] OVERSTAY CRON COMPLETED
[2026-09-12 14:18:00] [INFO] ==================================================
[2026-09-12 14:19:00] [INFO] [OVERSTAY] Cron triggered
[2026-09-12 14:19:00] [INFO] ==================================================
[2026-09-12 14:19:00] [INFO] OVERSTAY CRON STARTED
[2026-09-12 14:19:00] [INFO] ==================================================
[2026-09-12 14:19:00] [INFO] [OVERSTAY] Current India Date/Time: 12/09/2026 14:19:00
[2026-09-12 14:19:00] [INFO] [OVERSTAY] Timezone: Asia/Kolkata
[2026-09-12 14:19:00] [INFO] [OVERSTAY] Staying customers found: 0
[2026-09-12 14:19:00] [INFO] ==================================================
[2026-09-12 14:19:00] [INFO] OVERSTAY CRON COMPLETED
[2026-09-12 14:19:00] [INFO] ==================================================
[2026-09-12 14:20:00] [INFO] [OVERSTAY] Cron triggered
[2026-09-12 14:20:00] [INFO] ==================================================
[2026-09-12 14:20:00] [INFO] OVERSTAY CRON STARTED
[2026-09-12 14:20:00] [INFO] ==================================================
[2026-09-12 14:20:00] [INFO] [OVERSTAY] Current India Date/Time: 12/09/2026 14:20:00
[2026-09-12 14:20:00] [INFO] [OVERSTAY] Timezone: Asia/Kolkata
[2026-09-12 14:20:00] [INFO] [OVERSTAY] Staying customers found: 0
[2026-09-12 14:20:00] [INFO] ==================================================
[2026-09-12 14:20:00] [INFO] OVERSTAY CRON COMPLETED
[2026-09-12 14:20:00] [INFO] ==================================================
[2026-09-12 14:21:00] [INFO] [OVERSTAY] Cron triggered
[2026-09-12 14:21:00] [INFO] ==================================================
[2026-09-12 14:21:00] [INFO] OVERSTAY CRON STARTED
[2026-09-12 14:21:00] [INFO] ==================================================
[2026-09-12 14:21:00] [INFO] [OVERSTAY] Current India Date/Time: 12/09/2026 14:21:00
[2026-09-12 14:21:00] [INFO] [OVERSTAY] Timezone: Asia/Kolkata
[2026-09-12 14:21:00] [INFO] [OVERSTAY] Staying customers found: 0
[2026-09-12 14:21:00] [INFO] ==================================================
[2026-09-12 14:21:00] [INFO] OVERSTAY CRON COMPLETED
[2026-09-12 14:21:00] [INFO] ==================================================
[2026-09-12 14:22:00] [INFO] [OVERSTAY] Cron triggered
[2026-09-12 14:22:00] [INFO] ==================================================
[2026-09-12 14:22:00] [INFO] OVERSTAY CRON STARTED
[2026-09-12 14:22:00] [INFO] ==================================================
[2026-09-12 14:22:00] [INFO] [OVERSTAY] Current India Date/Time: 12/09/2026 14:22:00
[2026-09-12 14:22:00] [INFO] [OVERSTAY] Timezone: Asia/Kolkata
[2026-09-12 14:22:00] [INFO] [OVERSTAY] Staying customers found: 0
[2026-09-12 14:22:00] [INFO] ==================================================
[2026-09-12 14:22:00] [INFO] OVERSTAY CRON COMPLETED
[2026-09-12 14:22:00] [INFO] ==================================================
[2026-09-12 14:23:00] [INFO] [OVERSTAY] Cron triggered
[2026-09-12 14:23:00] [INFO] ==================================================
[2026-09-12 14:23:00] [INFO] OVERSTAY CRON STARTED
[2026-09-12 14:23:00] [INFO] ==================================================
[2026-09-12 14:23:00] [INFO] [OVERSTAY] Current India Date/Time: 12/09/2026 14:23:00
[2026-09-12 14:23:00] [INFO] [OVERSTAY] Timezone: Asia/Kolkata
[2026-09-12 14:23:00] [INFO] [OVERSTAY] Staying customers found: 0
[2026-09-12 14:23:00] [INFO] ==================================================
[2026-09-12 14:23:00] [INFO] OVERSTAY CRON COMPLETED
[2026-09-12 14:23:00] [INFO] ==================================================
[2026-09-12 14:24:00] [INFO] [OVERSTAY] Cron triggered
[2026-09-12 14:24:00] [INFO] ==================================================
[2026-09-12 14:24:00] [INFO] OVERSTAY CRON STARTED
[2026-09-12 14:24:00] [INFO] ==================================================
[2026-09-12 14:24:00] [INFO] [OVERSTAY] Current India Date/Time: 12/09/2026 14:24:00
[2026-09-12 14:24:00] [INFO] [OVERSTAY] Timezone: Asia/Kolkata
[2026-09-12 14:24:00] [INFO] [OVERSTAY] Staying customers found: 0
[2026-09-12 14:24:00] [INFO] ==================================================
[2026-09-12 14:24:00] [INFO] OVERSTAY CRON COMPLETED
[2026-09-12 14:24:00] [INFO] ==================================================
[2026-09-12 14:25:00] [INFO] [OVERSTAY] Cron triggered
[2026-09-12 14:25:00] [INFO] ==================================================
[2026-09-12 14:25:00] [INFO] OVERSTAY CRON STARTED
[2026-09-12 14:25:00] [INFO] ==================================================
[2026-09-12 14:25:00] [INFO] [OVERSTAY] Current India Date/Time: 12/09/2026 14:25:00
[2026-09-12 14:25:00] [INFO] [OVERSTAY] Timezone: Asia/Kolkata
[2026-09-12 14:25:00] [INFO] [OVERSTAY] Staying customers found: 0
[2026-09-12 14:25:00] [INFO] ==================================================
[2026-09-12 14:25:00] [INFO] OVERSTAY CRON COMPLETED
[2026-09-12 14:25:00] [INFO] ==================================================
[2026-09-12 14:26:00] [INFO] [OVERSTAY] Cron triggered
[2026-09-12 14:26:00] [INFO] ==================================================
[2026-09-12 14:26:00] [INFO] OVERSTAY CRON STARTED
[2026-09-12 14:26:00] [INFO] ==================================================
[2026-09-12 14:26:00] [INFO] [OVERSTAY] Current India Date/Time: 12/09/2026 14:26:00
[2026-09-12 14:26:00] [INFO] [OVERSTAY] Timezone: Asia/Kolkata
[2026-09-12 14:26:00] [INFO] [OVERSTAY] Staying customers found: 0
[2026-09-12 14:26:00] [INFO] ==================================================
[2026-09-12 14:26:00] [INFO] OVERSTAY CRON COMPLETED
[2026-09-12 14:26:00] [INFO] ==================================================
[2026-09-12 14:27:00] [INFO] [OVERSTAY] Cron triggered
[2026-09-12 14:27:00] [INFO] ==================================================
[2026-09-12 14:27:00] [INFO] OVERSTAY CRON STARTED
[2026-09-12 14:27:00] [INFO] ==================================================
[2026-09-12 14:27:00] [INFO] [OVERSTAY] Current India Date/Time: 12/09/2026 14:27:00
[2026-09-12 14:27:00] [INFO] [OVERSTAY] Timezone: Asia/Kolkata
[2026-09-12 14:27:00] [INFO] [OVERSTAY] Staying customers found: 0
[2026-09-12 14:27:00] [INFO] ==================================================
[2026-09-12 14:27:00] [INFO] OVERSTAY CRON COMPLETED
[2026-09-12 14:27:00] [INFO] ==================================================
[2026-09-12 14:28:00] [INFO] [OVERSTAY] Cron triggered
[2026-09-12 14:28:00] [INFO] ==================================================
[2026-09-12 14:28:00] [INFO] OVERSTAY CRON STARTED
[2026-09-12 14:28:00] [INFO] ==================================================
[2026-09-12 14:28:00] [INFO] [OVERSTAY] Current India Date/Time: 12/09/2026 14:28:00
[2026-09-12 14:28:00] [INFO] [OVERSTAY] Timezone: Asia/Kolkata
[2026-09-12 14:28:00] [INFO] [OVERSTAY] Staying customers found: 0
[2026-09-12 14:28:00] [INFO] ==================================================
[2026-09-12 14:28:00] [INFO] OVERSTAY CRON COMPLETED
[2026-09-12 14:28:00] [INFO] ==================================================
[2026-09-12 14:29:00] [INFO] [OVERSTAY] Cron triggered
[2026-09-12 14:29:00] [INFO] ==================================================
[2026-09-12 14:29:00] [INFO] OVERSTAY CRON STARTED
[2026-09-12 14:29:00] [INFO] ==================================================
[2026-09-12 14:29:00] [INFO] [OVERSTAY] Current India Date/Time: 12/09/2026 14:29:00
[2026-09-12 14:29:00] [INFO] [OVERSTAY] Timezone: Asia/Kolkata
[2026-09-12 14:29:00] [INFO] [OVERSTAY] Staying customers found: 0
[2026-09-12 14:29:00] [INFO] ==================================================
[2026-09-12 14:29:00] [INFO] OVERSTAY CRON COMPLETED
[2026-09-12 14:29:00] [INFO] ==================================================
[2026-09-12 14:30:00] [INFO] [OVERSTAY] Cron triggered
[2026-09-12 14:30:00] [INFO] ==================================================
[2026-09-12 14:30:00] [INFO] OVERSTAY CRON STARTED
[2026-09-12 14:30:00] [INFO] ==================================================
[2026-09-12 14:30:00] [INFO] [OVERSTAY] Current India Date/Time: 12/09/2026 14:30:00
[2026-09-12 14:30:00] [INFO] [OVERSTAY] Timezone: Asia/Kolkata
[2026-09-12 14:30:00] [INFO] [OVERSTAY] Staying customers found: 0
[2026-09-12 14:30:00] [INFO] ==================================================
[2026-09-12 14:30:00] [INFO] OVERSTAY CRON COMPLETED
[2026-09-12 14:30:00] [INFO] ==================================================
[2026-09-12 14:31:00] [INFO] [OVERSTAY] Cron triggered
[2026-09-12 14:31:00] [INFO] ==================================================
[2026-09-12 14:31:00] [INFO] OVERSTAY CRON STARTED
[2026-09-12 14:31:00] [INFO] ==================================================
[2026-09-12 14:31:00] [INFO] [OVERSTAY] Current India Date/Time: 12/09/2026 14:31:00
[2026-09-12 14:31:00] [INFO] [OVERSTAY] Timezone: Asia/Kolkata
[2026-09-12 14:31:00] [INFO] [OVERSTAY] Staying customers found: 0
[2026-09-12 14:31:00] [INFO] ==================================================
[2026-09-12 14:31:00] [INFO] OVERSTAY CRON COMPLETED
[2026-09-12 14:31:00] [INFO] ==================================================
[2026-09-12 14:32:00] [INFO] [OVERSTAY] Cron triggered
[2026-09-12 14:32:00] [INFO] ==================================================
[2026-09-12 14:32:00] [INFO] OVERSTAY CRON STARTED
[2026-09-12 14:32:00] [INFO] ==================================================
[2026-09-12 14:32:00] [INFO] [OVERSTAY] Current India Date/Time: 12/09/2026 14:32:00
[2026-09-12 14:32:00] [INFO] [OVERSTAY] Timezone: Asia/Kolkata
[2026-09-12 14:32:00] [INFO] [OVERSTAY] Staying customers found: 0
[2026-09-12 14:32:00] [INFO] ==================================================
[2026-09-12 14:32:00] [INFO] OVERSTAY CRON COMPLETED
[2026-09-12 14:32:00] [INFO] ==================================================
[2026-09-12 14:33:00] [INFO] [OVERSTAY] Cron triggered
[2026-09-12 14:33:00] [INFO] ==================================================
[2026-09-12 14:33:00] [INFO] OVERSTAY CRON STARTED
[2026-09-12 14:33:00] [INFO] ==================================================
[2026-09-12 14:33:00] [INFO] [OVERSTAY] Current India Date/Time: 12/09/2026 14:33:00
[2026-09-12 14:33:00] [INFO] [OVERSTAY] Timezone: Asia/Kolkata
[2026-09-12 14:33:00] [INFO] [OVERSTAY] Staying customers found: 0
[2026-09-12 14:33:00] [INFO] ==================================================
[2026-09-12 14:33:00] [INFO] OVERSTAY CRON COMPLETED
[2026-09-12 14:33:00] [INFO] ==================================================
[2026-09-12 14:33:37] [INFO] INFO
[2026-09-12 14:33:37] [INFO] INFO
[2026-09-12 14:33:52] [INFO] INFO
[2026-09-12 14:33:52] [INFO] INFO
[2026-09-12 14:34:00] [INFO] [OVERSTAY] Cron triggered
[2026-09-12 14:34:00] [INFO] ==================================================
[2026-09-12 14:34:00] [INFO] OVERSTAY CRON STARTED
[2026-09-12 14:34:00] [INFO] ==================================================
[2026-09-12 14:34:00] [INFO] [OVERSTAY] Current India Date/Time: 12/09/2026 14:34:00
[2026-09-12 14:34:00] [INFO] [OVERSTAY] Timezone: Asia/Kolkata
[2026-09-12 14:34:00] [INFO] [OVERSTAY] Staying customers found: 0
[2026-09-12 14:34:00] [INFO] ==================================================
[2026-09-12 14:34:00] [INFO] OVERSTAY CRON COMPLETED
[2026-09-12 14:34:00] [INFO] ==================================================
[2026-09-12 14:35:00] [INFO] [OVERSTAY] Cron triggered
[2026-09-12 14:35:00] [INFO] ==================================================
[2026-09-12 14:35:00] [INFO] OVERSTAY CRON STARTED
[2026-09-12 14:35:00] [INFO] ==================================================
[2026-09-12 14:35:00] [INFO] [OVERSTAY] Current India Date/Time: 12/09/2026 14:35:00
[2026-09-12 14:35:00] [INFO] [OVERSTAY] Timezone: Asia/Kolkata
[2026-09-12 14:35:00] [INFO] [OVERSTAY] Staying customers found: 0
[2026-09-12 14:35:00] [INFO] ==================================================
[2026-09-12 14:35:00] [INFO] OVERSTAY CRON COMPLETED
[2026-09-12 14:35:00] [INFO] ==================================================
[2026-09-12 14:36:00] [INFO] [OVERSTAY] Cron triggered
[2026-09-12 14:36:00] [INFO] ==================================================
[2026-09-12 14:36:00] [INFO] OVERSTAY CRON STARTED
[2026-09-12 14:36:00] [INFO] ==================================================
[2026-09-12 14:36:00] [INFO] [OVERSTAY] Current India Date/Time: 12/09/2026 14:36:00
[2026-09-12 14:36:00] [INFO] [OVERSTAY] Timezone: Asia/Kolkata
[2026-09-12 14:36:00] [INFO] [OVERSTAY] Staying customers found: 0
[2026-09-12 14:36:00] [INFO] ==================================================
[2026-09-12 14:36:00] [INFO] OVERSTAY CRON COMPLETED
[2026-09-12 14:36:00] [INFO] ==================================================
[2026-09-12 14:37:00] [INFO] [OVERSTAY] Cron triggered
[2026-09-12 14:37:00] [INFO] ==================================================
[2026-09-12 14:37:00] [INFO] OVERSTAY CRON STARTED
[2026-09-12 14:37:00] [INFO] ==================================================
[2026-09-12 14:37:00] [INFO] [OVERSTAY] Current India Date/Time: 12/09/2026 14:37:00
[2026-09-12 14:37:00] [INFO] [OVERSTAY] Timezone: Asia/Kolkata
[2026-09-12 14:37:00] [INFO] [OVERSTAY] Staying customers found: 0
[2026-09-12 14:37:00] [INFO] ==================================================
[2026-09-12 14:37:00] [INFO] OVERSTAY CRON COMPLETED
[2026-09-12 14:37:00] [INFO] ==================================================
[2026-09-12 14:38:00] [INFO] [OVERSTAY] Cron triggered
[2026-09-12 14:38:00] [INFO] ==================================================
[2026-09-12 14:38:00] [INFO] OVERSTAY CRON STARTED
[2026-09-12 14:38:00] [INFO] ==================================================
[2026-09-12 14:38:00] [INFO] [OVERSTAY] Current India Date/Time: 12/09/2026 14:38:00
[2026-09-12 14:38:00] [INFO] [OVERSTAY] Timezone: Asia/Kolkata
[2026-09-12 14:38:00] [INFO] [OVERSTAY] Staying customers found: 0
[2026-09-12 14:38:00] [INFO] ==================================================
[2026-09-12 14:38:00] [INFO] OVERSTAY CRON COMPLETED
[2026-09-12 14:38:00] [INFO] ==================================================
[2026-09-12 14:39:00] [INFO] [OVERSTAY] Cron triggered
[2026-09-12 14:39:00] [INFO] ==================================================
[2026-09-12 14:39:00] [INFO] OVERSTAY CRON STARTED
[2026-09-12 14:39:00] [INFO] ==================================================
[2026-09-12 14:39:00] [INFO] [OVERSTAY] Current India Date/Time: 12/09/2026 14:39:00
[2026-09-12 14:39:00] [INFO] [OVERSTAY] Timezone: Asia/Kolkata
[2026-09-12 14:39:00] [INFO] [OVERSTAY] Staying customers found: 0
[2026-09-12 14:39:00] [INFO] ==================================================
[2026-09-12 14:39:00] [INFO] OVERSTAY CRON COMPLETED
[2026-09-12 14:39:00] [INFO] ==================================================
[2026-09-12 14:40:00] [INFO] [OVERSTAY] Cron triggered
[2026-09-12 14:40:00] [INFO] ==================================================
[2026-09-12 14:40:00] [INFO] OVERSTAY CRON STARTED
[2026-09-12 14:40:00] [INFO] ==================================================
[2026-09-12 14:40:00] [INFO] [OVERSTAY] Current India Date/Time: 12/09/2026 14:40:00
[2026-09-12 14:40:00] [INFO] [OVERSTAY] Timezone: Asia/Kolkata
[2026-09-12 14:40:00] [INFO] [OVERSTAY] Staying customers found: 0
[2026-09-12 14:40:00] [INFO] ==================================================
[2026-09-12 14:40:00] [INFO] OVERSTAY CRON COMPLETED
[2026-09-12 14:40:00] [INFO] ==================================================
[2026-09-12 14:41:00] [INFO] [OVERSTAY] Cron triggered
[2026-09-12 14:41:00] [INFO] ==================================================
[2026-09-12 14:41:00] [INFO] OVERSTAY CRON STARTED
[2026-09-12 14:41:00] [INFO] ==================================================
[2026-09-12 14:41:00] [INFO] [OVERSTAY] Current India Date/Time: 12/09/2026 14:41:00
[2026-09-12 14:41:00] [INFO] [OVERSTAY] Timezone: Asia/Kolkata
[2026-09-12 14:41:00] [INFO] [OVERSTAY] Staying customers found: 0
[2026-09-12 14:41:00] [INFO] ==================================================
[2026-09-12 14:41:00] [INFO] OVERSTAY CRON COMPLETED
[2026-09-12 14:41:00] [INFO] ==================================================
[2026-09-12 14:41:26] [INFO] New hotel registration created successfully. Registration ID: 6aa5173ef77eb6adcf10d594, Hotel: Jayam Hotel, Email: jayamweb.designer2@gmail.com
[2026-09-12 14:42:00] [INFO] [OVERSTAY] Cron triggered
[2026-09-12 14:42:00] [INFO] ==================================================
[2026-09-12 14:42:00] [INFO] OVERSTAY CRON STARTED
[2026-09-12 14:42:00] [INFO] ==================================================
[2026-09-12 14:42:00] [INFO] [OVERSTAY] Current India Date/Time: 12/09/2026 14:42:00
[2026-09-12 14:42:00] [INFO] [OVERSTAY] Timezone: Asia/Kolkata
[2026-09-12 14:42:00] [INFO] [OVERSTAY] Staying customers found: 0
[2026-09-12 14:42:00] [INFO] ==================================================
[2026-09-12 14:42:00] [INFO] OVERSTAY CRON COMPLETED
[2026-09-12 14:42:00] [INFO] ==================================================
[2026-09-12 14:43:00] [INFO] [OVERSTAY] Cron triggered
[2026-09-12 14:43:00] [INFO] ==================================================
[2026-09-12 14:43:00] [INFO] OVERSTAY CRON STARTED
[2026-09-12 14:43:00] [INFO] ==================================================
[2026-09-12 14:43:00] [INFO] [OVERSTAY] Current India Date/Time: 12/09/2026 14:43:00
[2026-09-12 14:43:00] [INFO] [OVERSTAY] Timezone: Asia/Kolkata
[2026-09-12 14:43:00] [INFO] [OVERSTAY] Staying customers found: 0
[2026-09-12 14:43:00] [INFO] ==================================================
[2026-09-12 14:43:00] [INFO] OVERSTAY CRON COMPLETED
[2026-09-12 14:43:00] [INFO] ==================================================
[2026-09-12 14:44:00] [INFO] [OVERSTAY] Cron triggered
[2026-09-12 14:44:00] [INFO] ==================================================
[2026-09-12 14:44:00] [INFO] OVERSTAY CRON STARTED
[2026-09-12 14:44:00] [INFO] ==================================================
[2026-09-12 14:44:00] [INFO] [OVERSTAY] Current India Date/Time: 12/09/2026 14:44:00
[2026-09-12 14:44:00] [INFO] [OVERSTAY] Timezone: Asia/Kolkata
[2026-09-12 14:44:00] [INFO] [OVERSTAY] Staying customers found: 0
[2026-09-12 14:44:00] [INFO] ==================================================
[2026-09-12 14:44:00] [INFO] OVERSTAY CRON COMPLETED
[2026-09-12 14:44:00] [INFO] ==================================================
[2026-09-12 14:45:00] [INFO] [OVERSTAY] Cron triggered
[2026-09-12 14:45:00] [INFO] ==================================================
[2026-09-12 14:45:00] [INFO] OVERSTAY CRON STARTED
[2026-09-12 14:45:00] [INFO] ==================================================
[2026-09-12 14:45:00] [INFO] [OVERSTAY] Current India Date/Time: 12/09/2026 14:45:00
[2026-09-12 14:45:00] [INFO] [OVERSTAY] Timezone: Asia/Kolkata
[2026-09-12 14:45:00] [INFO] [OVERSTAY] Staying customers found: 0
[2026-09-12 14:45:00] [INFO] ==================================================
[2026-09-12 14:45:00] [INFO] OVERSTAY CRON COMPLETED
[2026-09-12 14:45:00] [INFO] ==================================================
[2026-09-12 14:46:00] [INFO] [OVERSTAY] Cron triggered
[2026-09-12 14:46:00] [INFO] ==================================================
[2026-09-12 14:46:00] [INFO] OVERSTAY CRON STARTED
[2026-09-12 14:46:00] [INFO] ==================================================
[2026-09-12 14:46:00] [INFO] [OVERSTAY] Current India Date/Time: 12/09/2026 14:46:00
[2026-09-12 14:46:00] [INFO] [OVERSTAY] Timezone: Asia/Kolkata
[2026-09-12 14:46:00] [INFO] [OVERSTAY] Staying customers found: 0
[2026-09-12 14:46:00] [INFO] ==================================================
[2026-09-12 14:46:00] [INFO] OVERSTAY CRON COMPLETED
[2026-09-12 14:46:00] [INFO] ==================================================
[2026-09-12 14:47:00] [INFO] [OVERSTAY] Cron triggered
[2026-09-12 14:47:00] [INFO] ==================================================
[2026-09-12 14:47:00] [INFO] OVERSTAY CRON STARTED
[2026-09-12 14:47:00] [INFO] ==================================================
[2026-09-12 14:47:00] [INFO] [OVERSTAY] Current India Date/Time: 12/09/2026 14:47:00
[2026-09-12 14:47:00] [INFO] [OVERSTAY] Timezone: Asia/Kolkata
[2026-09-12 14:47:00] [INFO] [OVERSTAY] Staying customers found: 0
[2026-09-12 14:47:00] [INFO] ==================================================
[2026-09-12 14:47:00] [INFO] OVERSTAY CRON COMPLETED
[2026-09-12 14:47:00] [INFO] ==================================================
[2026-09-12 14:48:00] [INFO] [OVERSTAY] Cron triggered
[2026-09-12 14:48:00] [INFO] ==================================================
[2026-09-12 14:48:00] [INFO] OVERSTAY CRON STARTED
[2026-09-12 14:48:00] [INFO] ==================================================
[2026-09-12 14:48:00] [INFO] [OVERSTAY] Current India Date/Time: 12/09/2026 14:48:00
[2026-09-12 14:48:00] [INFO] [OVERSTAY] Timezone: Asia/Kolkata
[2026-09-12 14:48:00] [INFO] [OVERSTAY] Staying customers found: 0
[2026-09-12 14:48:00] [INFO] ==================================================
[2026-09-12 14:48:00] [INFO] OVERSTAY CRON COMPLETED
[2026-09-12 14:48:00] [INFO] ==================================================
[2026-09-12 14:49:00] [INFO] [OVERSTAY] Cron triggered
[2026-09-12 14:49:00] [INFO] ==================================================
[2026-09-12 14:49:00] [INFO] OVERSTAY CRON STARTED
[2026-09-12 14:49:00] [INFO] ==================================================
[2026-09-12 14:49:00] [INFO] [OVERSTAY] Current India Date/Time: 12/09/2026 14:49:00
[2026-09-12 14:49:00] [INFO] [OVERSTAY] Timezone: Asia/Kolkata
[2026-09-12 14:49:00] [INFO] [OVERSTAY] Staying customers found: 0
[2026-09-12 14:49:00] [INFO] ==================================================
[2026-09-12 14:49:00] [INFO] OVERSTAY CRON COMPLETED
[2026-09-12 14:49:00] [INFO] ==================================================
[2026-09-12 14:50:00] [INFO] [OVERSTAY] Cron triggered
[2026-09-12 14:50:00] [INFO] ==================================================
[2026-09-12 14:50:00] [INFO] OVERSTAY CRON STARTED
[2026-09-12 14:50:00] [INFO] ==================================================
[2026-09-12 14:50:00] [INFO] [OVERSTAY] Current India Date/Time: 12/09/2026 14:50:00
[2026-09-12 14:50:00] [INFO] [OVERSTAY] Timezone: Asia/Kolkata
[2026-09-12 14:50:00] [INFO] [OVERSTAY] Staying customers found: 0
[2026-09-12 14:50:00] [INFO] ==================================================
[2026-09-12 14:50:00] [INFO] OVERSTAY CRON COMPLETED
[2026-09-12 14:50:00] [INFO] ==================================================
[2026-09-12 14:51:00] [INFO] [OVERSTAY] Cron triggered
[2026-09-12 14:51:00] [INFO] ==================================================
[2026-09-12 14:51:00] [INFO] OVERSTAY CRON STARTED
[2026-09-12 14:51:00] [INFO] ==================================================
[2026-09-12 14:51:00] [INFO] [OVERSTAY] Current India Date/Time: 12/09/2026 14:51:00
[2026-09-12 14:51:00] [INFO] [OVERSTAY] Timezone: Asia/Kolkata
[2026-09-12 14:51:00] [INFO] [OVERSTAY] Staying customers found: 0
[2026-09-12 14:51:00] [INFO] ==================================================
[2026-09-12 14:51:00] [INFO] OVERSTAY CRON COMPLETED
[2026-09-12 14:51:00] [INFO] ==================================================
[2026-09-12 14:52:00] [INFO] [OVERSTAY] Cron triggered
[2026-09-12 14:52:00] [INFO] ==================================================
[2026-09-12 14:52:00] [INFO] OVERSTAY CRON STARTED
[2026-09-12 14:52:00] [INFO] ==================================================
[2026-09-12 14:52:00] [INFO] [OVERSTAY] Current India Date/Time: 12/09/2026 14:52:00
[2026-09-12 14:52:00] [INFO] [OVERSTAY] Timezone: Asia/Kolkata
[2026-09-12 14:52:00] [INFO] [OVERSTAY] Staying customers found: 0
[2026-09-12 14:52:00] [INFO] ==================================================
[2026-09-12 14:52:00] [INFO] OVERSTAY CRON COMPLETED
[2026-09-12 14:52:00] [INFO] ==================================================
[2026-09-12 14:53:00] [INFO] [OVERSTAY] Cron triggered
[2026-09-12 14:53:00] [INFO] ==================================================
[2026-09-12 14:53:00] [INFO] OVERSTAY CRON STARTED
[2026-09-12 14:53:00] [INFO] ==================================================
[2026-09-12 14:53:00] [INFO] [OVERSTAY] Current India Date/Time: 12/09/2026 14:53:00
[2026-09-12 14:53:00] [INFO] [OVERSTAY] Timezone: Asia/Kolkata
[2026-09-12 14:53:00] [INFO] [OVERSTAY] Staying customers found: 0
[2026-09-12 14:53:00] [INFO] ==================================================
[2026-09-12 14:53:00] [INFO] OVERSTAY CRON COMPLETED
[2026-09-12 14:53:00] [INFO] ==================================================
[2026-09-12 14:54:00] [INFO] [OVERSTAY] Cron triggered
[2026-09-12 14:54:00] [INFO] ==================================================
[2026-09-12 14:54:00] [INFO] OVERSTAY CRON STARTED
[2026-09-12 14:54:00] [INFO] ==================================================
[2026-09-12 14:54:00] [INFO] [OVERSTAY] Current India Date/Time: 12/09/2026 14:54:00
[2026-09-12 14:54:00] [INFO] [OVERSTAY] Timezone: Asia/Kolkata
[2026-09-12 14:54:00] [INFO] [OVERSTAY] Staying customers found: 0
[2026-09-12 14:54:00] [INFO] ==================================================
[2026-09-12 14:54:00] [INFO] OVERSTAY CRON COMPLETED
[2026-09-12 14:54:00] [INFO] ==================================================
[2026-09-12 14:55:00] [INFO] [OVERSTAY] Cron triggered
[2026-09-12 14:55:00] [INFO] ==================================================
[2026-09-12 14:55:00] [INFO] OVERSTAY CRON STARTED
[2026-09-12 14:55:00] [INFO] ==================================================
[2026-09-12 14:55:00] [INFO] [OVERSTAY] Current India Date/Time: 12/09/2026 14:55:00
[2026-09-12 14:55:00] [INFO] [OVERSTAY] Timezone: Asia/Kolkata
[2026-09-12 14:55:00] [INFO] [OVERSTAY] Staying customers found: 0
[2026-09-12 14:55:00] [INFO] ==================================================
[2026-09-12 14:55:00] [INFO] OVERSTAY CRON COMPLETED
[2026-09-12 14:55:00] [INFO] ==================================================
[2026-09-12 14:56:00] [INFO] [OVERSTAY] Cron triggered
[2026-09-12 14:56:00] [INFO] ==================================================
[2026-09-12 14:56:00] [INFO] OVERSTAY CRON STARTED
[2026-09-12 14:56:00] [INFO] ==================================================
[2026-09-12 14:56:00] [INFO] [OVERSTAY] Current India Date/Time: 12/09/2026 14:56:00
[2026-09-12 14:56:00] [INFO] [OVERSTAY] Timezone: Asia/Kolkata
[2026-09-12 14:56:00] [INFO] [OVERSTAY] Staying customers found: 0
[2026-09-12 14:56:00] [INFO] ==================================================
[2026-09-12 14:56:00] [INFO] OVERSTAY CRON COMPLETED
[2026-09-12 14:56:00] [INFO] ==================================================
[2026-09-12 14:57:00] [INFO] [OVERSTAY] Cron triggered
[2026-09-12 14:57:00] [INFO] ==================================================
[2026-09-12 14:57:00] [INFO] OVERSTAY CRON STARTED
[2026-09-12 14:57:00] [INFO] ==================================================
[2026-09-12 14:57:00] [INFO] [OVERSTAY] Current India Date/Time: 12/09/2026 14:57:00
[2026-09-12 14:57:00] [INFO] [OVERSTAY] Timezone: Asia/Kolkata
[2026-09-12 14:57:00] [INFO] [OVERSTAY] Staying customers found: 0
[2026-09-12 14:57:00] [INFO] ==================================================
[2026-09-12 14:57:00] [INFO] OVERSTAY CRON COMPLETED
[2026-09-12 14:57:00] [INFO] ==================================================
[2026-09-12 14:58:00] [INFO] [OVERSTAY] Cron triggered
[2026-09-12 14:58:00] [INFO] ==================================================
[2026-09-12 14:58:00] [INFO] OVERSTAY CRON STARTED
[2026-09-12 14:58:00] [INFO] ==================================================
[2026-09-12 14:58:00] [INFO] [OVERSTAY] Current India Date/Time: 12/09/2026 14:58:00
[2026-09-12 14:58:00] [INFO] [OVERSTAY] Timezone: Asia/Kolkata
[2026-09-12 14:58:00] [INFO] [OVERSTAY] Staying customers found: 0
[2026-09-12 14:58:00] [INFO] ==================================================
[2026-09-12 14:58:00] [INFO] OVERSTAY CRON COMPLETED
[2026-09-12 14:58:00] [INFO] ==================================================
[2026-09-12 14:59:00] [INFO] [OVERSTAY] Cron triggered
[2026-09-12 14:59:00] [INFO] ==================================================
[2026-09-12 14:59:00] [INFO] OVERSTAY CRON STARTED
[2026-09-12 14:59:00] [INFO] ==================================================
[2026-09-12 14:59:00] [INFO] [OVERSTAY] Current India Date/Time: 12/09/2026 14:59:00
[2026-09-12 14:59:00] [INFO] [OVERSTAY] Timezone: Asia/Kolkata
[2026-09-12 14:59:00] [INFO] [OVERSTAY] Staying customers found: 0
[2026-09-12 14:59:00] [INFO] ==================================================
[2026-09-12 14:59:00] [INFO] OVERSTAY CRON COMPLETED
[2026-09-12 14:59:00] [INFO] ==================================================
[2026-09-12 15:00:00] [INFO] [OVERSTAY] Cron triggered
[2026-09-12 15:00:00] [INFO] ==================================================
[2026-09-12 15:00:00] [INFO] OVERSTAY CRON STARTED
[2026-09-12 15:00:00] [INFO] ==================================================
[2026-09-12 15:00:00] [INFO] [OVERSTAY] Current India Date/Time: 12/09/2026 15:00:00
[2026-09-12 15:00:00] [INFO] [OVERSTAY] Timezone: Asia/Kolkata
[2026-09-12 15:00:00] [INFO] [OVERSTAY] Staying customers found: 0
[2026-09-12 15:00:00] [INFO] ==================================================
[2026-09-12 15:00:00] [INFO] OVERSTAY CRON COMPLETED
[2026-09-12 15:00:00] [INFO] ==================================================
[2026-09-12 15:01:00] [INFO] [OVERSTAY] Cron triggered
[2026-09-12 15:01:00] [INFO] ==================================================
[2026-09-12 15:01:00] [INFO] OVERSTAY CRON STARTED
[2026-09-12 15:01:00] [INFO] ==================================================
[2026-09-12 15:01:00] [INFO] [OVERSTAY] Current India Date/Time: 12/09/2026 15:01:00
[2026-09-12 15:01:00] [INFO] [OVERSTAY] Timezone: Asia/Kolkata
[2026-09-12 15:01:00] [INFO] [OVERSTAY] Staying customers found: 0
[2026-09-12 15:01:00] [INFO] ==================================================
[2026-09-12 15:01:00] [INFO] OVERSTAY CRON COMPLETED
[2026-09-12 15:01:00] [INFO] ==================================================
[2026-09-12 15:02:00] [INFO] [OVERSTAY] Cron triggered
[2026-09-12 15:02:00] [INFO] ==================================================
[2026-09-12 15:02:00] [INFO] OVERSTAY CRON STARTED
[2026-09-12 15:02:00] [INFO] ==================================================
[2026-09-12 15:02:00] [INFO] [OVERSTAY] Current India Date/Time: 12/09/2026 15:02:00
[2026-09-12 15:02:00] [INFO] [OVERSTAY] Timezone: Asia/Kolkata
[2026-09-12 15:02:00] [INFO] [OVERSTAY] Staying customers found: 0
[2026-09-12 15:02:00] [INFO] ==================================================
[2026-09-12 15:02:00] [INFO] OVERSTAY CRON COMPLETED
[2026-09-12 15:02:00] [INFO] ==================================================
[2026-09-12 15:03:00] [INFO] [OVERSTAY] Cron triggered
[2026-09-12 15:03:00] [INFO] ==================================================
[2026-09-12 15:03:00] [INFO] OVERSTAY CRON STARTED
[2026-09-12 15:03:00] [INFO] ==================================================
[2026-09-12 15:03:00] [INFO] [OVERSTAY] Current India Date/Time: 12/09/2026 15:03:00
[2026-09-12 15:03:00] [INFO] [OVERSTAY] Timezone: Asia/Kolkata
[2026-09-12 15:03:00] [INFO] [OVERSTAY] Staying customers found: 0
[2026-09-12 15:03:00] [INFO] ==================================================
[2026-09-12 15:03:00] [INFO] OVERSTAY CRON COMPLETED
[2026-09-12 15:03:00] [INFO] ==================================================
[2026-09-12 15:04:00] [INFO] [OVERSTAY] Cron triggered
[2026-09-12 15:04:00] [INFO] ==================================================
[2026-09-12 15:04:00] [INFO] OVERSTAY CRON STARTED
[2026-09-12 15:04:00] [INFO] ==================================================
[2026-09-12 15:04:00] [INFO] [OVERSTAY] Current India Date/Time: 12/09/2026 15:04:00
[2026-09-12 15:04:00] [INFO] [OVERSTAY] Timezone: Asia/Kolkata
[2026-09-12 15:04:00] [INFO] [OVERSTAY] Staying customers found: 0
[2026-09-12 15:04:00] [INFO] ==================================================
[2026-09-12 15:04:00] [INFO] OVERSTAY CRON COMPLETED
[2026-09-12 15:04:00] [INFO] ==================================================
[2026-09-12 15:05:00] [INFO] [OVERSTAY] Cron triggered
[2026-09-12 15:05:00] [INFO] ==================================================
[2026-09-12 15:05:00] [INFO] OVERSTAY CRON STARTED
[2026-09-12 15:05:00] [INFO] ==================================================
[2026-09-12 15:05:00] [INFO] [OVERSTAY] Current India Date/Time: 12/09/2026 15:05:00
[2026-09-12 15:05:00] [INFO] [OVERSTAY] Timezone: Asia/Kolkata
[2026-09-12 15:05:00] [INFO] [OVERSTAY] Staying customers found: 0
[2026-09-12 15:05:00] [INFO] ==================================================
[2026-09-12 15:05:00] [INFO] OVERSTAY CRON COMPLETED
[2026-09-12 15:05:00] [INFO] ==================================================
[2026-09-12 15:06:00] [INFO] [OVERSTAY] Cron triggered
[2026-09-12 15:06:00] [INFO] ==================================================
[2026-09-12 15:06:00] [INFO] OVERSTAY CRON STARTED
[2026-09-12 15:06:00] [INFO] ==================================================
[2026-09-12 15:06:00] [INFO] [OVERSTAY] Current India Date/Time: 12/09/2026 15:06:00
[2026-09-12 15:06:00] [INFO] [OVERSTAY] Timezone: Asia/Kolkata
[2026-09-12 15:06:00] [INFO] [OVERSTAY] Staying customers found: 0
[2026-09-12 15:06:00] [INFO] ==================================================
[2026-09-12 15:06:00] [INFO] OVERSTAY CRON COMPLETED
[2026-09-12 15:06:00] [INFO] ==================================================
[2026-09-12 15:07:00] [INFO] [OVERSTAY] Cron triggered
[2026-09-12 15:07:00] [INFO] ==================================================
[2026-09-12 15:07:00] [INFO] OVERSTAY CRON STARTED
[2026-09-12 15:07:00] [INFO] ==================================================
[2026-09-12 15:07:00] [INFO] [OVERSTAY] Current India Date/Time: 12/09/2026 15:07:00
[2026-09-12 15:07:00] [INFO] [OVERSTAY] Timezone: Asia/Kolkata
[2026-09-12 15:07:00] [INFO] [OVERSTAY] Staying customers found: 0
[2026-09-12 15:07:00] [INFO] ==================================================
[2026-09-12 15:07:00] [INFO] OVERSTAY CRON COMPLETED
[2026-09-12 15:07:00] [INFO] ==================================================
[2026-09-12 15:07:54] [INFO] [OVERSTAY] Overstay cron initialized successfully
[2026-09-12 15:07:54] [INFO] [OVERSTAY] Cron schedule: Every minute
[2026-09-12 15:07:54] [INFO] [OVERSTAY] Cron timezone: Asia/Kolkata
[2026-09-12 15:07:54] [INFO] ==================================================
[2026-09-12 15:07:54] [INFO] OVERSTAY CRON STARTED
[2026-09-12 15:07:54] [INFO] ==================================================
[2026-09-12 15:07:54] [INFO] [OVERSTAY] Current India Date/Time: 12/09/2026 15:07:54
[2026-09-12 15:07:54] [INFO] [OVERSTAY] Timezone: Asia/Kolkata
[2026-09-12 15:07:54] [INFO] [Logger] Running log cleanup check. Retention limit: 30 days.
[2026-09-12 15:07:54] [INFO] [Logger] Cleanup completed. No expired log files found.
[2026-09-12 15:07:54] [INFO] [Logger] Automated log cleanup scheduler started (runs every 24 hours).
[2026-09-12 15:07:54] [INFO] [Server] Server started and listening on port 5000
[2026-09-12 15:07:54] [INFO] [Database] MongoDB Connected successfully: 76.13.244.61
[2026-09-12 15:07:55] [INFO] Admin user already exists
[2026-09-12 15:07:55] [INFO] [OVERSTAY] Staying customers found: 0
[2026-09-12 15:07:55] [INFO] ==================================================
[2026-09-12 15:07:55] [INFO] OVERSTAY CRON COMPLETED
[2026-09-12 15:07:55] [INFO] ==================================================
[2026-09-12 15:08:00] [INFO] [OVERSTAY] Cron triggered
[2026-09-12 15:08:00] [INFO] ==================================================
[2026-09-12 15:08:00] [INFO] OVERSTAY CRON STARTED
[2026-09-12 15:08:00] [INFO] ==================================================
[2026-09-12 15:08:00] [INFO] [OVERSTAY] Current India Date/Time: 12/09/2026 15:08:00
[2026-09-12 15:08:00] [INFO] [OVERSTAY] Timezone: Asia/Kolkata
[2026-09-12 15:08:00] [INFO] [OVERSTAY] Staying customers found: 0
[2026-09-12 15:08:00] [INFO] ==================================================
[2026-09-12 15:08:00] [INFO] OVERSTAY CRON COMPLETED
[2026-09-12 15:08:00] [INFO] ==================================================
[2026-09-12 15:08:15] [INFO] [OVERSTAY] Overstay cron initialized successfully
[2026-09-12 15:08:15] [INFO] [OVERSTAY] Cron schedule: Every minute
[2026-09-12 15:08:15] [INFO] [OVERSTAY] Cron timezone: Asia/Kolkata
[2026-09-12 15:08:15] [INFO] ==================================================
[2026-09-12 15:08:15] [INFO] OVERSTAY CRON STARTED
[2026-09-12 15:08:15] [INFO] ==================================================
[2026-09-12 15:08:15] [INFO] [OVERSTAY] Current India Date/Time: 12/09/2026 15:08:15
[2026-09-12 15:08:15] [INFO] [OVERSTAY] Timezone: Asia/Kolkata
[2026-09-12 15:08:30] [INFO] [OVERSTAY] Overstay cron initialized successfully
[2026-09-12 15:08:30] [INFO] [OVERSTAY] Cron schedule: Every minute
[2026-09-12 15:08:30] [INFO] [OVERSTAY] Cron timezone: Asia/Kolkata
[2026-09-12 15:08:30] [INFO] ==================================================
[2026-09-12 15:08:30] [INFO] OVERSTAY CRON STARTED
[2026-09-12 15:08:30] [INFO] ==================================================
[2026-09-12 15:08:30] [INFO] [OVERSTAY] Current India Date/Time: 12/09/2026 15:08:30
[2026-09-12 15:08:30] [INFO] [OVERSTAY] Timezone: Asia/Kolkata
[2026-09-12 15:08:30] [INFO] [Logger] Running log cleanup check. Retention limit: 30 days.
[2026-09-12 15:08:30] [INFO] [Logger] Cleanup completed. No expired log files found.
[2026-09-12 15:08:30] [INFO] [Logger] Automated log cleanup scheduler started (runs every 24 hours).
[2026-09-12 15:08:30] [INFO] [Server] Server started and listening on port 5000
[2026-09-12 15:08:30] [INFO] [Database] MongoDB Connected successfully: 76.13.244.61
[2026-09-12 15:08:31] [INFO] Admin user already exists
[2026-09-12 15:08:31] [INFO] [OVERSTAY] Staying customers found: 0
[2026-09-12 15:08:31] [INFO] ==================================================
[2026-09-12 15:08:31] [INFO] OVERSTAY CRON COMPLETED
[2026-09-12 15:08:31] [INFO] ==================================================
[2026-09-12 15:08:59] [INFO] [OVERSTAY] Overstay cron initialized successfully
[2026-09-12 15:08:59] [INFO] [OVERSTAY] Cron schedule: Every minute
[2026-09-12 15:08:59] [INFO] [OVERSTAY] Cron timezone: Asia/Kolkata
[2026-09-12 15:08:59] [INFO] ==================================================
[2026-09-12 15:08:59] [INFO] OVERSTAY CRON STARTED
[2026-09-12 15:08:59] [INFO] ==================================================
[2026-09-12 15:08:59] [INFO] [OVERSTAY] Current India Date/Time: 12/09/2026 15:08:59
[2026-09-12 15:08:59] [INFO] [OVERSTAY] Timezone: Asia/Kolkata
[2026-09-12 15:08:59] [INFO] [Logger] Running log cleanup check. Retention limit: 30 days.
[2026-09-12 15:08:59] [INFO] [Logger] Cleanup completed. No expired log files found.
[2026-09-12 15:08:59] [INFO] [Logger] Automated log cleanup scheduler started (runs every 24 hours).
[2026-09-12 15:08:59] [INFO] [Server] Server started and listening on port 5000
[2026-09-12 15:08:59] [INFO] [Database] MongoDB Connected successfully: 76.13.244.61
[2026-09-12 15:09:00] [INFO] [OVERSTAY] Cron triggered
[2026-09-12 15:09:00] [INFO] ==================================================
[2026-09-12 15:09:00] [INFO] OVERSTAY CRON STARTED
[2026-09-12 15:09:00] [INFO] ==================================================
[2026-09-12 15:09:00] [INFO] [OVERSTAY] Current India Date/Time: 12/09/2026 15:09:00
[2026-09-12 15:09:00] [INFO] [OVERSTAY] Timezone: Asia/Kolkata
[2026-09-12 15:09:00] [INFO] [OVERSTAY] Staying customers found: 0
[2026-09-12 15:09:00] [INFO] ==================================================
[2026-09-12 15:09:00] [INFO] OVERSTAY CRON COMPLETED
[2026-09-12 15:09:00] [INFO] ==================================================
[2026-09-12 15:09:00] [INFO] [OVERSTAY] Staying customers found: 0
[2026-09-12 15:09:00] [INFO] ==================================================
[2026-09-12 15:09:00] [INFO] OVERSTAY CRON COMPLETED
[2026-09-12 15:09:00] [INFO] ==================================================
[2026-09-12 15:09:00] [INFO] Admin user already exists
[2026-09-12 15:10:00] [INFO] [OVERSTAY] Cron triggered
[2026-09-12 15:10:00] [INFO] ==================================================
[2026-09-12 15:10:00] [INFO] OVERSTAY CRON STARTED
[2026-09-12 15:10:00] [INFO] ==================================================
[2026-09-12 15:10:00] [INFO] [OVERSTAY] Current India Date/Time: 12/09/2026 15:10:00
[2026-09-12 15:10:00] [INFO] [OVERSTAY] Timezone: Asia/Kolkata
[2026-09-12 15:10:00] [INFO] [OVERSTAY] Staying customers found: 0
[2026-09-12 15:10:00] [INFO] ==================================================
[2026-09-12 15:10:00] [INFO] OVERSTAY CRON COMPLETED
[2026-09-12 15:10:00] [INFO] ==================================================
[2026-09-12 15:11:00] [INFO] [OVERSTAY] Cron triggered
[2026-09-12 15:11:00] [INFO] ==================================================
[2026-09-12 15:11:00] [INFO] OVERSTAY CRON STARTED
[2026-09-12 15:11:00] [INFO] ==================================================
[2026-09-12 15:11:00] [INFO] [OVERSTAY] Current India Date/Time: 12/09/2026 15:11:00
[2026-09-12 15:11:00] [INFO] [OVERSTAY] Timezone: Asia/Kolkata
[2026-09-12 15:11:00] [INFO] [OVERSTAY] Staying customers found: 0
[2026-09-12 15:11:00] [INFO] ==================================================
[2026-09-12 15:11:00] [INFO] OVERSTAY CRON COMPLETED
[2026-09-12 15:11:00] [INFO] ==================================================
[2026-09-12 15:12:00] [INFO] [OVERSTAY] Cron triggered
[2026-09-12 15:12:00] [INFO] ==================================================
[2026-09-12 15:12:00] [INFO] OVERSTAY CRON STARTED
[2026-09-12 15:12:00] [INFO] ==================================================
[2026-09-12 15:12:00] [INFO] [OVERSTAY] Current India Date/Time: 12/09/2026 15:12:00
[2026-09-12 15:12:00] [INFO] [OVERSTAY] Timezone: Asia/Kolkata
[2026-09-12 15:12:00] [INFO] [OVERSTAY] Staying customers found: 0
[2026-09-12 15:12:00] [INFO] ==================================================
[2026-09-12 15:12:00] [INFO] OVERSTAY CRON COMPLETED
[2026-09-12 15:12:00] [INFO] ==================================================
[2026-09-12 15:13:00] [INFO] [OVERSTAY] Cron triggered
[2026-09-12 15:13:00] [INFO] ==================================================
[2026-09-12 15:13:00] [INFO] OVERSTAY CRON STARTED
[2026-09-12 15:13:00] [INFO] ==================================================
[2026-09-12 15:13:00] [INFO] [OVERSTAY] Current India Date/Time: 12/09/2026 15:13:00
[2026-09-12 15:13:00] [INFO] [OVERSTAY] Timezone: Asia/Kolkata
[2026-09-12 15:13:00] [INFO] [OVERSTAY] Staying customers found: 0
[2026-09-12 15:13:00] [INFO] ==================================================
[2026-09-12 15:13:00] [INFO] OVERSTAY CRON COMPLETED
[2026-09-12 15:13:00] [INFO] ==================================================
[2026-09-12 15:14:00] [INFO] [OVERSTAY] Cron triggered
[2026-09-12 15:14:00] [INFO] ==================================================
[2026-09-12 15:14:00] [INFO] OVERSTAY CRON STARTED
[2026-09-12 15:14:00] [INFO] ==================================================
[2026-09-12 15:14:00] [INFO] [OVERSTAY] Current India Date/Time: 12/09/2026 15:14:00
[2026-09-12 15:14:00] [INFO] [OVERSTAY] Timezone: Asia/Kolkata
[2026-09-12 15:14:00] [INFO] [OVERSTAY] Staying customers found: 0
[2026-09-12 15:14:00] [INFO] ==================================================
[2026-09-12 15:14:00] [INFO] OVERSTAY CRON COMPLETED
[2026-09-12 15:14:00] [INFO] ==================================================
[2026-09-12 15:15:00] [INFO] [OVERSTAY] Cron triggered
[2026-09-12 15:15:00] [INFO] ==================================================
[2026-09-12 15:15:00] [INFO] OVERSTAY CRON STARTED
[2026-09-12 15:15:00] [INFO] ==================================================
[2026-09-12 15:15:00] [INFO] [OVERSTAY] Current India Date/Time: 12/09/2026 15:15:00
[2026-09-12 15:15:00] [INFO] [OVERSTAY] Timezone: Asia/Kolkata
[2026-09-12 15:15:00] [INFO] [OVERSTAY] Staying customers found: 0
[2026-09-12 15:15:00] [INFO] ==================================================
[2026-09-12 15:15:00] [INFO] OVERSTAY CRON COMPLETED
[2026-09-12 15:15:00] [INFO] ==================================================
[2026-09-12 15:16:00] [INFO] [OVERSTAY] Cron triggered
[2026-09-12 15:16:00] [INFO] ==================================================
[2026-09-12 15:16:00] [INFO] OVERSTAY CRON STARTED
[2026-09-12 15:16:00] [INFO] ==================================================
[2026-09-12 15:16:00] [INFO] [OVERSTAY] Current India Date/Time: 12/09/2026 15:16:00
[2026-09-12 15:16:00] [INFO] [OVERSTAY] Timezone: Asia/Kolkata
[2026-09-12 15:16:00] [INFO] [OVERSTAY] Staying customers found: 0
[2026-09-12 15:16:00] [INFO] ==================================================
[2026-09-12 15:16:00] [INFO] OVERSTAY CRON COMPLETED
[2026-09-12 15:16:00] [INFO] ==================================================
[2026-09-12 15:17:00] [INFO] [OVERSTAY] Cron triggered
[2026-09-12 15:17:00] [INFO] ==================================================
[2026-09-12 15:17:00] [INFO] OVERSTAY CRON STARTED
[2026-09-12 15:17:00] [INFO] ==================================================
[2026-09-12 15:17:00] [INFO] [OVERSTAY] Current India Date/Time: 12/09/2026 15:17:00
[2026-09-12 15:17:00] [INFO] [OVERSTAY] Timezone: Asia/Kolkata
[2026-09-12 15:17:00] [INFO] [OVERSTAY] Staying customers found: 0
[2026-09-12 15:17:00] [INFO] ==================================================
[2026-09-12 15:17:00] [INFO] OVERSTAY CRON COMPLETED
[2026-09-12 15:17:00] [INFO] ==================================================
[2026-09-12 15:18:00] [INFO] [OVERSTAY] Cron triggered
[2026-09-12 15:18:00] [INFO] ==================================================
[2026-09-12 15:18:00] [INFO] OVERSTAY CRON STARTED
[2026-09-12 15:18:00] [INFO] ==================================================
[2026-09-12 15:18:00] [INFO] [OVERSTAY] Current India Date/Time: 12/09/2026 15:18:00
[2026-09-12 15:18:00] [INFO] [OVERSTAY] Timezone: Asia/Kolkata
[2026-09-12 15:18:00] [INFO] [OVERSTAY] Staying customers found: 0
[2026-09-12 15:18:00] [INFO] ==================================================
[2026-09-12 15:18:00] [INFO] OVERSTAY CRON COMPLETED
[2026-09-12 15:18:00] [INFO] ==================================================
[2026-09-12 15:18:25] [INFO] New hotel registration created successfully. Registration ID: 6aa51fe99c17da8a15660c39, Hotel: Jayam Hotel, Email: jayamweb.designer22@gmail.com
[2026-09-12 15:19:00] [INFO] [OVERSTAY] Cron triggered
[2026-09-12 15:19:00] [INFO] ==================================================
[2026-09-12 15:19:00] [INFO] OVERSTAY CRON STARTED
[2026-09-12 15:19:00] [INFO] ==================================================
[2026-09-12 15:19:00] [INFO] [OVERSTAY] Current India Date/Time: 12/09/2026 15:19:00
[2026-09-12 15:19:00] [INFO] [OVERSTAY] Timezone: Asia/Kolkata
[2026-09-12 15:19:00] [INFO] [OVERSTAY] Staying customers found: 0
[2026-09-12 15:19:00] [INFO] ==================================================
[2026-09-12 15:19:00] [INFO] OVERSTAY CRON COMPLETED
[2026-09-12 15:19:00] [INFO] ==================================================
[2026-09-12 15:20:00] [INFO] [OVERSTAY] Cron triggered
[2026-09-12 15:20:00] [INFO] ==================================================
[2026-09-12 15:20:00] [INFO] OVERSTAY CRON STARTED
[2026-09-12 15:20:00] [INFO] ==================================================
[2026-09-12 15:20:00] [INFO] [OVERSTAY] Current India Date/Time: 12/09/2026 15:20:00
[2026-09-12 15:20:00] [INFO] [OVERSTAY] Timezone: Asia/Kolkata
[2026-09-12 15:20:00] [INFO] [OVERSTAY] Staying customers found: 0
[2026-09-12 15:20:00] [INFO] ==================================================
[2026-09-12 15:20:00] [INFO] OVERSTAY CRON COMPLETED
[2026-09-12 15:20:00] [INFO] ==================================================
[2026-09-12 15:21:00] [INFO] [OVERSTAY] Cron triggered
[2026-09-12 15:21:00] [INFO] ==================================================
[2026-09-12 15:21:00] [INFO] OVERSTAY CRON STARTED
[2026-09-12 15:21:00] [INFO] ==================================================
[2026-09-12 15:21:00] [INFO] [OVERSTAY] Current India Date/Time: 12/09/2026 15:21:00
[2026-09-12 15:21:00] [INFO] [OVERSTAY] Timezone: Asia/Kolkata
[2026-09-12 15:21:00] [INFO] [OVERSTAY] Staying customers found: 0
[2026-09-12 15:21:00] [INFO] ==================================================
[2026-09-12 15:21:00] [INFO] OVERSTAY CRON COMPLETED
[2026-09-12 15:21:00] [INFO] ==================================================
[2026-09-12 15:21:16] [INFO] error
[2026-09-12 15:22:00] [INFO] [OVERSTAY] Cron triggered
[2026-09-12 15:22:00] [INFO] ==================================================
[2026-09-12 15:22:00] [INFO] OVERSTAY CRON STARTED
[2026-09-12 15:22:00] [INFO] ==================================================
[2026-09-12 15:22:00] [INFO] [OVERSTAY] Current India Date/Time: 12/09/2026 15:22:00
[2026-09-12 15:22:00] [INFO] [OVERSTAY] Timezone: Asia/Kolkata
[2026-09-12 15:22:00] [INFO] [OVERSTAY] Staying customers found: 0
[2026-09-12 15:22:00] [INFO] ==================================================
[2026-09-12 15:22:00] [INFO] OVERSTAY CRON COMPLETED
[2026-09-12 15:22:00] [INFO] ==================================================
[2026-09-12 15:23:00] [INFO] [OVERSTAY] Cron triggered
[2026-09-12 15:23:00] [INFO] ==================================================
[2026-09-12 15:23:00] [INFO] OVERSTAY CRON STARTED
[2026-09-12 15:23:00] [INFO] ==================================================
[2026-09-12 15:23:00] [INFO] [OVERSTAY] Current India Date/Time: 12/09/2026 15:23:00
[2026-09-12 15:23:00] [INFO] [OVERSTAY] Timezone: Asia/Kolkata
[2026-09-12 15:23:00] [INFO] [OVERSTAY] Staying customers found: 0
[2026-09-12 15:23:00] [INFO] ==================================================
[2026-09-12 15:23:00] [INFO] OVERSTAY CRON COMPLETED
[2026-09-12 15:23:00] [INFO] ==================================================
[2026-09-12 15:24:00] [INFO] [OVERSTAY] Cron triggered
[2026-09-12 15:24:00] [INFO] ==================================================
[2026-09-12 15:24:00] [INFO] OVERSTAY CRON STARTED
[2026-09-12 15:24:00] [INFO] ==================================================
[2026-09-12 15:24:00] [INFO] [OVERSTAY] Current India Date/Time: 12/09/2026 15:24:00
[2026-09-12 15:24:00] [INFO] [OVERSTAY] Timezone: Asia/Kolkata
[2026-09-12 15:24:00] [INFO] [OVERSTAY] Staying customers found: 0
[2026-09-12 15:24:00] [INFO] ==================================================
[2026-09-12 15:24:00] [INFO] OVERSTAY CRON COMPLETED
[2026-09-12 15:24:00] [INFO] ==================================================
[2026-09-12 15:25:00] [INFO] [OVERSTAY] Cron triggered
[2026-09-12 15:25:00] [INFO] ==================================================
[2026-09-12 15:25:00] [INFO] OVERSTAY CRON STARTED
[2026-09-12 15:25:00] [INFO] ==================================================
[2026-09-12 15:25:00] [INFO] [OVERSTAY] Current India Date/Time: 12/09/2026 15:25:00
[2026-09-12 15:25:00] [INFO] [OVERSTAY] Timezone: Asia/Kolkata
[2026-09-12 15:25:00] [INFO] [OVERSTAY] Staying customers found: 0
[2026-09-12 15:25:00] [INFO] ==================================================
[2026-09-12 15:25:00] [INFO] OVERSTAY CRON COMPLETED
[2026-09-12 15:25:00] [INFO] ==================================================
[2026-09-12 15:26:00] [INFO] [OVERSTAY] Cron triggered
[2026-09-12 15:26:00] [INFO] ==================================================
[2026-09-12 15:26:00] [INFO] OVERSTAY CRON STARTED
[2026-09-12 15:26:00] [INFO] ==================================================
[2026-09-12 15:26:00] [INFO] [OVERSTAY] Current India Date/Time: 12/09/2026 15:26:00
[2026-09-12 15:26:00] [INFO] [OVERSTAY] Timezone: Asia/Kolkata
[2026-09-12 15:26:00] [INFO] [OVERSTAY] Staying customers found: 0
[2026-09-12 15:26:00] [INFO] ==================================================
[2026-09-12 15:26:00] [INFO] OVERSTAY CRON COMPLETED
[2026-09-12 15:26:00] [INFO] ==================================================
[2026-09-12 15:26:43] [INFO] New hotel registration created successfully. Registration ID: 6aa521db9c17da8a15660c3a, Hotel: Jayam Hotel, Email: jayamweb.designer2@gmail.com
[2026-09-12 15:26:46] [INFO] error
[2026-09-12 15:27:00] [INFO] [OVERSTAY] Cron triggered
[2026-09-12 15:27:00] [INFO] ==================================================
[2026-09-12 15:27:00] [INFO] OVERSTAY CRON STARTED
[2026-09-12 15:27:00] [INFO] ==================================================
[2026-09-12 15:27:00] [INFO] [OVERSTAY] Current India Date/Time: 12/09/2026 15:27:00
[2026-09-12 15:27:00] [INFO] [OVERSTAY] Timezone: Asia/Kolkata
[2026-09-12 15:27:00] [INFO] [OVERSTAY] Staying customers found: 0
[2026-09-12 15:27:00] [INFO] ==================================================
[2026-09-12 15:27:00] [INFO] OVERSTAY CRON COMPLETED
[2026-09-12 15:27:00] [INFO] ==================================================
[2026-09-12 15:28:00] [INFO] [OVERSTAY] Cron triggered
[2026-09-12 15:28:00] [INFO] ==================================================
[2026-09-12 15:28:00] [INFO] OVERSTAY CRON STARTED
[2026-09-12 15:28:00] [INFO] ==================================================
[2026-09-12 15:28:00] [INFO] [OVERSTAY] Current India Date/Time: 12/09/2026 15:28:00
[2026-09-12 15:28:00] [INFO] [OVERSTAY] Timezone: Asia/Kolkata
[2026-09-12 15:28:00] [INFO] [OVERSTAY] Staying customers found: 0
[2026-09-12 15:28:00] [INFO] ==================================================
[2026-09-12 15:28:00] [INFO] OVERSTAY CRON COMPLETED
[2026-09-12 15:28:00] [INFO] ==================================================
[2026-09-12 15:28:27] [INFO] [OVERSTAY] Overstay cron initialized successfully
[2026-09-12 15:28:27] [INFO] [OVERSTAY] Cron schedule: Every minute
[2026-09-12 15:28:27] [INFO] [OVERSTAY] Cron timezone: Asia/Kolkata
[2026-09-12 15:28:27] [INFO] ==================================================
[2026-09-12 15:28:27] [INFO] OVERSTAY CRON STARTED
[2026-09-12 15:28:27] [INFO] ==================================================
[2026-09-12 15:28:27] [INFO] [OVERSTAY] Current India Date/Time: 12/09/2026 15:28:27
[2026-09-12 15:28:27] [INFO] [OVERSTAY] Timezone: Asia/Kolkata
[2026-09-12 15:28:27] [INFO] [Logger] Running log cleanup check. Retention limit: 30 days.
[2026-09-12 15:28:27] [INFO] [Logger] Cleanup completed. No expired log files found.
[2026-09-12 15:28:27] [INFO] [Logger] Automated log cleanup scheduler started (runs every 24 hours).
[2026-09-12 15:28:27] [INFO] [Server] Server started and listening on port 5000
[2026-09-12 15:28:27] [INFO] [Database] MongoDB Connected successfully: 76.13.244.61
[2026-09-12 15:28:28] [INFO] Admin user already exists
[2026-09-12 15:28:28] [INFO] [OVERSTAY] Staying customers found: 0
[2026-09-12 15:28:28] [INFO] ==================================================
[2026-09-12 15:28:28] [INFO] OVERSTAY CRON COMPLETED
[2026-09-12 15:28:28] [INFO] ==================================================
[2026-09-12 15:28:32] [INFO] [OVERSTAY] Overstay cron initialized successfully
[2026-09-12 15:28:32] [INFO] [OVERSTAY] Cron schedule: Every minute
[2026-09-12 15:28:32] [INFO] [OVERSTAY] Cron timezone: Asia/Kolkata
[2026-09-12 15:28:32] [INFO] ==================================================
[2026-09-12 15:28:32] [INFO] OVERSTAY CRON STARTED
[2026-09-12 15:28:32] [INFO] ==================================================
[2026-09-12 15:28:32] [INFO] [OVERSTAY] Current India Date/Time: 12/09/2026 15:28:32
[2026-09-12 15:28:32] [INFO] [OVERSTAY] Timezone: Asia/Kolkata
[2026-09-12 15:28:32] [INFO] [Logger] Running log cleanup check. Retention limit: 30 days.
[2026-09-12 15:28:32] [INFO] [Logger] Cleanup completed. No expired log files found.
[2026-09-12 15:28:32] [INFO] [Logger] Automated log cleanup scheduler started (runs every 24 hours).
[2026-09-12 15:28:32] [INFO] [Server] Server started and listening on port 5000
[2026-09-12 15:28:32] [INFO] [Database] MongoDB Connected successfully: 76.13.244.61
[2026-09-12 15:28:33] [INFO] Admin user already exists
[2026-09-12 15:28:33] [INFO] [OVERSTAY] Staying customers found: 0
[2026-09-12 15:28:33] [INFO] ==================================================
[2026-09-12 15:28:33] [INFO] OVERSTAY CRON COMPLETED
[2026-09-12 15:28:33] [INFO] ==================================================
[2026-09-12 15:28:45] [INFO] [OVERSTAY] Overstay cron initialized successfully
[2026-09-12 15:28:45] [INFO] [OVERSTAY] Cron schedule: Every minute
[2026-09-12 15:28:45] [INFO] [OVERSTAY] Cron timezone: Asia/Kolkata
[2026-09-12 15:28:45] [INFO] ==================================================
[2026-09-12 15:28:45] [INFO] OVERSTAY CRON STARTED
[2026-09-12 15:28:45] [INFO] ==================================================
[2026-09-12 15:28:45] [INFO] [OVERSTAY] Current India Date/Time: 12/09/2026 15:28:45
[2026-09-12 15:28:45] [INFO] [OVERSTAY] Timezone: Asia/Kolkata
[2026-09-12 15:28:45] [INFO] [Logger] Running log cleanup check. Retention limit: 30 days.
[2026-09-12 15:28:45] [INFO] [Logger] Cleanup completed. No expired log files found.
[2026-09-12 15:28:45] [INFO] [Logger] Automated log cleanup scheduler started (runs every 24 hours).
[2026-09-12 15:28:45] [INFO] [Server] Server started and listening on port 5000
[2026-09-12 15:28:45] [INFO] [Database] MongoDB Connected successfully: 76.13.244.61
[2026-09-12 15:28:46] [INFO] Admin user already exists
[2026-09-12 15:28:46] [INFO] [OVERSTAY] Staying customers found: 0
[2026-09-12 15:28:46] [INFO] ==================================================
[2026-09-12 15:28:46] [INFO] OVERSTAY CRON COMPLETED
[2026-09-12 15:28:46] [INFO] ==================================================
[2026-09-12 15:28:50] [INFO] [OVERSTAY] Overstay cron initialized successfully
[2026-09-12 15:28:50] [INFO] [OVERSTAY] Cron schedule: Every minute
[2026-09-12 15:28:50] [INFO] [OVERSTAY] Cron timezone: Asia/Kolkata
[2026-09-12 15:28:50] [INFO] ==================================================
[2026-09-12 15:28:50] [INFO] OVERSTAY CRON STARTED
[2026-09-12 15:28:50] [INFO] ==================================================
[2026-09-12 15:28:50] [INFO] [OVERSTAY] Current India Date/Time: 12/09/2026 15:28:50
[2026-09-12 15:28:50] [INFO] [OVERSTAY] Timezone: Asia/Kolkata
[2026-09-12 15:28:50] [INFO] [Logger] Running log cleanup check. Retention limit: 30 days.
[2026-09-12 15:28:50] [INFO] [Logger] Cleanup completed. No expired log files found.
[2026-09-12 15:28:50] [INFO] [Logger] Automated log cleanup scheduler started (runs every 24 hours).
[2026-09-12 15:28:50] [INFO] [Server] Server started and listening on port 5000
[2026-09-12 15:28:50] [INFO] [Database] MongoDB Connected successfully: 76.13.244.61
[2026-09-12 15:28:50] [INFO] Admin user already exists
[2026-09-12 15:28:50] [INFO] [OVERSTAY] Staying customers found: 0
[2026-09-12 15:28:50] [INFO] ==================================================
[2026-09-12 15:28:50] [INFO] OVERSTAY CRON COMPLETED
[2026-09-12 15:28:50] [INFO] ==================================================
[2026-09-12 15:28:54] [INFO] [OVERSTAY] Overstay cron initialized successfully
[2026-09-12 15:28:54] [INFO] [OVERSTAY] Cron schedule: Every minute
[2026-09-12 15:28:54] [INFO] [OVERSTAY] Cron timezone: Asia/Kolkata
[2026-09-12 15:28:54] [INFO] ==================================================
[2026-09-12 15:28:54] [INFO] OVERSTAY CRON STARTED
[2026-09-12 15:28:54] [INFO] ==================================================
[2026-09-12 15:28:54] [INFO] [OVERSTAY] Current India Date/Time: 12/09/2026 15:28:54
[2026-09-12 15:28:54] [INFO] [OVERSTAY] Timezone: Asia/Kolkata
[2026-09-12 15:28:54] [INFO] [Logger] Running log cleanup check. Retention limit: 30 days.
[2026-09-12 15:28:54] [INFO] [Logger] Cleanup completed. No expired log files found.
[2026-09-12 15:28:54] [INFO] [Logger] Automated log cleanup scheduler started (runs every 24 hours).
[2026-09-12 15:28:54] [INFO] [Server] Server started and listening on port 5000
[2026-09-12 15:28:54] [INFO] [Database] MongoDB Connected successfully: 76.13.244.61
[2026-09-12 15:28:55] [INFO] Admin user already exists
[2026-09-12 15:28:55] [INFO] [OVERSTAY] Staying customers found: 0
[2026-09-12 15:28:55] [INFO] ==================================================
[2026-09-12 15:28:55] [INFO] OVERSTAY CRON COMPLETED
[2026-09-12 15:28:55] [INFO] ==================================================
[2026-09-12 15:29:00] [INFO] [OVERSTAY] Cron triggered
[2026-09-12 15:29:00] [INFO] ==================================================
[2026-09-12 15:29:00] [INFO] OVERSTAY CRON STARTED
[2026-09-12 15:29:00] [INFO] ==================================================
[2026-09-12 15:29:00] [INFO] [OVERSTAY] Current India Date/Time: 12/09/2026 15:29:00
[2026-09-12 15:29:00] [INFO] [OVERSTAY] Timezone: Asia/Kolkata
[2026-09-12 15:29:00] [INFO] [OVERSTAY] Staying customers found: 0
[2026-09-12 15:29:00] [INFO] ==================================================
[2026-09-12 15:29:00] [INFO] OVERSTAY CRON COMPLETED
[2026-09-12 15:29:00] [INFO] ==================================================
[2026-09-12 15:29:16] [INFO] [OVERSTAY] Overstay cron initialized successfully
[2026-09-12 15:29:16] [INFO] [OVERSTAY] Cron schedule: Every minute
[2026-09-12 15:29:16] [INFO] [OVERSTAY] Cron timezone: Asia/Kolkata
[2026-09-12 15:29:16] [INFO] ==================================================
[2026-09-12 15:29:16] [INFO] OVERSTAY CRON STARTED
[2026-09-12 15:29:16] [INFO] ==================================================
[2026-09-12 15:29:16] [INFO] [OVERSTAY] Current India Date/Time: 12/09/2026 15:29:16
[2026-09-12 15:29:16] [INFO] [OVERSTAY] Timezone: Asia/Kolkata
[2026-09-12 15:29:16] [INFO] [Logger] Running log cleanup check. Retention limit: 30 days.
[2026-09-12 15:29:16] [INFO] [Logger] Cleanup completed. No expired log files found.
[2026-09-12 15:29:16] [INFO] [Logger] Automated log cleanup scheduler started (runs every 24 hours).
[2026-09-12 15:29:16] [INFO] [Server] Server started and listening on port 5000
[2026-09-12 15:29:16] [INFO] [Database] MongoDB Connected successfully: 76.13.244.61
[2026-09-12 15:29:16] [INFO] [OVERSTAY] Staying customers found: 0
[2026-09-12 15:29:16] [INFO] ==================================================
[2026-09-12 15:29:16] [INFO] OVERSTAY CRON COMPLETED
[2026-09-12 15:29:16] [INFO] ==================================================
[2026-09-12 15:29:17] [INFO] Admin user already exists
[2026-09-12 15:29:26] [INFO] [OVERSTAY] Overstay cron initialized successfully
[2026-09-12 15:29:26] [INFO] [OVERSTAY] Cron schedule: Every minute
[2026-09-12 15:29:26] [INFO] [OVERSTAY] Cron timezone: Asia/Kolkata
[2026-09-12 15:29:26] [INFO] ==================================================
[2026-09-12 15:29:26] [INFO] OVERSTAY CRON STARTED
[2026-09-12 15:29:26] [INFO] ==================================================
[2026-09-12 15:29:26] [INFO] [OVERSTAY] Current India Date/Time: 12/09/2026 15:29:26
[2026-09-12 15:29:26] [INFO] [OVERSTAY] Timezone: Asia/Kolkata
[2026-09-12 15:29:27] [INFO] [Logger] Running log cleanup check. Retention limit: 30 days.
[2026-09-12 15:29:27] [INFO] [Logger] Cleanup completed. No expired log files found.
[2026-09-12 15:29:27] [INFO] [Logger] Automated log cleanup scheduler started (runs every 24 hours).
[2026-09-12 15:29:27] [INFO] [Server] Server started and listening on port 5000
[2026-09-12 15:29:27] [INFO] [Database] MongoDB Connected successfully: 76.13.244.61
[2026-09-12 15:29:27] [INFO] [OVERSTAY] Staying customers found: 0
[2026-09-12 15:29:27] [INFO] ==================================================
[2026-09-12 15:29:27] [INFO] OVERSTAY CRON COMPLETED
[2026-09-12 15:29:27] [INFO] ==================================================
[2026-09-12 15:29:27] [INFO] Admin user already exists
[2026-09-12 15:29:52] [INFO] [OVERSTAY] Overstay cron initialized successfully
[2026-09-12 15:29:52] [INFO] [OVERSTAY] Cron schedule: Every minute
[2026-09-12 15:29:52] [INFO] [OVERSTAY] Cron timezone: Asia/Kolkata
[2026-09-12 15:29:52] [INFO] ==================================================
[2026-09-12 15:29:52] [INFO] OVERSTAY CRON STARTED
[2026-09-12 15:29:52] [INFO] ==================================================
[2026-09-12 15:29:52] [INFO] [OVERSTAY] Current India Date/Time: 12/09/2026 15:29:52
[2026-09-12 15:29:52] [INFO] [OVERSTAY] Timezone: Asia/Kolkata
[2026-09-12 15:29:52] [INFO] [Logger] Running log cleanup check. Retention limit: 30 days.
[2026-09-12 15:29:52] [INFO] [Logger] Cleanup completed. No expired log files found.
[2026-09-12 15:29:52] [INFO] [Logger] Automated log cleanup scheduler started (runs every 24 hours).
[2026-09-12 15:29:52] [INFO] [Server] Server started and listening on port 5000
[2026-09-12 15:29:53] [INFO] [Database] MongoDB Connected successfully: 76.13.244.61
[2026-09-12 15:29:53] [INFO] [OVERSTAY] Staying customers found: 0
[2026-09-12 15:29:53] [INFO] ==================================================
[2026-09-12 15:29:53] [INFO] OVERSTAY CRON COMPLETED
[2026-09-12 15:29:53] [INFO] ==================================================
[2026-09-12 15:29:53] [INFO] Admin user already exists
[2026-09-12 15:30:00] [INFO] [OVERSTAY] Cron triggered
[2026-09-12 15:30:00] [INFO] ==================================================
[2026-09-12 15:30:00] [INFO] OVERSTAY CRON STARTED
[2026-09-12 15:30:00] [INFO] ==================================================
[2026-09-12 15:30:00] [INFO] [OVERSTAY] Current India Date/Time: 12/09/2026 15:30:00
[2026-09-12 15:30:00] [INFO] [OVERSTAY] Timezone: Asia/Kolkata
[2026-09-12 15:30:00] [INFO] [OVERSTAY] Staying customers found: 0
[2026-09-12 15:30:00] [INFO] ==================================================
[2026-09-12 15:30:00] [INFO] OVERSTAY CRON COMPLETED
[2026-09-12 15:30:00] [INFO] ==================================================
[2026-09-12 15:30:44] [INFO] New hotel registration created successfully. Registration ID: 6aa522cc48aff5dc466acf3f, Hotel: Jayam Hotel, Email: jayamweb.designer2@gmail.com
[2026-09-12 15:30:46] [INFO] info
[2026-09-12 15:31:00] [INFO] [OVERSTAY] Cron triggered
[2026-09-12 15:31:00] [INFO] ==================================================
[2026-09-12 15:31:00] [INFO] OVERSTAY CRON STARTED
[2026-09-12 15:31:00] [INFO] ==================================================
[2026-09-12 15:31:00] [INFO] [OVERSTAY] Current India Date/Time: 12/09/2026 15:31:00
[2026-09-12 15:31:00] [INFO] [OVERSTAY] Timezone: Asia/Kolkata
[2026-09-12 15:31:00] [INFO] [OVERSTAY] Staying customers found: 0
[2026-09-12 15:31:00] [INFO] ==================================================
[2026-09-12 15:31:00] [INFO] OVERSTAY CRON COMPLETED
[2026-09-12 15:31:00] [INFO] ==================================================
[2026-09-12 15:32:00] [INFO] [OVERSTAY] Cron triggered
[2026-09-12 15:32:00] [INFO] ==================================================
[2026-09-12 15:32:00] [INFO] OVERSTAY CRON STARTED
[2026-09-12 15:32:00] [INFO] ==================================================
[2026-09-12 15:32:00] [INFO] [OVERSTAY] Current India Date/Time: 12/09/2026 15:32:00
[2026-09-12 15:32:00] [INFO] [OVERSTAY] Timezone: Asia/Kolkata
[2026-09-12 15:32:00] [INFO] [OVERSTAY] Staying customers found: 0
[2026-09-12 15:32:00] [INFO] ==================================================
[2026-09-12 15:32:00] [INFO] OVERSTAY CRON COMPLETED
[2026-09-12 15:32:00] [INFO] ==================================================
[2026-09-12 15:33:00] [INFO] [OVERSTAY] Cron triggered
[2026-09-12 15:33:00] [INFO] ==================================================
[2026-09-12 15:33:00] [INFO] OVERSTAY CRON STARTED
[2026-09-12 15:33:00] [INFO] ==================================================
[2026-09-12 15:33:00] [INFO] [OVERSTAY] Current India Date/Time: 12/09/2026 15:33:00
[2026-09-12 15:33:00] [INFO] [OVERSTAY] Timezone: Asia/Kolkata
[2026-09-12 15:33:00] [INFO] [OVERSTAY] Staying customers found: 0
[2026-09-12 15:33:00] [INFO] ==================================================
[2026-09-12 15:33:00] [INFO] OVERSTAY CRON COMPLETED
[2026-09-12 15:33:00] [INFO] ==================================================
[2026-09-12 15:34:00] [INFO] [OVERSTAY] Cron triggered
[2026-09-12 15:34:00] [INFO] ==================================================
[2026-09-12 15:34:00] [INFO] OVERSTAY CRON STARTED
[2026-09-12 15:34:00] [INFO] ==================================================
[2026-09-12 15:34:00] [INFO] [OVERSTAY] Current India Date/Time: 12/09/2026 15:34:00
[2026-09-12 15:34:00] [INFO] [OVERSTAY] Timezone: Asia/Kolkata
[2026-09-12 15:34:00] [INFO] [OVERSTAY] Staying customers found: 0
[2026-09-12 15:34:00] [INFO] ==================================================
[2026-09-12 15:34:00] [INFO] OVERSTAY CRON COMPLETED
[2026-09-12 15:34:00] [INFO] ==================================================
[2026-09-12 15:35:00] [INFO] [OVERSTAY] Cron triggered
[2026-09-12 15:35:00] [INFO] ==================================================
[2026-09-12 15:35:00] [INFO] OVERSTAY CRON STARTED
[2026-09-12 15:35:00] [INFO] ==================================================
[2026-09-12 15:35:00] [INFO] [OVERSTAY] Current India Date/Time: 12/09/2026 15:35:00
[2026-09-12 15:35:00] [INFO] [OVERSTAY] Timezone: Asia/Kolkata
[2026-09-12 15:35:00] [INFO] [OVERSTAY] Staying customers found: 0
[2026-09-12 15:35:00] [INFO] ==================================================
[2026-09-12 15:35:00] [INFO] OVERSTAY CRON COMPLETED
[2026-09-12 15:35:00] [INFO] ==================================================
[2026-09-12 15:35:47] [INFO] [OVERSTAY] Overstay cron initialized successfully
[2026-09-12 15:35:47] [INFO] [OVERSTAY] Cron schedule: Every minute
[2026-09-12 15:35:47] [INFO] [OVERSTAY] Cron timezone: Asia/Kolkata
[2026-09-12 15:35:47] [INFO] ==================================================
[2026-09-12 15:35:47] [INFO] OVERSTAY CRON STARTED
[2026-09-12 15:35:47] [INFO] ==================================================
[2026-09-12 15:35:47] [INFO] [OVERSTAY] Current India Date/Time: 12/09/2026 15:35:47
[2026-09-12 15:35:47] [INFO] [OVERSTAY] Timezone: Asia/Kolkata
[2026-09-12 15:35:47] [INFO] [Logger] Running log cleanup check. Retention limit: 30 days.
[2026-09-12 15:35:47] [INFO] [Logger] Cleanup completed. No expired log files found.
[2026-09-12 15:35:47] [INFO] [Logger] Automated log cleanup scheduler started (runs every 24 hours).
[2026-09-12 15:35:47] [INFO] [Server] Server started and listening on port 5000
[2026-09-12 15:35:47] [INFO] [Database] MongoDB Connected successfully: 76.13.244.61
[2026-09-12 15:35:48] [INFO] [OVERSTAY] Staying customers found: 0
[2026-09-12 15:35:48] [INFO] ==================================================
[2026-09-12 15:35:48] [INFO] OVERSTAY CRON COMPLETED
[2026-09-12 15:35:48] [INFO] ==================================================
[2026-09-12 15:35:48] [INFO] Admin user already exists
[2026-09-12 15:35:54] [INFO] [OVERSTAY] Overstay cron initialized successfully
[2026-09-12 15:35:54] [INFO] [OVERSTAY] Cron schedule: Every minute
[2026-09-12 15:35:54] [INFO] [OVERSTAY] Cron timezone: Asia/Kolkata
[2026-09-12 15:35:54] [INFO] ==================================================
[2026-09-12 15:35:54] [INFO] OVERSTAY CRON STARTED
[2026-09-12 15:35:54] [INFO] ==================================================
[2026-09-12 15:35:54] [INFO] [OVERSTAY] Current India Date/Time: 12/09/2026 15:35:54
[2026-09-12 15:35:54] [INFO] [OVERSTAY] Timezone: Asia/Kolkata
[2026-09-12 15:35:55] [INFO] [Logger] Running log cleanup check. Retention limit: 30 days.
[2026-09-12 15:35:55] [INFO] [Logger] Cleanup completed. No expired log files found.
[2026-09-12 15:35:55] [INFO] [Logger] Automated log cleanup scheduler started (runs every 24 hours).
[2026-09-12 15:35:55] [INFO] [Server] Server started and listening on port 5000
[2026-09-12 15:35:55] [INFO] [Database] MongoDB Connected successfully: 76.13.244.61
[2026-09-12 15:35:55] [INFO] [OVERSTAY] Staying customers found: 0
[2026-09-12 15:35:55] [INFO] ==================================================
[2026-09-12 15:35:55] [INFO] OVERSTAY CRON COMPLETED
[2026-09-12 15:35:55] [INFO] ==================================================
[2026-09-12 15:35:55] [INFO] Admin user already exists
[2026-09-12 15:36:00] [INFO] [OVERSTAY] Cron triggered
[2026-09-12 15:36:00] [INFO] ==================================================
[2026-09-12 15:36:00] [INFO] OVERSTAY CRON STARTED
[2026-09-12 15:36:00] [INFO] ==================================================
[2026-09-12 15:36:00] [INFO] [OVERSTAY] Current India Date/Time: 12/09/2026 15:36:00
[2026-09-12 15:36:00] [INFO] [OVERSTAY] Timezone: Asia/Kolkata
[2026-09-12 15:36:00] [INFO] [OVERSTAY] Staying customers found: 0
[2026-09-12 15:36:00] [INFO] ==================================================
[2026-09-12 15:36:00] [INFO] OVERSTAY CRON COMPLETED
[2026-09-12 15:36:00] [INFO] ==================================================
[2026-09-12 15:36:41] [INFO] [OVERSTAY] Overstay cron initialized successfully
[2026-09-12 15:36:41] [INFO] [OVERSTAY] Cron schedule: Every minute
[2026-09-12 15:36:41] [INFO] [OVERSTAY] Cron timezone: Asia/Kolkata
[2026-09-12 15:36:41] [INFO] ==================================================
[2026-09-12 15:36:41] [INFO] OVERSTAY CRON STARTED
[2026-09-12 15:36:41] [INFO] ==================================================
[2026-09-12 15:36:41] [INFO] [OVERSTAY] Current India Date/Time: 12/09/2026 15:36:41
[2026-09-12 15:36:41] [INFO] [OVERSTAY] Timezone: Asia/Kolkata
[2026-09-12 15:36:42] [INFO] [Logger] Running log cleanup check. Retention limit: 30 days.
[2026-09-12 15:36:42] [INFO] [Logger] Cleanup completed. No expired log files found.
[2026-09-12 15:36:42] [INFO] [Logger] Automated log cleanup scheduler started (runs every 24 hours).
[2026-09-12 15:36:42] [INFO] [Server] Server started and listening on port 5000
[2026-09-12 15:36:42] [INFO] [Database] MongoDB Connected successfully: 76.13.244.61
[2026-09-12 15:36:42] [INFO] Admin user already exists
[2026-09-12 15:36:42] [INFO] [OVERSTAY] Staying customers found: 0
[2026-09-12 15:36:42] [INFO] ==================================================
[2026-09-12 15:36:42] [INFO] OVERSTAY CRON COMPLETED
[2026-09-12 15:36:42] [INFO] ==================================================
[2026-09-12 15:36:48] [INFO] [OVERSTAY] Overstay cron initialized successfully
[2026-09-12 15:36:48] [INFO] [OVERSTAY] Cron schedule: Every minute
[2026-09-12 15:36:48] [INFO] [OVERSTAY] Cron timezone: Asia/Kolkata
[2026-09-12 15:36:48] [INFO] ==================================================
[2026-09-12 15:36:48] [INFO] OVERSTAY CRON STARTED
[2026-09-12 15:36:48] [INFO] ==================================================
[2026-09-12 15:36:48] [INFO] [OVERSTAY] Current India Date/Time: 12/09/2026 15:36:48
[2026-09-12 15:36:48] [INFO] [OVERSTAY] Timezone: Asia/Kolkata
[2026-09-12 15:36:48] [INFO] [Logger] Running log cleanup check. Retention limit: 30 days.
[2026-09-12 15:36:48] [INFO] [Logger] Cleanup completed. No expired log files found.
[2026-09-12 15:36:48] [INFO] [Logger] Automated log cleanup scheduler started (runs every 24 hours).
[2026-09-12 15:36:48] [INFO] [Server] Server started and listening on port 5000
[2026-09-12 15:36:48] [INFO] [Database] MongoDB Connected successfully: 76.13.244.61
[2026-09-12 15:36:48] [INFO] Admin user already exists
[2026-09-12 15:36:48] [INFO] [OVERSTAY] Staying customers found: 0
[2026-09-12 15:36:48] [INFO] ==================================================
[2026-09-12 15:36:48] [INFO] OVERSTAY CRON COMPLETED
[2026-09-12 15:36:48] [INFO] ==================================================
[2026-09-12 15:37:00] [INFO] [OVERSTAY] Cron triggered
[2026-09-12 15:37:00] [INFO] ==================================================
[2026-09-12 15:37:00] [INFO] OVERSTAY CRON STARTED
[2026-09-12 15:37:00] [INFO] ==================================================
[2026-09-12 15:37:00] [INFO] [OVERSTAY] Current India Date/Time: 12/09/2026 15:37:00
[2026-09-12 15:37:00] [INFO] [OVERSTAY] Timezone: Asia/Kolkata
[2026-09-12 15:37:00] [INFO] [OVERSTAY] Staying customers found: 0
[2026-09-12 15:37:00] [INFO] ==================================================
[2026-09-12 15:37:00] [INFO] OVERSTAY CRON COMPLETED
[2026-09-12 15:37:00] [INFO] ==================================================
[2026-09-12 15:37:11] [INFO] [OVERSTAY] Overstay cron initialized successfully
[2026-09-12 15:37:11] [INFO] [OVERSTAY] Cron schedule: Every minute
[2026-09-12 15:37:11] [INFO] [OVERSTAY] Cron timezone: Asia/Kolkata
[2026-09-12 15:37:11] [INFO] ==================================================
[2026-09-12 15:37:11] [INFO] OVERSTAY CRON STARTED
[2026-09-12 15:37:11] [INFO] ==================================================
[2026-09-12 15:37:11] [INFO] [OVERSTAY] Current India Date/Time: 12/09/2026 15:37:11
[2026-09-12 15:37:11] [INFO] [OVERSTAY] Timezone: Asia/Kolkata
[2026-09-12 15:37:12] [INFO] [Logger] Running log cleanup check. Retention limit: 30 days.
[2026-09-12 15:37:12] [INFO] [Logger] Cleanup completed. No expired log files found.
[2026-09-12 15:37:12] [INFO] [Logger] Automated log cleanup scheduler started (runs every 24 hours).
[2026-09-12 15:37:12] [INFO] [Server] Server started and listening on port 5000
[2026-09-12 15:37:12] [INFO] [Database] MongoDB Connected successfully: 76.13.244.61
[2026-09-12 15:37:12] [INFO] Admin user already exists
[2026-09-12 15:37:12] [INFO] [OVERSTAY] Staying customers found: 0
[2026-09-12 15:37:12] [INFO] ==================================================
[2026-09-12 15:37:12] [INFO] OVERSTAY CRON COMPLETED
[2026-09-12 15:37:12] [INFO] ==================================================
[2026-09-12 15:37:25] [INFO] [OVERSTAY] Overstay cron initialized successfully
[2026-09-12 15:37:25] [INFO] [OVERSTAY] Cron schedule: Every minute
[2026-09-12 15:37:25] [INFO] [OVERSTAY] Cron timezone: Asia/Kolkata
[2026-09-12 15:37:25] [INFO] ==================================================
[2026-09-12 15:37:25] [INFO] OVERSTAY CRON STARTED
[2026-09-12 15:37:25] [INFO] ==================================================
[2026-09-12 15:37:25] [INFO] [OVERSTAY] Current India Date/Time: 12/09/2026 15:37:25
[2026-09-12 15:37:25] [INFO] [OVERSTAY] Timezone: Asia/Kolkata
[2026-09-12 15:37:37] [INFO] [OVERSTAY] Overstay cron initialized successfully
[2026-09-12 15:37:37] [INFO] [OVERSTAY] Cron schedule: Every minute
[2026-09-12 15:37:37] [INFO] [OVERSTAY] Cron timezone: Asia/Kolkata
[2026-09-12 15:37:37] [INFO] ==================================================
[2026-09-12 15:37:37] [INFO] OVERSTAY CRON STARTED
[2026-09-12 15:37:37] [INFO] ==================================================
[2026-09-12 15:37:37] [INFO] [OVERSTAY] Current India Date/Time: 12/09/2026 15:37:37
[2026-09-12 15:37:37] [INFO] [OVERSTAY] Timezone: Asia/Kolkata
[2026-09-12 15:37:52] [INFO] [OVERSTAY] Overstay cron initialized successfully
[2026-09-12 15:37:52] [INFO] [OVERSTAY] Cron schedule: Every minute
[2026-09-12 15:37:52] [INFO] [OVERSTAY] Cron timezone: Asia/Kolkata
[2026-09-12 15:37:52] [INFO] ==================================================
[2026-09-12 15:37:52] [INFO] OVERSTAY CRON STARTED
[2026-09-12 15:37:52] [INFO] ==================================================
[2026-09-12 15:37:52] [INFO] [OVERSTAY] Current India Date/Time: 12/09/2026 15:37:52
[2026-09-12 15:37:52] [INFO] [OVERSTAY] Timezone: Asia/Kolkata
[2026-09-12 15:38:01] [INFO] [OVERSTAY] Overstay cron initialized successfully
[2026-09-12 15:38:01] [INFO] [OVERSTAY] Cron schedule: Every minute
[2026-09-12 15:38:01] [INFO] [OVERSTAY] Cron timezone: Asia/Kolkata
[2026-09-12 15:38:01] [INFO] ==================================================
[2026-09-12 15:38:01] [INFO] OVERSTAY CRON STARTED
[2026-09-12 15:38:01] [INFO] ==================================================
[2026-09-12 15:38:01] [INFO] [OVERSTAY] Current India Date/Time: 12/09/2026 15:38:01
[2026-09-12 15:38:01] [INFO] [OVERSTAY] Timezone: Asia/Kolkata
[2026-09-12 15:39:31] [INFO] [OVERSTAY] Overstay cron initialized successfully
[2026-09-12 15:39:31] [INFO] [OVERSTAY] Cron schedule: Every minute
[2026-09-12 15:39:31] [INFO] [OVERSTAY] Cron timezone: Asia/Kolkata
[2026-09-12 15:39:31] [INFO] ==================================================
[2026-09-12 15:39:31] [INFO] OVERSTAY CRON STARTED
[2026-09-12 15:39:31] [INFO] ==================================================
[2026-09-12 15:39:31] [INFO] [OVERSTAY] Current India Date/Time: 12/09/2026 15:39:31
[2026-09-12 15:39:31] [INFO] [OVERSTAY] Timezone: Asia/Kolkata
[2026-09-12 15:39:31] [INFO] [Logger] Running log cleanup check. Retention limit: 30 days.
[2026-09-12 15:39:31] [INFO] [Logger] Cleanup completed. No expired log files found.
[2026-09-12 15:39:31] [INFO] [Logger] Automated log cleanup scheduler started (runs every 24 hours).
[2026-09-12 15:39:31] [INFO] [Server] Server started and listening on port 5000
[2026-09-12 15:39:32] [INFO] [Database] MongoDB Connected successfully: 76.13.244.61
[2026-09-12 15:39:32] [INFO] Admin user already exists
[2026-09-12 15:39:32] [INFO] [OVERSTAY] Staying customers found: 0
[2026-09-12 15:39:32] [INFO] ==================================================
[2026-09-12 15:39:32] [INFO] OVERSTAY CRON COMPLETED
[2026-09-12 15:39:32] [INFO] ==================================================
[2026-09-12 15:40:06] [INFO] [OVERSTAY] Overstay cron initialized successfully
[2026-09-12 15:40:06] [INFO] [OVERSTAY] Cron schedule: Every minute
[2026-09-12 15:40:06] [INFO] [OVERSTAY] Cron timezone: Asia/Kolkata
[2026-09-12 15:40:06] [INFO] ==================================================
[2026-09-12 15:40:06] [INFO] OVERSTAY CRON STARTED
[2026-09-12 15:40:06] [INFO] ==================================================
[2026-09-12 15:40:06] [INFO] [OVERSTAY] Current India Date/Time: 12/09/2026 15:40:06
[2026-09-12 15:40:06] [INFO] [OVERSTAY] Timezone: Asia/Kolkata
[2026-09-12 15:40:06] [INFO] [Logger] Running log cleanup check. Retention limit: 30 days.
[2026-09-12 15:40:06] [INFO] [Logger] Cleanup completed. No expired log files found.
[2026-09-12 15:40:06] [INFO] [Logger] Automated log cleanup scheduler started (runs every 24 hours).
[2026-09-12 15:40:06] [INFO] [Server] Server started and listening on port 5000
[2026-09-12 15:40:07] [INFO] [Database] MongoDB Connected successfully: 76.13.244.61
[2026-09-12 15:40:07] [INFO] Admin user already exists
[2026-09-12 15:40:07] [INFO] [OVERSTAY] Staying customers found: 0
[2026-09-12 15:40:07] [INFO] ==================================================
[2026-09-12 15:40:07] [INFO] OVERSTAY CRON COMPLETED
[2026-09-12 15:40:07] [INFO] ==================================================
[2026-09-12 15:40:21] [INFO] [OVERSTAY] Overstay cron initialized successfully
[2026-09-12 15:40:21] [INFO] [OVERSTAY] Cron schedule: Every minute
[2026-09-12 15:40:21] [INFO] [OVERSTAY] Cron timezone: Asia/Kolkata
[2026-09-12 15:40:21] [INFO] ==================================================
[2026-09-12 15:40:21] [INFO] OVERSTAY CRON STARTED
[2026-09-12 15:40:21] [INFO] ==================================================
[2026-09-12 15:40:21] [INFO] [OVERSTAY] Current India Date/Time: 12/09/2026 15:40:21
[2026-09-12 15:40:21] [INFO] [OVERSTAY] Timezone: Asia/Kolkata
[2026-09-12 15:40:22] [INFO] [Logger] Running log cleanup check. Retention limit: 30 days.
[2026-09-12 15:40:22] [INFO] [Logger] Cleanup completed. No expired log files found.
[2026-09-12 15:40:22] [INFO] [Logger] Automated log cleanup scheduler started (runs every 24 hours).
[2026-09-12 15:40:22] [INFO] [Server] Server started and listening on port 5000
[2026-09-12 15:40:22] [INFO] [Database] MongoDB Connected successfully: 76.13.244.61
[2026-09-12 15:40:22] [INFO] Admin user already exists
[2026-09-12 15:40:22] [INFO] [OVERSTAY] Staying customers found: 0
[2026-09-12 15:40:22] [INFO] ==================================================
[2026-09-12 15:40:22] [INFO] OVERSTAY CRON COMPLETED
[2026-09-12 15:40:22] [INFO] ==================================================
[2026-09-12 15:41:00] [INFO] [OVERSTAY] Cron triggered
[2026-09-12 15:41:00] [INFO] ==================================================
[2026-09-12 15:41:00] [INFO] OVERSTAY CRON STARTED
[2026-09-12 15:41:00] [INFO] ==================================================
[2026-09-12 15:41:00] [INFO] [OVERSTAY] Current India Date/Time: 12/09/2026 15:41:00
[2026-09-12 15:41:00] [INFO] [OVERSTAY] Timezone: Asia/Kolkata
[2026-09-12 15:41:00] [INFO] [OVERSTAY] Staying customers found: 0
[2026-09-12 15:41:00] [INFO] ==================================================
[2026-09-12 15:41:00] [INFO] OVERSTAY CRON COMPLETED
[2026-09-12 15:41:00] [INFO] ==================================================
[2026-09-12 15:42:00] [INFO] [OVERSTAY] Cron triggered
[2026-09-12 15:42:00] [INFO] ==================================================
[2026-09-12 15:42:00] [INFO] OVERSTAY CRON STARTED
[2026-09-12 15:42:00] [INFO] ==================================================
[2026-09-12 15:42:00] [INFO] [OVERSTAY] Current India Date/Time: 12/09/2026 15:42:00
[2026-09-12 15:42:00] [INFO] [OVERSTAY] Timezone: Asia/Kolkata
[2026-09-12 15:42:00] [INFO] [OVERSTAY] Staying customers found: 0
[2026-09-12 15:42:00] [INFO] ==================================================
[2026-09-12 15:42:00] [INFO] OVERSTAY CRON COMPLETED
[2026-09-12 15:42:00] [INFO] ==================================================
[2026-09-12 15:43:00] [INFO] [OVERSTAY] Cron triggered
[2026-09-12 15:43:00] [INFO] ==================================================
[2026-09-12 15:43:00] [INFO] OVERSTAY CRON STARTED
[2026-09-12 15:43:00] [INFO] ==================================================
[2026-09-12 15:43:00] [INFO] [OVERSTAY] Current India Date/Time: 12/09/2026 15:43:00
[2026-09-12 15:43:00] [INFO] [OVERSTAY] Timezone: Asia/Kolkata
[2026-09-12 15:43:00] [INFO] [OVERSTAY] Staying customers found: 0
[2026-09-12 15:43:00] [INFO] ==================================================
[2026-09-12 15:43:00] [INFO] OVERSTAY CRON COMPLETED
[2026-09-12 15:43:00] [INFO] ==================================================
[2026-09-12 15:44:09] [INFO] [OVERSTAY] Overstay cron initialized successfully
[2026-09-12 15:44:09] [INFO] [OVERSTAY] Cron schedule: Every minute
[2026-09-12 15:44:09] [INFO] [OVERSTAY] Cron timezone: Asia/Kolkata
[2026-09-12 15:44:09] [INFO] ==================================================
[2026-09-12 15:44:09] [INFO] OVERSTAY CRON STARTED
[2026-09-12 15:44:09] [INFO] ==================================================
[2026-09-12 15:44:09] [INFO] [OVERSTAY] Current India Date/Time: 12/09/2026 15:44:09
[2026-09-12 15:44:09] [INFO] [OVERSTAY] Timezone: Asia/Kolkata
[2026-09-12 15:44:11] [INFO] [Logger] Running log cleanup check. Retention limit: 30 days.
[2026-09-12 15:44:11] [INFO] [Logger] Cleanup completed. No expired log files found.
[2026-09-12 15:44:11] [INFO] [Logger] Automated log cleanup scheduler started (runs every 24 hours).
[2026-09-12 15:44:11] [INFO] [Server] Server started and listening on port 5000
[2026-09-12 15:44:11] [INFO] [Database] MongoDB Connected successfully: 76.13.244.61
[2026-09-12 15:44:11] [INFO] [OVERSTAY] Staying customers found: 0
[2026-09-12 15:44:11] [INFO] ==================================================
[2026-09-12 15:44:11] [INFO] OVERSTAY CRON COMPLETED
[2026-09-12 15:44:11] [INFO] ==================================================
[2026-09-12 15:44:11] [INFO] Admin user already exists
[2026-09-12 15:44:44] [INFO] [OVERSTAY] Overstay cron initialized successfully
[2026-09-12 15:44:44] [INFO] [OVERSTAY] Cron schedule: Every minute
[2026-09-12 15:44:44] [INFO] [OVERSTAY] Cron timezone: Asia/Kolkata
[2026-09-12 15:44:44] [INFO] ==================================================
[2026-09-12 15:44:44] [INFO] OVERSTAY CRON STARTED
[2026-09-12 15:44:44] [INFO] ==================================================
[2026-09-12 15:44:44] [INFO] [OVERSTAY] Current India Date/Time: 12/09/2026 15:44:44
[2026-09-12 15:44:44] [INFO] [OVERSTAY] Timezone: Asia/Kolkata
[2026-09-12 15:44:45] [INFO] [Logger] Running log cleanup check. Retention limit: 30 days.
[2026-09-12 15:44:45] [INFO] [Logger] Cleanup completed. No expired log files found.
[2026-09-12 15:44:45] [INFO] [Logger] Automated log cleanup scheduler started (runs every 24 hours).
[2026-09-12 15:44:45] [INFO] [Server] Server started and listening on port 5000
[2026-09-12 15:44:45] [INFO] [Database] MongoDB Connected successfully: 76.13.244.61
[2026-09-12 15:44:46] [INFO] [OVERSTAY] Staying customers found: 0
[2026-09-12 15:44:46] [INFO] ==================================================
[2026-09-12 15:44:46] [INFO] OVERSTAY CRON COMPLETED
[2026-09-12 15:44:46] [INFO] ==================================================
[2026-09-12 15:44:46] [INFO] Admin user already exists
[2026-09-12 15:45:00] [INFO] [OVERSTAY] Cron triggered
[2026-09-12 15:45:00] [INFO] ==================================================
[2026-09-12 15:45:00] [INFO] OVERSTAY CRON STARTED
[2026-09-12 15:45:00] [INFO] ==================================================
[2026-09-12 15:45:00] [INFO] [OVERSTAY] Current India Date/Time: 12/09/2026 15:45:00
[2026-09-12 15:45:00] [INFO] [OVERSTAY] Timezone: Asia/Kolkata
[2026-09-12 15:45:00] [INFO] [OVERSTAY] Staying customers found: 0
[2026-09-12 15:45:00] [INFO] ==================================================
[2026-09-12 15:45:00] [INFO] OVERSTAY CRON COMPLETED
[2026-09-12 15:45:00] [INFO] ==================================================
[2026-09-12 15:46:00] [INFO] [OVERSTAY] Cron triggered
[2026-09-12 15:46:00] [INFO] ==================================================
[2026-09-12 15:46:00] [INFO] OVERSTAY CRON STARTED
[2026-09-12 15:46:00] [INFO] ==================================================
[2026-09-12 15:46:00] [INFO] [OVERSTAY] Current India Date/Time: 12/09/2026 15:46:00
[2026-09-12 15:46:00] [INFO] [OVERSTAY] Timezone: Asia/Kolkata
[2026-09-12 15:46:00] [INFO] [OVERSTAY] Staying customers found: 0
[2026-09-12 15:46:00] [INFO] ==================================================
[2026-09-12 15:46:00] [INFO] OVERSTAY CRON COMPLETED
[2026-09-12 15:46:00] [INFO] ==================================================
[2026-09-12 15:47:00] [INFO] [OVERSTAY] Cron triggered
[2026-09-12 15:47:00] [INFO] ==================================================
[2026-09-12 15:47:00] [INFO] OVERSTAY CRON STARTED
[2026-09-12 15:47:00] [INFO] ==================================================
[2026-09-12 15:47:00] [INFO] [OVERSTAY] Current India Date/Time: 12/09/2026 15:47:00
[2026-09-12 15:47:00] [INFO] [OVERSTAY] Timezone: Asia/Kolkata
[2026-09-12 15:47:00] [INFO] [OVERSTAY] Staying customers found: 0
[2026-09-12 15:47:00] [INFO] ==================================================
[2026-09-12 15:47:00] [INFO] OVERSTAY CRON COMPLETED
[2026-09-12 15:47:00] [INFO] ==================================================
[2026-09-12 15:48:00] [INFO] [OVERSTAY] Cron triggered
[2026-09-12 15:48:00] [INFO] ==================================================
[2026-09-12 15:48:00] [INFO] OVERSTAY CRON STARTED
[2026-09-12 15:48:00] [INFO] ==================================================
[2026-09-12 15:48:00] [INFO] [OVERSTAY] Current India Date/Time: 12/09/2026 15:48:00
[2026-09-12 15:48:00] [INFO] [OVERSTAY] Timezone: Asia/Kolkata
[2026-09-12 15:48:00] [INFO] [OVERSTAY] Staying customers found: 0
[2026-09-12 15:48:00] [INFO] ==================================================
[2026-09-12 15:48:00] [INFO] OVERSTAY CRON COMPLETED
[2026-09-12 15:48:00] [INFO] ==================================================
[2026-09-12 15:49:00] [INFO] [OVERSTAY] Cron triggered
[2026-09-12 15:49:00] [INFO] ==================================================
[2026-09-12 15:49:00] [INFO] OVERSTAY CRON STARTED
[2026-09-12 15:49:00] [INFO] ==================================================
[2026-09-12 15:49:00] [INFO] [OVERSTAY] Current India Date/Time: 12/09/2026 15:49:00
[2026-09-12 15:49:00] [INFO] [OVERSTAY] Timezone: Asia/Kolkata
[2026-09-12 15:49:00] [INFO] [OVERSTAY] Staying customers found: 0
[2026-09-12 15:49:00] [INFO] ==================================================
[2026-09-12 15:49:00] [INFO] OVERSTAY CRON COMPLETED
[2026-09-12 15:49:00] [INFO] ==================================================
[2026-09-12 15:50:00] [INFO] [OVERSTAY] Cron triggered
[2026-09-12 15:50:00] [INFO] ==================================================
[2026-09-12 15:50:00] [INFO] OVERSTAY CRON STARTED
[2026-09-12 15:50:00] [INFO] ==================================================
[2026-09-12 15:50:00] [INFO] [OVERSTAY] Current India Date/Time: 12/09/2026 15:50:00
[2026-09-12 15:50:00] [INFO] [OVERSTAY] Timezone: Asia/Kolkata
[2026-09-12 15:50:00] [INFO] [OVERSTAY] Staying customers found: 0
[2026-09-12 15:50:00] [INFO] ==================================================
[2026-09-12 15:50:00] [INFO] OVERSTAY CRON COMPLETED
[2026-09-12 15:50:00] [INFO] ==================================================
[2026-09-12 15:50:10] [INFO] Hotel registrations retrieved successfully. Total registrations: 1
[2026-09-12 15:50:10] [INFO] Hotel registrations retrieved successfully. Total registrations: 1
[2026-09-12 15:51:00] [INFO] [OVERSTAY] Cron triggered
[2026-09-12 15:51:00] [INFO] ==================================================
[2026-09-12 15:51:00] [INFO] OVERSTAY CRON STARTED
[2026-09-12 15:51:00] [INFO] ==================================================
[2026-09-12 15:51:00] [INFO] [OVERSTAY] Current India Date/Time: 12/09/2026 15:51:00
[2026-09-12 15:51:00] [INFO] [OVERSTAY] Timezone: Asia/Kolkata
[2026-09-12 15:51:00] [INFO] [OVERSTAY] Staying customers found: 0
[2026-09-12 15:51:00] [INFO] ==================================================
[2026-09-12 15:51:00] [INFO] OVERSTAY CRON COMPLETED
[2026-09-12 15:51:00] [INFO] ==================================================
[2026-09-12 15:51:45] [INFO] Hotel registrations retrieved successfully. Total registrations: 1
[2026-09-12 15:51:45] [INFO] Hotel registrations retrieved successfully. Total registrations: 1
[2026-09-12 15:51:56] [INFO] [OVERSTAY] Overstay cron initialized successfully
[2026-09-12 15:51:56] [INFO] [OVERSTAY] Cron schedule: Every minute
[2026-09-12 15:51:56] [INFO] [OVERSTAY] Cron timezone: Asia/Kolkata
[2026-09-12 15:51:56] [INFO] ==================================================
[2026-09-12 15:51:56] [INFO] OVERSTAY CRON STARTED
[2026-09-12 15:51:56] [INFO] ==================================================
[2026-09-12 15:51:56] [INFO] [OVERSTAY] Current India Date/Time: 12/09/2026 15:51:56
[2026-09-12 15:51:56] [INFO] [OVERSTAY] Timezone: Asia/Kolkata
[2026-09-12 15:51:56] [INFO] [Logger] Running log cleanup check. Retention limit: 30 days.
[2026-09-12 15:51:56] [INFO] [Logger] Cleanup completed. No expired log files found.
[2026-09-12 15:51:56] [INFO] [Logger] Automated log cleanup scheduler started (runs every 24 hours).
[2026-09-12 15:51:56] [INFO] [Server] Server started and listening on port 5000
[2026-09-12 15:51:56] [INFO] [Database] MongoDB Connected successfully: 76.13.244.61
[2026-09-12 15:51:56] [INFO] [OVERSTAY] Staying customers found: 0
[2026-09-12 15:51:56] [INFO] ==================================================
[2026-09-12 15:51:56] [INFO] OVERSTAY CRON COMPLETED
[2026-09-12 15:51:56] [INFO] ==================================================
[2026-09-12 15:51:56] [INFO] Admin user already exists
[2026-09-12 15:52:00] [INFO] [OVERSTAY] Cron triggered
[2026-09-12 15:52:00] [INFO] ==================================================
[2026-09-12 15:52:00] [INFO] OVERSTAY CRON STARTED
[2026-09-12 15:52:00] [INFO] ==================================================
[2026-09-12 15:52:00] [INFO] [OVERSTAY] Current India Date/Time: 12/09/2026 15:52:00
[2026-09-12 15:52:00] [INFO] [OVERSTAY] Timezone: Asia/Kolkata
[2026-09-12 15:52:00] [INFO] [OVERSTAY] Staying customers found: 0
[2026-09-12 15:52:00] [INFO] ==================================================
[2026-09-12 15:52:00] [INFO] OVERSTAY CRON COMPLETED
[2026-09-12 15:52:00] [INFO] ==================================================
[2026-09-12 15:52:05] [INFO] Hotel registrations retrieved successfully. Total registrations: 1
[2026-09-12 15:52:06] [INFO] Hotel registrations retrieved successfully. Total registrations: 1
[2026-09-12 15:52:19] [INFO] Hotel registrations retrieved successfully. Total registrations: 1
[2026-09-12 15:52:20] [INFO] Hotel registrations retrieved successfully. Total registrations: 1
[2026-09-12 15:52:25] [INFO] Hotel registrations retrieved successfully. Total registrations: 1
[2026-09-12 15:52:25] [INFO] Hotel registrations retrieved successfully. Total registrations: 1
[2026-09-12 15:52:46] [INFO] Hotel registrations retrieved successfully. Total registrations: 1
[2026-09-12 15:52:46] [INFO] Hotel registrations retrieved successfully. Total registrations: 1
[2026-09-12 15:53:00] [INFO] [OVERSTAY] Cron triggered
[2026-09-12 15:53:00] [INFO] ==================================================
[2026-09-12 15:53:00] [INFO] OVERSTAY CRON STARTED
[2026-09-12 15:53:00] [INFO] ==================================================
[2026-09-12 15:53:00] [INFO] [OVERSTAY] Current India Date/Time: 12/09/2026 15:53:00
[2026-09-12 15:53:00] [INFO] [OVERSTAY] Timezone: Asia/Kolkata
[2026-09-12 15:53:00] [INFO] [OVERSTAY] Staying customers found: 0
[2026-09-12 15:53:00] [INFO] ==================================================
[2026-09-12 15:53:00] [INFO] OVERSTAY CRON COMPLETED
[2026-09-12 15:53:00] [INFO] ==================================================
[2026-09-12 15:54:00] [INFO] [OVERSTAY] Cron triggered
[2026-09-12 15:54:00] [INFO] ==================================================
[2026-09-12 15:54:00] [INFO] OVERSTAY CRON STARTED
[2026-09-12 15:54:00] [INFO] ==================================================
[2026-09-12 15:54:00] [INFO] [OVERSTAY] Current India Date/Time: 12/09/2026 15:54:00
[2026-09-12 15:54:00] [INFO] [OVERSTAY] Timezone: Asia/Kolkata
[2026-09-12 15:54:00] [INFO] [OVERSTAY] Staying customers found: 0
[2026-09-12 15:54:00] [INFO] ==================================================
[2026-09-12 15:54:00] [INFO] OVERSTAY CRON COMPLETED
[2026-09-12 15:54:00] [INFO] ==================================================
[2026-09-12 15:54:23] [ERROR] Failed to approve hotel registration: This MongoDB deployment does not support retryable writes. Please add retryWrites=false to your connection string.
[2026-09-12 15:54:44] [ERROR] Failed to approve hotel registration: This MongoDB deployment does not support retryable writes. Please add retryWrites=false to your connection string.
[2026-09-12 15:55:00] [INFO] [OVERSTAY] Cron triggered
[2026-09-12 15:55:00] [INFO] ==================================================
[2026-09-12 15:55:00] [INFO] OVERSTAY CRON STARTED
[2026-09-12 15:55:00] [INFO] ==================================================
[2026-09-12 15:55:00] [INFO] [OVERSTAY] Current India Date/Time: 12/09/2026 15:55:00
[2026-09-12 15:55:00] [INFO] [OVERSTAY] Timezone: Asia/Kolkata
[2026-09-12 15:55:00] [INFO] [OVERSTAY] Staying customers found: 0
[2026-09-12 15:55:00] [INFO] ==================================================
[2026-09-12 15:55:00] [INFO] OVERSTAY CRON COMPLETED
[2026-09-12 15:55:00] [INFO] ==================================================
[2026-09-12 15:56:00] [INFO] [OVERSTAY] Cron triggered
[2026-09-12 15:56:00] [INFO] ==================================================
[2026-09-12 15:56:00] [INFO] OVERSTAY CRON STARTED
[2026-09-12 15:56:00] [INFO] ==================================================
[2026-09-12 15:56:00] [INFO] [OVERSTAY] Current India Date/Time: 12/09/2026 15:56:00
[2026-09-12 15:56:00] [INFO] [OVERSTAY] Timezone: Asia/Kolkata
[2026-09-12 15:56:00] [INFO] [OVERSTAY] Staying customers found: 0
[2026-09-12 15:56:00] [INFO] ==================================================
[2026-09-12 15:56:00] [INFO] OVERSTAY CRON COMPLETED
[2026-09-12 15:56:00] [INFO] ==================================================
[2026-09-12 15:57:00] [INFO] [OVERSTAY] Cron triggered
[2026-09-12 15:57:00] [INFO] ==================================================
[2026-09-12 15:57:00] [INFO] OVERSTAY CRON STARTED
[2026-09-12 15:57:00] [INFO] ==================================================
[2026-09-12 15:57:00] [INFO] [OVERSTAY] Current India Date/Time: 12/09/2026 15:57:00
[2026-09-12 15:57:00] [INFO] [OVERSTAY] Timezone: Asia/Kolkata
[2026-09-12 15:57:00] [INFO] [OVERSTAY] Staying customers found: 0
[2026-09-12 15:57:00] [INFO] ==================================================
[2026-09-12 15:57:00] [INFO] OVERSTAY CRON COMPLETED
[2026-09-12 15:57:00] [INFO] ==================================================
[2026-09-12 15:58:00] [INFO] [OVERSTAY] Cron triggered
[2026-09-12 15:58:00] [INFO] ==================================================
[2026-09-12 15:58:00] [INFO] OVERSTAY CRON STARTED
[2026-09-12 15:58:00] [INFO] ==================================================
[2026-09-12 15:58:00] [INFO] [OVERSTAY] Current India Date/Time: 12/09/2026 15:58:00
[2026-09-12 15:58:00] [INFO] [OVERSTAY] Timezone: Asia/Kolkata
[2026-09-12 15:58:00] [INFO] [OVERSTAY] Staying customers found: 0
[2026-09-12 15:58:00] [INFO] ==================================================
[2026-09-12 15:58:00] [INFO] OVERSTAY CRON COMPLETED
[2026-09-12 15:58:00] [INFO] ==================================================
[2026-09-12 15:59:00] [INFO] [OVERSTAY] Cron triggered
[2026-09-12 15:59:00] [INFO] ==================================================
[2026-09-12 15:59:00] [INFO] OVERSTAY CRON STARTED
[2026-09-12 15:59:00] [INFO] ==================================================
[2026-09-12 15:59:00] [INFO] [OVERSTAY] Current India Date/Time: 12/09/2026 15:59:00
[2026-09-12 15:59:00] [INFO] [OVERSTAY] Timezone: Asia/Kolkata
[2026-09-12 15:59:00] [INFO] [OVERSTAY] Staying customers found: 0
[2026-09-12 15:59:00] [INFO] ==================================================
[2026-09-12 15:59:00] [INFO] OVERSTAY CRON COMPLETED
[2026-09-12 15:59:00] [INFO] ==================================================
[2026-09-12 16:00:00] [INFO] [OVERSTAY] Cron triggered
[2026-09-12 16:00:00] [INFO] ==================================================
[2026-09-12 16:00:00] [INFO] OVERSTAY CRON STARTED
[2026-09-12 16:00:00] [INFO] ==================================================
[2026-09-12 16:00:00] [INFO] [OVERSTAY] Current India Date/Time: 12/09/2026 16:00:00
[2026-09-12 16:00:00] [INFO] [OVERSTAY] Timezone: Asia/Kolkata
[2026-09-12 16:00:00] [INFO] [OVERSTAY] Staying customers found: 0
[2026-09-12 16:00:00] [INFO] ==================================================
[2026-09-12 16:00:00] [INFO] OVERSTAY CRON COMPLETED
[2026-09-12 16:00:00] [INFO] ==================================================
[2026-09-12 16:01:00] [INFO] [OVERSTAY] Cron triggered
[2026-09-12 16:01:00] [INFO] ==================================================
[2026-09-12 16:01:00] [INFO] OVERSTAY CRON STARTED
[2026-09-12 16:01:00] [INFO] ==================================================
[2026-09-12 16:01:00] [INFO] [OVERSTAY] Current India Date/Time: 12/09/2026 16:01:00
[2026-09-12 16:01:00] [INFO] [OVERSTAY] Timezone: Asia/Kolkata
[2026-09-12 16:01:00] [INFO] [OVERSTAY] Staying customers found: 0
[2026-09-12 16:01:00] [INFO] ==================================================
[2026-09-12 16:01:00] [INFO] OVERSTAY CRON COMPLETED
[2026-09-12 16:01:00] [INFO] ==================================================
[2026-09-12 16:02:00] [INFO] [OVERSTAY] Cron triggered
[2026-09-12 16:02:00] [INFO] ==================================================
[2026-09-12 16:02:00] [INFO] OVERSTAY CRON STARTED
[2026-09-12 16:02:00] [INFO] ==================================================
[2026-09-12 16:02:00] [INFO] [OVERSTAY] Current India Date/Time: 12/09/2026 16:02:00
[2026-09-12 16:02:00] [INFO] [OVERSTAY] Timezone: Asia/Kolkata
[2026-09-12 16:02:00] [INFO] [OVERSTAY] Staying customers found: 0
[2026-09-12 16:02:00] [INFO] ==================================================
[2026-09-12 16:02:00] [INFO] OVERSTAY CRON COMPLETED
[2026-09-12 16:02:00] [INFO] ==================================================
[2026-09-12 16:02:48] [INFO] Hotel registrations retrieved successfully. Total registrations: 1
[2026-09-12 16:02:48] [INFO] Hotel registrations retrieved successfully. Total registrations: 1
[2026-09-12 16:03:00] [INFO] [OVERSTAY] Cron triggered
[2026-09-12 16:03:00] [INFO] ==================================================
[2026-09-12 16:03:00] [INFO] OVERSTAY CRON STARTED
[2026-09-12 16:03:00] [INFO] ==================================================
[2026-09-12 16:03:00] [INFO] [OVERSTAY] Current India Date/Time: 12/09/2026 16:03:00
[2026-09-12 16:03:00] [INFO] [OVERSTAY] Timezone: Asia/Kolkata
[2026-09-12 16:03:00] [INFO] [OVERSTAY] Staying customers found: 0
[2026-09-12 16:03:00] [INFO] ==================================================
[2026-09-12 16:03:00] [INFO] OVERSTAY CRON COMPLETED
[2026-09-12 16:03:00] [INFO] ==================================================
[2026-09-12 16:04:00] [INFO] [OVERSTAY] Cron triggered
[2026-09-12 16:04:00] [INFO] ==================================================
[2026-09-12 16:04:00] [INFO] OVERSTAY CRON STARTED
[2026-09-12 16:04:00] [INFO] ==================================================
[2026-09-12 16:04:00] [INFO] [OVERSTAY] Current India Date/Time: 12/09/2026 16:04:00
[2026-09-12 16:04:00] [INFO] [OVERSTAY] Timezone: Asia/Kolkata
[2026-09-12 16:04:00] [INFO] [OVERSTAY] Staying customers found: 0
[2026-09-12 16:04:00] [INFO] ==================================================
[2026-09-12 16:04:00] [INFO] OVERSTAY CRON COMPLETED
[2026-09-12 16:04:00] [INFO] ==================================================
[2026-09-12 16:05:00] [INFO] [OVERSTAY] Cron triggered
[2026-09-12 16:05:00] [INFO] ==================================================
[2026-09-12 16:05:00] [INFO] OVERSTAY CRON STARTED
[2026-09-12 16:05:00] [INFO] ==================================================
[2026-09-12 16:05:00] [INFO] [OVERSTAY] Current India Date/Time: 12/09/2026 16:05:00
[2026-09-12 16:05:00] [INFO] [OVERSTAY] Timezone: Asia/Kolkata
[2026-09-12 16:05:00] [INFO] [OVERSTAY] Staying customers found: 0
[2026-09-12 16:05:00] [INFO] ==================================================
[2026-09-12 16:05:00] [INFO] OVERSTAY CRON COMPLETED
[2026-09-12 16:05:00] [INFO] ==================================================
[2026-09-12 16:05:59] [INFO] Hotel registrations retrieved successfully. Total registrations: 1
[2026-09-12 16:05:59] [INFO] Hotel registrations retrieved successfully. Total registrations: 1
[2026-09-12 16:06:00] [INFO] [OVERSTAY] Cron triggered
[2026-09-12 16:06:00] [INFO] ==================================================
[2026-09-12 16:06:00] [INFO] OVERSTAY CRON STARTED
[2026-09-12 16:06:00] [INFO] ==================================================
[2026-09-12 16:06:00] [INFO] [OVERSTAY] Current India Date/Time: 12/09/2026 16:06:00
[2026-09-12 16:06:00] [INFO] [OVERSTAY] Timezone: Asia/Kolkata
[2026-09-12 16:06:00] [INFO] [OVERSTAY] Staying customers found: 0
[2026-09-12 16:06:00] [INFO] ==================================================
[2026-09-12 16:06:00] [INFO] OVERSTAY CRON COMPLETED
[2026-09-12 16:06:00] [INFO] ==================================================
[2026-09-12 16:06:14] [INFO] Hotel registrations retrieved successfully. Total registrations: 1
[2026-09-12 16:06:14] [INFO] Hotel registrations retrieved successfully. Total registrations: 1
[2026-09-12 16:06:40] [INFO] Hotel registrations retrieved successfully. Total registrations: 1
[2026-09-12 16:06:40] [INFO] Hotel registrations retrieved successfully. Total registrations: 1
[2026-09-12 16:07:00] [INFO] [OVERSTAY] Cron triggered
[2026-09-12 16:07:00] [INFO] ==================================================
[2026-09-12 16:07:00] [INFO] OVERSTAY CRON STARTED
[2026-09-12 16:07:00] [INFO] ==================================================
[2026-09-12 16:07:00] [INFO] [OVERSTAY] Current India Date/Time: 12/09/2026 16:07:00
[2026-09-12 16:07:00] [INFO] [OVERSTAY] Timezone: Asia/Kolkata
[2026-09-12 16:07:00] [INFO] [OVERSTAY] Staying customers found: 0
[2026-09-12 16:07:00] [INFO] ==================================================
[2026-09-12 16:07:00] [INFO] OVERSTAY CRON COMPLETED
[2026-09-12 16:07:00] [INFO] ==================================================
[2026-09-12 16:08:00] [INFO] [OVERSTAY] Cron triggered
[2026-09-12 16:08:00] [INFO] ==================================================
[2026-09-12 16:08:00] [INFO] OVERSTAY CRON STARTED
[2026-09-12 16:08:00] [INFO] ==================================================
[2026-09-12 16:08:00] [INFO] [OVERSTAY] Current India Date/Time: 12/09/2026 16:08:00
[2026-09-12 16:08:00] [INFO] [OVERSTAY] Timezone: Asia/Kolkata
[2026-09-12 16:08:00] [INFO] [OVERSTAY] Staying customers found: 0
[2026-09-12 16:08:00] [INFO] ==================================================
[2026-09-12 16:08:00] [INFO] OVERSTAY CRON COMPLETED
[2026-09-12 16:08:00] [INFO] ==================================================
[2026-09-12 16:09:00] [INFO] [OVERSTAY] Cron triggered
[2026-09-12 16:09:00] [INFO] ==================================================
[2026-09-12 16:09:00] [INFO] OVERSTAY CRON STARTED
[2026-09-12 16:09:00] [INFO] ==================================================
[2026-09-12 16:09:00] [INFO] [OVERSTAY] Current India Date/Time: 12/09/2026 16:09:00
[2026-09-12 16:09:00] [INFO] [OVERSTAY] Timezone: Asia/Kolkata
[2026-09-12 16:09:00] [INFO] [OVERSTAY] Staying customers found: 0
[2026-09-12 16:09:00] [INFO] ==================================================
[2026-09-12 16:09:00] [INFO] OVERSTAY CRON COMPLETED
[2026-09-12 16:09:00] [INFO] ==================================================
[2026-09-12 16:10:00] [INFO] [OVERSTAY] Cron triggered
[2026-09-12 16:10:00] [INFO] ==================================================
[2026-09-12 16:10:00] [INFO] OVERSTAY CRON STARTED
[2026-09-12 16:10:00] [INFO] ==================================================
[2026-09-12 16:10:00] [INFO] [OVERSTAY] Current India Date/Time: 12/09/2026 16:10:00
[2026-09-12 16:10:00] [INFO] [OVERSTAY] Timezone: Asia/Kolkata
[2026-09-12 16:10:00] [INFO] [OVERSTAY] Staying customers found: 0
[2026-09-12 16:10:00] [INFO] ==================================================
[2026-09-12 16:10:00] [INFO] OVERSTAY CRON COMPLETED
[2026-09-12 16:10:00] [INFO] ==================================================
[2026-09-12 16:10:51] [ERROR] Failed to approve hotel registration: This MongoDB deployment does not support retryable writes. Please add retryWrites=false to your connection string.
[2026-09-12 16:11:00] [INFO] [OVERSTAY] Cron triggered
[2026-09-12 16:11:00] [INFO] ==================================================
[2026-09-12 16:11:00] [INFO] OVERSTAY CRON STARTED
[2026-09-12 16:11:00] [INFO] ==================================================
[2026-09-12 16:11:00] [INFO] [OVERSTAY] Current India Date/Time: 12/09/2026 16:11:00
[2026-09-12 16:11:00] [INFO] [OVERSTAY] Timezone: Asia/Kolkata
[2026-09-12 16:11:00] [INFO] [OVERSTAY] Staying customers found: 0
[2026-09-12 16:11:00] [INFO] ==================================================
[2026-09-12 16:11:00] [INFO] OVERSTAY CRON COMPLETED
[2026-09-12 16:11:00] [INFO] ==================================================
[2026-09-12 16:11:21] [INFO] Hotel registrations retrieved successfully. Total registrations: 1
[2026-09-12 16:11:21] [INFO] Hotel registrations retrieved successfully. Total registrations: 1
[2026-09-12 16:11:23] [ERROR] Failed to approve hotel registration: This MongoDB deployment does not support retryable writes. Please add retryWrites=false to your connection string.
[2026-09-12 16:12:00] [INFO] [OVERSTAY] Cron triggered
[2026-09-12 16:12:00] [INFO] ==================================================
[2026-09-12 16:12:00] [INFO] OVERSTAY CRON STARTED
[2026-09-12 16:12:00] [INFO] ==================================================
[2026-09-12 16:12:00] [INFO] [OVERSTAY] Current India Date/Time: 12/09/2026 16:12:00
[2026-09-12 16:12:00] [INFO] [OVERSTAY] Timezone: Asia/Kolkata
[2026-09-12 16:12:00] [INFO] [OVERSTAY] Staying customers found: 0
[2026-09-12 16:12:00] [INFO] ==================================================
[2026-09-12 16:12:00] [INFO] OVERSTAY CRON COMPLETED
[2026-09-12 16:12:00] [INFO] ==================================================
[2026-09-12 16:13:00] [INFO] [OVERSTAY] Cron triggered
[2026-09-12 16:13:00] [INFO] ==================================================
[2026-09-12 16:13:00] [INFO] OVERSTAY CRON STARTED
[2026-09-12 16:13:00] [INFO] ==================================================
[2026-09-12 16:13:00] [INFO] [OVERSTAY] Current India Date/Time: 12/09/2026 16:13:00
[2026-09-12 16:13:00] [INFO] [OVERSTAY] Timezone: Asia/Kolkata
[2026-09-12 16:13:00] [INFO] [OVERSTAY] Staying customers found: 0
[2026-09-12 16:13:00] [INFO] ==================================================
[2026-09-12 16:13:00] [INFO] OVERSTAY CRON COMPLETED
[2026-09-12 16:13:00] [INFO] ==================================================
[2026-09-12 16:14:00] [INFO] [OVERSTAY] Cron triggered
[2026-09-12 16:14:00] [INFO] ==================================================
[2026-09-12 16:14:00] [INFO] OVERSTAY CRON STARTED
[2026-09-12 16:14:00] [INFO] ==================================================
[2026-09-12 16:14:00] [INFO] [OVERSTAY] Current India Date/Time: 12/09/2026 16:14:00
[2026-09-12 16:14:00] [INFO] [OVERSTAY] Timezone: Asia/Kolkata
[2026-09-12 16:14:00] [INFO] [OVERSTAY] Staying customers found: 0
[2026-09-12 16:14:00] [INFO] ==================================================
[2026-09-12 16:14:00] [INFO] OVERSTAY CRON COMPLETED
[2026-09-12 16:14:00] [INFO] ==================================================
[2026-09-12 16:14:31] [ERROR] Failed to approve hotel registration: This MongoDB deployment does not support retryable writes. Please add retryWrites=false to your connection string.
[2026-09-12 16:14:43] [INFO] Hotel registrations retrieved successfully. Total registrations: 1
[2026-09-12 16:14:43] [INFO] Hotel registrations retrieved successfully. Total registrations: 1
[2026-09-12 16:14:45] [ERROR] Failed to approve hotel registration: This MongoDB deployment does not support retryable writes. Please add retryWrites=false to your connection string.
[2026-09-12 16:15:00] [INFO] [OVERSTAY] Cron triggered
[2026-09-12 16:15:00] [INFO] ==================================================
[2026-09-12 16:15:00] [INFO] OVERSTAY CRON STARTED
[2026-09-12 16:15:00] [INFO] ==================================================
[2026-09-12 16:15:00] [INFO] [OVERSTAY] Current India Date/Time: 12/09/2026 16:15:00
[2026-09-12 16:15:00] [INFO] [OVERSTAY] Timezone: Asia/Kolkata
[2026-09-12 16:15:00] [INFO] [OVERSTAY] Staying customers found: 0
[2026-09-12 16:15:00] [INFO] ==================================================
[2026-09-12 16:15:00] [INFO] OVERSTAY CRON COMPLETED
[2026-09-12 16:15:00] [INFO] ==================================================
[2026-09-12 16:16:00] [INFO] [OVERSTAY] Cron triggered
[2026-09-12 16:16:00] [INFO] ==================================================
[2026-09-12 16:16:00] [INFO] OVERSTAY CRON STARTED
[2026-09-12 16:16:00] [INFO] ==================================================
[2026-09-12 16:16:00] [INFO] [OVERSTAY] Current India Date/Time: 12/09/2026 16:16:00
[2026-09-12 16:16:00] [INFO] [OVERSTAY] Timezone: Asia/Kolkata
[2026-09-12 16:16:00] [INFO] [OVERSTAY] Staying customers found: 0
[2026-09-12 16:16:00] [INFO] ==================================================
[2026-09-12 16:16:00] [INFO] OVERSTAY CRON COMPLETED
[2026-09-12 16:16:00] [INFO] ==================================================
[2026-09-12 16:17:00] [INFO] [OVERSTAY] Cron triggered
[2026-09-12 16:17:00] [INFO] ==================================================
[2026-09-12 16:17:00] [INFO] OVERSTAY CRON STARTED
[2026-09-12 16:17:00] [INFO] ==================================================
[2026-09-12 16:17:00] [INFO] [OVERSTAY] Current India Date/Time: 12/09/2026 16:17:00
[2026-09-12 16:17:00] [INFO] [OVERSTAY] Timezone: Asia/Kolkata
[2026-09-12 16:17:00] [INFO] [OVERSTAY] Staying customers found: 0
[2026-09-12 16:17:00] [INFO] ==================================================
[2026-09-12 16:17:00] [INFO] OVERSTAY CRON COMPLETED
[2026-09-12 16:17:00] [INFO] ==================================================
[2026-09-12 16:18:00] [INFO] [OVERSTAY] Cron triggered
[2026-09-12 16:18:00] [INFO] ==================================================
[2026-09-12 16:18:00] [INFO] OVERSTAY CRON STARTED
[2026-09-12 16:18:00] [INFO] ==================================================
[2026-09-12 16:18:00] [INFO] [OVERSTAY] Current India Date/Time: 12/09/2026 16:18:00
[2026-09-12 16:18:00] [INFO] [OVERSTAY] Timezone: Asia/Kolkata
[2026-09-12 16:18:00] [INFO] [OVERSTAY] Staying customers found: 0
[2026-09-12 16:18:00] [INFO] ==================================================
[2026-09-12 16:18:00] [INFO] OVERSTAY CRON COMPLETED
[2026-09-12 16:18:00] [INFO] ==================================================
[2026-09-12 16:18:58] [INFO] [OVERSTAY] Overstay cron initialized successfully
[2026-09-12 16:18:58] [INFO] [OVERSTAY] Cron schedule: Every minute
[2026-09-12 16:18:58] [INFO] [OVERSTAY] Cron timezone: Asia/Kolkata
[2026-09-12 16:18:58] [INFO] ==================================================
[2026-09-12 16:18:58] [INFO] OVERSTAY CRON STARTED
[2026-09-12 16:18:58] [INFO] ==================================================
[2026-09-12 16:18:58] [INFO] [OVERSTAY] Current India Date/Time: 12/09/2026 16:18:58
[2026-09-12 16:18:58] [INFO] [OVERSTAY] Timezone: Asia/Kolkata
[2026-09-12 16:18:59] [INFO] [Logger] Running log cleanup check. Retention limit: 30 days.
[2026-09-12 16:18:59] [INFO] [Logger] Cleanup completed. No expired log files found.
[2026-09-12 16:18:59] [INFO] [Logger] Automated log cleanup scheduler started (runs every 24 hours).
[2026-09-12 16:18:59] [INFO] [Server] Server started and listening on port 5000
[2026-09-12 16:18:59] [INFO] [Database] MongoDB Connected successfully: 76.13.244.61
[2026-09-12 16:18:59] [INFO] [OVERSTAY] Staying customers found: 0
[2026-09-12 16:18:59] [INFO] ==================================================
[2026-09-12 16:18:59] [INFO] OVERSTAY CRON COMPLETED
[2026-09-12 16:18:59] [INFO] ==================================================
[2026-09-12 16:18:59] [INFO] Admin user already exists
[2026-09-12 16:19:00] [INFO] [OVERSTAY] Cron triggered
[2026-09-12 16:19:00] [INFO] ==================================================
[2026-09-12 16:19:00] [INFO] OVERSTAY CRON STARTED
[2026-09-12 16:19:00] [INFO] ==================================================
[2026-09-12 16:19:00] [INFO] [OVERSTAY] Current India Date/Time: 12/09/2026 16:19:00
[2026-09-12 16:19:00] [INFO] [OVERSTAY] Timezone: Asia/Kolkata
[2026-09-12 16:19:00] [INFO] [OVERSTAY] Staying customers found: 0
[2026-09-12 16:19:00] [INFO] ==================================================
[2026-09-12 16:19:00] [INFO] OVERSTAY CRON COMPLETED
[2026-09-12 16:19:00] [INFO] ==================================================
[2026-09-12 16:19:24] [INFO] [OVERSTAY] Overstay cron initialized successfully
[2026-09-12 16:19:24] [INFO] [OVERSTAY] Cron schedule: Every minute
[2026-09-12 16:19:24] [INFO] [OVERSTAY] Cron timezone: Asia/Kolkata
[2026-09-12 16:19:24] [INFO] ==================================================
[2026-09-12 16:19:24] [INFO] OVERSTAY CRON STARTED
[2026-09-12 16:19:24] [INFO] ==================================================
[2026-09-12 16:19:24] [INFO] [OVERSTAY] Current India Date/Time: 12/09/2026 16:19:24
[2026-09-12 16:19:24] [INFO] [OVERSTAY] Timezone: Asia/Kolkata
[2026-09-12 16:19:24] [INFO] [Logger] Running log cleanup check. Retention limit: 30 days.
[2026-09-12 16:19:24] [INFO] [Logger] Cleanup completed. No expired log files found.
[2026-09-12 16:19:24] [INFO] [Logger] Automated log cleanup scheduler started (runs every 24 hours).
[2026-09-12 16:19:24] [INFO] [Server] Server started and listening on port 5000
[2026-09-12 16:19:24] [INFO] [Database] MongoDB Connected successfully: 76.13.244.61
[2026-09-12 16:19:24] [INFO] [OVERSTAY] Staying customers found: 0
[2026-09-12 16:19:24] [INFO] ==================================================
[2026-09-12 16:19:24] [INFO] OVERSTAY CRON COMPLETED
[2026-09-12 16:19:24] [INFO] ==================================================
[2026-09-12 16:19:24] [INFO] Admin user already exists
[2026-09-12 16:19:28] [INFO] Hotel registrations retrieved successfully. Total registrations: 1
[2026-09-12 16:19:29] [INFO] Hotel registrations retrieved successfully. Total registrations: 1
[2026-09-12 16:19:30] [ERROR] Failed to approve hotel registration: Transaction numbers are only allowed on a replica set member or mongos
[2026-09-12 16:20:00] [INFO] [OVERSTAY] Cron triggered
[2026-09-12 16:20:00] [INFO] ==================================================
[2026-09-12 16:20:00] [INFO] OVERSTAY CRON STARTED
[2026-09-12 16:20:00] [INFO] ==================================================
[2026-09-12 16:20:00] [INFO] [OVERSTAY] Current India Date/Time: 12/09/2026 16:20:00
[2026-09-12 16:20:00] [INFO] [OVERSTAY] Timezone: Asia/Kolkata
[2026-09-12 16:20:00] [INFO] [OVERSTAY] Staying customers found: 0
[2026-09-12 16:20:00] [INFO] ==================================================
[2026-09-12 16:20:00] [INFO] OVERSTAY CRON COMPLETED
[2026-09-12 16:20:00] [INFO] ==================================================
[2026-09-12 16:20:04] [INFO] Hotel registrations retrieved successfully. Total registrations: 1
[2026-09-12 16:20:04] [INFO] Hotel registrations retrieved successfully. Total registrations: 1
[2026-09-12 16:20:11] [ERROR] Failed to approve hotel registration: Transaction numbers are only allowed on a replica set member or mongos
[2026-09-12 16:22:45] [INFO] [OVERSTAY] Overstay cron initialized successfully
[2026-09-12 16:22:45] [INFO] [OVERSTAY] Cron schedule: Every minute
[2026-09-12 16:22:45] [INFO] [OVERSTAY] Cron timezone: Asia/Kolkata
[2026-09-12 16:22:45] [INFO] ==================================================
[2026-09-12 16:22:45] [INFO] OVERSTAY CRON STARTED
[2026-09-12 16:22:45] [INFO] ==================================================
[2026-09-12 16:22:45] [INFO] [OVERSTAY] Current India Date/Time: 12/09/2026 16:22:45
[2026-09-12 16:22:45] [INFO] [OVERSTAY] Timezone: Asia/Kolkata
[2026-09-12 16:22:45] [INFO] [Logger] Running log cleanup check. Retention limit: 30 days.
[2026-09-12 16:22:45] [INFO] [Logger] Cleanup completed. No expired log files found.
[2026-09-12 16:22:45] [INFO] [Logger] Automated log cleanup scheduler started (runs every 24 hours).
[2026-09-12 16:22:45] [INFO] [Server] Server started and listening on port 5000
[2026-09-12 16:22:45] [INFO] [Database] MongoDB Connected successfully: 76.13.244.61
[2026-09-12 16:22:46] [INFO] Admin user already exists
[2026-09-12 16:22:46] [INFO] [OVERSTAY] Staying customers found: 0
[2026-09-12 16:22:46] [INFO] ==================================================
[2026-09-12 16:22:46] [INFO] OVERSTAY CRON COMPLETED
[2026-09-12 16:22:46] [INFO] ==================================================
[2026-09-12 16:22:49] [INFO] Hotel registrations retrieved successfully. Total registrations: 1
[2026-09-12 16:22:49] [INFO] Hotel registrations retrieved successfully. Total registrations: 1
[2026-09-12 16:22:55] [INFO] Hotel registration approved successfully. Registration ID: 6aa522cc48aff5dc466acf3f, Hotel ID: 6aa52f072df659330857f1dc, Subscription ID: 6aa52f072df659330857f1dd, Branch ID: 6aa52f072df659330857f1de
[2026-09-12 16:23:00] [INFO] [OVERSTAY] Cron triggered
[2026-09-12 16:23:00] [INFO] ==================================================
[2026-09-12 16:23:00] [INFO] OVERSTAY CRON STARTED
[2026-09-12 16:23:00] [INFO] ==================================================
[2026-09-12 16:23:00] [INFO] [OVERSTAY] Current India Date/Time: 12/09/2026 16:23:00
[2026-09-12 16:23:00] [INFO] [OVERSTAY] Timezone: Asia/Kolkata
[2026-09-12 16:23:00] [INFO] [OVERSTAY] Staying customers found: 0
[2026-09-12 16:23:00] [INFO] ==================================================
[2026-09-12 16:23:00] [INFO] OVERSTAY CRON COMPLETED
[2026-09-12 16:23:00] [INFO] ==================================================
[2026-09-12 16:24:00] [INFO] [OVERSTAY] Cron triggered
[2026-09-12 16:24:00] [INFO] ==================================================
[2026-09-12 16:24:00] [INFO] OVERSTAY CRON STARTED
[2026-09-12 16:24:00] [INFO] ==================================================
[2026-09-12 16:24:00] [INFO] [OVERSTAY] Current India Date/Time: 12/09/2026 16:24:00
[2026-09-12 16:24:00] [INFO] [OVERSTAY] Timezone: Asia/Kolkata
[2026-09-12 16:24:00] [INFO] [OVERSTAY] Staying customers found: 0
[2026-09-12 16:24:00] [INFO] ==================================================
[2026-09-12 16:24:00] [INFO] OVERSTAY CRON COMPLETED
[2026-09-12 16:24:00] [INFO] ==================================================
[2026-09-12 16:24:50] [INFO] Hotel registrations retrieved successfully. Total registrations: 1
[2026-09-12 16:24:50] [INFO] Hotel registrations retrieved successfully. Total registrations: 1
[2026-09-12 16:24:55] [INFO] Hotel registrations retrieved successfully. Total registrations: 1
[2026-09-12 16:24:55] [INFO] Hotel registrations retrieved successfully. Total registrations: 1
[2026-09-12 16:25:00] [INFO] [OVERSTAY] Cron triggered
[2026-09-12 16:25:00] [INFO] ==================================================
[2026-09-12 16:25:00] [INFO] OVERSTAY CRON STARTED
[2026-09-12 16:25:00] [INFO] ==================================================
[2026-09-12 16:25:00] [INFO] [OVERSTAY] Current India Date/Time: 12/09/2026 16:25:00
[2026-09-12 16:25:00] [INFO] [OVERSTAY] Timezone: Asia/Kolkata
[2026-09-12 16:25:00] [INFO] [OVERSTAY] Staying customers found: 0
[2026-09-12 16:25:00] [INFO] ==================================================
[2026-09-12 16:25:00] [INFO] OVERSTAY CRON COMPLETED
[2026-09-12 16:25:00] [INFO] ==================================================
[2026-09-12 16:25:30] [INFO] Subscription cancelled successfully: 6aa52f072df659330857f1dd
[2026-09-12 16:26:00] [INFO] [OVERSTAY] Cron triggered
[2026-09-12 16:26:00] [INFO] ==================================================
[2026-09-12 16:26:00] [INFO] OVERSTAY CRON STARTED
[2026-09-12 16:26:00] [INFO] ==================================================
[2026-09-12 16:26:00] [INFO] [OVERSTAY] Current India Date/Time: 12/09/2026 16:26:00
[2026-09-12 16:26:00] [INFO] [OVERSTAY] Timezone: Asia/Kolkata
[2026-09-12 16:26:00] [INFO] [OVERSTAY] Staying customers found: 0
[2026-09-12 16:26:00] [INFO] ==================================================
[2026-09-12 16:26:00] [INFO] OVERSTAY CRON COMPLETED
[2026-09-12 16:26:00] [INFO] ==================================================
[2026-09-12 16:27:00] [INFO] [OVERSTAY] Cron triggered
[2026-09-12 16:27:00] [INFO] ==================================================
[2026-09-12 16:27:00] [INFO] OVERSTAY CRON STARTED
[2026-09-12 16:27:00] [INFO] ==================================================
[2026-09-12 16:27:00] [INFO] [OVERSTAY] Current India Date/Time: 12/09/2026 16:27:00
[2026-09-12 16:27:00] [INFO] [OVERSTAY] Timezone: Asia/Kolkata
[2026-09-12 16:27:00] [INFO] [OVERSTAY] Staying customers found: 0
[2026-09-12 16:27:00] [INFO] ==================================================
[2026-09-12 16:27:00] [INFO] OVERSTAY CRON COMPLETED
[2026-09-12 16:27:00] [INFO] ==================================================
[2026-09-12 16:27:18] [INFO] Hotel registrations retrieved successfully. Total registrations: 1
[2026-09-12 16:27:18] [INFO] Hotel registrations retrieved successfully. Total registrations: 1
[2026-09-12 16:28:00] [INFO] [OVERSTAY] Cron triggered
[2026-09-12 16:28:00] [INFO] ==================================================
[2026-09-12 16:28:00] [INFO] OVERSTAY CRON STARTED
[2026-09-12 16:28:00] [INFO] ==================================================
[2026-09-12 16:28:00] [INFO] [OVERSTAY] Current India Date/Time: 12/09/2026 16:28:00
[2026-09-12 16:28:00] [INFO] [OVERSTAY] Timezone: Asia/Kolkata
[2026-09-12 16:28:00] [INFO] [OVERSTAY] Staying customers found: 0
[2026-09-12 16:28:00] [INFO] ==================================================
[2026-09-12 16:28:00] [INFO] OVERSTAY CRON COMPLETED
[2026-09-12 16:28:00] [INFO] ==================================================
[2026-09-12 16:29:00] [INFO] [OVERSTAY] Cron triggered
[2026-09-12 16:29:00] [INFO] ==================================================
[2026-09-12 16:29:00] [INFO] OVERSTAY CRON STARTED
[2026-09-12 16:29:00] [INFO] ==================================================
[2026-09-12 16:29:00] [INFO] [OVERSTAY] Current India Date/Time: 12/09/2026 16:29:00
[2026-09-12 16:29:00] [INFO] [OVERSTAY] Timezone: Asia/Kolkata
[2026-09-12 16:29:00] [INFO] [OVERSTAY] Staying customers found: 0
[2026-09-12 16:29:00] [INFO] ==================================================
[2026-09-12 16:29:00] [INFO] OVERSTAY CRON COMPLETED
[2026-09-12 16:29:00] [INFO] ==================================================
[2026-09-12 16:30:00] [INFO] [OVERSTAY] Cron triggered
[2026-09-12 16:30:00] [INFO] ==================================================
[2026-09-12 16:30:00] [INFO] OVERSTAY CRON STARTED
[2026-09-12 16:30:00] [INFO] ==================================================
[2026-09-12 16:30:00] [INFO] [OVERSTAY] Current India Date/Time: 12/09/2026 16:30:00
[2026-09-12 16:30:00] [INFO] [OVERSTAY] Timezone: Asia/Kolkata
[2026-09-12 16:30:00] [INFO] [OVERSTAY] Staying customers found: 0
[2026-09-12 16:30:00] [INFO] ==================================================
[2026-09-12 16:30:00] [INFO] OVERSTAY CRON COMPLETED
[2026-09-12 16:30:00] [INFO] ==================================================
[2026-09-12 16:31:00] [INFO] [OVERSTAY] Cron triggered
[2026-09-12 16:31:00] [INFO] ==================================================
[2026-09-12 16:31:00] [INFO] OVERSTAY CRON STARTED
[2026-09-12 16:31:00] [INFO] ==================================================
[2026-09-12 16:31:00] [INFO] [OVERSTAY] Current India Date/Time: 12/09/2026 16:31:00
[2026-09-12 16:31:00] [INFO] [OVERSTAY] Timezone: Asia/Kolkata
[2026-09-12 16:31:00] [INFO] [OVERSTAY] Staying customers found: 0
[2026-09-12 16:31:00] [INFO] ==================================================
[2026-09-12 16:31:00] [INFO] OVERSTAY CRON COMPLETED
[2026-09-12 16:31:00] [INFO] ==================================================
[2026-09-12 16:32:00] [INFO] [OVERSTAY] Cron triggered
[2026-09-12 16:32:00] [INFO] ==================================================
[2026-09-12 16:32:00] [INFO] OVERSTAY CRON STARTED
[2026-09-12 16:32:00] [INFO] ==================================================
[2026-09-12 16:32:00] [INFO] [OVERSTAY] Current India Date/Time: 12/09/2026 16:32:00
[2026-09-12 16:32:00] [INFO] [OVERSTAY] Timezone: Asia/Kolkata
[2026-09-12 16:32:00] [INFO] [OVERSTAY] Staying customers found: 0
[2026-09-12 16:32:00] [INFO] ==================================================
[2026-09-12 16:32:00] [INFO] OVERSTAY CRON COMPLETED
[2026-09-12 16:32:00] [INFO] ==================================================
[2026-09-12 16:32:12] [INFO] [OVERSTAY] Overstay cron initialized successfully
[2026-09-12 16:32:12] [INFO] [OVERSTAY] Cron schedule: Every minute
[2026-09-12 16:32:12] [INFO] [OVERSTAY] Cron timezone: Asia/Kolkata
[2026-09-12 16:32:12] [INFO] ==================================================
[2026-09-12 16:32:12] [INFO] OVERSTAY CRON STARTED
[2026-09-12 16:32:12] [INFO] ==================================================
[2026-09-12 16:32:12] [INFO] [OVERSTAY] Current India Date/Time: 12/09/2026 16:32:12
[2026-09-12 16:32:12] [INFO] [OVERSTAY] Timezone: Asia/Kolkata
[2026-09-12 16:32:12] [INFO] [Logger] Running log cleanup check. Retention limit: 30 days.
[2026-09-12 16:32:12] [INFO] [Logger] Cleanup completed. No expired log files found.
[2026-09-12 16:32:12] [INFO] [Logger] Automated log cleanup scheduler started (runs every 24 hours).
[2026-09-12 16:32:12] [INFO] [Server] Server started and listening on port 5000
[2026-09-12 16:32:13] [INFO] [Database] MongoDB Connected successfully: 76.13.244.61
[2026-09-12 16:32:13] [INFO] Admin user already exists
[2026-09-12 16:32:13] [INFO] [OVERSTAY] Staying customers found: 0
[2026-09-12 16:32:13] [INFO] ==================================================
[2026-09-12 16:32:13] [INFO] OVERSTAY CRON COMPLETED
[2026-09-12 16:32:13] [INFO] ==================================================
[2026-09-12 16:32:18] [INFO] [OVERSTAY] Overstay cron initialized successfully
[2026-09-12 16:32:18] [INFO] [OVERSTAY] Cron schedule: Every minute
[2026-09-12 16:32:18] [INFO] [OVERSTAY] Cron timezone: Asia/Kolkata
[2026-09-12 16:32:18] [INFO] ==================================================
[2026-09-12 16:32:18] [INFO] OVERSTAY CRON STARTED
[2026-09-12 16:32:18] [INFO] ==================================================
[2026-09-12 16:32:18] [INFO] [OVERSTAY] Current India Date/Time: 12/09/2026 16:32:18
[2026-09-12 16:32:18] [INFO] [OVERSTAY] Timezone: Asia/Kolkata
[2026-09-12 16:32:18] [INFO] [Logger] Running log cleanup check. Retention limit: 30 days.
[2026-09-12 16:32:18] [INFO] [Logger] Cleanup completed. No expired log files found.
[2026-09-12 16:32:18] [INFO] [Logger] Automated log cleanup scheduler started (runs every 24 hours).
[2026-09-12 16:32:18] [INFO] [Server] Server started and listening on port 5000
[2026-09-12 16:32:18] [INFO] [Database] MongoDB Connected successfully: 76.13.244.61
[2026-09-12 16:32:19] [INFO] Admin user already exists
[2026-09-12 16:32:19] [INFO] [OVERSTAY] Staying customers found: 0
[2026-09-12 16:32:19] [INFO] ==================================================
[2026-09-12 16:32:19] [INFO] OVERSTAY CRON COMPLETED
[2026-09-12 16:32:19] [INFO] ==================================================
[2026-09-12 16:33:00] [INFO] [OVERSTAY] Cron triggered
[2026-09-12 16:33:00] [INFO] ==================================================
[2026-09-12 16:33:00] [INFO] OVERSTAY CRON STARTED
[2026-09-12 16:33:00] [INFO] ==================================================
[2026-09-12 16:33:00] [INFO] [OVERSTAY] Current India Date/Time: 12/09/2026 16:33:00
[2026-09-12 16:33:00] [INFO] [OVERSTAY] Timezone: Asia/Kolkata
[2026-09-12 16:33:00] [INFO] [OVERSTAY] Staying customers found: 0
[2026-09-12 16:33:00] [INFO] ==================================================
[2026-09-12 16:33:00] [INFO] OVERSTAY CRON COMPLETED
[2026-09-12 16:33:00] [INFO] ==================================================
[2026-09-12 16:34:00] [INFO] [OVERSTAY] Cron triggered
[2026-09-12 16:34:00] [INFO] ==================================================
[2026-09-12 16:34:00] [INFO] OVERSTAY CRON STARTED
[2026-09-12 16:34:00] [INFO] ==================================================
[2026-09-12 16:34:00] [INFO] [OVERSTAY] Current India Date/Time: 12/09/2026 16:34:00
[2026-09-12 16:34:00] [INFO] [OVERSTAY] Timezone: Asia/Kolkata
[2026-09-12 16:34:00] [INFO] [OVERSTAY] Staying customers found: 0
[2026-09-12 16:34:00] [INFO] ==================================================
[2026-09-12 16:34:00] [INFO] OVERSTAY CRON COMPLETED
[2026-09-12 16:34:00] [INFO] ==================================================
[2026-09-12 16:34:53] [INFO] [OVERSTAY] Overstay cron initialized successfully
[2026-09-12 16:34:53] [INFO] [OVERSTAY] Cron schedule: Every minute
[2026-09-12 16:34:53] [INFO] [OVERSTAY] Cron timezone: Asia/Kolkata
[2026-09-12 16:34:53] [INFO] ==================================================
[2026-09-12 16:34:53] [INFO] OVERSTAY CRON STARTED
[2026-09-12 16:34:53] [INFO] ==================================================
[2026-09-12 16:34:53] [INFO] [OVERSTAY] Current India Date/Time: 12/09/2026 16:34:53
[2026-09-12 16:34:53] [INFO] [OVERSTAY] Timezone: Asia/Kolkata
[2026-09-12 16:34:54] [INFO] [Logger] Running log cleanup check. Retention limit: 30 days.
[2026-09-12 16:34:54] [INFO] [Logger] Cleanup completed. No expired log files found.
[2026-09-12 16:34:54] [INFO] [Logger] Automated log cleanup scheduler started (runs every 24 hours).
[2026-09-12 16:34:54] [INFO] [Server] Server started and listening on port 5000
[2026-09-12 16:34:54] [INFO] [Database] MongoDB Connected successfully: 76.13.244.61
[2026-09-12 16:34:54] [INFO] [OVERSTAY] Staying customers found: 0
[2026-09-12 16:34:54] [INFO] ==================================================
[2026-09-12 16:34:54] [INFO] OVERSTAY CRON COMPLETED
[2026-09-12 16:34:54] [INFO] ==================================================
[2026-09-12 16:34:54] [INFO] Admin user already exists
[2026-09-12 16:35:00] [INFO] [OVERSTAY] Cron triggered
[2026-09-12 16:35:00] [INFO] ==================================================
[2026-09-12 16:35:00] [INFO] OVERSTAY CRON STARTED
[2026-09-12 16:35:00] [INFO] ==================================================
[2026-09-12 16:35:00] [INFO] [OVERSTAY] Current India Date/Time: 12/09/2026 16:35:00
[2026-09-12 16:35:00] [INFO] [OVERSTAY] Timezone: Asia/Kolkata
[2026-09-12 16:35:00] [INFO] [OVERSTAY] Staying customers found: 0
[2026-09-12 16:35:00] [INFO] ==================================================
[2026-09-12 16:35:00] [INFO] OVERSTAY CRON COMPLETED
[2026-09-12 16:35:00] [INFO] ==================================================
[2026-09-12 16:35:14] [INFO] [OVERSTAY] Overstay cron initialized successfully
[2026-09-12 16:35:14] [INFO] [OVERSTAY] Cron schedule: Every minute
[2026-09-12 16:35:14] [INFO] [OVERSTAY] Cron timezone: Asia/Kolkata
[2026-09-12 16:35:14] [INFO] ==================================================
[2026-09-12 16:35:14] [INFO] OVERSTAY CRON STARTED
[2026-09-12 16:35:14] [INFO] ==================================================
[2026-09-12 16:35:14] [INFO] [OVERSTAY] Current India Date/Time: 12/09/2026 16:35:14
[2026-09-12 16:35:14] [INFO] [OVERSTAY] Timezone: Asia/Kolkata
[2026-09-12 16:35:14] [INFO] [Logger] Running log cleanup check. Retention limit: 30 days.
[2026-09-12 16:35:14] [INFO] [Logger] Cleanup completed. No expired log files found.
[2026-09-12 16:35:14] [INFO] [Logger] Automated log cleanup scheduler started (runs every 24 hours).
[2026-09-12 16:35:14] [INFO] [Server] Server started and listening on port 5000
[2026-09-12 16:35:15] [INFO] [Database] MongoDB Connected successfully: 76.13.244.61
[2026-09-12 16:35:15] [INFO] Admin user already exists
[2026-09-12 16:35:15] [INFO] [OVERSTAY] Staying customers found: 0
[2026-09-12 16:35:15] [INFO] ==================================================
[2026-09-12 16:35:15] [INFO] OVERSTAY CRON COMPLETED
[2026-09-12 16:35:15] [INFO] ==================================================
[2026-09-12 16:35:28] [INFO] [OVERSTAY] Overstay cron initialized successfully
[2026-09-12 16:35:28] [INFO] [OVERSTAY] Cron schedule: Every minute
[2026-09-12 16:35:28] [INFO] [OVERSTAY] Cron timezone: Asia/Kolkata
[2026-09-12 16:35:28] [INFO] ==================================================
[2026-09-12 16:35:28] [INFO] OVERSTAY CRON STARTED
[2026-09-12 16:35:28] [INFO] ==================================================
[2026-09-12 16:35:28] [INFO] [OVERSTAY] Current India Date/Time: 12/09/2026 16:35:28
[2026-09-12 16:35:28] [INFO] [OVERSTAY] Timezone: Asia/Kolkata
[2026-09-12 16:35:28] [INFO] [Logger] Running log cleanup check. Retention limit: 30 days.
[2026-09-12 16:35:28] [INFO] [Logger] Cleanup completed. No expired log files found.
[2026-09-12 16:35:28] [INFO] [Logger] Automated log cleanup scheduler started (runs every 24 hours).
[2026-09-12 16:35:28] [INFO] [Server] Server started and listening on port 5000
[2026-09-12 16:35:29] [INFO] [Database] MongoDB Connected successfully: 76.13.244.61
[2026-09-12 16:35:29] [INFO] [OVERSTAY] Staying customers found: 0
[2026-09-12 16:35:29] [INFO] ==================================================
[2026-09-12 16:35:29] [INFO] OVERSTAY CRON COMPLETED
[2026-09-12 16:35:29] [INFO] ==================================================
[2026-09-12 16:35:29] [INFO] Admin user already exists
[2026-09-12 16:35:36] [INFO] [OVERSTAY] Overstay cron initialized successfully
[2026-09-12 16:35:36] [INFO] [OVERSTAY] Cron schedule: Every minute
[2026-09-12 16:35:36] [INFO] [OVERSTAY] Cron timezone: Asia/Kolkata
[2026-09-12 16:35:36] [INFO] ==================================================
[2026-09-12 16:35:36] [INFO] OVERSTAY CRON STARTED
[2026-09-12 16:35:36] [INFO] ==================================================
[2026-09-12 16:35:36] [INFO] [OVERSTAY] Current India Date/Time: 12/09/2026 16:35:36
[2026-09-12 16:35:36] [INFO] [OVERSTAY] Timezone: Asia/Kolkata
[2026-09-12 16:35:36] [INFO] [Logger] Running log cleanup check. Retention limit: 30 days.
[2026-09-12 16:35:36] [INFO] [Logger] Cleanup completed. No expired log files found.
[2026-09-12 16:35:36] [INFO] [Logger] Automated log cleanup scheduler started (runs every 24 hours).
[2026-09-12 16:35:36] [INFO] [Server] Server started and listening on port 5000
[2026-09-12 16:35:36] [INFO] [Database] MongoDB Connected successfully: 76.13.244.61
[2026-09-12 16:35:37] [INFO] Admin user already exists
[2026-09-12 16:35:37] [INFO] [OVERSTAY] Staying customers found: 0
[2026-09-12 16:35:37] [INFO] ==================================================
[2026-09-12 16:35:37] [INFO] OVERSTAY CRON COMPLETED
[2026-09-12 16:35:37] [INFO] ==================================================
[2026-09-12 16:35:43] [INFO] [OVERSTAY] Overstay cron initialized successfully
[2026-09-12 16:35:43] [INFO] [OVERSTAY] Cron schedule: Every minute
[2026-09-12 16:35:43] [INFO] [OVERSTAY] Cron timezone: Asia/Kolkata
[2026-09-12 16:35:43] [INFO] ==================================================
[2026-09-12 16:35:43] [INFO] OVERSTAY CRON STARTED
[2026-09-12 16:35:43] [INFO] ==================================================
[2026-09-12 16:35:43] [INFO] [OVERSTAY] Current India Date/Time: 12/09/2026 16:35:43
[2026-09-12 16:35:43] [INFO] [OVERSTAY] Timezone: Asia/Kolkata
[2026-09-12 16:35:43] [INFO] [Logger] Running log cleanup check. Retention limit: 30 days.
[2026-09-12 16:35:43] [INFO] [Logger] Cleanup completed. No expired log files found.
[2026-09-12 16:35:43] [INFO] [Logger] Automated log cleanup scheduler started (runs every 24 hours).
[2026-09-12 16:35:43] [INFO] [Server] Server started and listening on port 5000
[2026-09-12 16:35:43] [INFO] [Database] MongoDB Connected successfully: 76.13.244.61
[2026-09-12 16:35:43] [INFO] Admin user already exists
[2026-09-12 16:35:43] [INFO] [OVERSTAY] Staying customers found: 0
[2026-09-12 16:35:43] [INFO] ==================================================
[2026-09-12 16:35:43] [INFO] OVERSTAY CRON COMPLETED
[2026-09-12 16:35:43] [INFO] ==================================================
[2026-09-12 16:35:48] [INFO] [OVERSTAY] Overstay cron initialized successfully
[2026-09-12 16:35:48] [INFO] [OVERSTAY] Cron schedule: Every minute
[2026-09-12 16:35:48] [INFO] [OVERSTAY] Cron timezone: Asia/Kolkata
[2026-09-12 16:35:48] [INFO] ==================================================
[2026-09-12 16:35:48] [INFO] OVERSTAY CRON STARTED
[2026-09-12 16:35:48] [INFO] ==================================================
[2026-09-12 16:35:48] [INFO] [OVERSTAY] Current India Date/Time: 12/09/2026 16:35:48
[2026-09-12 16:35:48] [INFO] [OVERSTAY] Timezone: Asia/Kolkata
[2026-09-12 16:35:49] [INFO] [Logger] Running log cleanup check. Retention limit: 30 days.
[2026-09-12 16:35:49] [INFO] [Logger] Cleanup completed. No expired log files found.
[2026-09-12 16:35:49] [INFO] [Logger] Automated log cleanup scheduler started (runs every 24 hours).
[2026-09-12 16:35:49] [INFO] [Server] Server started and listening on port 5000
[2026-09-12 16:35:49] [INFO] [Database] MongoDB Connected successfully: 76.13.244.61
[2026-09-12 16:35:49] [INFO] [OVERSTAY] Staying customers found: 0
[2026-09-12 16:35:49] [INFO] ==================================================
[2026-09-12 16:35:49] [INFO] OVERSTAY CRON COMPLETED
[2026-09-12 16:35:49] [INFO] ==================================================
[2026-09-12 16:35:49] [INFO] Admin user already exists
[2026-09-12 16:35:51] [INFO] [OVERSTAY] Overstay cron initialized successfully
[2026-09-12 16:35:51] [INFO] [OVERSTAY] Cron schedule: Every minute
[2026-09-12 16:35:51] [INFO] [OVERSTAY] Cron timezone: Asia/Kolkata
[2026-09-12 16:35:51] [INFO] ==================================================
[2026-09-12 16:35:51] [INFO] OVERSTAY CRON STARTED
[2026-09-12 16:35:51] [INFO] ==================================================
[2026-09-12 16:35:51] [INFO] [OVERSTAY] Current India Date/Time: 12/09/2026 16:35:51
[2026-09-12 16:35:51] [INFO] [OVERSTAY] Timezone: Asia/Kolkata
[2026-09-12 16:35:51] [INFO] [Logger] Running log cleanup check. Retention limit: 30 days.
[2026-09-12 16:35:51] [INFO] [Logger] Cleanup completed. No expired log files found.
[2026-09-12 16:35:51] [INFO] [Logger] Automated log cleanup scheduler started (runs every 24 hours).
[2026-09-12 16:35:51] [INFO] [Server] Server started and listening on port 5000
[2026-09-12 16:35:52] [INFO] [Database] MongoDB Connected successfully: 76.13.244.61
[2026-09-12 16:35:52] [INFO] Admin user already exists
[2026-09-12 16:35:52] [INFO] [OVERSTAY] Staying customers found: 0
[2026-09-12 16:35:52] [INFO] ==================================================
[2026-09-12 16:35:52] [INFO] OVERSTAY CRON COMPLETED
[2026-09-12 16:35:52] [INFO] ==================================================
[2026-09-12 16:35:58] [INFO] [OVERSTAY] Overstay cron initialized successfully
[2026-09-12 16:35:58] [INFO] [OVERSTAY] Cron schedule: Every minute
[2026-09-12 16:35:58] [INFO] [OVERSTAY] Cron timezone: Asia/Kolkata
[2026-09-12 16:35:58] [INFO] ==================================================
[2026-09-12 16:35:58] [INFO] OVERSTAY CRON STARTED
[2026-09-12 16:35:58] [INFO] ==================================================
[2026-09-12 16:35:58] [INFO] [OVERSTAY] Current India Date/Time: 12/09/2026 16:35:58
[2026-09-12 16:35:58] [INFO] [OVERSTAY] Timezone: Asia/Kolkata
[2026-09-12 16:35:58] [INFO] [Logger] Running log cleanup check. Retention limit: 30 days.
[2026-09-12 16:35:58] [INFO] [Logger] Cleanup completed. No expired log files found.
[2026-09-12 16:35:58] [INFO] [Logger] Automated log cleanup scheduler started (runs every 24 hours).
[2026-09-12 16:35:58] [INFO] [Server] Server started and listening on port 5000
[2026-09-12 16:35:58] [INFO] [Database] MongoDB Connected successfully: 76.13.244.61
[2026-09-12 16:35:59] [INFO] [OVERSTAY] Staying customers found: 0
[2026-09-12 16:35:59] [INFO] ==================================================
[2026-09-12 16:35:59] [INFO] OVERSTAY CRON COMPLETED
[2026-09-12 16:35:59] [INFO] ==================================================
[2026-09-12 16:35:59] [INFO] Admin user already exists
[2026-09-12 16:36:00] [INFO] [OVERSTAY] Cron triggered
[2026-09-12 16:36:00] [INFO] ==================================================
[2026-09-12 16:36:00] [INFO] OVERSTAY CRON STARTED
[2026-09-12 16:36:00] [INFO] ==================================================
[2026-09-12 16:36:00] [INFO] [OVERSTAY] Current India Date/Time: 12/09/2026 16:36:00
[2026-09-12 16:36:00] [INFO] [OVERSTAY] Timezone: Asia/Kolkata
[2026-09-12 16:36:00] [INFO] [OVERSTAY] Staying customers found: 0
[2026-09-12 16:36:00] [INFO] ==================================================
[2026-09-12 16:36:00] [INFO] OVERSTAY CRON COMPLETED
[2026-09-12 16:36:00] [INFO] ==================================================
[2026-09-12 16:36:02] [INFO] [OVERSTAY] Overstay cron initialized successfully
[2026-09-12 16:36:02] [INFO] [OVERSTAY] Cron schedule: Every minute
[2026-09-12 16:36:02] [INFO] [OVERSTAY] Cron timezone: Asia/Kolkata
[2026-09-12 16:36:02] [INFO] ==================================================
[2026-09-12 16:36:02] [INFO] OVERSTAY CRON STARTED
[2026-09-12 16:36:02] [INFO] ==================================================
[2026-09-12 16:36:02] [INFO] [OVERSTAY] Current India Date/Time: 12/09/2026 16:36:02
[2026-09-12 16:36:02] [INFO] [OVERSTAY] Timezone: Asia/Kolkata
[2026-09-12 16:36:03] [INFO] [Logger] Running log cleanup check. Retention limit: 30 days.
[2026-09-12 16:36:03] [INFO] [Logger] Cleanup completed. No expired log files found.
[2026-09-12 16:36:03] [INFO] [Logger] Automated log cleanup scheduler started (runs every 24 hours).
[2026-09-12 16:36:03] [INFO] [Server] Server started and listening on port 5000
[2026-09-12 16:36:03] [INFO] [Database] MongoDB Connected successfully: 76.13.244.61
[2026-09-12 16:36:03] [INFO] Admin user already exists
[2026-09-12 16:36:03] [INFO] [OVERSTAY] Staying customers found: 0
[2026-09-12 16:36:03] [INFO] ==================================================
[2026-09-12 16:36:03] [INFO] OVERSTAY CRON COMPLETED
[2026-09-12 16:36:03] [INFO] ==================================================
[2026-09-12 16:36:13] [INFO] [OVERSTAY] Overstay cron initialized successfully
[2026-09-12 16:36:13] [INFO] [OVERSTAY] Cron schedule: Every minute
[2026-09-12 16:36:13] [INFO] [OVERSTAY] Cron timezone: Asia/Kolkata
[2026-09-12 16:36:13] [INFO] ==================================================
[2026-09-12 16:36:13] [INFO] OVERSTAY CRON STARTED
[2026-09-12 16:36:13] [INFO] ==================================================
[2026-09-12 16:36:13] [INFO] [OVERSTAY] Current India Date/Time: 12/09/2026 16:36:13
[2026-09-12 16:36:13] [INFO] [OVERSTAY] Timezone: Asia/Kolkata
[2026-09-12 16:36:13] [INFO] [Logger] Running log cleanup check. Retention limit: 30 days.
[2026-09-12 16:36:13] [INFO] [Logger] Cleanup completed. No expired log files found.
[2026-09-12 16:36:13] [INFO] [Logger] Automated log cleanup scheduler started (runs every 24 hours).
[2026-09-12 16:36:13] [INFO] [Server] Server started and listening on port 5000
[2026-09-12 16:36:13] [INFO] [Database] MongoDB Connected successfully: 76.13.244.61
[2026-09-12 16:36:13] [INFO] Admin user already exists
[2026-09-12 16:36:13] [INFO] [OVERSTAY] Staying customers found: 0
[2026-09-12 16:36:13] [INFO] ==================================================
[2026-09-12 16:36:13] [INFO] OVERSTAY CRON COMPLETED
[2026-09-12 16:36:13] [INFO] ==================================================
[2026-09-12 16:36:16] [INFO] [OVERSTAY] Overstay cron initialized successfully
[2026-09-12 16:36:16] [INFO] [OVERSTAY] Cron schedule: Every minute
[2026-09-12 16:36:16] [INFO] [OVERSTAY] Cron timezone: Asia/Kolkata
[2026-09-12 16:36:16] [INFO] ==================================================
[2026-09-12 16:36:16] [INFO] OVERSTAY CRON STARTED
[2026-09-12 16:36:16] [INFO] ==================================================
[2026-09-12 16:36:16] [INFO] [OVERSTAY] Current India Date/Time: 12/09/2026 16:36:16
[2026-09-12 16:36:16] [INFO] [OVERSTAY] Timezone: Asia/Kolkata
[2026-09-12 16:36:16] [INFO] [Logger] Running log cleanup check. Retention limit: 30 days.
[2026-09-12 16:36:16] [INFO] [Logger] Cleanup completed. No expired log files found.
[2026-09-12 16:36:16] [INFO] [Logger] Automated log cleanup scheduler started (runs every 24 hours).
[2026-09-12 16:36:16] [INFO] [Server] Server started and listening on port 5000
[2026-09-12 16:36:16] [INFO] [Database] MongoDB Connected successfully: 76.13.244.61
[2026-09-12 16:36:16] [INFO] Admin user already exists
[2026-09-12 16:36:16] [INFO] [OVERSTAY] Staying customers found: 0
[2026-09-12 16:36:16] [INFO] ==================================================
[2026-09-12 16:36:16] [INFO] OVERSTAY CRON COMPLETED
[2026-09-12 16:36:16] [INFO] ==================================================
[2026-09-12 16:36:20] [INFO] [OVERSTAY] Overstay cron initialized successfully
[2026-09-12 16:36:20] [INFO] [OVERSTAY] Cron schedule: Every minute
[2026-09-12 16:36:20] [INFO] [OVERSTAY] Cron timezone: Asia/Kolkata
[2026-09-12 16:36:20] [INFO] ==================================================
[2026-09-12 16:36:20] [INFO] OVERSTAY CRON STARTED
[2026-09-12 16:36:20] [INFO] ==================================================
[2026-09-12 16:36:20] [INFO] [OVERSTAY] Current India Date/Time: 12/09/2026 16:36:20
[2026-09-12 16:36:20] [INFO] [OVERSTAY] Timezone: Asia/Kolkata
[2026-09-12 16:36:20] [INFO] [Logger] Running log cleanup check. Retention limit: 30 days.
[2026-09-12 16:36:20] [INFO] [Logger] Cleanup completed. No expired log files found.
[2026-09-12 16:36:20] [INFO] [Logger] Automated log cleanup scheduler started (runs every 24 hours).
[2026-09-12 16:36:20] [INFO] [Server] Server started and listening on port 5000
[2026-09-12 16:36:21] [INFO] [Database] MongoDB Connected successfully: 76.13.244.61
[2026-09-12 16:36:21] [INFO] [OVERSTAY] Staying customers found: 0
[2026-09-12 16:36:21] [INFO] ==================================================
[2026-09-12 16:36:21] [INFO] OVERSTAY CRON COMPLETED
[2026-09-12 16:36:21] [INFO] ==================================================
[2026-09-12 16:36:21] [INFO] Admin user already exists
[2026-09-12 16:36:24] [INFO] [OVERSTAY] Overstay cron initialized successfully
[2026-09-12 16:36:24] [INFO] [OVERSTAY] Cron schedule: Every minute
[2026-09-12 16:36:24] [INFO] [OVERSTAY] Cron timezone: Asia/Kolkata
[2026-09-12 16:36:24] [INFO] ==================================================
[2026-09-12 16:36:24] [INFO] OVERSTAY CRON STARTED
[2026-09-12 16:36:24] [INFO] ==================================================
[2026-09-12 16:36:24] [INFO] [OVERSTAY] Current India Date/Time: 12/09/2026 16:36:24
[2026-09-12 16:36:24] [INFO] [OVERSTAY] Timezone: Asia/Kolkata
[2026-09-12 16:36:25] [INFO] [Logger] Running log cleanup check. Retention limit: 30 days.
[2026-09-12 16:36:25] [INFO] [Logger] Cleanup completed. No expired log files found.
[2026-09-12 16:36:25] [INFO] [Logger] Automated log cleanup scheduler started (runs every 24 hours).
[2026-09-12 16:36:25] [INFO] [Server] Server started and listening on port 5000
[2026-09-12 16:36:25] [INFO] [Database] MongoDB Connected successfully: 76.13.244.61
[2026-09-12 16:36:25] [INFO] Admin user already exists
[2026-09-12 16:36:25] [INFO] [OVERSTAY] Staying customers found: 0
[2026-09-12 16:36:25] [INFO] ==================================================
[2026-09-12 16:36:25] [INFO] OVERSTAY CRON COMPLETED
[2026-09-12 16:36:25] [INFO] ==================================================
[2026-09-12 16:36:55] [INFO] [OVERSTAY] Overstay cron initialized successfully
[2026-09-12 16:36:55] [INFO] [OVERSTAY] Cron schedule: Every minute
[2026-09-12 16:36:55] [INFO] [OVERSTAY] Cron timezone: Asia/Kolkata
[2026-09-12 16:36:55] [INFO] ==================================================
[2026-09-12 16:36:55] [INFO] OVERSTAY CRON STARTED
[2026-09-12 16:36:55] [INFO] ==================================================
[2026-09-12 16:36:55] [INFO] [OVERSTAY] Current India Date/Time: 12/09/2026 16:36:55
[2026-09-12 16:36:55] [INFO] [OVERSTAY] Timezone: Asia/Kolkata
[2026-09-12 16:36:55] [INFO] [SUBSCRIPTION] Subscription expiry cron initialized successfully
[2026-09-12 16:36:55] [INFO] [SUBSCRIPTION] Cron schedule: Every minute
[2026-09-12 16:36:55] [INFO] [SUBSCRIPTION] Cron timezone: Asia/Kolkata
[2026-09-12 16:36:55] [INFO] ==================================================
[2026-09-12 16:36:55] [INFO] SUBSCRIPTION EXPIRY CRON STARTED
[2026-09-12 16:36:55] [INFO] ==================================================
[2026-09-12 16:36:55] [INFO] [SUBSCRIPTION] Current India Date: 2026-09-12
[2026-09-12 16:36:57] [INFO] [OVERSTAY] Overstay cron initialized successfully
[2026-09-12 16:36:57] [INFO] [OVERSTAY] Cron schedule: Every minute
[2026-09-12 16:36:57] [INFO] [OVERSTAY] Cron timezone: Asia/Kolkata
[2026-09-12 16:36:57] [INFO] ==================================================
[2026-09-12 16:36:57] [INFO] OVERSTAY CRON STARTED
[2026-09-12 16:36:57] [INFO] ==================================================
[2026-09-12 16:36:57] [INFO] [OVERSTAY] Current India Date/Time: 12/09/2026 16:36:57
[2026-09-12 16:36:57] [INFO] [OVERSTAY] Timezone: Asia/Kolkata
[2026-09-12 16:36:57] [INFO] [SUBSCRIPTION] Subscription expiry cron initialized successfully
[2026-09-12 16:36:57] [INFO] [SUBSCRIPTION] Cron schedule: Every minute
[2026-09-12 16:36:57] [INFO] [SUBSCRIPTION] Cron timezone: Asia/Kolkata
[2026-09-12 16:36:57] [INFO] ==================================================
[2026-09-12 16:36:57] [INFO] SUBSCRIPTION EXPIRY CRON STARTED
[2026-09-12 16:36:57] [INFO] ==================================================
[2026-09-12 16:36:57] [INFO] [SUBSCRIPTION] Current India Date: 2026-09-12
[2026-09-12 16:37:07] [INFO] [OVERSTAY] Overstay cron initialized successfully
[2026-09-12 16:37:07] [INFO] [OVERSTAY] Cron schedule: Every minute
[2026-09-12 16:37:07] [INFO] [OVERSTAY] Cron timezone: Asia/Kolkata
[2026-09-12 16:37:07] [INFO] ==================================================
[2026-09-12 16:37:07] [INFO] OVERSTAY CRON STARTED
[2026-09-12 16:37:07] [INFO] ==================================================
[2026-09-12 16:37:07] [INFO] [OVERSTAY] Current India Date/Time: 12/09/2026 16:37:07
[2026-09-12 16:37:07] [INFO] [OVERSTAY] Timezone: Asia/Kolkata
[2026-09-12 16:37:07] [INFO] [SUBSCRIPTION] Subscription expiry cron initialized successfully
[2026-09-12 16:37:07] [INFO] [SUBSCRIPTION] Cron schedule: Every minute
[2026-09-12 16:37:07] [INFO] [SUBSCRIPTION] Cron timezone: Asia/Kolkata
[2026-09-12 16:37:07] [INFO] ==================================================
[2026-09-12 16:37:07] [INFO] SUBSCRIPTION EXPIRY CRON STARTED
[2026-09-12 16:37:07] [INFO] ==================================================
[2026-09-12 16:37:07] [INFO] [SUBSCRIPTION] Current India Date: 2026-09-12
[2026-09-12 16:38:23] [INFO] [OVERSTAY] Overstay cron initialized successfully
[2026-09-12 16:38:23] [INFO] [OVERSTAY] Cron schedule: Every minute
[2026-09-12 16:38:23] [INFO] [OVERSTAY] Cron timezone: Asia/Kolkata
[2026-09-12 16:38:23] [INFO] ==================================================
[2026-09-12 16:38:23] [INFO] OVERSTAY CRON STARTED
[2026-09-12 16:38:23] [INFO] ==================================================
[2026-09-12 16:38:23] [INFO] [OVERSTAY] Current India Date/Time: 12/09/2026 16:38:23
[2026-09-12 16:38:23] [INFO] [OVERSTAY] Timezone: Asia/Kolkata
[2026-09-12 16:38:23] [INFO] [SUBSCRIPTION] Subscription expiry cron initialized successfully
[2026-09-12 16:38:23] [INFO] [SUBSCRIPTION] Cron schedule: Every minute
[2026-09-12 16:38:23] [INFO] [SUBSCRIPTION] Cron timezone: Asia/Kolkata
[2026-09-12 16:38:23] [INFO] ==================================================
[2026-09-12 16:38:23] [INFO] SUBSCRIPTION EXPIRY CRON STARTED
[2026-09-12 16:38:23] [INFO] ==================================================
[2026-09-12 16:38:23] [INFO] [SUBSCRIPTION] Current India Date: 2026-09-12
[2026-09-12 16:39:45] [INFO] [OVERSTAY] Overstay cron initialized successfully
[2026-09-12 16:39:45] [INFO] [OVERSTAY] Cron schedule: Every minute
[2026-09-12 16:39:45] [INFO] [OVERSTAY] Cron timezone: Asia/Kolkata
[2026-09-12 16:39:45] [INFO] ==================================================
[2026-09-12 16:39:45] [INFO] OVERSTAY CRON STARTED
[2026-09-12 16:39:45] [INFO] ==================================================
[2026-09-12 16:39:45] [INFO] [OVERSTAY] Current India Date/Time: 12/09/2026 16:39:45
[2026-09-12 16:39:45] [INFO] [OVERSTAY] Timezone: Asia/Kolkata
[2026-09-12 16:39:45] [INFO] [SUBSCRIPTION] Subscription expiry cron initialized successfully
[2026-09-12 16:39:45] [INFO] [SUBSCRIPTION] Cron schedule: Every minute
[2026-09-12 16:39:45] [INFO] [SUBSCRIPTION] Cron timezone: Asia/Kolkata
[2026-09-12 16:39:45] [INFO] ==================================================
[2026-09-12 16:39:45] [INFO] SUBSCRIPTION EXPIRY CRON STARTED
[2026-09-12 16:39:45] [INFO] ==================================================
[2026-09-12 16:39:45] [INFO] [SUBSCRIPTION] Current India Date: 2026-09-12
[2026-09-12 16:40:14] [INFO] [OVERSTAY] Overstay cron initialized successfully
[2026-09-12 16:40:14] [INFO] [OVERSTAY] Cron schedule: Every minute
[2026-09-12 16:40:14] [INFO] [OVERSTAY] Cron timezone: Asia/Kolkata
[2026-09-12 16:40:14] [INFO] ==================================================
[2026-09-12 16:40:14] [INFO] OVERSTAY CRON STARTED
[2026-09-12 16:40:14] [INFO] ==================================================
[2026-09-12 16:40:14] [INFO] [OVERSTAY] Current India Date/Time: 12/09/2026 16:40:14
[2026-09-12 16:40:14] [INFO] [OVERSTAY] Timezone: Asia/Kolkata
[2026-09-12 16:40:14] [INFO] [SUBSCRIPTION] Subscription expiry cron initialized successfully
[2026-09-12 16:40:14] [INFO] [SUBSCRIPTION] Cron schedule: Every minute
[2026-09-12 16:40:14] [INFO] [SUBSCRIPTION] Cron timezone: Asia/Kolkata
[2026-09-12 16:40:14] [INFO] ==================================================
[2026-09-12 16:40:14] [INFO] SUBSCRIPTION EXPIRY CRON STARTED
[2026-09-12 16:40:14] [INFO] ==================================================
[2026-09-12 16:40:14] [INFO] [SUBSCRIPTION] Current India Date: 2026-09-12
[2026-09-12 16:40:27] [INFO] [OVERSTAY] Overstay cron initialized successfully
[2026-09-12 16:40:27] [INFO] [OVERSTAY] Cron schedule: Every minute
[2026-09-12 16:40:27] [INFO] [OVERSTAY] Cron timezone: Asia/Kolkata
[2026-09-12 16:40:27] [INFO] ==================================================
[2026-09-12 16:40:27] [INFO] OVERSTAY CRON STARTED
[2026-09-12 16:40:27] [INFO] ==================================================
[2026-09-12 16:40:27] [INFO] [OVERSTAY] Current India Date/Time: 12/09/2026 16:40:27
[2026-09-12 16:40:27] [INFO] [OVERSTAY] Timezone: Asia/Kolkata
[2026-09-12 16:40:27] [INFO] [SUBSCRIPTION] Subscription expiry cron initialized successfully
[2026-09-12 16:40:27] [INFO] [SUBSCRIPTION] Cron schedule: Every minute
[2026-09-12 16:40:27] [INFO] [SUBSCRIPTION] Cron timezone: Asia/Kolkata
[2026-09-12 16:40:27] [INFO] ==================================================
[2026-09-12 16:40:27] [INFO] SUBSCRIPTION EXPIRY CRON STARTED
[2026-09-12 16:40:27] [INFO] ==================================================
[2026-09-12 16:40:27] [INFO] [SUBSCRIPTION] Current India Date: 2026-09-12
[2026-09-12 16:40:27] [INFO] [Logger] Running log cleanup check. Retention limit: 30 days.
[2026-09-12 16:40:27] [INFO] [Logger] Cleanup completed. No expired log files found.
[2026-09-12 16:40:27] [INFO] [Logger] Automated log cleanup scheduler started (runs every 24 hours).
[2026-09-12 16:40:27] [INFO] [Server] Server started and listening on port 5000
[2026-09-12 16:40:27] [INFO] [Database] MongoDB Connected successfully: 76.13.244.61
[2026-09-12 16:40:28] [INFO] [OVERSTAY] Staying customers found: 0
[2026-09-12 16:40:28] [INFO] ==================================================
[2026-09-12 16:40:28] [INFO] OVERSTAY CRON COMPLETED
[2026-09-12 16:40:28] [INFO] ==================================================
[2026-09-12 16:40:28] [INFO] Admin user already exists
[2026-09-12 16:40:28] [INFO] [SUBSCRIPTION] Subscriptions found: 0
[2026-09-12 16:40:28] [INFO] ==================================================
[2026-09-12 16:40:28] [INFO] SUBSCRIPTION EXPIRY CRON COMPLETED
[2026-09-12 16:40:28] [INFO] ==================================================
[2026-09-12 16:41:00] [INFO] [OVERSTAY] Cron triggered
[2026-09-12 16:41:00] [INFO] ==================================================
[2026-09-12 16:41:00] [INFO] OVERSTAY CRON STARTED
[2026-09-12 16:41:00] [INFO] ==================================================
[2026-09-12 16:41:00] [INFO] [OVERSTAY] Current India Date/Time: 12/09/2026 16:41:00
[2026-09-12 16:41:00] [INFO] [OVERSTAY] Timezone: Asia/Kolkata
[2026-09-12 16:41:00] [INFO] [SUBSCRIPTION] Expiry cron triggered
[2026-09-12 16:41:00] [INFO] ==================================================
[2026-09-12 16:41:00] [INFO] SUBSCRIPTION EXPIRY CRON STARTED
[2026-09-12 16:41:00] [INFO] ==================================================
[2026-09-12 16:41:00] [INFO] [SUBSCRIPTION] Current India Date: 2026-09-12
[2026-09-12 16:41:00] [INFO] [OVERSTAY] Staying customers found: 0
[2026-09-12 16:41:00] [INFO] ==================================================
[2026-09-12 16:41:00] [INFO] OVERSTAY CRON COMPLETED
[2026-09-12 16:41:00] [INFO] ==================================================
[2026-09-12 16:41:00] [INFO] [SUBSCRIPTION] Subscriptions found: 0
[2026-09-12 16:41:00] [INFO] ==================================================
[2026-09-12 16:41:00] [INFO] SUBSCRIPTION EXPIRY CRON COMPLETED
[2026-09-12 16:41:00] [INFO] ==================================================
[2026-09-12 16:42:00] [INFO] [SUBSCRIPTION] Expiry cron triggered
[2026-09-12 16:42:00] [INFO] ==================================================
[2026-09-12 16:42:00] [INFO] SUBSCRIPTION EXPIRY CRON STARTED
[2026-09-12 16:42:00] [INFO] ==================================================
[2026-09-12 16:42:00] [INFO] [SUBSCRIPTION] Current India Date: 2026-09-12
[2026-09-12 16:42:00] [INFO] [OVERSTAY] Cron triggered
[2026-09-12 16:42:00] [INFO] ==================================================
[2026-09-12 16:42:00] [INFO] OVERSTAY CRON STARTED
[2026-09-12 16:42:00] [INFO] ==================================================
[2026-09-12 16:42:00] [INFO] [OVERSTAY] Current India Date/Time: 12/09/2026 16:42:00
[2026-09-12 16:42:00] [INFO] [OVERSTAY] Timezone: Asia/Kolkata
[2026-09-12 16:42:00] [INFO] [SUBSCRIPTION] Subscriptions found: 0
[2026-09-12 16:42:00] [INFO] ==================================================
[2026-09-12 16:42:00] [INFO] SUBSCRIPTION EXPIRY CRON COMPLETED
[2026-09-12 16:42:00] [INFO] ==================================================
[2026-09-12 16:42:00] [INFO] [OVERSTAY] Staying customers found: 0
[2026-09-12 16:42:00] [INFO] ==================================================
[2026-09-12 16:42:00] [INFO] OVERSTAY CRON COMPLETED
[2026-09-12 16:42:00] [INFO] ==================================================
[2026-09-12 16:43:00] [INFO] [SUBSCRIPTION] Expiry cron triggered
[2026-09-12 16:43:00] [INFO] ==================================================
[2026-09-12 16:43:00] [INFO] SUBSCRIPTION EXPIRY CRON STARTED
[2026-09-12 16:43:00] [INFO] ==================================================
[2026-09-12 16:43:00] [INFO] [SUBSCRIPTION] Current India Date: 2026-09-12
[2026-09-12 16:43:00] [INFO] [OVERSTAY] Cron triggered
[2026-09-12 16:43:00] [INFO] ==================================================
[2026-09-12 16:43:00] [INFO] OVERSTAY CRON STARTED
[2026-09-12 16:43:00] [INFO] ==================================================
[2026-09-12 16:43:00] [INFO] [OVERSTAY] Current India Date/Time: 12/09/2026 16:43:00
[2026-09-12 16:43:00] [INFO] [OVERSTAY] Timezone: Asia/Kolkata
[2026-09-12 16:43:00] [INFO] [SUBSCRIPTION] Subscriptions found: 0
[2026-09-12 16:43:00] [INFO] ==================================================
[2026-09-12 16:43:00] [INFO] SUBSCRIPTION EXPIRY CRON COMPLETED
[2026-09-12 16:43:00] [INFO] ==================================================
[2026-09-12 16:43:00] [INFO] [OVERSTAY] Staying customers found: 0
[2026-09-12 16:43:00] [INFO] ==================================================
[2026-09-12 16:43:00] [INFO] OVERSTAY CRON COMPLETED
[2026-09-12 16:43:00] [INFO] ==================================================
[2026-09-12 16:44:00] [INFO] [SUBSCRIPTION] Expiry cron triggered
[2026-09-12 16:44:00] [INFO] ==================================================
[2026-09-12 16:44:00] [INFO] SUBSCRIPTION EXPIRY CRON STARTED
[2026-09-12 16:44:00] [INFO] ==================================================
[2026-09-12 16:44:00] [INFO] [SUBSCRIPTION] Current India Date: 2026-09-12
[2026-09-12 16:44:00] [INFO] [OVERSTAY] Cron triggered
[2026-09-12 16:44:00] [INFO] ==================================================
[2026-09-12 16:44:00] [INFO] OVERSTAY CRON STARTED
[2026-09-12 16:44:00] [INFO] ==================================================
[2026-09-12 16:44:00] [INFO] [OVERSTAY] Current India Date/Time: 12/09/2026 16:44:00
[2026-09-12 16:44:00] [INFO] [OVERSTAY] Timezone: Asia/Kolkata
[2026-09-12 16:44:00] [INFO] [SUBSCRIPTION] Subscriptions found: 0
[2026-09-12 16:44:00] [INFO] ==================================================
[2026-09-12 16:44:00] [INFO] SUBSCRIPTION EXPIRY CRON COMPLETED
[2026-09-12 16:44:00] [INFO] ==================================================
[2026-09-12 16:44:00] [INFO] [OVERSTAY] Staying customers found: 0
[2026-09-12 16:44:00] [INFO] ==================================================
[2026-09-12 16:44:00] [INFO] OVERSTAY CRON COMPLETED
[2026-09-12 16:44:00] [INFO] ==================================================
[2026-09-12 16:44:04] [INFO] [OVERSTAY] Overstay cron initialized successfully
[2026-09-12 16:44:04] [INFO] [OVERSTAY] Cron schedule: Every minute
[2026-09-12 16:44:04] [INFO] [OVERSTAY] Cron timezone: Asia/Kolkata
[2026-09-12 16:44:04] [INFO] ==================================================
[2026-09-12 16:44:04] [INFO] OVERSTAY CRON STARTED
[2026-09-12 16:44:04] [INFO] ==================================================
[2026-09-12 16:44:04] [INFO] [OVERSTAY] Current India Date/Time: 12/09/2026 16:44:04
[2026-09-12 16:44:04] [INFO] [OVERSTAY] Timezone: Asia/Kolkata
[2026-09-12 16:44:04] [INFO] [SUBSCRIPTION] Subscription expiry cron initialized successfully
[2026-09-12 16:44:04] [INFO] [SUBSCRIPTION] Cron schedule: Every minute
[2026-09-12 16:44:04] [INFO] [SUBSCRIPTION] Cron timezone: Asia/Kolkata
[2026-09-12 16:44:04] [INFO] ==================================================
[2026-09-12 16:44:04] [INFO] SUBSCRIPTION EXPIRY CRON STARTED
[2026-09-12 16:44:04] [INFO] ==================================================
[2026-09-12 16:44:04] [INFO] [SUBSCRIPTION] Current India Date: 2026-09-12
[2026-09-12 16:44:04] [INFO] [Logger] Running log cleanup check. Retention limit: 30 days.
[2026-09-12 16:44:04] [INFO] [Logger] Cleanup completed. No expired log files found.
[2026-09-12 16:44:04] [INFO] [Logger] Automated log cleanup scheduler started (runs every 24 hours).
[2026-09-12 16:44:04] [INFO] [Server] Server started and listening on port 5000
[2026-09-12 16:44:05] [INFO] [Database] MongoDB Connected successfully: 76.13.244.61
[2026-09-12 16:44:05] [INFO] Admin user already exists
[2026-09-12 16:44:05] [INFO] [SUBSCRIPTION] Subscriptions found: 0
[2026-09-12 16:44:05] [INFO] ==================================================
[2026-09-12 16:44:05] [INFO] SUBSCRIPTION EXPIRY CRON COMPLETED
[2026-09-12 16:44:05] [INFO] ==================================================
[2026-09-12 16:44:05] [INFO] [OVERSTAY] Staying customers found: 0
[2026-09-12 16:44:05] [INFO] ==================================================
[2026-09-12 16:44:05] [INFO] OVERSTAY CRON COMPLETED
[2026-09-12 16:44:05] [INFO] ==================================================
[2026-09-12 16:45:00] [INFO] [OVERSTAY] Cron triggered
[2026-09-12 16:45:00] [INFO] ==================================================
[2026-09-12 16:45:00] [INFO] OVERSTAY CRON STARTED
[2026-09-12 16:45:00] [INFO] ==================================================
[2026-09-12 16:45:00] [INFO] [OVERSTAY] Current India Date/Time: 12/09/2026 16:45:00
[2026-09-12 16:45:00] [INFO] [OVERSTAY] Timezone: Asia/Kolkata
[2026-09-12 16:45:00] [INFO] [SUBSCRIPTION] Expiry cron triggered
[2026-09-12 16:45:00] [INFO] ==================================================
[2026-09-12 16:45:00] [INFO] SUBSCRIPTION EXPIRY CRON STARTED
[2026-09-12 16:45:00] [INFO] ==================================================
[2026-09-12 16:45:00] [INFO] [SUBSCRIPTION] Current India Date: 2026-09-12
[2026-09-12 16:45:00] [INFO] [OVERSTAY] Staying customers found: 0
[2026-09-12 16:45:00] [INFO] ==================================================
[2026-09-12 16:45:00] [INFO] OVERSTAY CRON COMPLETED
[2026-09-12 16:45:00] [INFO] ==================================================
[2026-09-12 16:45:00] [INFO] [SUBSCRIPTION] Subscriptions found: 0
[2026-09-12 16:45:00] [INFO] ==================================================
[2026-09-12 16:45:00] [INFO] SUBSCRIPTION EXPIRY CRON COMPLETED
[2026-09-12 16:45:00] [INFO] ==================================================
[2026-09-12 16:45:04] [INFO] [OVERSTAY] Overstay cron initialized successfully
[2026-09-12 16:45:04] [INFO] [OVERSTAY] Cron schedule: Every minute
[2026-09-12 16:45:04] [INFO] [OVERSTAY] Cron timezone: Asia/Kolkata
[2026-09-12 16:45:04] [INFO] ==================================================
[2026-09-12 16:45:04] [INFO] OVERSTAY CRON STARTED
[2026-09-12 16:45:04] [INFO] ==================================================
[2026-09-12 16:45:04] [INFO] [OVERSTAY] Current India Date/Time: 12/09/2026 16:45:04
[2026-09-12 16:45:04] [INFO] [OVERSTAY] Timezone: Asia/Kolkata
[2026-09-12 16:45:05] [INFO] [SUBSCRIPTION] Subscription expiry cron initialized successfully
[2026-09-12 16:45:05] [INFO] [SUBSCRIPTION] Cron schedule: Every minute
[2026-09-12 16:45:05] [INFO] [SUBSCRIPTION] Cron timezone: Asia/Kolkata
[2026-09-12 16:45:05] [INFO] ==================================================
[2026-09-12 16:45:05] [INFO] SUBSCRIPTION EXPIRY CRON STARTED
[2026-09-12 16:45:05] [INFO] ==================================================
[2026-09-12 16:45:05] [INFO] [SUBSCRIPTION] Current India Date: 2026-09-12
[2026-09-12 16:45:05] [INFO] [Logger] Running log cleanup check. Retention limit: 30 days.
[2026-09-12 16:45:05] [INFO] [Logger] Cleanup completed. No expired log files found.
[2026-09-12 16:45:05] [INFO] [Logger] Automated log cleanup scheduler started (runs every 24 hours).
[2026-09-12 16:45:05] [INFO] [Server] Server started and listening on port 5000
[2026-09-12 16:45:05] [INFO] [Database] MongoDB Connected successfully: 76.13.244.61
[2026-09-12 16:45:05] [INFO] [OVERSTAY] Staying customers found: 0
[2026-09-12 16:45:05] [INFO] ==================================================
[2026-09-12 16:45:05] [INFO] OVERSTAY CRON COMPLETED
[2026-09-12 16:45:05] [INFO] ==================================================
[2026-09-12 16:45:05] [INFO] [SUBSCRIPTION] Subscriptions found: 0
[2026-09-12 16:45:05] [INFO] ==================================================
[2026-09-12 16:45:05] [INFO] SUBSCRIPTION EXPIRY CRON COMPLETED
[2026-09-12 16:45:05] [INFO] ==================================================
[2026-09-12 16:45:05] [INFO] Admin user already exists
[2026-09-12 16:46:00] [INFO] [OVERSTAY] Cron triggered
[2026-09-12 16:46:00] [INFO] ==================================================
[2026-09-12 16:46:00] [INFO] OVERSTAY CRON STARTED
[2026-09-12 16:46:00] [INFO] ==================================================
[2026-09-12 16:46:00] [INFO] [OVERSTAY] Current India Date/Time: 12/09/2026 16:46:00
[2026-09-12 16:46:00] [INFO] [OVERSTAY] Timezone: Asia/Kolkata
[2026-09-12 16:46:00] [INFO] [SUBSCRIPTION] Expiry cron triggered
[2026-09-12 16:46:00] [INFO] ==================================================
[2026-09-12 16:46:00] [INFO] SUBSCRIPTION EXPIRY CRON STARTED
[2026-09-12 16:46:00] [INFO] ==================================================
[2026-09-12 16:46:00] [INFO] [SUBSCRIPTION] Current India Date: 2026-09-12
[2026-09-12 16:46:00] [INFO] [OVERSTAY] Staying customers found: 0
[2026-09-12 16:46:00] [INFO] ==================================================
[2026-09-12 16:46:00] [INFO] OVERSTAY CRON COMPLETED
[2026-09-12 16:46:00] [INFO] ==================================================
[2026-09-12 16:46:00] [INFO] [SUBSCRIPTION] Subscriptions found: 0
[2026-09-12 16:46:00] [INFO] ==================================================
[2026-09-12 16:46:00] [INFO] SUBSCRIPTION EXPIRY CRON COMPLETED
[2026-09-12 16:46:00] [INFO] ==================================================
[2026-09-12 16:47:00] [INFO] [SUBSCRIPTION] Expiry cron triggered
[2026-09-12 16:47:00] [INFO] ==================================================
[2026-09-12 16:47:00] [INFO] SUBSCRIPTION EXPIRY CRON STARTED
[2026-09-12 16:47:00] [INFO] ==================================================
[2026-09-12 16:47:00] [INFO] [SUBSCRIPTION] Current India Date: 2026-09-12
[2026-09-12 16:47:00] [INFO] [OVERSTAY] Cron triggered
[2026-09-12 16:47:00] [INFO] ==================================================
[2026-09-12 16:47:00] [INFO] OVERSTAY CRON STARTED
[2026-09-12 16:47:00] [INFO] ==================================================
[2026-09-12 16:47:00] [INFO] [OVERSTAY] Current India Date/Time: 12/09/2026 16:47:00
[2026-09-12 16:47:00] [INFO] [OVERSTAY] Timezone: Asia/Kolkata
[2026-09-12 16:47:00] [INFO] [SUBSCRIPTION] Subscriptions found: 0
[2026-09-12 16:47:00] [INFO] ==================================================
[2026-09-12 16:47:00] [INFO] SUBSCRIPTION EXPIRY CRON COMPLETED
[2026-09-12 16:47:00] [INFO] ==================================================
[2026-09-12 16:47:00] [INFO] [OVERSTAY] Staying customers found: 0
[2026-09-12 16:47:00] [INFO] ==================================================
[2026-09-12 16:47:00] [INFO] OVERSTAY CRON COMPLETED
[2026-09-12 16:47:00] [INFO] ==================================================
[2026-09-12 16:47:16] [INFO] [OVERSTAY] Overstay cron initialized successfully
[2026-09-12 16:47:16] [INFO] [OVERSTAY] Cron schedule: Every minute
[2026-09-12 16:47:16] [INFO] [OVERSTAY] Cron timezone: Asia/Kolkata
[2026-09-12 16:47:16] [INFO] ==================================================
[2026-09-12 16:47:16] [INFO] OVERSTAY CRON STARTED
[2026-09-12 16:47:16] [INFO] ==================================================
[2026-09-12 16:47:16] [INFO] [OVERSTAY] Current India Date/Time: 12/09/2026 16:47:16
[2026-09-12 16:47:16] [INFO] [OVERSTAY] Timezone: Asia/Kolkata
[2026-09-12 16:47:16] [INFO] [SUBSCRIPTION] Subscription expiry cron initialized successfully
[2026-09-12 16:47:16] [INFO] [SUBSCRIPTION] Cron schedule: Every minute
[2026-09-12 16:47:16] [INFO] [SUBSCRIPTION] Cron timezone: Asia/Kolkata
[2026-09-12 16:47:16] [INFO] ==================================================
[2026-09-12 16:47:16] [INFO] SUBSCRIPTION EXPIRY CRON STARTED
[2026-09-12 16:47:16] [INFO] ==================================================
[2026-09-12 16:47:16] [INFO] [SUBSCRIPTION] Current India Date: 2026-09-12
[2026-09-12 16:47:16] [INFO] [Logger] Running log cleanup check. Retention limit: 30 days.
[2026-09-12 16:47:16] [INFO] [Logger] Cleanup completed. No expired log files found.
[2026-09-12 16:47:16] [INFO] [Logger] Automated log cleanup scheduler started (runs every 24 hours).
[2026-09-12 16:47:16] [INFO] [Server] Server started and listening on port 5000
[2026-09-12 16:47:17] [INFO] [Database] MongoDB Connected successfully: 76.13.244.61
[2026-09-12 16:47:17] [INFO] Admin user already exists
[2026-09-12 16:47:17] [INFO] [SUBSCRIPTION] Subscriptions found: 0
[2026-09-12 16:47:17] [INFO] ==================================================
[2026-09-12 16:47:17] [INFO] SUBSCRIPTION EXPIRY CRON COMPLETED
[2026-09-12 16:47:17] [INFO] ==================================================
[2026-09-12 16:47:17] [INFO] [OVERSTAY] Staying customers found: 0
[2026-09-12 16:47:17] [INFO] ==================================================
[2026-09-12 16:47:17] [INFO] OVERSTAY CRON COMPLETED
[2026-09-12 16:47:17] [INFO] ==================================================
[2026-09-12 16:47:37] [INFO] [OVERSTAY] Overstay cron initialized successfully
[2026-09-12 16:47:37] [INFO] [OVERSTAY] Cron schedule: Every minute
[2026-09-12 16:47:37] [INFO] [OVERSTAY] Cron timezone: Asia/Kolkata
[2026-09-12 16:47:37] [INFO] ==================================================
[2026-09-12 16:47:37] [INFO] OVERSTAY CRON STARTED
[2026-09-12 16:47:37] [INFO] ==================================================
[2026-09-12 16:47:37] [INFO] [OVERSTAY] Current India Date/Time: 12/09/2026 16:47:37
[2026-09-12 16:47:37] [INFO] [OVERSTAY] Timezone: Asia/Kolkata
[2026-09-12 16:47:37] [INFO] [SUBSCRIPTION] Subscription expiry cron initialized successfully
[2026-09-12 16:47:37] [INFO] [SUBSCRIPTION] Cron schedule: Every minute
[2026-09-12 16:47:37] [INFO] [SUBSCRIPTION] Cron timezone: Asia/Kolkata
[2026-09-12 16:47:37] [INFO] ==================================================
[2026-09-12 16:47:37] [INFO] SUBSCRIPTION EXPIRY CRON STARTED
[2026-09-12 16:47:37] [INFO] ==================================================
[2026-09-12 16:47:37] [INFO] [SUBSCRIPTION] Current India Date: 2026-09-12
[2026-09-12 16:47:37] [INFO] [Logger] Running log cleanup check. Retention limit: 30 days.
[2026-09-12 16:47:37] [INFO] [Logger] Cleanup completed. No expired log files found.
[2026-09-12 16:47:37] [INFO] [Logger] Automated log cleanup scheduler started (runs every 24 hours).
[2026-09-12 16:47:37] [INFO] [Server] Server started and listening on port 5000
[2026-09-12 16:47:37] [INFO] [Database] MongoDB Connected successfully: 76.13.244.61
[2026-09-12 16:47:37] [INFO] [OVERSTAY] Staying customers found: 0
[2026-09-12 16:47:37] [INFO] ==================================================
[2026-09-12 16:47:38] [INFO] OVERSTAY CRON COMPLETED
[2026-09-12 16:47:38] [INFO] ==================================================
[2026-09-12 16:47:38] [INFO] Admin user already exists
[2026-09-12 16:47:38] [INFO] [SUBSCRIPTION] Subscriptions found: 0
[2026-09-12 16:47:38] [INFO] ==================================================
[2026-09-12 16:47:38] [INFO] SUBSCRIPTION EXPIRY CRON COMPLETED
[2026-09-12 16:47:38] [INFO] ==================================================
[2026-09-12 16:48:00] [INFO] [OVERSTAY] Cron triggered
[2026-09-12 16:48:00] [INFO] ==================================================
[2026-09-12 16:48:00] [INFO] OVERSTAY CRON STARTED
[2026-09-12 16:48:00] [INFO] ==================================================
[2026-09-12 16:48:00] [INFO] [OVERSTAY] Current India Date/Time: 12/09/2026 16:48:00
[2026-09-12 16:48:00] [INFO] [OVERSTAY] Timezone: Asia/Kolkata
[2026-09-12 16:48:00] [INFO] [SUBSCRIPTION] Expiry cron triggered
[2026-09-12 16:48:00] [INFO] ==================================================
[2026-09-12 16:48:00] [INFO] SUBSCRIPTION EXPIRY CRON STARTED
[2026-09-12 16:48:00] [INFO] ==================================================
[2026-09-12 16:48:00] [INFO] [SUBSCRIPTION] Current India Date: 2026-09-12
[2026-09-12 16:48:00] [INFO] [OVERSTAY] Staying customers found: 0
[2026-09-12 16:48:00] [INFO] ==================================================
[2026-09-12 16:48:00] [INFO] OVERSTAY CRON COMPLETED
[2026-09-12 16:48:00] [INFO] ==================================================
[2026-09-12 16:48:00] [INFO] [SUBSCRIPTION] Subscriptions found: 0
[2026-09-12 16:48:00] [INFO] ==================================================
[2026-09-12 16:48:00] [INFO] SUBSCRIPTION EXPIRY CRON COMPLETED
[2026-09-12 16:48:00] [INFO] ==================================================
[2026-09-12 16:48:13] [INFO] [OVERSTAY] Overstay cron initialized successfully
[2026-09-12 16:48:13] [INFO] [OVERSTAY] Cron schedule: Every minute
[2026-09-12 16:48:13] [INFO] [OVERSTAY] Cron timezone: Asia/Kolkata
[2026-09-12 16:48:13] [INFO] ==================================================
[2026-09-12 16:48:13] [INFO] OVERSTAY CRON STARTED
[2026-09-12 16:48:13] [INFO] ==================================================
[2026-09-12 16:48:13] [INFO] [OVERSTAY] Current India Date/Time: 12/09/2026 16:48:13
[2026-09-12 16:48:13] [INFO] [OVERSTAY] Timezone: Asia/Kolkata
[2026-09-12 16:48:13] [INFO] [SUBSCRIPTION] Subscription expiry cron initialized successfully
[2026-09-12 16:48:13] [INFO] [SUBSCRIPTION] Cron schedule: Every minute
[2026-09-12 16:48:13] [INFO] [SUBSCRIPTION] Cron timezone: Asia/Kolkata
[2026-09-12 16:48:13] [INFO] ==================================================
[2026-09-12 16:48:13] [INFO] SUBSCRIPTION EXPIRY CRON STARTED
[2026-09-12 16:48:13] [INFO] ==================================================
[2026-09-12 16:48:13] [INFO] [SUBSCRIPTION] Current India Date: 2026-09-12
[2026-09-12 16:48:14] [INFO] [Logger] Running log cleanup check. Retention limit: 30 days.
[2026-09-12 16:48:14] [INFO] [Logger] Cleanup completed. No expired log files found.
[2026-09-12 16:48:14] [INFO] [Logger] Automated log cleanup scheduler started (runs every 24 hours).
[2026-09-12 16:48:14] [INFO] [Server] Server started and listening on port 5000
[2026-09-12 16:48:14] [INFO] [Database] MongoDB Connected successfully: 76.13.244.61
[2026-09-12 16:48:14] [INFO] Admin user already exists
[2026-09-12 16:48:14] [INFO] [OVERSTAY] Staying customers found: 0
[2026-09-12 16:48:14] [INFO] ==================================================
[2026-09-12 16:48:14] [INFO] OVERSTAY CRON COMPLETED
[2026-09-12 16:48:14] [INFO] ==================================================
[2026-09-12 16:48:14] [INFO] [SUBSCRIPTION] Subscriptions found: 0
[2026-09-12 16:48:14] [INFO] ==================================================
[2026-09-12 16:48:14] [INFO] SUBSCRIPTION EXPIRY CRON COMPLETED
[2026-09-12 16:48:14] [INFO] ==================================================
[2026-09-12 16:48:45] [INFO] [OVERSTAY] Overstay cron initialized successfully
[2026-09-12 16:48:45] [INFO] [OVERSTAY] Cron schedule: Every minute
[2026-09-12 16:48:45] [INFO] [OVERSTAY] Cron timezone: Asia/Kolkata
[2026-09-12 16:48:45] [INFO] ==================================================
[2026-09-12 16:48:45] [INFO] OVERSTAY CRON STARTED
[2026-09-12 16:48:45] [INFO] ==================================================
[2026-09-12 16:48:45] [INFO] [OVERSTAY] Current India Date/Time: 12/09/2026 16:48:45
[2026-09-12 16:48:45] [INFO] [OVERSTAY] Timezone: Asia/Kolkata
[2026-09-12 16:48:46] [INFO] [SUBSCRIPTION] Subscription expiry cron initialized successfully
[2026-09-12 16:48:46] [INFO] [SUBSCRIPTION] Cron schedule: Every minute
[2026-09-12 16:48:46] [INFO] [SUBSCRIPTION] Cron timezone: Asia/Kolkata
[2026-09-12 16:48:46] [INFO] ==================================================
[2026-09-12 16:48:46] [INFO] SUBSCRIPTION EXPIRY CRON STARTED
[2026-09-12 16:48:46] [INFO] ==================================================
[2026-09-12 16:48:46] [INFO] [SUBSCRIPTION] Current India Date: 2026-09-12
[2026-09-12 16:48:46] [INFO] [Logger] Running log cleanup check. Retention limit: 30 days.
[2026-09-12 16:48:46] [INFO] [Logger] Cleanup completed. No expired log files found.
[2026-09-12 16:48:46] [INFO] [Logger] Automated log cleanup scheduler started (runs every 24 hours).
[2026-09-12 16:48:46] [INFO] [Server] Server started and listening on port 5000
[2026-09-12 16:48:46] [INFO] [Database] MongoDB Connected successfully: 76.13.244.61
[2026-09-12 16:48:46] [INFO] [OVERSTAY] Staying customers found: 0
[2026-09-12 16:48:46] [INFO] ==================================================
[2026-09-12 16:48:46] [INFO] OVERSTAY CRON COMPLETED
[2026-09-12 16:48:46] [INFO] ==================================================
[2026-09-12 16:48:46] [INFO] [SUBSCRIPTION] Subscriptions found: 0
[2026-09-12 16:48:46] [INFO] ==================================================
[2026-09-12 16:48:46] [INFO] SUBSCRIPTION EXPIRY CRON COMPLETED
[2026-09-12 16:48:46] [INFO] ==================================================
[2026-09-12 16:48:46] [INFO] Admin user already exists
[2026-09-12 16:49:00] [INFO] [OVERSTAY] Cron triggered
[2026-09-12 16:49:00] [INFO] ==================================================
[2026-09-12 16:49:00] [INFO] OVERSTAY CRON STARTED
[2026-09-12 16:49:00] [INFO] ==================================================
[2026-09-12 16:49:00] [INFO] [OVERSTAY] Current India Date/Time: 12/09/2026 16:49:00
[2026-09-12 16:49:00] [INFO] [OVERSTAY] Timezone: Asia/Kolkata
[2026-09-12 16:49:00] [INFO] [SUBSCRIPTION] Expiry cron triggered
[2026-09-12 16:49:00] [INFO] ==================================================
[2026-09-12 16:49:00] [INFO] SUBSCRIPTION EXPIRY CRON STARTED
[2026-09-12 16:49:00] [INFO] ==================================================
[2026-09-12 16:49:00] [INFO] [SUBSCRIPTION] Current India Date: 2026-09-12
[2026-09-12 16:49:00] [INFO] [OVERSTAY] Staying customers found: 0
[2026-09-12 16:49:00] [INFO] ==================================================
[2026-09-12 16:49:00] [INFO] OVERSTAY CRON COMPLETED
[2026-09-12 16:49:00] [INFO] ==================================================
[2026-09-12 16:49:00] [INFO] [SUBSCRIPTION] Subscriptions found: 0
[2026-09-12 16:49:00] [INFO] ==================================================
[2026-09-12 16:49:00] [INFO] SUBSCRIPTION EXPIRY CRON COMPLETED
[2026-09-12 16:49:00] [INFO] ==================================================
[2026-09-12 16:49:19] [INFO] [OVERSTAY] Overstay cron initialized successfully
[2026-09-12 16:49:19] [INFO] [OVERSTAY] Cron schedule: Every minute
[2026-09-12 16:49:19] [INFO] [OVERSTAY] Cron timezone: Asia/Kolkata
[2026-09-12 16:49:19] [INFO] ==================================================
[2026-09-12 16:49:19] [INFO] OVERSTAY CRON STARTED
[2026-09-12 16:49:19] [INFO] ==================================================
[2026-09-12 16:49:19] [INFO] [OVERSTAY] Current India Date/Time: 12/09/2026 16:49:19
[2026-09-12 16:49:19] [INFO] [OVERSTAY] Timezone: Asia/Kolkata
[2026-09-12 16:49:20] [INFO] [SUBSCRIPTION] Subscription expiry cron initialized successfully
[2026-09-12 16:49:20] [INFO] [SUBSCRIPTION] Cron schedule: Every minute
[2026-09-12 16:49:20] [INFO] [SUBSCRIPTION] Cron timezone: Asia/Kolkata
[2026-09-12 16:49:20] [INFO] ==================================================
[2026-09-12 16:49:20] [INFO] SUBSCRIPTION EXPIRY CRON STARTED
[2026-09-12 16:49:20] [INFO] ==================================================
[2026-09-12 16:49:20] [INFO] [SUBSCRIPTION] Current India Date: 2026-09-12
[2026-09-12 16:49:20] [INFO] [Logger] Running log cleanup check. Retention limit: 30 days.
[2026-09-12 16:49:20] [INFO] [Logger] Cleanup completed. No expired log files found.
[2026-09-12 16:49:20] [INFO] [Logger] Automated log cleanup scheduler started (runs every 24 hours).
[2026-09-12 16:49:20] [INFO] [Server] Server started and listening on port 5000
[2026-09-12 16:49:20] [INFO] [Database] MongoDB Connected successfully: 76.13.244.61
[2026-09-12 16:49:20] [INFO] [SUBSCRIPTION] Subscriptions found: 0
[2026-09-12 16:49:20] [INFO] ==================================================
[2026-09-12 16:49:20] [INFO] SUBSCRIPTION EXPIRY CRON COMPLETED
[2026-09-12 16:49:20] [INFO] ==================================================
[2026-09-12 16:49:20] [INFO] [OVERSTAY] Staying customers found: 0
[2026-09-12 16:49:20] [INFO] ==================================================
[2026-09-12 16:49:20] [INFO] OVERSTAY CRON COMPLETED
[2026-09-12 16:49:20] [INFO] ==================================================
[2026-09-12 16:49:20] [INFO] Admin user already exists
[2026-09-12 16:50:00] [INFO] [OVERSTAY] Cron triggered
[2026-09-12 16:50:00] [INFO] ==================================================
[2026-09-12 16:50:00] [INFO] OVERSTAY CRON STARTED
[2026-09-12 16:50:00] [INFO] ==================================================
[2026-09-12 16:50:00] [INFO] [OVERSTAY] Current India Date/Time: 12/09/2026 16:50:00
[2026-09-12 16:50:00] [INFO] [OVERSTAY] Timezone: Asia/Kolkata
[2026-09-12 16:50:00] [INFO] [SUBSCRIPTION] Expiry cron triggered
[2026-09-12 16:50:00] [INFO] ==================================================
[2026-09-12 16:50:00] [INFO] SUBSCRIPTION EXPIRY CRON STARTED
[2026-09-12 16:50:00] [INFO] ==================================================
[2026-09-12 16:50:00] [INFO] [SUBSCRIPTION] Current India Date: 2026-09-12
[2026-09-12 16:50:00] [INFO] [OVERSTAY] Staying customers found: 0
[2026-09-12 16:50:00] [INFO] ==================================================
[2026-09-12 16:50:00] [INFO] OVERSTAY CRON COMPLETED
[2026-09-12 16:50:00] [INFO] ==================================================
[2026-09-12 16:50:00] [INFO] [SUBSCRIPTION] Subscriptions found: 0
[2026-09-12 16:50:00] [INFO] ==================================================
[2026-09-12 16:50:00] [INFO] SUBSCRIPTION EXPIRY CRON COMPLETED
[2026-09-12 16:50:00] [INFO] ==================================================
[2026-09-12 16:51:00] [INFO] [OVERSTAY] Cron triggered
[2026-09-12 16:51:00] [INFO] ==================================================
[2026-09-12 16:51:00] [INFO] OVERSTAY CRON STARTED
[2026-09-12 16:51:00] [INFO] ==================================================
[2026-09-12 16:51:00] [INFO] [OVERSTAY] Current India Date/Time: 12/09/2026 16:51:00
[2026-09-12 16:51:00] [INFO] [OVERSTAY] Timezone: Asia/Kolkata
[2026-09-12 16:51:00] [INFO] [SUBSCRIPTION] Expiry cron triggered
[2026-09-12 16:51:00] [INFO] ==================================================
[2026-09-12 16:51:00] [INFO] SUBSCRIPTION EXPIRY CRON STARTED
[2026-09-12 16:51:00] [INFO] ==================================================
[2026-09-12 16:51:00] [INFO] [SUBSCRIPTION] Current India Date: 2026-09-12
[2026-09-12 16:51:00] [INFO] [OVERSTAY] Staying customers found: 0
[2026-09-12 16:51:00] [INFO] ==================================================
[2026-09-12 16:51:00] [INFO] OVERSTAY CRON COMPLETED
[2026-09-12 16:51:00] [INFO] ==================================================
[2026-09-12 16:51:00] [INFO] [SUBSCRIPTION] Subscriptions found: 0
[2026-09-12 16:51:00] [INFO] ==================================================
[2026-09-12 16:51:00] [INFO] SUBSCRIPTION EXPIRY CRON COMPLETED
[2026-09-12 16:51:00] [INFO] ==================================================
[2026-09-12 16:52:00] [INFO] [SUBSCRIPTION] Expiry cron triggered
[2026-09-12 16:52:00] [INFO] ==================================================
[2026-09-12 16:52:00] [INFO] SUBSCRIPTION EXPIRY CRON STARTED
[2026-09-12 16:52:00] [INFO] ==================================================
[2026-09-12 16:52:00] [INFO] [SUBSCRIPTION] Current India Date: 2026-09-12
[2026-09-12 16:52:00] [INFO] [OVERSTAY] Cron triggered
[2026-09-12 16:52:00] [INFO] ==================================================
[2026-09-12 16:52:00] [INFO] OVERSTAY CRON STARTED
[2026-09-12 16:52:00] [INFO] ==================================================
[2026-09-12 16:52:00] [INFO] [OVERSTAY] Current India Date/Time: 12/09/2026 16:52:00
[2026-09-12 16:52:00] [INFO] [OVERSTAY] Timezone: Asia/Kolkata
[2026-09-12 16:52:00] [INFO] [SUBSCRIPTION] Subscriptions found: 0
[2026-09-12 16:52:00] [INFO] ==================================================
[2026-09-12 16:52:00] [INFO] SUBSCRIPTION EXPIRY CRON COMPLETED
[2026-09-12 16:52:00] [INFO] ==================================================
[2026-09-12 16:52:00] [INFO] [OVERSTAY] Staying customers found: 0
[2026-09-12 16:52:00] [INFO] ==================================================
[2026-09-12 16:52:00] [INFO] OVERSTAY CRON COMPLETED
[2026-09-12 16:52:00] [INFO] ==================================================
[2026-09-12 16:52:37] [INFO] [OVERSTAY] Overstay cron initialized successfully
[2026-09-12 16:52:37] [INFO] [OVERSTAY] Cron schedule: Every minute
[2026-09-12 16:52:37] [INFO] [OVERSTAY] Cron timezone: Asia/Kolkata
[2026-09-12 16:52:37] [INFO] ==================================================
[2026-09-12 16:52:37] [INFO] OVERSTAY CRON STARTED
[2026-09-12 16:52:37] [INFO] ==================================================
[2026-09-12 16:52:37] [INFO] [OVERSTAY] Current India Date/Time: 12/09/2026 16:52:37
[2026-09-12 16:52:37] [INFO] [OVERSTAY] Timezone: Asia/Kolkata
[2026-09-12 16:52:37] [INFO] [SUBSCRIPTION] Subscription expiry cron initialized successfully
[2026-09-12 16:52:37] [INFO] [SUBSCRIPTION] Cron schedule: Every minute
[2026-09-12 16:52:37] [INFO] [SUBSCRIPTION] Cron timezone: Asia/Kolkata
[2026-09-12 16:52:37] [INFO] ==================================================
[2026-09-12 16:52:37] [INFO] SUBSCRIPTION EXPIRY CRON STARTED
[2026-09-12 16:52:37] [INFO] ==================================================
[2026-09-12 16:52:37] [INFO] [SUBSCRIPTION] Current India Date: 2026-09-12
[2026-09-12 16:52:37] [INFO] [Logger] Running log cleanup check. Retention limit: 30 days.
[2026-09-12 16:52:37] [INFO] [Logger] Cleanup completed. No expired log files found.
[2026-09-12 16:52:37] [INFO] [Logger] Automated log cleanup scheduler started (runs every 24 hours).
[2026-09-12 16:52:37] [INFO] [Server] Server started and listening on port 5000
[2026-09-12 16:52:37] [INFO] [Database] MongoDB Connected successfully: 76.13.244.61
[2026-09-12 16:52:38] [INFO] Admin user already exists
[2026-09-12 16:52:38] [INFO] [OVERSTAY] Staying customers found: 0
[2026-09-12 16:52:38] [INFO] ==================================================
[2026-09-12 16:52:38] [INFO] OVERSTAY CRON COMPLETED
[2026-09-12 16:52:38] [INFO] ==================================================
[2026-09-12 16:52:38] [INFO] [SUBSCRIPTION] Subscriptions found: 0
[2026-09-12 16:52:38] [INFO] ==================================================
[2026-09-12 16:52:38] [INFO] SUBSCRIPTION EXPIRY CRON COMPLETED
[2026-09-12 16:52:38] [INFO] ==================================================
[2026-09-12 16:53:00] [INFO] [OVERSTAY] Cron triggered
[2026-09-12 16:53:00] [INFO] ==================================================
[2026-09-12 16:53:00] [INFO] OVERSTAY CRON STARTED
[2026-09-12 16:53:00] [INFO] ==================================================
[2026-09-12 16:53:00] [INFO] [OVERSTAY] Current India Date/Time: 12/09/2026 16:53:00
[2026-09-12 16:53:00] [INFO] [OVERSTAY] Timezone: Asia/Kolkata
[2026-09-12 16:53:00] [INFO] [SUBSCRIPTION] Expiry cron triggered
[2026-09-12 16:53:00] [INFO] ==================================================
[2026-09-12 16:53:00] [INFO] SUBSCRIPTION EXPIRY CRON STARTED
[2026-09-12 16:53:00] [INFO] ==================================================
[2026-09-12 16:53:00] [INFO] [SUBSCRIPTION] Current India Date: 2026-09-12
[2026-09-12 16:53:00] [INFO] [OVERSTAY] Staying customers found: 0
[2026-09-12 16:53:00] [INFO] ==================================================
[2026-09-12 16:53:00] [INFO] OVERSTAY CRON COMPLETED
[2026-09-12 16:53:00] [INFO] ==================================================
[2026-09-12 16:53:00] [INFO] [SUBSCRIPTION] Subscriptions found: 0
[2026-09-12 16:53:00] [INFO] ==================================================
[2026-09-12 16:53:00] [INFO] SUBSCRIPTION EXPIRY CRON COMPLETED
[2026-09-12 16:53:00] [INFO] ==================================================
[2026-09-12 16:53:47] [INFO] [OVERSTAY] Overstay cron initialized successfully
[2026-09-12 16:53:47] [INFO] [OVERSTAY] Cron schedule: Every minute
[2026-09-12 16:53:47] [INFO] [OVERSTAY] Cron timezone: Asia/Kolkata
[2026-09-12 16:53:47] [INFO] ==================================================
[2026-09-12 16:53:47] [INFO] OVERSTAY CRON STARTED
[2026-09-12 16:53:47] [INFO] ==================================================
[2026-09-12 16:53:47] [INFO] [OVERSTAY] Current India Date/Time: 12/09/2026 16:53:47
[2026-09-12 16:53:47] [INFO] [OVERSTAY] Timezone: Asia/Kolkata
[2026-09-12 16:53:47] [INFO] [SUBSCRIPTION] Subscription expiry cron initialized successfully
[2026-09-12 16:53:47] [INFO] [SUBSCRIPTION] Cron schedule: Every minute
[2026-09-12 16:53:47] [INFO] [SUBSCRIPTION] Cron timezone: Asia/Kolkata
[2026-09-12 16:53:47] [INFO] ==================================================
[2026-09-12 16:53:47] [INFO] SUBSCRIPTION EXPIRY CRON STARTED
[2026-09-12 16:53:47] [INFO] ==================================================
[2026-09-12 16:53:47] [INFO] [SUBSCRIPTION] Current India Date: 2026-09-12
[2026-09-12 16:53:47] [INFO] [Logger] Running log cleanup check. Retention limit: 30 days.
[2026-09-12 16:53:47] [INFO] [Logger] Cleanup completed. No expired log files found.
[2026-09-12 16:53:47] [INFO] [Logger] Automated log cleanup scheduler started (runs every 24 hours).
[2026-09-12 16:53:47] [INFO] [Server] Server started and listening on port 5000
[2026-09-12 16:53:47] [INFO] [Database] MongoDB Connected successfully: 76.13.244.61
[2026-09-12 16:53:48] [INFO] Admin user already exists
[2026-09-12 16:53:48] [INFO] [SUBSCRIPTION] Subscriptions found: 0
[2026-09-12 16:53:48] [INFO] ==================================================
[2026-09-12 16:53:48] [INFO] SUBSCRIPTION EXPIRY CRON COMPLETED
[2026-09-12 16:53:48] [INFO] ==================================================
[2026-09-12 16:53:48] [INFO] [OVERSTAY] Staying customers found: 0
[2026-09-12 16:53:48] [INFO] ==================================================
[2026-09-12 16:53:48] [INFO] OVERSTAY CRON COMPLETED
[2026-09-12 16:53:48] [INFO] ==================================================
[2026-09-12 16:54:00] [INFO] [SUBSCRIPTION] Expiry cron triggered
[2026-09-12 16:54:00] [INFO] ==================================================
[2026-09-12 16:54:00] [INFO] SUBSCRIPTION EXPIRY CRON STARTED
[2026-09-12 16:54:00] [INFO] ==================================================
[2026-09-12 16:54:00] [INFO] [SUBSCRIPTION] Current India Date: 2026-09-12
[2026-09-12 16:54:00] [INFO] [OVERSTAY] Cron triggered
[2026-09-12 16:54:00] [INFO] ==================================================
[2026-09-12 16:54:00] [INFO] OVERSTAY CRON STARTED
[2026-09-12 16:54:00] [INFO] ==================================================
[2026-09-12 16:54:00] [INFO] [OVERSTAY] Current India Date/Time: 12/09/2026 16:54:00
[2026-09-12 16:54:00] [INFO] [OVERSTAY] Timezone: Asia/Kolkata
[2026-09-12 16:54:00] [INFO] [SUBSCRIPTION] Subscriptions found: 0
[2026-09-12 16:54:00] [INFO] ==================================================
[2026-09-12 16:54:00] [INFO] SUBSCRIPTION EXPIRY CRON COMPLETED
[2026-09-12 16:54:00] [INFO] ==================================================
[2026-09-12 16:54:00] [INFO] [OVERSTAY] Staying customers found: 0
[2026-09-12 16:54:00] [INFO] ==================================================
[2026-09-12 16:54:00] [INFO] OVERSTAY CRON COMPLETED
[2026-09-12 16:54:00] [INFO] ==================================================
[2026-09-12 16:55:00] [INFO] [SUBSCRIPTION] Expiry cron triggered
[2026-09-12 16:55:00] [INFO] ==================================================
[2026-09-12 16:55:00] [INFO] SUBSCRIPTION EXPIRY CRON STARTED
[2026-09-12 16:55:00] [INFO] ==================================================
[2026-09-12 16:55:00] [INFO] [SUBSCRIPTION] Current India Date: 2026-09-12
[2026-09-12 16:55:00] [INFO] [OVERSTAY] Cron triggered
[2026-09-12 16:55:00] [INFO] ==================================================
[2026-09-12 16:55:00] [INFO] OVERSTAY CRON STARTED
[2026-09-12 16:55:00] [INFO] ==================================================
[2026-09-12 16:55:00] [INFO] [OVERSTAY] Current India Date/Time: 12/09/2026 16:55:00
[2026-09-12 16:55:00] [INFO] [OVERSTAY] Timezone: Asia/Kolkata
[2026-09-12 16:55:00] [INFO] [SUBSCRIPTION] Subscriptions found: 0
[2026-09-12 16:55:00] [INFO] ==================================================
[2026-09-12 16:55:00] [INFO] SUBSCRIPTION EXPIRY CRON COMPLETED
[2026-09-12 16:55:00] [INFO] ==================================================
[2026-09-12 16:55:00] [INFO] [OVERSTAY] Staying customers found: 0
[2026-09-12 16:55:00] [INFO] ==================================================
[2026-09-12 16:55:00] [INFO] OVERSTAY CRON COMPLETED
[2026-09-12 16:55:00] [INFO] ==================================================
[2026-09-12 16:55:14] [INFO] [OVERSTAY] Overstay cron initialized successfully
[2026-09-12 16:55:14] [INFO] [OVERSTAY] Cron schedule: Every minute
[2026-09-12 16:55:14] [INFO] [OVERSTAY] Cron timezone: Asia/Kolkata
[2026-09-12 16:55:14] [INFO] ==================================================
[2026-09-12 16:55:14] [INFO] OVERSTAY CRON STARTED
[2026-09-12 16:55:14] [INFO] ==================================================
[2026-09-12 16:55:14] [INFO] [OVERSTAY] Current India Date/Time: 12/09/2026 16:55:14
[2026-09-12 16:55:14] [INFO] [OVERSTAY] Timezone: Asia/Kolkata
[2026-09-12 16:55:14] [INFO] [SUBSCRIPTION] Subscription expiry cron initialized successfully
[2026-09-12 16:55:14] [INFO] [SUBSCRIPTION] Cron schedule: Every minute
[2026-09-12 16:55:14] [INFO] [SUBSCRIPTION] Cron timezone: Asia/Kolkata
[2026-09-12 16:55:14] [INFO] ==================================================
[2026-09-12 16:55:14] [INFO] SUBSCRIPTION EXPIRY CRON STARTED
[2026-09-12 16:55:14] [INFO] ==================================================
[2026-09-12 16:55:14] [INFO] [SUBSCRIPTION] Current India Date: 2026-09-12
[2026-09-12 16:55:14] [INFO] [Logger] Running log cleanup check. Retention limit: 30 days.
[2026-09-12 16:55:14] [INFO] [Logger] Cleanup completed. No expired log files found.
[2026-09-12 16:55:14] [INFO] [Logger] Automated log cleanup scheduler started (runs every 24 hours).
[2026-09-12 16:55:14] [INFO] [Server] Server started and listening on port 5000
[2026-09-12 16:55:14] [INFO] [Database] MongoDB Connected successfully: 76.13.244.61
[2026-09-12 16:55:14] [INFO] Admin user already exists
[2026-09-12 16:55:14] [INFO] [SUBSCRIPTION] Subscriptions found: 0
[2026-09-12 16:55:14] [INFO] ==================================================
[2026-09-12 16:55:14] [INFO] SUBSCRIPTION EXPIRY CRON COMPLETED
[2026-09-12 16:55:14] [INFO] ==================================================
[2026-09-12 16:55:14] [INFO] [OVERSTAY] Staying customers found: 0
[2026-09-12 16:55:14] [INFO] ==================================================
[2026-09-12 16:55:14] [INFO] OVERSTAY CRON COMPLETED
[2026-09-12 16:55:14] [INFO] ==================================================
[2026-09-12 16:55:40] [INFO] [OVERSTAY] Overstay cron initialized successfully
[2026-09-12 16:55:40] [INFO] [OVERSTAY] Cron schedule: Every minute
[2026-09-12 16:55:40] [INFO] [OVERSTAY] Cron timezone: Asia/Kolkata
[2026-09-12 16:55:40] [INFO] ==================================================
[2026-09-12 16:55:40] [INFO] OVERSTAY CRON STARTED
[2026-09-12 16:55:40] [INFO] ==================================================
[2026-09-12 16:55:40] [INFO] [OVERSTAY] Current India Date/Time: 12/09/2026 16:55:40
[2026-09-12 16:55:40] [INFO] [OVERSTAY] Timezone: Asia/Kolkata
[2026-09-12 16:55:40] [INFO] [SUBSCRIPTION] Subscription expiry cron initialized successfully
[2026-09-12 16:55:40] [INFO] [SUBSCRIPTION] Cron schedule: Every minute
[2026-09-12 16:55:40] [INFO] [SUBSCRIPTION] Cron timezone: Asia/Kolkata
[2026-09-12 16:55:40] [INFO] ==================================================
[2026-09-12 16:55:40] [INFO] SUBSCRIPTION EXPIRY CRON STARTED
[2026-09-12 16:55:40] [INFO] ==================================================
[2026-09-12 16:55:40] [INFO] [SUBSCRIPTION] Current India Date: 2026-09-12
[2026-09-12 16:55:41] [INFO] [Logger] Running log cleanup check. Retention limit: 30 days.
[2026-09-12 16:55:41] [INFO] [Logger] Cleanup completed. No expired log files found.
[2026-09-12 16:55:41] [INFO] [Logger] Automated log cleanup scheduler started (runs every 24 hours).
[2026-09-12 16:55:41] [INFO] [Server] Server started and listening on port 5000
[2026-09-12 16:55:41] [INFO] [Database] MongoDB Connected successfully: 76.13.244.61
[2026-09-12 16:55:41] [INFO] [OVERSTAY] Staying customers found: 0
[2026-09-12 16:55:41] [INFO] ==================================================
[2026-09-12 16:55:41] [INFO] OVERSTAY CRON COMPLETED
[2026-09-12 16:55:41] [INFO] ==================================================
[2026-09-12 16:55:41] [INFO] [SUBSCRIPTION] Subscriptions found: 0
[2026-09-12 16:55:41] [INFO] ==================================================
[2026-09-12 16:55:41] [INFO] SUBSCRIPTION EXPIRY CRON COMPLETED
[2026-09-12 16:55:41] [INFO] ==================================================
[2026-09-12 16:55:41] [INFO] Admin user already exists
[2026-09-12 16:56:00] [INFO] [SUBSCRIPTION] Expiry cron triggered
[2026-09-12 16:56:00] [INFO] ==================================================
[2026-09-12 16:56:00] [INFO] SUBSCRIPTION EXPIRY CRON STARTED
[2026-09-12 16:56:00] [INFO] ==================================================
[2026-09-12 16:56:00] [INFO] [SUBSCRIPTION] Current India Date: 2026-09-12
[2026-09-12 16:56:00] [INFO] [OVERSTAY] Cron triggered
[2026-09-12 16:56:00] [INFO] ==================================================
[2026-09-12 16:56:00] [INFO] OVERSTAY CRON STARTED
[2026-09-12 16:56:00] [INFO] ==================================================
[2026-09-12 16:56:00] [INFO] [OVERSTAY] Current India Date/Time: 12/09/2026 16:56:00
[2026-09-12 16:56:00] [INFO] [OVERSTAY] Timezone: Asia/Kolkata
[2026-09-12 16:56:00] [INFO] [SUBSCRIPTION] Subscriptions found: 0
[2026-09-12 16:56:00] [INFO] ==================================================
[2026-09-12 16:56:00] [INFO] SUBSCRIPTION EXPIRY CRON COMPLETED
[2026-09-12 16:56:00] [INFO] ==================================================
[2026-09-12 16:56:00] [INFO] [OVERSTAY] Staying customers found: 0
[2026-09-12 16:56:00] [INFO] ==================================================
[2026-09-12 16:56:00] [INFO] OVERSTAY CRON COMPLETED
[2026-09-12 16:56:00] [INFO] ==================================================
[2026-09-12 16:56:02] [INFO] [OVERSTAY] Overstay cron initialized successfully
[2026-09-12 16:56:02] [INFO] [OVERSTAY] Cron schedule: Every minute
[2026-09-12 16:56:02] [INFO] [OVERSTAY] Cron timezone: Asia/Kolkata
[2026-09-12 16:56:02] [INFO] ==================================================
[2026-09-12 16:56:02] [INFO] OVERSTAY CRON STARTED
[2026-09-12 16:56:02] [INFO] ==================================================
[2026-09-12 16:56:02] [INFO] [OVERSTAY] Current India Date/Time: 12/09/2026 16:56:02
[2026-09-12 16:56:02] [INFO] [OVERSTAY] Timezone: Asia/Kolkata
[2026-09-12 16:56:02] [INFO] [SUBSCRIPTION] Subscription expiry cron initialized successfully
[2026-09-12 16:56:02] [INFO] [SUBSCRIPTION] Cron schedule: Every minute
[2026-09-12 16:56:02] [INFO] [SUBSCRIPTION] Cron timezone: Asia/Kolkata
[2026-09-12 16:56:02] [INFO] ==================================================
[2026-09-12 16:56:02] [INFO] SUBSCRIPTION EXPIRY CRON STARTED
[2026-09-12 16:56:02] [INFO] ==================================================
[2026-09-12 16:56:02] [INFO] [SUBSCRIPTION] Current India Date: 2026-09-12
[2026-09-12 16:56:02] [INFO] [Logger] Running log cleanup check. Retention limit: 30 days.
[2026-09-12 16:56:02] [INFO] [Logger] Cleanup completed. No expired log files found.
[2026-09-12 16:56:02] [INFO] [Logger] Automated log cleanup scheduler started (runs every 24 hours).
[2026-09-12 16:56:02] [INFO] [Server] Server started and listening on port 5000
[2026-09-12 16:56:02] [INFO] [Database] MongoDB Connected successfully: 76.13.244.61
[2026-09-12 16:56:03] [INFO] Admin user already exists
[2026-09-12 16:56:03] [INFO] [OVERSTAY] Staying customers found: 0
[2026-09-12 16:56:03] [INFO] ==================================================
[2026-09-12 16:56:03] [INFO] OVERSTAY CRON COMPLETED
[2026-09-12 16:56:03] [INFO] ==================================================
[2026-09-12 16:56:03] [INFO] [SUBSCRIPTION] Subscriptions found: 0
[2026-09-12 16:56:03] [INFO] ==================================================
[2026-09-12 16:56:03] [INFO] SUBSCRIPTION EXPIRY CRON COMPLETED
[2026-09-12 16:56:03] [INFO] ==================================================
[2026-09-12 16:56:29] [INFO] [OVERSTAY] Overstay cron initialized successfully
[2026-09-12 16:56:29] [INFO] [OVERSTAY] Cron schedule: Every minute
[2026-09-12 16:56:29] [INFO] [OVERSTAY] Cron timezone: Asia/Kolkata
[2026-09-12 16:56:29] [INFO] ==================================================
[2026-09-12 16:56:29] [INFO] OVERSTAY CRON STARTED
[2026-09-12 16:56:29] [INFO] ==================================================
[2026-09-12 16:56:29] [INFO] [OVERSTAY] Current India Date/Time: 12/09/2026 16:56:29
[2026-09-12 16:56:29] [INFO] [OVERSTAY] Timezone: Asia/Kolkata
[2026-09-12 16:56:29] [INFO] [SUBSCRIPTION] Subscription expiry cron initialized successfully
[2026-09-12 16:56:29] [INFO] [SUBSCRIPTION] Cron schedule: Every minute
[2026-09-12 16:56:29] [INFO] [SUBSCRIPTION] Cron timezone: Asia/Kolkata
[2026-09-12 16:56:29] [INFO] ==================================================
[2026-09-12 16:56:29] [INFO] SUBSCRIPTION EXPIRY CRON STARTED
[2026-09-12 16:56:29] [INFO] ==================================================
[2026-09-12 16:56:29] [INFO] [SUBSCRIPTION] Current India Date: 2026-09-12
[2026-09-12 16:56:29] [INFO] [Logger] Running log cleanup check. Retention limit: 30 days.
[2026-09-12 16:56:29] [INFO] [Logger] Cleanup completed. No expired log files found.
[2026-09-12 16:56:29] [INFO] [Logger] Automated log cleanup scheduler started (runs every 24 hours).
[2026-09-12 16:56:29] [INFO] [Server] Server started and listening on port 5000
[2026-09-12 16:56:29] [INFO] [Database] MongoDB Connected successfully: 76.13.244.61
[2026-09-12 16:56:30] [INFO] [OVERSTAY] Staying customers found: 0
[2026-09-12 16:56:30] [INFO] ==================================================
[2026-09-12 16:56:30] [INFO] OVERSTAY CRON COMPLETED
[2026-09-12 16:56:30] [INFO] ==================================================
[2026-09-12 16:56:30] [INFO] [SUBSCRIPTION] Subscriptions found: 0
[2026-09-12 16:56:30] [INFO] ==================================================
[2026-09-12 16:56:30] [INFO] SUBSCRIPTION EXPIRY CRON COMPLETED
[2026-09-12 16:56:30] [INFO] ==================================================
[2026-09-12 16:56:30] [INFO] Admin user already exists
[2026-09-12 16:57:00] [INFO] [SUBSCRIPTION] Expiry cron triggered
[2026-09-12 16:57:00] [INFO] ==================================================
[2026-09-12 16:57:00] [INFO] SUBSCRIPTION EXPIRY CRON STARTED
[2026-09-12 16:57:00] [INFO] ==================================================
[2026-09-12 16:57:00] [INFO] [SUBSCRIPTION] Current India Date: 2026-09-12
[2026-09-12 16:57:00] [INFO] [OVERSTAY] Cron triggered
[2026-09-12 16:57:00] [INFO] ==================================================
[2026-09-12 16:57:00] [INFO] OVERSTAY CRON STARTED
[2026-09-12 16:57:00] [INFO] ==================================================
[2026-09-12 16:57:00] [INFO] [OVERSTAY] Current India Date/Time: 12/09/2026 16:57:00
[2026-09-12 16:57:00] [INFO] [OVERSTAY] Timezone: Asia/Kolkata
[2026-09-12 16:57:00] [INFO] [SUBSCRIPTION] Subscriptions found: 0
[2026-09-12 16:57:00] [INFO] ==================================================
[2026-09-12 16:57:00] [INFO] SUBSCRIPTION EXPIRY CRON COMPLETED
[2026-09-12 16:57:00] [INFO] ==================================================
[2026-09-12 16:57:00] [INFO] [OVERSTAY] Staying customers found: 0
[2026-09-12 16:57:00] [INFO] ==================================================
[2026-09-12 16:57:00] [INFO] OVERSTAY CRON COMPLETED
[2026-09-12 16:57:00] [INFO] ==================================================
[2026-09-12 16:57:11] [INFO] [OVERSTAY] Overstay cron initialized successfully
[2026-09-12 16:57:11] [INFO] [OVERSTAY] Cron schedule: Every minute
[2026-09-12 16:57:11] [INFO] [OVERSTAY] Cron timezone: Asia/Kolkata
[2026-09-12 16:57:11] [INFO] ==================================================
[2026-09-12 16:57:11] [INFO] OVERSTAY CRON STARTED
[2026-09-12 16:57:11] [INFO] ==================================================
[2026-09-12 16:57:11] [INFO] [OVERSTAY] Current India Date/Time: 12/09/2026 16:57:11
[2026-09-12 16:57:11] [INFO] [OVERSTAY] Timezone: Asia/Kolkata
[2026-09-12 16:57:11] [INFO] [SUBSCRIPTION] Subscription expiry cron initialized successfully
[2026-09-12 16:57:11] [INFO] [SUBSCRIPTION] Cron schedule: Every minute
[2026-09-12 16:57:11] [INFO] [SUBSCRIPTION] Cron timezone: Asia/Kolkata
[2026-09-12 16:57:11] [INFO] ==================================================
[2026-09-12 16:57:11] [INFO] SUBSCRIPTION EXPIRY CRON STARTED
[2026-09-12 16:57:11] [INFO] ==================================================
[2026-09-12 16:57:11] [INFO] [SUBSCRIPTION] Current India Date: 2026-09-12
[2026-09-12 16:57:12] [INFO] [Logger] Running log cleanup check. Retention limit: 30 days.
[2026-09-12 16:57:12] [INFO] [Logger] Cleanup completed. No expired log files found.
[2026-09-12 16:57:12] [INFO] [Logger] Automated log cleanup scheduler started (runs every 24 hours).
[2026-09-12 16:57:12] [INFO] [Server] Server started and listening on port 5000
[2026-09-12 16:57:12] [INFO] [Database] MongoDB Connected successfully: 76.13.244.61
[2026-09-12 16:57:12] [INFO] Admin user already exists
[2026-09-12 16:57:12] [INFO] [OVERSTAY] Staying customers found: 0
[2026-09-12 16:57:12] [INFO] ==================================================
[2026-09-12 16:57:12] [INFO] OVERSTAY CRON COMPLETED
[2026-09-12 16:57:12] [INFO] ==================================================
[2026-09-12 16:57:12] [INFO] [SUBSCRIPTION] Subscriptions found: 0
[2026-09-12 16:57:12] [INFO] ==================================================
[2026-09-12 16:57:12] [INFO] SUBSCRIPTION EXPIRY CRON COMPLETED
[2026-09-12 16:57:12] [INFO] ==================================================
[2026-09-12 16:58:01] [INFO] [OVERSTAY] Overstay cron initialized successfully
[2026-09-12 16:58:01] [INFO] [OVERSTAY] Cron schedule: Every minute
[2026-09-12 16:58:01] [INFO] [OVERSTAY] Cron timezone: Asia/Kolkata
[2026-09-12 16:58:01] [INFO] ==================================================
[2026-09-12 16:58:01] [INFO] OVERSTAY CRON STARTED
[2026-09-12 16:58:01] [INFO] ==================================================
[2026-09-12 16:58:01] [INFO] [OVERSTAY] Current India Date/Time: 12/09/2026 16:58:01
[2026-09-12 16:58:01] [INFO] [OVERSTAY] Timezone: Asia/Kolkata
[2026-09-12 16:58:01] [INFO] [SUBSCRIPTION] Subscription expiry cron initialized successfully
[2026-09-12 16:58:01] [INFO] [SUBSCRIPTION] Cron schedule: Every minute
[2026-09-12 16:58:01] [INFO] [SUBSCRIPTION] Cron timezone: Asia/Kolkata
[2026-09-12 16:58:01] [INFO] ==================================================
[2026-09-12 16:58:01] [INFO] SUBSCRIPTION EXPIRY CRON STARTED
[2026-09-12 16:58:01] [INFO] ==================================================
[2026-09-12 16:58:01] [INFO] [SUBSCRIPTION] Current India Date: 2026-09-12
[2026-09-12 16:58:01] [INFO] [Logger] Running log cleanup check. Retention limit: 30 days.
[2026-09-12 16:58:01] [INFO] [Logger] Cleanup completed. No expired log files found.
[2026-09-12 16:58:01] [INFO] [Logger] Automated log cleanup scheduler started (runs every 24 hours).
[2026-09-12 16:58:01] [INFO] [Server] Server started and listening on port 5000
[2026-09-12 16:58:01] [INFO] [Database] MongoDB Connected successfully: 76.13.244.61
[2026-09-12 16:58:02] [INFO] [OVERSTAY] Staying customers found: 0
[2026-09-12 16:58:02] [INFO] ==================================================
[2026-09-12 16:58:02] [INFO] OVERSTAY CRON COMPLETED
[2026-09-12 16:58:02] [INFO] ==================================================
[2026-09-12 16:58:02] [INFO] [SUBSCRIPTION] Subscriptions found: 0
[2026-09-12 16:58:02] [INFO] ==================================================
[2026-09-12 16:58:02] [INFO] SUBSCRIPTION EXPIRY CRON COMPLETED
[2026-09-12 16:58:02] [INFO] ==================================================
[2026-09-12 16:58:02] [INFO] Admin user already exists
[2026-09-12 16:59:00] [INFO] [OVERSTAY] Cron triggered
[2026-09-12 16:59:00] [INFO] ==================================================
[2026-09-12 16:59:00] [INFO] OVERSTAY CRON STARTED
[2026-09-12 16:59:00] [INFO] ==================================================
[2026-09-12 16:59:00] [INFO] [OVERSTAY] Current India Date/Time: 12/09/2026 16:59:00
[2026-09-12 16:59:00] [INFO] [OVERSTAY] Timezone: Asia/Kolkata
[2026-09-12 16:59:00] [INFO] [SUBSCRIPTION] Expiry cron triggered
[2026-09-12 16:59:00] [INFO] ==================================================
[2026-09-12 16:59:00] [INFO] SUBSCRIPTION EXPIRY CRON STARTED
[2026-09-12 16:59:00] [INFO] ==================================================
[2026-09-12 16:59:00] [INFO] [SUBSCRIPTION] Current India Date: 2026-09-12
[2026-09-12 16:59:00] [INFO] [OVERSTAY] Staying customers found: 0
[2026-09-12 16:59:00] [INFO] ==================================================
[2026-09-12 16:59:00] [INFO] OVERSTAY CRON COMPLETED
[2026-09-12 16:59:00] [INFO] ==================================================
[2026-09-12 16:59:00] [INFO] [SUBSCRIPTION] Subscriptions found: 0
[2026-09-12 16:59:00] [INFO] ==================================================
[2026-09-12 16:59:00] [INFO] SUBSCRIPTION EXPIRY CRON COMPLETED
[2026-09-12 16:59:00] [INFO] ==================================================
[2026-09-12 17:00:00] [INFO] [OVERSTAY] Cron triggered
[2026-09-12 17:00:00] [INFO] ==================================================
[2026-09-12 17:00:00] [INFO] OVERSTAY CRON STARTED
[2026-09-12 17:00:00] [INFO] ==================================================
[2026-09-12 17:00:00] [INFO] [OVERSTAY] Current India Date/Time: 12/09/2026 17:00:00
[2026-09-12 17:00:00] [INFO] [OVERSTAY] Timezone: Asia/Kolkata
[2026-09-12 17:00:00] [INFO] [SUBSCRIPTION] Expiry cron triggered
[2026-09-12 17:00:00] [INFO] ==================================================
[2026-09-12 17:00:00] [INFO] SUBSCRIPTION EXPIRY CRON STARTED
[2026-09-12 17:00:00] [INFO] ==================================================
[2026-09-12 17:00:00] [INFO] [SUBSCRIPTION] Current India Date: 2026-09-12
[2026-09-12 17:00:00] [INFO] [SUBSCRIPTION] Subscriptions found: 0
[2026-09-12 17:00:00] [INFO] ==================================================
[2026-09-12 17:00:00] [INFO] SUBSCRIPTION EXPIRY CRON COMPLETED
[2026-09-12 17:00:00] [INFO] ==================================================
[2026-09-12 17:00:00] [INFO] [OVERSTAY] Staying customers found: 0
[2026-09-12 17:00:00] [INFO] ==================================================
[2026-09-12 17:00:00] [INFO] OVERSTAY CRON COMPLETED
[2026-09-12 17:00:00] [INFO] ==================================================
[2026-09-12 17:01:00] [INFO] [OVERSTAY] Cron triggered
[2026-09-12 17:01:00] [INFO] ==================================================
[2026-09-12 17:01:00] [INFO] OVERSTAY CRON STARTED
[2026-09-12 17:01:00] [INFO] ==================================================
[2026-09-12 17:01:00] [INFO] [OVERSTAY] Current India Date/Time: 12/09/2026 17:01:00
[2026-09-12 17:01:00] [INFO] [OVERSTAY] Timezone: Asia/Kolkata
[2026-09-12 17:01:00] [INFO] [SUBSCRIPTION] Expiry cron triggered
[2026-09-12 17:01:00] [INFO] ==================================================
[2026-09-12 17:01:00] [INFO] SUBSCRIPTION EXPIRY CRON STARTED
[2026-09-12 17:01:00] [INFO] ==================================================
[2026-09-12 17:01:00] [INFO] [SUBSCRIPTION] Current India Date: 2026-09-12
[2026-09-12 17:01:00] [INFO] [OVERSTAY] Staying customers found: 0
[2026-09-12 17:01:00] [INFO] ==================================================
[2026-09-12 17:01:00] [INFO] OVERSTAY CRON COMPLETED
[2026-09-12 17:01:00] [INFO] ==================================================
[2026-09-12 17:01:00] [INFO] [SUBSCRIPTION] Subscriptions found: 0
[2026-09-12 17:01:00] [INFO] ==================================================
[2026-09-12 17:01:00] [INFO] SUBSCRIPTION EXPIRY CRON COMPLETED
[2026-09-12 17:01:00] [INFO] ==================================================
[2026-09-12 17:02:00] [INFO] [OVERSTAY] Cron triggered
[2026-09-12 17:02:00] [INFO] ==================================================
[2026-09-12 17:02:00] [INFO] OVERSTAY CRON STARTED
[2026-09-12 17:02:00] [INFO] ==================================================
[2026-09-12 17:02:00] [INFO] [OVERSTAY] Current India Date/Time: 12/09/2026 17:02:00
[2026-09-12 17:02:00] [INFO] [OVERSTAY] Timezone: Asia/Kolkata
[2026-09-12 17:02:00] [INFO] [SUBSCRIPTION] Expiry cron triggered
[2026-09-12 17:02:00] [INFO] ==================================================
[2026-09-12 17:02:00] [INFO] SUBSCRIPTION EXPIRY CRON STARTED
[2026-09-12 17:02:00] [INFO] ==================================================
[2026-09-12 17:02:00] [INFO] [SUBSCRIPTION] Current India Date: 2026-09-12
[2026-09-12 17:02:00] [INFO] [OVERSTAY] Staying customers found: 0
[2026-09-12 17:02:00] [INFO] ==================================================
[2026-09-12 17:02:00] [INFO] OVERSTAY CRON COMPLETED
[2026-09-12 17:02:00] [INFO] ==================================================
[2026-09-12 17:02:00] [INFO] [SUBSCRIPTION] Subscriptions found: 0
[2026-09-12 17:02:00] [INFO] ==================================================
[2026-09-12 17:02:00] [INFO] SUBSCRIPTION EXPIRY CRON COMPLETED
[2026-09-12 17:02:00] [INFO] ==================================================
[2026-09-12 17:03:00] [INFO] [OVERSTAY] Cron triggered
[2026-09-12 17:03:00] [INFO] ==================================================
[2026-09-12 17:03:00] [INFO] OVERSTAY CRON STARTED
[2026-09-12 17:03:00] [INFO] ==================================================
[2026-09-12 17:03:00] [INFO] [OVERSTAY] Current India Date/Time: 12/09/2026 17:03:00
[2026-09-12 17:03:00] [INFO] [OVERSTAY] Timezone: Asia/Kolkata
[2026-09-12 17:03:00] [INFO] [SUBSCRIPTION] Expiry cron triggered
[2026-09-12 17:03:00] [INFO] ==================================================
[2026-09-12 17:03:00] [INFO] SUBSCRIPTION EXPIRY CRON STARTED
[2026-09-12 17:03:00] [INFO] ==================================================
[2026-09-12 17:03:00] [INFO] [SUBSCRIPTION] Current India Date: 2026-09-12
[2026-09-12 17:03:00] [INFO] [OVERSTAY] Staying customers found: 0
[2026-09-12 17:03:00] [INFO] ==================================================
[2026-09-12 17:03:00] [INFO] OVERSTAY CRON COMPLETED
[2026-09-12 17:03:00] [INFO] ==================================================
[2026-09-12 17:03:00] [INFO] [SUBSCRIPTION] Subscriptions found: 0
[2026-09-12 17:03:00] [INFO] ==================================================
[2026-09-12 17:03:00] [INFO] SUBSCRIPTION EXPIRY CRON COMPLETED
[2026-09-12 17:03:00] [INFO] ==================================================
[2026-09-12 17:04:00] [INFO] [OVERSTAY] Cron triggered
[2026-09-12 17:04:00] [INFO] ==================================================
[2026-09-12 17:04:00] [INFO] OVERSTAY CRON STARTED
[2026-09-12 17:04:00] [INFO] ==================================================
[2026-09-12 17:04:00] [INFO] [OVERSTAY] Current India Date/Time: 12/09/2026 17:04:00
[2026-09-12 17:04:00] [INFO] [OVERSTAY] Timezone: Asia/Kolkata
[2026-09-12 17:04:00] [INFO] [SUBSCRIPTION] Expiry cron triggered
[2026-09-12 17:04:00] [INFO] ==================================================
[2026-09-12 17:04:00] [INFO] SUBSCRIPTION EXPIRY CRON STARTED
[2026-09-12 17:04:00] [INFO] ==================================================
[2026-09-12 17:04:00] [INFO] [SUBSCRIPTION] Current India Date: 2026-09-12
[2026-09-12 17:04:00] [INFO] [OVERSTAY] Staying customers found: 0
[2026-09-12 17:04:00] [INFO] ==================================================
[2026-09-12 17:04:00] [INFO] OVERSTAY CRON COMPLETED
[2026-09-12 17:04:00] [INFO] ==================================================
[2026-09-12 17:04:00] [INFO] [SUBSCRIPTION] Subscriptions found: 0
[2026-09-12 17:04:00] [INFO] ==================================================
[2026-09-12 17:04:00] [INFO] SUBSCRIPTION EXPIRY CRON COMPLETED
[2026-09-12 17:04:00] [INFO] ==================================================
[2026-09-12 17:05:00] [INFO] [OVERSTAY] Cron triggered
[2026-09-12 17:05:00] [INFO] ==================================================
[2026-09-12 17:05:00] [INFO] OVERSTAY CRON STARTED
[2026-09-12 17:05:00] [INFO] ==================================================
[2026-09-12 17:05:00] [INFO] [OVERSTAY] Current India Date/Time: 12/09/2026 17:05:00
[2026-09-12 17:05:00] [INFO] [OVERSTAY] Timezone: Asia/Kolkata
[2026-09-12 17:05:00] [INFO] [SUBSCRIPTION] Expiry cron triggered
[2026-09-12 17:05:00] [INFO] ==================================================
[2026-09-12 17:05:00] [INFO] SUBSCRIPTION EXPIRY CRON STARTED
[2026-09-12 17:05:00] [INFO] ==================================================
[2026-09-12 17:05:00] [INFO] [SUBSCRIPTION] Current India Date: 2026-09-12
[2026-09-12 17:05:00] [INFO] [OVERSTAY] Staying customers found: 0
[2026-09-12 17:05:00] [INFO] ==================================================
[2026-09-12 17:05:00] [INFO] OVERSTAY CRON COMPLETED
[2026-09-12 17:05:00] [INFO] ==================================================
[2026-09-12 17:05:00] [INFO] [SUBSCRIPTION] Subscriptions found: 0
[2026-09-12 17:05:00] [INFO] ==================================================
[2026-09-12 17:05:00] [INFO] SUBSCRIPTION EXPIRY CRON COMPLETED
[2026-09-12 17:05:00] [INFO] ==================================================
[2026-09-12 17:06:00] [INFO] [SUBSCRIPTION] Expiry cron triggered
[2026-09-12 17:06:00] [INFO] ==================================================
[2026-09-12 17:06:00] [INFO] SUBSCRIPTION EXPIRY CRON STARTED
[2026-09-12 17:06:00] [INFO] ==================================================
[2026-09-12 17:06:00] [INFO] [SUBSCRIPTION] Current India Date: 2026-09-12
[2026-09-12 17:06:00] [INFO] [OVERSTAY] Cron triggered
[2026-09-12 17:06:00] [INFO] ==================================================
[2026-09-12 17:06:00] [INFO] OVERSTAY CRON STARTED
[2026-09-12 17:06:00] [INFO] ==================================================
[2026-09-12 17:06:00] [INFO] [OVERSTAY] Current India Date/Time: 12/09/2026 17:06:00
[2026-09-12 17:06:00] [INFO] [OVERSTAY] Timezone: Asia/Kolkata
[2026-09-12 17:06:00] [INFO] [SUBSCRIPTION] Subscriptions found: 0
[2026-09-12 17:06:00] [INFO] ==================================================
[2026-09-12 17:06:00] [INFO] SUBSCRIPTION EXPIRY CRON COMPLETED
[2026-09-12 17:06:00] [INFO] ==================================================
[2026-09-12 17:06:00] [INFO] [OVERSTAY] Staying customers found: 0
[2026-09-12 17:06:00] [INFO] ==================================================
[2026-09-12 17:06:00] [INFO] OVERSTAY CRON COMPLETED
[2026-09-12 17:06:00] [INFO] ==================================================
[2026-09-12 17:07:00] [INFO] [SUBSCRIPTION] Expiry cron triggered
[2026-09-12 17:07:00] [INFO] ==================================================
[2026-09-12 17:07:00] [INFO] SUBSCRIPTION EXPIRY CRON STARTED
[2026-09-12 17:07:00] [INFO] ==================================================
[2026-09-12 17:07:00] [INFO] [SUBSCRIPTION] Current India Date: 2026-09-12
[2026-09-12 17:07:00] [INFO] [OVERSTAY] Cron triggered
[2026-09-12 17:07:00] [INFO] ==================================================
[2026-09-12 17:07:00] [INFO] OVERSTAY CRON STARTED
[2026-09-12 17:07:00] [INFO] ==================================================
[2026-09-12 17:07:00] [INFO] [OVERSTAY] Current India Date/Time: 12/09/2026 17:07:00
[2026-09-12 17:07:00] [INFO] [OVERSTAY] Timezone: Asia/Kolkata
[2026-09-12 17:07:00] [INFO] [SUBSCRIPTION] Subscriptions found: 0
[2026-09-12 17:07:00] [INFO] ==================================================
[2026-09-12 17:07:00] [INFO] SUBSCRIPTION EXPIRY CRON COMPLETED
[2026-09-12 17:07:00] [INFO] ==================================================
[2026-09-12 17:07:00] [INFO] [OVERSTAY] Staying customers found: 0
[2026-09-12 17:07:00] [INFO] ==================================================
[2026-09-12 17:07:00] [INFO] OVERSTAY CRON COMPLETED
[2026-09-12 17:07:00] [INFO] ==================================================
[2026-09-12 17:07:51] [INFO] [OVERSTAY] Overstay cron initialized successfully
[2026-09-12 17:07:51] [INFO] [OVERSTAY] Cron schedule: Every minute
[2026-09-12 17:07:51] [INFO] [OVERSTAY] Cron timezone: Asia/Kolkata
[2026-09-12 17:07:51] [INFO] ==================================================
[2026-09-12 17:07:51] [INFO] OVERSTAY CRON STARTED
[2026-09-12 17:07:51] [INFO] ==================================================
[2026-09-12 17:07:51] [INFO] [OVERSTAY] Current India Date/Time: 12/09/2026 17:07:51
[2026-09-12 17:07:51] [INFO] [OVERSTAY] Timezone: Asia/Kolkata
[2026-09-12 17:07:51] [INFO] [SUBSCRIPTION] Subscription expiry cron initialized successfully
[2026-09-12 17:07:51] [INFO] [SUBSCRIPTION] Cron schedule: Every minute
[2026-09-12 17:07:51] [INFO] [SUBSCRIPTION] Cron timezone: Asia/Kolkata
[2026-09-12 17:07:51] [INFO] ==================================================
[2026-09-12 17:07:51] [INFO] SUBSCRIPTION EXPIRY CRON STARTED
[2026-09-12 17:07:51] [INFO] ==================================================
[2026-09-12 17:07:51] [INFO] [SUBSCRIPTION] Current India Date: 2026-09-12
[2026-09-12 17:07:51] [INFO] [Logger] Running log cleanup check. Retention limit: 30 days.
[2026-09-12 17:07:51] [INFO] [Logger] Cleanup completed. No expired log files found.
[2026-09-12 17:07:51] [INFO] [Logger] Automated log cleanup scheduler started (runs every 24 hours).
[2026-09-12 17:07:51] [INFO] [Server] Server started and listening on port 5000
[2026-09-12 17:07:51] [INFO] [Database] MongoDB Connected successfully: 76.13.244.61
[2026-09-12 17:07:52] [INFO] [OVERSTAY] Staying customers found: 0
[2026-09-12 17:07:52] [INFO] ==================================================
[2026-09-12 17:07:52] [INFO] OVERSTAY CRON COMPLETED
[2026-09-12 17:07:52] [INFO] ==================================================
[2026-09-12 17:07:52] [INFO] [SUBSCRIPTION] Subscriptions found: 0
[2026-09-12 17:07:52] [INFO] ==================================================
[2026-09-12 17:07:52] [INFO] SUBSCRIPTION EXPIRY CRON COMPLETED
[2026-09-12 17:07:52] [INFO] ==================================================
[2026-09-12 17:07:52] [INFO] Admin user already exists
[2026-09-12 17:08:00] [INFO] [SUBSCRIPTION] Expiry cron triggered
[2026-09-12 17:08:00] [INFO] ==================================================
[2026-09-12 17:08:00] [INFO] SUBSCRIPTION EXPIRY CRON STARTED
[2026-09-12 17:08:00] [INFO] ==================================================
[2026-09-12 17:08:00] [INFO] [SUBSCRIPTION] Current India Date: 2026-09-12
[2026-09-12 17:08:00] [INFO] [OVERSTAY] Cron triggered
[2026-09-12 17:08:00] [INFO] ==================================================
[2026-09-12 17:08:00] [INFO] OVERSTAY CRON STARTED
[2026-09-12 17:08:00] [INFO] ==================================================
[2026-09-12 17:08:00] [INFO] [OVERSTAY] Current India Date/Time: 12/09/2026 17:08:00
[2026-09-12 17:08:00] [INFO] [OVERSTAY] Timezone: Asia/Kolkata
[2026-09-12 17:08:00] [INFO] [SUBSCRIPTION] Subscriptions found: 0
[2026-09-12 17:08:00] [INFO] ==================================================
[2026-09-12 17:08:00] [INFO] SUBSCRIPTION EXPIRY CRON COMPLETED
[2026-09-12 17:08:00] [INFO] ==================================================
[2026-09-12 17:08:00] [INFO] [OVERSTAY] Staying customers found: 0
[2026-09-12 17:08:00] [INFO] ==================================================
[2026-09-12 17:08:00] [INFO] OVERSTAY CRON COMPLETED
[2026-09-12 17:08:00] [INFO] ==================================================
[2026-09-12 17:09:00] [INFO] [OVERSTAY] Cron triggered
[2026-09-12 17:09:00] [INFO] ==================================================
[2026-09-12 17:09:00] [INFO] OVERSTAY CRON STARTED
[2026-09-12 17:09:00] [INFO] ==================================================
[2026-09-12 17:09:00] [INFO] [OVERSTAY] Current India Date/Time: 12/09/2026 17:09:00
[2026-09-12 17:09:00] [INFO] [OVERSTAY] Timezone: Asia/Kolkata
[2026-09-12 17:09:00] [INFO] [SUBSCRIPTION] Expiry cron triggered
[2026-09-12 17:09:00] [INFO] ==================================================
[2026-09-12 17:09:00] [INFO] SUBSCRIPTION EXPIRY CRON STARTED
[2026-09-12 17:09:00] [INFO] ==================================================
[2026-09-12 17:09:00] [INFO] [SUBSCRIPTION] Current India Date: 2026-09-12
[2026-09-12 17:09:00] [INFO] [SUBSCRIPTION] Subscriptions found: 0
[2026-09-12 17:09:00] [INFO] ==================================================
[2026-09-12 17:09:00] [INFO] SUBSCRIPTION EXPIRY CRON COMPLETED
[2026-09-12 17:09:00] [INFO] ==================================================
[2026-09-12 17:09:00] [INFO] [OVERSTAY] Staying customers found: 0
[2026-09-12 17:09:00] [INFO] ==================================================
[2026-09-12 17:09:00] [INFO] OVERSTAY CRON COMPLETED
[2026-09-12 17:09:00] [INFO] ==================================================
[2026-09-12 17:10:00] [INFO] [OVERSTAY] Cron triggered
[2026-09-12 17:10:00] [INFO] ==================================================
[2026-09-12 17:10:00] [INFO] OVERSTAY CRON STARTED
[2026-09-12 17:10:00] [INFO] ==================================================
[2026-09-12 17:10:00] [INFO] [OVERSTAY] Current India Date/Time: 12/09/2026 17:10:00
[2026-09-12 17:10:00] [INFO] [OVERSTAY] Timezone: Asia/Kolkata
[2026-09-12 17:10:00] [INFO] [SUBSCRIPTION] Expiry cron triggered
[2026-09-12 17:10:00] [INFO] ==================================================
[2026-09-12 17:10:00] [INFO] SUBSCRIPTION EXPIRY CRON STARTED
[2026-09-12 17:10:00] [INFO] ==================================================
[2026-09-12 17:10:00] [INFO] [SUBSCRIPTION] Current India Date: 2026-09-12
[2026-09-12 17:10:00] [INFO] [OVERSTAY] Staying customers found: 0
[2026-09-12 17:10:00] [INFO] ==================================================
[2026-09-12 17:10:00] [INFO] OVERSTAY CRON COMPLETED
[2026-09-12 17:10:00] [INFO] ==================================================
[2026-09-12 17:10:00] [INFO] [SUBSCRIPTION] Subscriptions found: 0
[2026-09-12 17:10:00] [INFO] ==================================================
[2026-09-12 17:10:00] [INFO] SUBSCRIPTION EXPIRY CRON COMPLETED
[2026-09-12 17:10:00] [INFO] ==================================================
[2026-09-12 17:11:00] [INFO] [OVERSTAY] Cron triggered
[2026-09-12 17:11:00] [INFO] ==================================================
[2026-09-12 17:11:00] [INFO] OVERSTAY CRON STARTED
[2026-09-12 17:11:00] [INFO] ==================================================
[2026-09-12 17:11:00] [INFO] [OVERSTAY] Current India Date/Time: 12/09/2026 17:11:00
[2026-09-12 17:11:00] [INFO] [OVERSTAY] Timezone: Asia/Kolkata
[2026-09-12 17:11:00] [INFO] [SUBSCRIPTION] Expiry cron triggered
[2026-09-12 17:11:00] [INFO] ==================================================
[2026-09-12 17:11:00] [INFO] SUBSCRIPTION EXPIRY CRON STARTED
[2026-09-12 17:11:00] [INFO] ==================================================
[2026-09-12 17:11:00] [INFO] [SUBSCRIPTION] Current India Date: 2026-09-12
[2026-09-12 17:11:00] [INFO] [OVERSTAY] Staying customers found: 0
[2026-09-12 17:11:00] [INFO] ==================================================
[2026-09-12 17:11:00] [INFO] OVERSTAY CRON COMPLETED
[2026-09-12 17:11:00] [INFO] ==================================================
[2026-09-12 17:11:00] [INFO] [SUBSCRIPTION] Subscriptions found: 0
[2026-09-12 17:11:00] [INFO] ==================================================
[2026-09-12 17:11:00] [INFO] SUBSCRIPTION EXPIRY CRON COMPLETED
[2026-09-12 17:11:00] [INFO] ==================================================
[2026-09-12 17:12:00] [INFO] [OVERSTAY] Cron triggered
[2026-09-12 17:12:00] [INFO] ==================================================
[2026-09-12 17:12:00] [INFO] OVERSTAY CRON STARTED
[2026-09-12 17:12:00] [INFO] ==================================================
[2026-09-12 17:12:00] [INFO] [OVERSTAY] Current India Date/Time: 12/09/2026 17:12:00
[2026-09-12 17:12:00] [INFO] [OVERSTAY] Timezone: Asia/Kolkata
[2026-09-12 17:12:00] [INFO] [SUBSCRIPTION] Expiry cron triggered
[2026-09-12 17:12:00] [INFO] ==================================================
[2026-09-12 17:12:00] [INFO] SUBSCRIPTION EXPIRY CRON STARTED
[2026-09-12 17:12:00] [INFO] ==================================================
[2026-09-12 17:12:00] [INFO] [SUBSCRIPTION] Current India Date: 2026-09-12
[2026-09-12 17:12:00] [INFO] [OVERSTAY] Staying customers found: 0
[2026-09-12 17:12:00] [INFO] ==================================================
[2026-09-12 17:12:00] [INFO] OVERSTAY CRON COMPLETED
[2026-09-12 17:12:00] [INFO] ==================================================
[2026-09-12 17:12:00] [INFO] [SUBSCRIPTION] Subscriptions found: 0
[2026-09-12 17:12:00] [INFO] ==================================================
[2026-09-12 17:12:00] [INFO] SUBSCRIPTION EXPIRY CRON COMPLETED
[2026-09-12 17:12:00] [INFO] ==================================================
[2026-09-12 17:13:00] [INFO] [OVERSTAY] Cron triggered
[2026-09-12 17:13:00] [INFO] ==================================================
[2026-09-12 17:13:00] [INFO] OVERSTAY CRON STARTED
[2026-09-12 17:13:00] [INFO] ==================================================
[2026-09-12 17:13:00] [INFO] [OVERSTAY] Current India Date/Time: 12/09/2026 17:13:00
[2026-09-12 17:13:00] [INFO] [OVERSTAY] Timezone: Asia/Kolkata
[2026-09-12 17:13:00] [INFO] [SUBSCRIPTION] Expiry cron triggered
[2026-09-12 17:13:00] [INFO] ==================================================
[2026-09-12 17:13:00] [INFO] SUBSCRIPTION EXPIRY CRON STARTED
[2026-09-12 17:13:00] [INFO] ==================================================
[2026-09-12 17:13:00] [INFO] [SUBSCRIPTION] Current India Date: 2026-09-12
[2026-09-12 17:13:00] [INFO] [OVERSTAY] Staying customers found: 0
[2026-09-12 17:13:00] [INFO] ==================================================
[2026-09-12 17:13:00] [INFO] OVERSTAY CRON COMPLETED
[2026-09-12 17:13:00] [INFO] ==================================================
[2026-09-12 17:13:00] [INFO] [SUBSCRIPTION] Subscriptions found: 0
[2026-09-12 17:13:00] [INFO] ==================================================
[2026-09-12 17:13:00] [INFO] SUBSCRIPTION EXPIRY CRON COMPLETED
[2026-09-12 17:13:00] [INFO] ==================================================
[2026-09-12 17:14:00] [INFO] [SUBSCRIPTION] Expiry cron triggered
[2026-09-12 17:14:00] [INFO] ==================================================
[2026-09-12 17:14:00] [INFO] SUBSCRIPTION EXPIRY CRON STARTED
[2026-09-12 17:14:00] [INFO] ==================================================
[2026-09-12 17:14:00] [INFO] [SUBSCRIPTION] Current India Date: 2026-09-12
[2026-09-12 17:14:00] [INFO] [OVERSTAY] Cron triggered
[2026-09-12 17:14:00] [INFO] ==================================================
[2026-09-12 17:14:00] [INFO] OVERSTAY CRON STARTED
[2026-09-12 17:14:00] [INFO] ==================================================
[2026-09-12 17:14:00] [INFO] [OVERSTAY] Current India Date/Time: 12/09/2026 17:14:00
[2026-09-12 17:14:00] [INFO] [OVERSTAY] Timezone: Asia/Kolkata
[2026-09-12 17:14:00] [INFO] [SUBSCRIPTION] Subscriptions found: 0
[2026-09-12 17:14:00] [INFO] ==================================================
[2026-09-12 17:14:00] [INFO] SUBSCRIPTION EXPIRY CRON COMPLETED
[2026-09-12 17:14:00] [INFO] ==================================================
[2026-09-12 17:14:00] [INFO] [OVERSTAY] Staying customers found: 0
[2026-09-12 17:14:00] [INFO] ==================================================
[2026-09-12 17:14:00] [INFO] OVERSTAY CRON COMPLETED
[2026-09-12 17:14:00] [INFO] ==================================================
[2026-09-12 17:15:00] [INFO] [SUBSCRIPTION] Expiry cron triggered
[2026-09-12 17:15:00] [INFO] ==================================================
[2026-09-12 17:15:00] [INFO] SUBSCRIPTION EXPIRY CRON STARTED
[2026-09-12 17:15:00] [INFO] ==================================================
[2026-09-12 17:15:00] [INFO] [SUBSCRIPTION] Current India Date: 2026-09-12
[2026-09-12 17:15:00] [INFO] [OVERSTAY] Cron triggered
[2026-09-12 17:15:00] [INFO] ==================================================
[2026-09-12 17:15:00] [INFO] OVERSTAY CRON STARTED
[2026-09-12 17:15:00] [INFO] ==================================================
[2026-09-12 17:15:00] [INFO] [OVERSTAY] Current India Date/Time: 12/09/2026 17:15:00
[2026-09-12 17:15:00] [INFO] [OVERSTAY] Timezone: Asia/Kolkata
[2026-09-12 17:15:00] [INFO] [SUBSCRIPTION] Subscriptions found: 0
[2026-09-12 17:15:00] [INFO] ==================================================
[2026-09-12 17:15:00] [INFO] SUBSCRIPTION EXPIRY CRON COMPLETED
[2026-09-12 17:15:00] [INFO] ==================================================
[2026-09-12 17:15:00] [INFO] [OVERSTAY] Staying customers found: 0
[2026-09-12 17:15:00] [INFO] ==================================================
[2026-09-12 17:15:00] [INFO] OVERSTAY CRON COMPLETED
[2026-09-12 17:15:00] [INFO] ==================================================
[2026-09-12 17:16:00] [INFO] [OVERSTAY] Cron triggered
[2026-09-12 17:16:00] [INFO] ==================================================
[2026-09-12 17:16:00] [INFO] OVERSTAY CRON STARTED
[2026-09-12 17:16:00] [INFO] ==================================================
[2026-09-12 17:16:00] [INFO] [OVERSTAY] Current India Date/Time: 12/09/2026 17:16:00
[2026-09-12 17:16:00] [INFO] [OVERSTAY] Timezone: Asia/Kolkata
[2026-09-12 17:16:00] [INFO] [SUBSCRIPTION] Expiry cron triggered
[2026-09-12 17:16:00] [INFO] ==================================================
[2026-09-12 17:16:00] [INFO] SUBSCRIPTION EXPIRY CRON STARTED
[2026-09-12 17:16:00] [INFO] ==================================================
[2026-09-12 17:16:00] [INFO] [SUBSCRIPTION] Current India Date: 2026-09-12
[2026-09-12 17:16:00] [INFO] [OVERSTAY] Staying customers found: 0
[2026-09-12 17:16:00] [INFO] ==================================================
[2026-09-12 17:16:00] [INFO] OVERSTAY CRON COMPLETED
[2026-09-12 17:16:00] [INFO] ==================================================
[2026-09-12 17:16:00] [INFO] [SUBSCRIPTION] Subscriptions found: 0
[2026-09-12 17:16:00] [INFO] ==================================================
[2026-09-12 17:16:00] [INFO] SUBSCRIPTION EXPIRY CRON COMPLETED
[2026-09-12 17:16:00] [INFO] ==================================================
[2026-09-12 17:17:00] [INFO] [OVERSTAY] Cron triggered
[2026-09-12 17:17:00] [INFO] ==================================================
[2026-09-12 17:17:00] [INFO] OVERSTAY CRON STARTED
[2026-09-12 17:17:00] [INFO] ==================================================
[2026-09-12 17:17:00] [INFO] [OVERSTAY] Current India Date/Time: 12/09/2026 17:17:00
[2026-09-12 17:17:00] [INFO] [OVERSTAY] Timezone: Asia/Kolkata
[2026-09-12 17:17:00] [INFO] [SUBSCRIPTION] Expiry cron triggered
[2026-09-12 17:17:00] [INFO] ==================================================
[2026-09-12 17:17:00] [INFO] SUBSCRIPTION EXPIRY CRON STARTED
[2026-09-12 17:17:00] [INFO] ==================================================
[2026-09-12 17:17:00] [INFO] [SUBSCRIPTION] Current India Date: 2026-09-12
[2026-09-12 17:17:00] [INFO] [OVERSTAY] Staying customers found: 0
[2026-09-12 17:17:00] [INFO] ==================================================
[2026-09-12 17:17:00] [INFO] OVERSTAY CRON COMPLETED
[2026-09-12 17:17:00] [INFO] ==================================================
[2026-09-12 17:17:00] [INFO] [SUBSCRIPTION] Subscriptions found: 0
[2026-09-12 17:17:00] [INFO] ==================================================
[2026-09-12 17:17:00] [INFO] SUBSCRIPTION EXPIRY CRON COMPLETED
[2026-09-12 17:17:00] [INFO] ==================================================
[2026-09-12 17:18:00] [INFO] [SUBSCRIPTION] Expiry cron triggered
[2026-09-12 17:18:00] [INFO] ==================================================
[2026-09-12 17:18:00] [INFO] SUBSCRIPTION EXPIRY CRON STARTED
[2026-09-12 17:18:00] [INFO] ==================================================
[2026-09-12 17:18:00] [INFO] [SUBSCRIPTION] Current India Date: 2026-09-12
[2026-09-12 17:18:00] [INFO] [OVERSTAY] Cron triggered
[2026-09-12 17:18:00] [INFO] ==================================================
[2026-09-12 17:18:00] [INFO] OVERSTAY CRON STARTED
[2026-09-12 17:18:00] [INFO] ==================================================
[2026-09-12 17:18:00] [INFO] [OVERSTAY] Current India Date/Time: 12/09/2026 17:18:00
[2026-09-12 17:18:00] [INFO] [OVERSTAY] Timezone: Asia/Kolkata
[2026-09-12 17:18:00] [INFO] [SUBSCRIPTION] Subscriptions found: 0
[2026-09-12 17:18:00] [INFO] ==================================================
[2026-09-12 17:18:00] [INFO] SUBSCRIPTION EXPIRY CRON COMPLETED
[2026-09-12 17:18:00] [INFO] ==================================================
[2026-09-12 17:18:00] [INFO] [OVERSTAY] Staying customers found: 0
[2026-09-12 17:18:00] [INFO] ==================================================
[2026-09-12 17:18:00] [INFO] OVERSTAY CRON COMPLETED
[2026-09-12 17:18:00] [INFO] ==================================================
[2026-09-12 17:19:00] [INFO] [SUBSCRIPTION] Expiry cron triggered
[2026-09-12 17:19:00] [INFO] ==================================================
[2026-09-12 17:19:00] [INFO] SUBSCRIPTION EXPIRY CRON STARTED
[2026-09-12 17:19:00] [INFO] ==================================================
[2026-09-12 17:19:00] [INFO] [SUBSCRIPTION] Current India Date: 2026-09-12
[2026-09-12 17:19:00] [INFO] [OVERSTAY] Cron triggered
[2026-09-12 17:19:00] [INFO] ==================================================
[2026-09-12 17:19:00] [INFO] OVERSTAY CRON STARTED
[2026-09-12 17:19:00] [INFO] ==================================================
[2026-09-12 17:19:00] [INFO] [OVERSTAY] Current India Date/Time: 12/09/2026 17:19:00
[2026-09-12 17:19:00] [INFO] [OVERSTAY] Timezone: Asia/Kolkata
[2026-09-12 17:19:00] [INFO] [SUBSCRIPTION] Subscriptions found: 0
[2026-09-12 17:19:00] [INFO] ==================================================
[2026-09-12 17:19:00] [INFO] SUBSCRIPTION EXPIRY CRON COMPLETED
[2026-09-12 17:19:00] [INFO] ==================================================
[2026-09-12 17:19:00] [INFO] [OVERSTAY] Staying customers found: 0
[2026-09-12 17:19:00] [INFO] ==================================================
[2026-09-12 17:19:00] [INFO] OVERSTAY CRON COMPLETED
[2026-09-12 17:19:00] [INFO] ==================================================
[2026-09-12 17:20:00] [INFO] [SUBSCRIPTION] Expiry cron triggered
[2026-09-12 17:20:00] [INFO] ==================================================
[2026-09-12 17:20:00] [INFO] SUBSCRIPTION EXPIRY CRON STARTED
[2026-09-12 17:20:00] [INFO] ==================================================
[2026-09-12 17:20:00] [INFO] [SUBSCRIPTION] Current India Date: 2026-09-12
[2026-09-12 17:20:00] [INFO] [OVERSTAY] Cron triggered
[2026-09-12 17:20:00] [INFO] ==================================================
[2026-09-12 17:20:00] [INFO] OVERSTAY CRON STARTED
[2026-09-12 17:20:00] [INFO] ==================================================
[2026-09-12 17:20:00] [INFO] [OVERSTAY] Current India Date/Time: 12/09/2026 17:20:00
[2026-09-12 17:20:00] [INFO] [OVERSTAY] Timezone: Asia/Kolkata
[2026-09-12 17:20:00] [INFO] [SUBSCRIPTION] Subscriptions found: 0
[2026-09-12 17:20:00] [INFO] ==================================================
[2026-09-12 17:20:00] [INFO] SUBSCRIPTION EXPIRY CRON COMPLETED
[2026-09-12 17:20:00] [INFO] ==================================================
[2026-09-12 17:20:00] [INFO] [OVERSTAY] Staying customers found: 0
[2026-09-12 17:20:00] [INFO] ==================================================
[2026-09-12 17:20:00] [INFO] OVERSTAY CRON COMPLETED
[2026-09-12 17:20:00] [INFO] ==================================================
[2026-09-12 17:21:00] [INFO] [SUBSCRIPTION] Expiry cron triggered
[2026-09-12 17:21:00] [INFO] ==================================================
[2026-09-12 17:21:00] [INFO] SUBSCRIPTION EXPIRY CRON STARTED
[2026-09-12 17:21:00] [INFO] ==================================================
[2026-09-12 17:21:00] [INFO] [SUBSCRIPTION] Current India Date: 2026-09-12
[2026-09-12 17:21:00] [INFO] [OVERSTAY] Cron triggered
[2026-09-12 17:21:00] [INFO] ==================================================
[2026-09-12 17:21:00] [INFO] OVERSTAY CRON STARTED
[2026-09-12 17:21:00] [INFO] ==================================================
[2026-09-12 17:21:00] [INFO] [OVERSTAY] Current India Date/Time: 12/09/2026 17:21:00
[2026-09-12 17:21:00] [INFO] [OVERSTAY] Timezone: Asia/Kolkata
[2026-09-12 17:21:00] [INFO] [SUBSCRIPTION] Subscriptions found: 0
[2026-09-12 17:21:00] [INFO] ==================================================
[2026-09-12 17:21:00] [INFO] SUBSCRIPTION EXPIRY CRON COMPLETED
[2026-09-12 17:21:00] [INFO] ==================================================
[2026-09-12 17:21:00] [INFO] [OVERSTAY] Staying customers found: 0
[2026-09-12 17:21:00] [INFO] ==================================================
[2026-09-12 17:21:00] [INFO] OVERSTAY CRON COMPLETED
[2026-09-12 17:21:00] [INFO] ==================================================
[2026-09-12 17:22:00] [INFO] [SUBSCRIPTION] Expiry cron triggered
[2026-09-12 17:22:00] [INFO] ==================================================
[2026-09-12 17:22:00] [INFO] SUBSCRIPTION EXPIRY CRON STARTED
[2026-09-12 17:22:00] [INFO] ==================================================
[2026-09-12 17:22:00] [INFO] [SUBSCRIPTION] Current India Date: 2026-09-12
[2026-09-12 17:22:00] [INFO] [OVERSTAY] Cron triggered
[2026-09-12 17:22:00] [INFO] ==================================================
[2026-09-12 17:22:00] [INFO] OVERSTAY CRON STARTED
[2026-09-12 17:22:00] [INFO] ==================================================
[2026-09-12 17:22:00] [INFO] [OVERSTAY] Current India Date/Time: 12/09/2026 17:22:00
[2026-09-12 17:22:00] [INFO] [OVERSTAY] Timezone: Asia/Kolkata
[2026-09-12 17:22:00] [INFO] [SUBSCRIPTION] Subscriptions found: 0
[2026-09-12 17:22:00] [INFO] ==================================================
[2026-09-12 17:22:00] [INFO] SUBSCRIPTION EXPIRY CRON COMPLETED
[2026-09-12 17:22:00] [INFO] ==================================================
[2026-09-12 17:22:00] [INFO] [OVERSTAY] Staying customers found: 0
[2026-09-12 17:22:00] [INFO] ==================================================
[2026-09-12 17:22:00] [INFO] OVERSTAY CRON COMPLETED
[2026-09-12 17:22:00] [INFO] ==================================================
[2026-09-12 17:23:00] [INFO] [SUBSCRIPTION] Expiry cron triggered
[2026-09-12 17:23:00] [INFO] ==================================================
[2026-09-12 17:23:00] [INFO] SUBSCRIPTION EXPIRY CRON STARTED
[2026-09-12 17:23:00] [INFO] ==================================================
[2026-09-12 17:23:00] [INFO] [SUBSCRIPTION] Current India Date: 2026-09-12
[2026-09-12 17:23:00] [INFO] [OVERSTAY] Cron triggered
[2026-09-12 17:23:00] [INFO] ==================================================
[2026-09-12 17:23:00] [INFO] OVERSTAY CRON STARTED
[2026-09-12 17:23:00] [INFO] ==================================================
[2026-09-12 17:23:00] [INFO] [OVERSTAY] Current India Date/Time: 12/09/2026 17:23:00
[2026-09-12 17:23:00] [INFO] [OVERSTAY] Timezone: Asia/Kolkata
[2026-09-12 17:23:00] [INFO] [SUBSCRIPTION] Subscriptions found: 0
[2026-09-12 17:23:00] [INFO] ==================================================
[2026-09-12 17:23:00] [INFO] SUBSCRIPTION EXPIRY CRON COMPLETED
[2026-09-12 17:23:00] [INFO] ==================================================
[2026-09-12 17:23:00] [INFO] [OVERSTAY] Staying customers found: 0
[2026-09-12 17:23:00] [INFO] ==================================================
[2026-09-12 17:23:00] [INFO] OVERSTAY CRON COMPLETED
[2026-09-12 17:23:00] [INFO] ==================================================
[2026-09-12 17:24:00] [INFO] [OVERSTAY] Cron triggered
[2026-09-12 17:24:00] [INFO] ==================================================
[2026-09-12 17:24:00] [INFO] OVERSTAY CRON STARTED
[2026-09-12 17:24:00] [INFO] ==================================================
[2026-09-12 17:24:00] [INFO] [OVERSTAY] Current India Date/Time: 12/09/2026 17:24:00
[2026-09-12 17:24:00] [INFO] [OVERSTAY] Timezone: Asia/Kolkata
[2026-09-12 17:24:00] [INFO] [SUBSCRIPTION] Expiry cron triggered
[2026-09-12 17:24:00] [INFO] ==================================================
[2026-09-12 17:24:00] [INFO] SUBSCRIPTION EXPIRY CRON STARTED
[2026-09-12 17:24:00] [INFO] ==================================================
[2026-09-12 17:24:00] [INFO] [SUBSCRIPTION] Current India Date: 2026-09-12
[2026-09-12 17:24:00] [INFO] [OVERSTAY] Staying customers found: 0
[2026-09-12 17:24:00] [INFO] ==================================================
[2026-09-12 17:24:00] [INFO] OVERSTAY CRON COMPLETED
[2026-09-12 17:24:00] [INFO] ==================================================
[2026-09-12 17:24:00] [INFO] [SUBSCRIPTION] Subscriptions found: 0
[2026-09-12 17:24:00] [INFO] ==================================================
[2026-09-12 17:24:00] [INFO] SUBSCRIPTION EXPIRY CRON COMPLETED
[2026-09-12 17:24:00] [INFO] ==================================================
[2026-09-12 17:25:00] [INFO] [SUBSCRIPTION] Expiry cron triggered
[2026-09-12 17:25:00] [INFO] ==================================================
[2026-09-12 17:25:00] [INFO] SUBSCRIPTION EXPIRY CRON STARTED
[2026-09-12 17:25:00] [INFO] ==================================================
[2026-09-12 17:25:00] [INFO] [SUBSCRIPTION] Current India Date: 2026-09-12
[2026-09-12 17:25:00] [INFO] [OVERSTAY] Cron triggered
[2026-09-12 17:25:00] [INFO] ==================================================
[2026-09-12 17:25:00] [INFO] OVERSTAY CRON STARTED
[2026-09-12 17:25:00] [INFO] ==================================================
[2026-09-12 17:25:00] [INFO] [OVERSTAY] Current India Date/Time: 12/09/2026 17:25:00
[2026-09-12 17:25:00] [INFO] [OVERSTAY] Timezone: Asia/Kolkata
[2026-09-12 17:25:00] [INFO] [SUBSCRIPTION] Subscriptions found: 0
[2026-09-12 17:25:00] [INFO] ==================================================
[2026-09-12 17:25:00] [INFO] SUBSCRIPTION EXPIRY CRON COMPLETED
[2026-09-12 17:25:00] [INFO] ==================================================
[2026-09-12 17:25:00] [INFO] [OVERSTAY] Staying customers found: 0
[2026-09-12 17:25:00] [INFO] ==================================================
[2026-09-12 17:25:00] [INFO] OVERSTAY CRON COMPLETED
[2026-09-12 17:25:00] [INFO] ==================================================
[2026-09-12 17:25:02] [INFO] Hotel registrations retrieved successfully. Total registrations: 1
[2026-09-12 17:25:02] [INFO] Hotel registrations retrieved successfully. Total registrations: 1
[2026-09-12 17:25:23] [INFO] INFO
[2026-09-12 17:25:23] [INFO] INFO
[2026-09-12 17:25:25] [INFO] User logged out: Jayam Manikandan
[2026-09-12 17:25:30] [INFO] Error sending OTP to jayamweb.designer2@gmail.com: Data command failed: 550-5.4.5 Daily user sending limit exceeded. For more information on Gmail
550-5.4.5 sending limits go to
550 5.4.5  https://support.google.com/a/answer/166852 a92af1059eb24-14365b759d0sm13895845c88.7 - gsmtp
[2026-09-12 17:25:30] [ERROR] [Send OTP] Error: Data command failed: 550-5.4.5 Daily user sending limit exceeded. For more information on Gmail
550-5.4.5 sending limits go to
550 5.4.5  https://support.google.com/a/answer/166852 a92af1059eb24-14365b759d0sm13895845c88.7 - gsmtp
[2026-09-12 17:26:00] [INFO] [SUBSCRIPTION] Expiry cron triggered
[2026-09-12 17:26:00] [INFO] ==================================================
[2026-09-12 17:26:00] [INFO] SUBSCRIPTION EXPIRY CRON STARTED
[2026-09-12 17:26:00] [INFO] ==================================================
[2026-09-12 17:26:00] [INFO] [SUBSCRIPTION] Current India Date: 2026-09-12
[2026-09-12 17:26:00] [INFO] [OVERSTAY] Cron triggered
[2026-09-12 17:26:00] [INFO] ==================================================
[2026-09-12 17:26:00] [INFO] OVERSTAY CRON STARTED
[2026-09-12 17:26:00] [INFO] ==================================================
[2026-09-12 17:26:00] [INFO] [OVERSTAY] Current India Date/Time: 12/09/2026 17:26:00
[2026-09-12 17:26:00] [INFO] [OVERSTAY] Timezone: Asia/Kolkata
[2026-09-12 17:26:00] [INFO] [SUBSCRIPTION] Subscriptions found: 0
[2026-09-12 17:26:00] [INFO] ==================================================
[2026-09-12 17:26:00] [INFO] SUBSCRIPTION EXPIRY CRON COMPLETED
[2026-09-12 17:26:00] [INFO] ==================================================
[2026-09-12 17:26:00] [INFO] [OVERSTAY] Staying customers found: 0
[2026-09-12 17:26:00] [INFO] ==================================================
[2026-09-12 17:26:00] [INFO] OVERSTAY CRON COMPLETED
[2026-09-12 17:26:00] [INFO] ==================================================
[2026-09-12 17:26:06] [INFO] Error sending OTP to jayamweb.designer2@gmail.com: Data command failed: 550-5.4.5 Daily user sending limit exceeded. For more information on Gmail
550-5.4.5 sending limits go to
550 5.4.5  https://support.google.com/a/answer/166852 98e67ed59e1d1-39d950913a6sm10281108a91.6 - gsmtp
[2026-09-12 17:26:06] [ERROR] [Send OTP] Error: Data command failed: 550-5.4.5 Daily user sending limit exceeded. For more information on Gmail
550-5.4.5 sending limits go to
550 5.4.5  https://support.google.com/a/answer/166852 98e67ed59e1d1-39d950913a6sm10281108a91.6 - gsmtp
[2026-09-12 17:27:00] [INFO] [OVERSTAY] Cron triggered
[2026-09-12 17:27:00] [INFO] ==================================================
[2026-09-12 17:27:00] [INFO] OVERSTAY CRON STARTED
[2026-09-12 17:27:00] [INFO] ==================================================
[2026-09-12 17:27:00] [INFO] [OVERSTAY] Current India Date/Time: 12/09/2026 17:27:00
[2026-09-12 17:27:00] [INFO] [OVERSTAY] Timezone: Asia/Kolkata
[2026-09-12 17:27:00] [INFO] [SUBSCRIPTION] Expiry cron triggered
[2026-09-12 17:27:00] [INFO] ==================================================
[2026-09-12 17:27:00] [INFO] SUBSCRIPTION EXPIRY CRON STARTED
[2026-09-12 17:27:00] [INFO] ==================================================
[2026-09-12 17:27:00] [INFO] [SUBSCRIPTION] Current India Date: 2026-09-12
[2026-09-12 17:27:00] [INFO] [OVERSTAY] Staying customers found: 0
[2026-09-12 17:27:00] [INFO] ==================================================
[2026-09-12 17:27:00] [INFO] OVERSTAY CRON COMPLETED
[2026-09-12 17:27:00] [INFO] ==================================================
[2026-09-12 17:27:00] [INFO] [SUBSCRIPTION] Subscriptions found: 0
[2026-09-12 17:27:00] [INFO] ==================================================
[2026-09-12 17:27:00] [INFO] SUBSCRIPTION EXPIRY CRON COMPLETED
[2026-09-12 17:27:00] [INFO] ==================================================
[2026-09-12 17:28:00] [INFO] [OVERSTAY] Cron triggered
[2026-09-12 17:28:00] [INFO] ==================================================
[2026-09-12 17:28:00] [INFO] OVERSTAY CRON STARTED
[2026-09-12 17:28:00] [INFO] ==================================================
[2026-09-12 17:28:00] [INFO] [OVERSTAY] Current India Date/Time: 12/09/2026 17:28:00
[2026-09-12 17:28:00] [INFO] [OVERSTAY] Timezone: Asia/Kolkata
[2026-09-12 17:28:00] [INFO] [SUBSCRIPTION] Expiry cron triggered
[2026-09-12 17:28:00] [INFO] ==================================================
[2026-09-12 17:28:00] [INFO] SUBSCRIPTION EXPIRY CRON STARTED
[2026-09-12 17:28:00] [INFO] ==================================================
[2026-09-12 17:28:00] [INFO] [SUBSCRIPTION] Current India Date: 2026-09-12
[2026-09-12 17:28:00] [INFO] [OVERSTAY] Staying customers found: 0
[2026-09-12 17:28:00] [INFO] ==================================================
[2026-09-12 17:28:00] [INFO] OVERSTAY CRON COMPLETED
[2026-09-12 17:28:00] [INFO] ==================================================
[2026-09-12 17:28:00] [INFO] [SUBSCRIPTION] Subscriptions found: 0
[2026-09-12 17:28:00] [INFO] ==================================================
[2026-09-12 17:28:00] [INFO] SUBSCRIPTION EXPIRY CRON COMPLETED
[2026-09-12 17:28:00] [INFO] ==================================================
[2026-09-12 17:29:00] [INFO] [OVERSTAY] Cron triggered
[2026-09-12 17:29:00] [INFO] ==================================================
[2026-09-12 17:29:00] [INFO] OVERSTAY CRON STARTED
[2026-09-12 17:29:00] [INFO] ==================================================
[2026-09-12 17:29:00] [INFO] [OVERSTAY] Current India Date/Time: 12/09/2026 17:29:00
[2026-09-12 17:29:00] [INFO] [OVERSTAY] Timezone: Asia/Kolkata
[2026-09-12 17:29:00] [INFO] [SUBSCRIPTION] Expiry cron triggered
[2026-09-12 17:29:00] [INFO] ==================================================
[2026-09-12 17:29:00] [INFO] SUBSCRIPTION EXPIRY CRON STARTED
[2026-09-12 17:29:00] [INFO] ==================================================
[2026-09-12 17:29:00] [INFO] [SUBSCRIPTION] Current India Date: 2026-09-12
[2026-09-12 17:29:00] [INFO] [OVERSTAY] Staying customers found: 0
[2026-09-12 17:29:00] [INFO] ==================================================
[2026-09-12 17:29:00] [INFO] OVERSTAY CRON COMPLETED
[2026-09-12 17:29:00] [INFO] ==================================================
[2026-09-12 17:29:00] [INFO] [SUBSCRIPTION] Subscriptions found: 0
[2026-09-12 17:29:00] [INFO] ==================================================
[2026-09-12 17:29:00] [INFO] SUBSCRIPTION EXPIRY CRON COMPLETED
[2026-09-12 17:29:00] [INFO] ==================================================
[2026-09-12 17:30:00] [INFO] [OVERSTAY] Cron triggered
[2026-09-12 17:30:00] [INFO] ==================================================
[2026-09-12 17:30:00] [INFO] OVERSTAY CRON STARTED
[2026-09-12 17:30:00] [INFO] ==================================================
[2026-09-12 17:30:00] [INFO] [OVERSTAY] Current India Date/Time: 12/09/2026 17:30:00
[2026-09-12 17:30:00] [INFO] [OVERSTAY] Timezone: Asia/Kolkata
[2026-09-12 17:30:00] [INFO] [SUBSCRIPTION] Expiry cron triggered
[2026-09-12 17:30:00] [INFO] ==================================================
[2026-09-12 17:30:00] [INFO] SUBSCRIPTION EXPIRY CRON STARTED
[2026-09-12 17:30:00] [INFO] ==================================================
[2026-09-12 17:30:00] [INFO] [SUBSCRIPTION] Current India Date: 2026-09-12
[2026-09-12 17:30:00] [INFO] [OVERSTAY] Staying customers found: 0
[2026-09-12 17:30:00] [INFO] ==================================================
[2026-09-12 17:30:00] [INFO] OVERSTAY CRON COMPLETED
[2026-09-12 17:30:00] [INFO] ==================================================
[2026-09-12 17:30:00] [INFO] [SUBSCRIPTION] Subscriptions found: 0
[2026-09-12 17:30:00] [INFO] ==================================================
[2026-09-12 17:30:00] [INFO] SUBSCRIPTION EXPIRY CRON COMPLETED
[2026-09-12 17:30:00] [INFO] ==================================================
[2026-09-12 17:31:00] [INFO] [OVERSTAY] Cron triggered
[2026-09-12 17:31:00] [INFO] ==================================================
[2026-09-12 17:31:00] [INFO] OVERSTAY CRON STARTED
[2026-09-12 17:31:00] [INFO] ==================================================
[2026-09-12 17:31:00] [INFO] [OVERSTAY] Current India Date/Time: 12/09/2026 17:31:00
[2026-09-12 17:31:00] [INFO] [OVERSTAY] Timezone: Asia/Kolkata
[2026-09-12 17:31:00] [INFO] [SUBSCRIPTION] Expiry cron triggered
[2026-09-12 17:31:00] [INFO] ==================================================
[2026-09-12 17:31:00] [INFO] SUBSCRIPTION EXPIRY CRON STARTED
[2026-09-12 17:31:00] [INFO] ==================================================
[2026-09-12 17:31:00] [INFO] [SUBSCRIPTION] Current India Date: 2026-09-12
[2026-09-12 17:31:00] [INFO] [OVERSTAY] Staying customers found: 0
[2026-09-12 17:31:00] [INFO] ==================================================
[2026-09-12 17:31:00] [INFO] OVERSTAY CRON COMPLETED
[2026-09-12 17:31:00] [INFO] ==================================================
[2026-09-12 17:31:00] [INFO] [SUBSCRIPTION] Subscriptions found: 0
[2026-09-12 17:31:00] [INFO] ==================================================
[2026-09-12 17:31:00] [INFO] SUBSCRIPTION EXPIRY CRON COMPLETED
[2026-09-12 17:31:00] [INFO] ==================================================
[2026-09-12 17:32:00] [INFO] [OVERSTAY] Cron triggered
[2026-09-12 17:32:00] [INFO] ==================================================
[2026-09-12 17:32:00] [INFO] OVERSTAY CRON STARTED
[2026-09-12 17:32:00] [INFO] ==================================================
[2026-09-12 17:32:00] [INFO] [OVERSTAY] Current India Date/Time: 12/09/2026 17:32:00
[2026-09-12 17:32:00] [INFO] [OVERSTAY] Timezone: Asia/Kolkata
[2026-09-12 17:32:00] [INFO] [SUBSCRIPTION] Expiry cron triggered
[2026-09-12 17:32:00] [INFO] ==================================================
[2026-09-12 17:32:00] [INFO] SUBSCRIPTION EXPIRY CRON STARTED
[2026-09-12 17:32:00] [INFO] ==================================================
[2026-09-12 17:32:00] [INFO] [SUBSCRIPTION] Current India Date: 2026-09-12
[2026-09-12 17:32:00] [INFO] [OVERSTAY] Staying customers found: 0
[2026-09-12 17:32:00] [INFO] ==================================================
[2026-09-12 17:32:00] [INFO] OVERSTAY CRON COMPLETED
[2026-09-12 17:32:00] [INFO] ==================================================
[2026-09-12 17:32:00] [INFO] [SUBSCRIPTION] Subscriptions found: 0
[2026-09-12 17:32:00] [INFO] ==================================================
[2026-09-12 17:32:00] [INFO] SUBSCRIPTION EXPIRY CRON COMPLETED
[2026-09-12 17:32:00] [INFO] ==================================================
[2026-09-12 17:33:00] [INFO] [OVERSTAY] Cron triggered
[2026-09-12 17:33:00] [INFO] ==================================================
[2026-09-12 17:33:00] [INFO] OVERSTAY CRON STARTED
[2026-09-12 17:33:00] [INFO] ==================================================
[2026-09-12 17:33:00] [INFO] [OVERSTAY] Current India Date/Time: 12/09/2026 17:33:00
[2026-09-12 17:33:00] [INFO] [OVERSTAY] Timezone: Asia/Kolkata
[2026-09-12 17:33:00] [INFO] [SUBSCRIPTION] Expiry cron triggered
[2026-09-12 17:33:00] [INFO] ==================================================
[2026-09-12 17:33:00] [INFO] SUBSCRIPTION EXPIRY CRON STARTED
[2026-09-12 17:33:00] [INFO] ==================================================
[2026-09-12 17:33:00] [INFO] [SUBSCRIPTION] Current India Date: 2026-09-12
[2026-09-12 17:33:00] [INFO] [OVERSTAY] Staying customers found: 0
[2026-09-12 17:33:00] [INFO] ==================================================
[2026-09-12 17:33:00] [INFO] OVERSTAY CRON COMPLETED
[2026-09-12 17:33:00] [INFO] ==================================================
[2026-09-12 17:33:00] [INFO] [SUBSCRIPTION] Subscriptions found: 0
[2026-09-12 17:33:00] [INFO] ==================================================
[2026-09-12 17:33:00] [INFO] SUBSCRIPTION EXPIRY CRON COMPLETED
[2026-09-12 17:33:00] [INFO] ==================================================
[2026-09-12 17:34:00] [INFO] [OVERSTAY] Cron triggered
[2026-09-12 17:34:00] [INFO] ==================================================
[2026-09-12 17:34:00] [INFO] OVERSTAY CRON STARTED
[2026-09-12 17:34:00] [INFO] ==================================================
[2026-09-12 17:34:00] [INFO] [OVERSTAY] Current India Date/Time: 12/09/2026 17:34:00
[2026-09-12 17:34:00] [INFO] [OVERSTAY] Timezone: Asia/Kolkata
[2026-09-12 17:34:00] [INFO] [SUBSCRIPTION] Expiry cron triggered
[2026-09-12 17:34:00] [INFO] ==================================================
[2026-09-12 17:34:00] [INFO] SUBSCRIPTION EXPIRY CRON STARTED
[2026-09-12 17:34:00] [INFO] ==================================================
[2026-09-12 17:34:00] [INFO] [SUBSCRIPTION] Current India Date: 2026-09-12
[2026-09-12 17:34:00] [INFO] [OVERSTAY] Staying customers found: 0
[2026-09-12 17:34:00] [INFO] ==================================================
[2026-09-12 17:34:00] [INFO] OVERSTAY CRON COMPLETED
[2026-09-12 17:34:00] [INFO] ==================================================
[2026-09-12 17:34:00] [INFO] [SUBSCRIPTION] Subscriptions found: 0
[2026-09-12 17:34:00] [INFO] ==================================================
[2026-09-12 17:34:00] [INFO] SUBSCRIPTION EXPIRY CRON COMPLETED
[2026-09-12 17:34:00] [INFO] ==================================================
[2026-09-12 17:35:00] [INFO] [OVERSTAY] Cron triggered
[2026-09-12 17:35:00] [INFO] ==================================================
[2026-09-12 17:35:00] [INFO] OVERSTAY CRON STARTED
[2026-09-12 17:35:00] [INFO] ==================================================
[2026-09-12 17:35:00] [INFO] [OVERSTAY] Current India Date/Time: 12/09/2026 17:35:00
[2026-09-12 17:35:00] [INFO] [OVERSTAY] Timezone: Asia/Kolkata
[2026-09-12 17:35:00] [INFO] [SUBSCRIPTION] Expiry cron triggered
[2026-09-12 17:35:00] [INFO] ==================================================
[2026-09-12 17:35:00] [INFO] SUBSCRIPTION EXPIRY CRON STARTED
[2026-09-12 17:35:00] [INFO] ==================================================
[2026-09-12 17:35:00] [INFO] [SUBSCRIPTION] Current India Date: 2026-09-12
[2026-09-12 17:35:00] [INFO] [OVERSTAY] Staying customers found: 0
[2026-09-12 17:35:00] [INFO] ==================================================
[2026-09-12 17:35:00] [INFO] OVERSTAY CRON COMPLETED
[2026-09-12 17:35:00] [INFO] ==================================================
[2026-09-12 17:35:00] [INFO] [SUBSCRIPTION] Subscriptions found: 0
[2026-09-12 17:35:00] [INFO] ==================================================
[2026-09-12 17:35:00] [INFO] SUBSCRIPTION EXPIRY CRON COMPLETED
[2026-09-12 17:35:00] [INFO] ==================================================
[2026-09-12 17:36:00] [INFO] [OVERSTAY] Cron triggered
[2026-09-12 17:36:00] [INFO] ==================================================
[2026-09-12 17:36:00] [INFO] OVERSTAY CRON STARTED
[2026-09-12 17:36:00] [INFO] ==================================================
[2026-09-12 17:36:00] [INFO] [OVERSTAY] Current India Date/Time: 12/09/2026 17:36:00
[2026-09-12 17:36:00] [INFO] [OVERSTAY] Timezone: Asia/Kolkata
[2026-09-12 17:36:00] [INFO] [SUBSCRIPTION] Expiry cron triggered
[2026-09-12 17:36:00] [INFO] ==================================================
[2026-09-12 17:36:00] [INFO] SUBSCRIPTION EXPIRY CRON STARTED
[2026-09-12 17:36:00] [INFO] ==================================================
[2026-09-12 17:36:00] [INFO] [SUBSCRIPTION] Current India Date: 2026-09-12
[2026-09-12 17:36:00] [INFO] [OVERSTAY] Staying customers found: 0
[2026-09-12 17:36:00] [INFO] ==================================================
[2026-09-12 17:36:00] [INFO] OVERSTAY CRON COMPLETED
[2026-09-12 17:36:00] [INFO] ==================================================
[2026-09-12 17:36:00] [INFO] [SUBSCRIPTION] Subscriptions found: 0
[2026-09-12 17:36:00] [INFO] ==================================================
[2026-09-12 17:36:00] [INFO] SUBSCRIPTION EXPIRY CRON COMPLETED
[2026-09-12 17:36:00] [INFO] ==================================================
[2026-09-12 17:37:00] [INFO] [OVERSTAY] Cron triggered
[2026-09-12 17:37:00] [INFO] ==================================================
[2026-09-12 17:37:00] [INFO] OVERSTAY CRON STARTED
[2026-09-12 17:37:00] [INFO] ==================================================
[2026-09-12 17:37:00] [INFO] [OVERSTAY] Current India Date/Time: 12/09/2026 17:37:00
[2026-09-12 17:37:00] [INFO] [OVERSTAY] Timezone: Asia/Kolkata
[2026-09-12 17:37:00] [INFO] [SUBSCRIPTION] Expiry cron triggered
[2026-09-12 17:37:00] [INFO] ==================================================
[2026-09-12 17:37:00] [INFO] SUBSCRIPTION EXPIRY CRON STARTED
[2026-09-12 17:37:00] [INFO] ==================================================
[2026-09-12 17:37:00] [INFO] [SUBSCRIPTION] Current India Date: 2026-09-12
[2026-09-12 17:37:00] [INFO] [OVERSTAY] Staying customers found: 0
[2026-09-12 17:37:00] [INFO] ==================================================
[2026-09-12 17:37:00] [INFO] OVERSTAY CRON COMPLETED
[2026-09-12 17:37:00] [INFO] ==================================================
[2026-09-12 17:37:00] [INFO] [SUBSCRIPTION] Subscriptions found: 0
[2026-09-12 17:37:00] [INFO] ==================================================
[2026-09-12 17:37:00] [INFO] SUBSCRIPTION EXPIRY CRON COMPLETED
[2026-09-12 17:37:00] [INFO] ==================================================
[2026-09-12 17:38:00] [INFO] [OVERSTAY] Cron triggered
[2026-09-12 17:38:00] [INFO] ==================================================
[2026-09-12 17:38:00] [INFO] OVERSTAY CRON STARTED
[2026-09-12 17:38:00] [INFO] ==================================================
[2026-09-12 17:38:00] [INFO] [OVERSTAY] Current India Date/Time: 12/09/2026 17:38:00
[2026-09-12 17:38:00] [INFO] [OVERSTAY] Timezone: Asia/Kolkata
[2026-09-12 17:38:00] [INFO] [SUBSCRIPTION] Expiry cron triggered
[2026-09-12 17:38:00] [INFO] ==================================================
[2026-09-12 17:38:00] [INFO] SUBSCRIPTION EXPIRY CRON STARTED
[2026-09-12 17:38:00] [INFO] ==================================================
[2026-09-12 17:38:00] [INFO] [SUBSCRIPTION] Current India Date: 2026-09-12
[2026-09-12 17:38:00] [INFO] [OVERSTAY] Staying customers found: 0
[2026-09-12 17:38:00] [INFO] ==================================================
[2026-09-12 17:38:00] [INFO] OVERSTAY CRON COMPLETED
[2026-09-12 17:38:00] [INFO] ==================================================
[2026-09-12 17:38:00] [INFO] [SUBSCRIPTION] Subscriptions found: 0
[2026-09-12 17:38:00] [INFO] ==================================================
[2026-09-12 17:38:00] [INFO] SUBSCRIPTION EXPIRY CRON COMPLETED
[2026-09-12 17:38:00] [INFO] ==================================================
[2026-09-12 17:39:00] [INFO] [OVERSTAY] Cron triggered
[2026-09-12 17:39:00] [INFO] ==================================================
[2026-09-12 17:39:00] [INFO] OVERSTAY CRON STARTED
[2026-09-12 17:39:00] [INFO] ==================================================
[2026-09-12 17:39:00] [INFO] [OVERSTAY] Current India Date/Time: 12/09/2026 17:39:00
[2026-09-12 17:39:00] [INFO] [OVERSTAY] Timezone: Asia/Kolkata
[2026-09-12 17:39:00] [INFO] [SUBSCRIPTION] Expiry cron triggered
[2026-09-12 17:39:00] [INFO] ==================================================
[2026-09-12 17:39:00] [INFO] SUBSCRIPTION EXPIRY CRON STARTED
[2026-09-12 17:39:00] [INFO] ==================================================
[2026-09-12 17:39:00] [INFO] [SUBSCRIPTION] Current India Date: 2026-09-12
[2026-09-12 17:39:00] [INFO] [OVERSTAY] Staying customers found: 0
[2026-09-12 17:39:00] [INFO] ==================================================
[2026-09-12 17:39:00] [INFO] OVERSTAY CRON COMPLETED
[2026-09-12 17:39:00] [INFO] ==================================================
[2026-09-12 17:39:00] [INFO] [SUBSCRIPTION] Subscriptions found: 0
[2026-09-12 17:39:00] [INFO] ==================================================
[2026-09-12 17:39:00] [INFO] SUBSCRIPTION EXPIRY CRON COMPLETED
[2026-09-12 17:39:00] [INFO] ==================================================
[2026-09-12 17:40:00] [INFO] [OVERSTAY] Cron triggered
[2026-09-12 17:40:00] [INFO] ==================================================
[2026-09-12 17:40:00] [INFO] OVERSTAY CRON STARTED
[2026-09-12 17:40:00] [INFO] ==================================================
[2026-09-12 17:40:00] [INFO] [OVERSTAY] Current India Date/Time: 12/09/2026 17:40:00
[2026-09-12 17:40:00] [INFO] [OVERSTAY] Timezone: Asia/Kolkata
[2026-09-12 17:40:00] [INFO] [SUBSCRIPTION] Expiry cron triggered
[2026-09-12 17:40:00] [INFO] ==================================================
[2026-09-12 17:40:00] [INFO] SUBSCRIPTION EXPIRY CRON STARTED
[2026-09-12 17:40:00] [INFO] ==================================================
[2026-09-12 17:40:00] [INFO] [SUBSCRIPTION] Current India Date: 2026-09-12
[2026-09-12 17:40:00] [INFO] [OVERSTAY] Staying customers found: 0
[2026-09-12 17:40:00] [INFO] ==================================================
[2026-09-12 17:40:00] [INFO] OVERSTAY CRON COMPLETED
[2026-09-12 17:40:00] [INFO] ==================================================
[2026-09-12 17:40:00] [INFO] [SUBSCRIPTION] Subscriptions found: 0
[2026-09-12 17:40:00] [INFO] ==================================================
[2026-09-12 17:40:00] [INFO] SUBSCRIPTION EXPIRY CRON COMPLETED
[2026-09-12 17:40:00] [INFO] ==================================================
[2026-09-12 17:41:00] [INFO] [OVERSTAY] Cron triggered
[2026-09-12 17:41:00] [INFO] ==================================================
[2026-09-12 17:41:00] [INFO] OVERSTAY CRON STARTED
[2026-09-12 17:41:00] [INFO] ==================================================
[2026-09-12 17:41:00] [INFO] [OVERSTAY] Current India Date/Time: 12/09/2026 17:41:00
[2026-09-12 17:41:00] [INFO] [OVERSTAY] Timezone: Asia/Kolkata
[2026-09-12 17:41:00] [INFO] [SUBSCRIPTION] Expiry cron triggered
[2026-09-12 17:41:00] [INFO] ==================================================
[2026-09-12 17:41:00] [INFO] SUBSCRIPTION EXPIRY CRON STARTED
[2026-09-12 17:41:00] [INFO] ==================================================
[2026-09-12 17:41:00] [INFO] [SUBSCRIPTION] Current India Date: 2026-09-12
[2026-09-12 17:41:00] [INFO] [OVERSTAY] Staying customers found: 0
[2026-09-12 17:41:00] [INFO] ==================================================
[2026-09-12 17:41:00] [INFO] OVERSTAY CRON COMPLETED
[2026-09-12 17:41:00] [INFO] ==================================================
[2026-09-12 17:41:00] [INFO] [SUBSCRIPTION] Subscriptions found: 0
[2026-09-12 17:41:00] [INFO] ==================================================
[2026-09-12 17:41:00] [INFO] SUBSCRIPTION EXPIRY CRON COMPLETED
[2026-09-12 17:41:00] [INFO] ==================================================
[2026-09-12 17:42:00] [INFO] [OVERSTAY] Cron triggered
[2026-09-12 17:42:00] [INFO] ==================================================
[2026-09-12 17:42:00] [INFO] OVERSTAY CRON STARTED
[2026-09-12 17:42:00] [INFO] ==================================================
[2026-09-12 17:42:00] [INFO] [OVERSTAY] Current India Date/Time: 12/09/2026 17:42:00
[2026-09-12 17:42:00] [INFO] [OVERSTAY] Timezone: Asia/Kolkata
[2026-09-12 17:42:00] [INFO] [SUBSCRIPTION] Expiry cron triggered
[2026-09-12 17:42:00] [INFO] ==================================================
[2026-09-12 17:42:00] [INFO] SUBSCRIPTION EXPIRY CRON STARTED
[2026-09-12 17:42:00] [INFO] ==================================================
[2026-09-12 17:42:00] [INFO] [SUBSCRIPTION] Current India Date: 2026-09-12
[2026-09-12 17:42:00] [INFO] [OVERSTAY] Staying customers found: 0
[2026-09-12 17:42:00] [INFO] ==================================================
[2026-09-12 17:42:00] [INFO] OVERSTAY CRON COMPLETED
[2026-09-12 17:42:00] [INFO] ==================================================
[2026-09-12 17:42:00] [INFO] [SUBSCRIPTION] Subscriptions found: 0
[2026-09-12 17:42:00] [INFO] ==================================================
[2026-09-12 17:42:00] [INFO] SUBSCRIPTION EXPIRY CRON COMPLETED
[2026-09-12 17:42:00] [INFO] ==================================================
[2026-09-12 17:43:00] [INFO] [OVERSTAY] Cron triggered
[2026-09-12 17:43:00] [INFO] ==================================================
[2026-09-12 17:43:00] [INFO] OVERSTAY CRON STARTED
[2026-09-12 17:43:00] [INFO] ==================================================
[2026-09-12 17:43:00] [INFO] [OVERSTAY] Current India Date/Time: 12/09/2026 17:43:00
[2026-09-12 17:43:00] [INFO] [OVERSTAY] Timezone: Asia/Kolkata
[2026-09-12 17:43:00] [INFO] [SUBSCRIPTION] Expiry cron triggered
[2026-09-12 17:43:00] [INFO] ==================================================
[2026-09-12 17:43:00] [INFO] SUBSCRIPTION EXPIRY CRON STARTED
[2026-09-12 17:43:00] [INFO] ==================================================
[2026-09-12 17:43:00] [INFO] [SUBSCRIPTION] Current India Date: 2026-09-12
[2026-09-12 17:43:00] [INFO] [OVERSTAY] Staying customers found: 0
[2026-09-12 17:43:00] [INFO] ==================================================
[2026-09-12 17:43:00] [INFO] OVERSTAY CRON COMPLETED
[2026-09-12 17:43:00] [INFO] ==================================================
[2026-09-12 17:43:00] [INFO] [SUBSCRIPTION] Subscriptions found: 0
[2026-09-12 17:43:00] [INFO] ==================================================
[2026-09-12 17:43:00] [INFO] SUBSCRIPTION EXPIRY CRON COMPLETED
[2026-09-12 17:43:00] [INFO] ==================================================
[2026-09-12 17:44:00] [INFO] [OVERSTAY] Cron triggered
[2026-09-12 17:44:00] [INFO] ==================================================
[2026-09-12 17:44:00] [INFO] OVERSTAY CRON STARTED
[2026-09-12 17:44:00] [INFO] ==================================================
[2026-09-12 17:44:00] [INFO] [OVERSTAY] Current India Date/Time: 12/09/2026 17:44:00
[2026-09-12 17:44:00] [INFO] [OVERSTAY] Timezone: Asia/Kolkata
[2026-09-12 17:44:00] [INFO] [SUBSCRIPTION] Expiry cron triggered
[2026-09-12 17:44:00] [INFO] ==================================================
[2026-09-12 17:44:00] [INFO] SUBSCRIPTION EXPIRY CRON STARTED
[2026-09-12 17:44:00] [INFO] ==================================================
[2026-09-12 17:44:00] [INFO] [SUBSCRIPTION] Current India Date: 2026-09-12
[2026-09-12 17:44:00] [INFO] [OVERSTAY] Staying customers found: 0
[2026-09-12 17:44:00] [INFO] ==================================================
[2026-09-12 17:44:00] [INFO] OVERSTAY CRON COMPLETED
[2026-09-12 17:44:00] [INFO] ==================================================
[2026-09-12 17:44:00] [INFO] [SUBSCRIPTION] Subscriptions found: 0
[2026-09-12 17:44:00] [INFO] ==================================================
[2026-09-12 17:44:00] [INFO] SUBSCRIPTION EXPIRY CRON COMPLETED
[2026-09-12 17:44:00] [INFO] ==================================================
[2026-09-12 17:45:00] [INFO] [OVERSTAY] Cron triggered
[2026-09-12 17:45:00] [INFO] ==================================================
[2026-09-12 17:45:00] [INFO] OVERSTAY CRON STARTED
[2026-09-12 17:45:00] [INFO] ==================================================
[2026-09-12 17:45:00] [INFO] [OVERSTAY] Current India Date/Time: 12/09/2026 17:45:00
[2026-09-12 17:45:00] [INFO] [OVERSTAY] Timezone: Asia/Kolkata
[2026-09-12 17:45:00] [INFO] [SUBSCRIPTION] Expiry cron triggered
[2026-09-12 17:45:00] [INFO] ==================================================
[2026-09-12 17:45:00] [INFO] SUBSCRIPTION EXPIRY CRON STARTED
[2026-09-12 17:45:00] [INFO] ==================================================
[2026-09-12 17:45:00] [INFO] [SUBSCRIPTION] Current India Date: 2026-09-12
[2026-09-12 17:45:00] [INFO] [OVERSTAY] Staying customers found: 0
[2026-09-12 17:45:00] [INFO] ==================================================
[2026-09-12 17:45:00] [INFO] OVERSTAY CRON COMPLETED
[2026-09-12 17:45:00] [INFO] ==================================================
[2026-09-12 17:45:00] [INFO] [SUBSCRIPTION] Subscriptions found: 0
[2026-09-12 17:45:00] [INFO] ==================================================
[2026-09-12 17:45:00] [INFO] SUBSCRIPTION EXPIRY CRON COMPLETED
[2026-09-12 17:45:00] [INFO] ==================================================
[2026-09-12 17:46:00] [INFO] [OVERSTAY] Cron triggered
[2026-09-12 17:46:00] [INFO] ==================================================
[2026-09-12 17:46:00] [INFO] OVERSTAY CRON STARTED
[2026-09-12 17:46:00] [INFO] ==================================================
[2026-09-12 17:46:00] [INFO] [OVERSTAY] Current India Date/Time: 12/09/2026 17:46:00
[2026-09-12 17:46:00] [INFO] [OVERSTAY] Timezone: Asia/Kolkata
[2026-09-12 17:46:00] [INFO] [SUBSCRIPTION] Expiry cron triggered
[2026-09-12 17:46:00] [INFO] ==================================================
[2026-09-12 17:46:00] [INFO] SUBSCRIPTION EXPIRY CRON STARTED
[2026-09-12 17:46:00] [INFO] ==================================================
[2026-09-12 17:46:00] [INFO] [SUBSCRIPTION] Current India Date: 2026-09-12
[2026-09-12 17:46:00] [INFO] [OVERSTAY] Staying customers found: 0
[2026-09-12 17:46:00] [INFO] ==================================================
[2026-09-12 17:46:00] [INFO] OVERSTAY CRON COMPLETED
[2026-09-12 17:46:00] [INFO] ==================================================
[2026-09-12 17:46:00] [INFO] [SUBSCRIPTION] Subscriptions found: 0
[2026-09-12 17:46:00] [INFO] ==================================================
[2026-09-12 17:46:00] [INFO] SUBSCRIPTION EXPIRY CRON COMPLETED
[2026-09-12 17:46:00] [INFO] ==================================================
[2026-09-12 17:46:40] [INFO] [OVERSTAY] Overstay cron initialized successfully
[2026-09-12 17:46:40] [INFO] [OVERSTAY] Cron schedule: Every minute
[2026-09-12 17:46:40] [INFO] [OVERSTAY] Cron timezone: Asia/Kolkata
[2026-09-12 17:46:40] [INFO] ==================================================
[2026-09-12 17:46:40] [INFO] OVERSTAY CRON STARTED
[2026-09-12 17:46:40] [INFO] ==================================================
[2026-09-12 17:46:40] [INFO] [OVERSTAY] Current India Date/Time: 12/09/2026 17:46:40
[2026-09-12 17:46:40] [INFO] [OVERSTAY] Timezone: Asia/Kolkata
[2026-09-12 17:46:40] [INFO] [SUBSCRIPTION] Subscription expiry cron initialized successfully
[2026-09-12 17:46:40] [INFO] [SUBSCRIPTION] Cron schedule: Every minute
[2026-09-12 17:46:40] [INFO] [SUBSCRIPTION] Cron timezone: Asia/Kolkata
[2026-09-12 17:46:40] [INFO] ==================================================
[2026-09-12 17:46:40] [INFO] SUBSCRIPTION EXPIRY CRON STARTED
[2026-09-12 17:46:40] [INFO] ==================================================
[2026-09-12 17:46:40] [INFO] [SUBSCRIPTION] Current India Date: 2026-09-12
[2026-09-12 17:46:40] [INFO] [Logger] Running log cleanup check. Retention limit: 30 days.
[2026-09-12 17:46:40] [INFO] [Logger] Cleanup completed. No expired log files found.
[2026-09-12 17:46:40] [INFO] [Logger] Automated log cleanup scheduler started (runs every 24 hours).
[2026-09-12 17:46:40] [INFO] [Server] Server started and listening on port 5000
[2026-09-12 17:46:41] [INFO] [Database] MongoDB Connected successfully: 76.13.244.61
[2026-09-12 17:46:41] [INFO] Admin user already exists
[2026-09-12 17:46:41] [INFO] [SUBSCRIPTION] Subscriptions found: 0
[2026-09-12 17:46:41] [INFO] ==================================================
[2026-09-12 17:46:41] [INFO] SUBSCRIPTION EXPIRY CRON COMPLETED
[2026-09-12 17:46:41] [INFO] ==================================================
[2026-09-12 17:46:41] [INFO] [OVERSTAY] Staying customers found: 0
[2026-09-12 17:46:41] [INFO] ==================================================
[2026-09-12 17:46:41] [INFO] OVERSTAY CRON COMPLETED
[2026-09-12 17:46:41] [INFO] ==================================================
[2026-09-12 17:47:00] [INFO] [OVERSTAY] Cron triggered
[2026-09-12 17:47:00] [INFO] ==================================================
[2026-09-12 17:47:00] [INFO] OVERSTAY CRON STARTED
[2026-09-12 17:47:00] [INFO] ==================================================
[2026-09-12 17:47:00] [INFO] [OVERSTAY] Current India Date/Time: 12/09/2026 17:47:00
[2026-09-12 17:47:00] [INFO] [OVERSTAY] Timezone: Asia/Kolkata
[2026-09-12 17:47:00] [INFO] [SUBSCRIPTION] Expiry cron triggered
[2026-09-12 17:47:00] [INFO] ==================================================
[2026-09-12 17:47:00] [INFO] SUBSCRIPTION EXPIRY CRON STARTED
[2026-09-12 17:47:00] [INFO] ==================================================
[2026-09-12 17:47:00] [INFO] [SUBSCRIPTION] Current India Date: 2026-09-12
[2026-09-12 17:47:00] [INFO] [OVERSTAY] Staying customers found: 0
[2026-09-12 17:47:00] [INFO] ==================================================
[2026-09-12 17:47:00] [INFO] OVERSTAY CRON COMPLETED
[2026-09-12 17:47:00] [INFO] ==================================================
[2026-09-12 17:47:00] [INFO] [SUBSCRIPTION] Subscriptions found: 0
[2026-09-12 17:47:00] [INFO] ==================================================
[2026-09-12 17:47:00] [INFO] SUBSCRIPTION EXPIRY CRON COMPLETED
[2026-09-12 17:47:00] [INFO] ==================================================
[2026-09-12 17:47:00] [INFO] [Auth Verify] Authentication token not found
[2026-09-12 17:47:00] [INFO] [Auth Verify] Authentication token not found
[2026-09-12 17:47:06] [INFO] Error sending OTP to jayamweb.designer2@gmail.com: Data command failed: 550-5.4.5 Daily user sending limit exceeded. For more information on Gmail
550-5.4.5 sending limits go to
550 5.4.5  https://support.google.com/a/answer/166852 a92af1059eb24-14365b345a4sm12671011c88.5 - gsmtp
[2026-09-12 17:47:06] [ERROR] [Send OTP] Error: Data command failed: 550-5.4.5 Daily user sending limit exceeded. For more information on Gmail
550-5.4.5 sending limits go to
550 5.4.5  https://support.google.com/a/answer/166852 a92af1059eb24-14365b345a4sm12671011c88.5 - gsmtp
[2026-09-12 17:47:29] [INFO] [OVERSTAY] Overstay cron initialized successfully
[2026-09-12 17:47:29] [INFO] [OVERSTAY] Cron schedule: Every minute
[2026-09-12 17:47:29] [INFO] [OVERSTAY] Cron timezone: Asia/Kolkata
[2026-09-12 17:47:29] [INFO] ==================================================
[2026-09-12 17:47:29] [INFO] OVERSTAY CRON STARTED
[2026-09-12 17:47:29] [INFO] ==================================================
[2026-09-12 17:47:29] [INFO] [OVERSTAY] Current India Date/Time: 12/09/2026 17:47:29
[2026-09-12 17:47:29] [INFO] [OVERSTAY] Timezone: Asia/Kolkata
[2026-09-12 17:47:29] [INFO] [SUBSCRIPTION] Subscription expiry cron initialized successfully
[2026-09-12 17:47:29] [INFO] [SUBSCRIPTION] Cron schedule: Every minute
[2026-09-12 17:47:29] [INFO] [SUBSCRIPTION] Cron timezone: Asia/Kolkata
[2026-09-12 17:47:29] [INFO] ==================================================
[2026-09-12 17:47:29] [INFO] SUBSCRIPTION EXPIRY CRON STARTED
[2026-09-12 17:47:29] [INFO] ==================================================
[2026-09-12 17:47:29] [INFO] [SUBSCRIPTION] Current India Date: 2026-09-12
[2026-09-12 17:47:29] [INFO] [Logger] Running log cleanup check. Retention limit: 30 days.
[2026-09-12 17:47:29] [INFO] [Logger] Cleanup completed. No expired log files found.
[2026-09-12 17:47:29] [INFO] [Logger] Automated log cleanup scheduler started (runs every 24 hours).
[2026-09-12 17:47:29] [INFO] [Server] Server started and listening on port 5000
[2026-09-12 17:47:29] [INFO] [Database] MongoDB Connected successfully: 76.13.244.61
[2026-09-12 17:47:30] [INFO] Admin user already exists
[2026-09-12 17:47:30] [INFO] [SUBSCRIPTION] Subscriptions found: 0
[2026-09-12 17:47:30] [INFO] ==================================================
[2026-09-12 17:47:30] [INFO] SUBSCRIPTION EXPIRY CRON COMPLETED
[2026-09-12 17:47:30] [INFO] ==================================================
[2026-09-12 17:47:30] [INFO] [OVERSTAY] Staying customers found: 0
[2026-09-12 17:47:30] [INFO] ==================================================
[2026-09-12 17:47:30] [INFO] OVERSTAY CRON COMPLETED
[2026-09-12 17:47:30] [INFO] ==================================================
[2026-09-12 17:47:31] [INFO] [Auth Verify] Authentication token not found
[2026-09-12 17:47:31] [INFO] [Auth Verify] Authentication token not found
[2026-09-12 17:48:00] [INFO] [OVERSTAY] Cron triggered
[2026-09-12 17:48:00] [INFO] ==================================================
[2026-09-12 17:48:00] [INFO] OVERSTAY CRON STARTED
[2026-09-12 17:48:00] [INFO] ==================================================
[2026-09-12 17:48:00] [INFO] [OVERSTAY] Current India Date/Time: 12/09/2026 17:48:00
[2026-09-12 17:48:00] [INFO] [OVERSTAY] Timezone: Asia/Kolkata
[2026-09-12 17:48:00] [INFO] [SUBSCRIPTION] Expiry cron triggered
[2026-09-12 17:48:00] [INFO] ==================================================
[2026-09-12 17:48:00] [INFO] SUBSCRIPTION EXPIRY CRON STARTED
[2026-09-12 17:48:00] [INFO] ==================================================
[2026-09-12 17:48:00] [INFO] [SUBSCRIPTION] Current India Date: 2026-09-12
[2026-09-12 17:48:00] [INFO] [OVERSTAY] Staying customers found: 0
[2026-09-12 17:48:00] [INFO] ==================================================
[2026-09-12 17:48:00] [INFO] OVERSTAY CRON COMPLETED
[2026-09-12 17:48:00] [INFO] ==================================================
[2026-09-12 17:48:00] [INFO] [SUBSCRIPTION] Subscriptions found: 0
[2026-09-12 17:48:00] [INFO] ==================================================
[2026-09-12 17:48:00] [INFO] SUBSCRIPTION EXPIRY CRON COMPLETED
[2026-09-12 17:48:00] [INFO] ==================================================
[2026-09-12 17:48:06] [INFO] Error sending OTP to jayamweb.designer2@gmail.com: Data command failed: 550-5.4.5 Daily user sending limit exceeded. For more information on Gmail
550-5.4.5 sending limits go to
550 5.4.5  https://support.google.com/a/answer/166852 5a478bee46e88-33ba4e95075sm13463007eec.11 - gsmtp
[2026-09-12 17:48:06] [ERROR] [Send OTP] Error: Data command failed: 550-5.4.5 Daily user sending limit exceeded. For more information on Gmail
550-5.4.5 sending limits go to
550 5.4.5  https://support.google.com/a/answer/166852 5a478bee46e88-33ba4e95075sm13463007eec.11 - gsmtp
[2026-09-12 17:48:16] [INFO] [OVERSTAY] Overstay cron initialized successfully
[2026-09-12 17:48:16] [INFO] [OVERSTAY] Cron schedule: Every minute
[2026-09-12 17:48:16] [INFO] [OVERSTAY] Cron timezone: Asia/Kolkata
[2026-09-12 17:48:16] [INFO] ==================================================
[2026-09-12 17:48:16] [INFO] OVERSTAY CRON STARTED
[2026-09-12 17:48:16] [INFO] ==================================================
[2026-09-12 17:48:16] [INFO] [OVERSTAY] Current India Date/Time: 12/09/2026 17:48:16
[2026-09-12 17:48:16] [INFO] [OVERSTAY] Timezone: Asia/Kolkata
[2026-09-12 17:48:16] [INFO] [SUBSCRIPTION] Subscription expiry cron initialized successfully
[2026-09-12 17:48:16] [INFO] [SUBSCRIPTION] Cron schedule: Every minute
[2026-09-12 17:48:16] [INFO] [SUBSCRIPTION] Cron timezone: Asia/Kolkata
[2026-09-12 17:48:16] [INFO] ==================================================
[2026-09-12 17:48:16] [INFO] SUBSCRIPTION EXPIRY CRON STARTED
[2026-09-12 17:48:16] [INFO] ==================================================
[2026-09-12 17:48:16] [INFO] [SUBSCRIPTION] Current India Date: 2026-09-12
[2026-09-12 17:48:16] [INFO] [Logger] Running log cleanup check. Retention limit: 30 days.
[2026-09-12 17:48:16] [INFO] [Logger] Cleanup completed. No expired log files found.
[2026-09-12 17:48:16] [INFO] [Logger] Automated log cleanup scheduler started (runs every 24 hours).
[2026-09-12 17:48:16] [INFO] [Server] Server started and listening on port 5000
[2026-09-12 17:48:16] [INFO] [Database] MongoDB Connected successfully: 76.13.244.61
[2026-09-12 17:48:17] [INFO] [OVERSTAY] Staying customers found: 0
[2026-09-12 17:48:17] [INFO] ==================================================
[2026-09-12 17:48:17] [INFO] OVERSTAY CRON COMPLETED
[2026-09-12 17:48:17] [INFO] ==================================================
[2026-09-12 17:48:17] [INFO] [SUBSCRIPTION] Subscriptions found: 0
[2026-09-12 17:48:17] [INFO] ==================================================
[2026-09-12 17:48:17] [INFO] SUBSCRIPTION EXPIRY CRON COMPLETED
[2026-09-12 17:48:17] [INFO] ==================================================
[2026-09-12 17:48:17] [INFO] Admin user already exists
[2026-09-12 17:48:23] [INFO] Error sending OTP to jayamweb.designer2@gmail.com: Data command failed: 550-5.4.5 Daily user sending limit exceeded. For more information on Gmail
550-5.4.5 sending limits go to
550 5.4.5  https://support.google.com/a/answer/166852 98e67ed59e1d1-39d95091214sm10762766a91.3 - gsmtp
[2026-09-12 17:48:23] [ERROR] [Send OTP] Error: Data command failed: 550-5.4.5 Daily user sending limit exceeded. For more information on Gmail
550-5.4.5 sending limits go to
550 5.4.5  https://support.google.com/a/answer/166852 98e67ed59e1d1-39d95091214sm10762766a91.3 - gsmtp
[2026-09-12 17:49:00] [INFO] [OVERSTAY] Cron triggered
[2026-09-12 17:49:00] [INFO] ==================================================
[2026-09-12 17:49:00] [INFO] OVERSTAY CRON STARTED
[2026-09-12 17:49:00] [INFO] ==================================================
[2026-09-12 17:49:00] [INFO] [OVERSTAY] Current India Date/Time: 12/09/2026 17:49:00
[2026-09-12 17:49:00] [INFO] [OVERSTAY] Timezone: Asia/Kolkata
[2026-09-12 17:49:00] [INFO] [SUBSCRIPTION] Expiry cron triggered
[2026-09-12 17:49:00] [INFO] ==================================================
[2026-09-12 17:49:00] [INFO] SUBSCRIPTION EXPIRY CRON STARTED
[2026-09-12 17:49:00] [INFO] ==================================================
[2026-09-12 17:49:00] [INFO] [SUBSCRIPTION] Current India Date: 2026-09-12
[2026-09-12 17:49:00] [INFO] [OVERSTAY] Staying customers found: 0
[2026-09-12 17:49:00] [INFO] ==================================================
[2026-09-12 17:49:00] [INFO] OVERSTAY CRON COMPLETED
[2026-09-12 17:49:00] [INFO] ==================================================
[2026-09-12 17:49:00] [INFO] [SUBSCRIPTION] Subscriptions found: 0
[2026-09-12 17:49:00] [INFO] ==================================================
[2026-09-12 17:49:00] [INFO] SUBSCRIPTION EXPIRY CRON COMPLETED
[2026-09-12 17:49:00] [INFO] ==================================================
[2026-09-12 17:49:40] [INFO] [Auth Verify] Authentication token not found
[2026-09-12 17:49:40] [INFO] [Auth Verify] Authentication token not found
[2026-09-12 17:49:45] [INFO] Error sending OTP to jayamweb.designer2@gmail.com: Data command failed: 550-5.4.5 Daily user sending limit exceeded. For more information on Gmail
550-5.4.5 sending limits go to
550 5.4.5  https://support.google.com/a/answer/166852 5a478bee46e88-33ba4f1e434sm13406446eec.22 - gsmtp
[2026-09-12 17:49:45] [ERROR] [Send OTP] Error: Data command failed: 550-5.4.5 Daily user sending limit exceeded. For more information on Gmail
550-5.4.5 sending limits go to
550 5.4.5  https://support.google.com/a/answer/166852 5a478bee46e88-33ba4f1e434sm13406446eec.22 - gsmtp
[2026-09-12 17:50:00] [INFO] [OVERSTAY] Cron triggered
[2026-09-12 17:50:00] [INFO] ==================================================
[2026-09-12 17:50:00] [INFO] OVERSTAY CRON STARTED
[2026-09-12 17:50:00] [INFO] ==================================================
[2026-09-12 17:50:00] [INFO] [OVERSTAY] Current India Date/Time: 12/09/2026 17:50:00
[2026-09-12 17:50:00] [INFO] [OVERSTAY] Timezone: Asia/Kolkata
[2026-09-12 17:50:00] [INFO] [SUBSCRIPTION] Expiry cron triggered
[2026-09-12 17:50:00] [INFO] ==================================================
[2026-09-12 17:50:00] [INFO] SUBSCRIPTION EXPIRY CRON STARTED
[2026-09-12 17:50:00] [INFO] ==================================================
[2026-09-12 17:50:00] [INFO] [SUBSCRIPTION] Current India Date: 2026-09-12
[2026-09-12 17:50:00] [INFO] [OVERSTAY] Staying customers found: 0
[2026-09-12 17:50:00] [INFO] ==================================================
[2026-09-12 17:50:00] [INFO] OVERSTAY CRON COMPLETED
[2026-09-12 17:50:00] [INFO] ==================================================
[2026-09-12 17:50:00] [INFO] [SUBSCRIPTION] Subscriptions found: 0
[2026-09-12 17:50:00] [INFO] ==================================================
[2026-09-12 17:50:00] [INFO] SUBSCRIPTION EXPIRY CRON COMPLETED
[2026-09-12 17:50:00] [INFO] ==================================================
[2026-09-12 17:50:18] [INFO] Error sending OTP to jayamweb.designer2@gmail.com: Data command failed: 550-5.4.5 Daily user sending limit exceeded. For more information on Gmail
550-5.4.5 sending limits go to
550 5.4.5  https://support.google.com/a/answer/166852 98e67ed59e1d1-39d95095946sm10458565a91.5 - gsmtp
[2026-09-12 17:50:18] [ERROR] [Send OTP] Error: Data command failed: 550-5.4.5 Daily user sending limit exceeded. For more information on Gmail
550-5.4.5 sending limits go to
550 5.4.5  https://support.google.com/a/answer/166852 98e67ed59e1d1-39d95095946sm10458565a91.5 - gsmtp
[2026-09-12 17:50:24] [INFO] [Auth Verify] Authentication token not found
[2026-09-12 17:50:24] [INFO] [Auth Verify] Authentication token not found
[2026-09-12 17:50:30] [INFO] Error sending OTP to jayamweb.designer2@gmail.com: Data command failed: 550-5.4.5 Daily user sending limit exceeded. For more information on Gmail
550-5.4.5 sending limits go to
550 5.4.5  https://support.google.com/a/answer/166852 a92af1059eb24-14365b345a4sm12683942c88.5 - gsmtp
[2026-09-12 17:50:30] [ERROR] [Send OTP] Error: Data command failed: 550-5.4.5 Daily user sending limit exceeded. For more information on Gmail
550-5.4.5 sending limits go to
550 5.4.5  https://support.google.com/a/answer/166852 a92af1059eb24-14365b345a4sm12683942c88.5 - gsmtp
[2026-09-12 17:50:49] [INFO] Error sending OTP to jayamweb.designer2@gmail.com: Data command failed: 550-5.4.5 Daily user sending limit exceeded. For more information on Gmail
550-5.4.5 sending limits go to
550 5.4.5  https://support.google.com/a/answer/166852 98e67ed59e1d1-39da6016718sm7650752a91.15 - gsmtp
[2026-09-12 17:50:49] [ERROR] [Send OTP] Error: Data command failed: 550-5.4.5 Daily user sending limit exceeded. For more information on Gmail
550-5.4.5 sending limits go to
550 5.4.5  https://support.google.com/a/answer/166852 98e67ed59e1d1-39da6016718sm7650752a91.15 - gsmtp
[2026-09-12 17:51:00] [INFO] [OVERSTAY] Cron triggered
[2026-09-12 17:51:00] [INFO] ==================================================
[2026-09-12 17:51:00] [INFO] OVERSTAY CRON STARTED
[2026-09-12 17:51:00] [INFO] ==================================================
[2026-09-12 17:51:00] [INFO] [OVERSTAY] Current India Date/Time: 12/09/2026 17:51:00
[2026-09-12 17:51:00] [INFO] [OVERSTAY] Timezone: Asia/Kolkata
[2026-09-12 17:51:00] [INFO] [SUBSCRIPTION] Expiry cron triggered
[2026-09-12 17:51:00] [INFO] ==================================================
[2026-09-12 17:51:00] [INFO] SUBSCRIPTION EXPIRY CRON STARTED
[2026-09-12 17:51:00] [INFO] ==================================================
[2026-09-12 17:51:00] [INFO] [SUBSCRIPTION] Current India Date: 2026-09-12
[2026-09-12 17:51:00] [INFO] [OVERSTAY] Staying customers found: 0
[2026-09-12 17:51:00] [INFO] ==================================================
[2026-09-12 17:51:00] [INFO] OVERSTAY CRON COMPLETED
[2026-09-12 17:51:00] [INFO] ==================================================
[2026-09-12 17:51:00] [INFO] [SUBSCRIPTION] Subscriptions found: 0
[2026-09-12 17:51:00] [INFO] ==================================================
[2026-09-12 17:51:00] [INFO] SUBSCRIPTION EXPIRY CRON COMPLETED
[2026-09-12 17:51:00] [INFO] ==================================================
[2026-09-12 17:51:22] [INFO] [OVERSTAY] Overstay cron initialized successfully
[2026-09-12 17:51:22] [INFO] [OVERSTAY] Cron schedule: Every minute
[2026-09-12 17:51:22] [INFO] [OVERSTAY] Cron timezone: Asia/Kolkata
[2026-09-12 17:51:22] [INFO] ==================================================
[2026-09-12 17:51:22] [INFO] OVERSTAY CRON STARTED
[2026-09-12 17:51:22] [INFO] ==================================================
[2026-09-12 17:51:22] [INFO] [OVERSTAY] Current India Date/Time: 12/09/2026 17:51:22
[2026-09-12 17:51:22] [INFO] [OVERSTAY] Timezone: Asia/Kolkata
[2026-09-12 17:51:22] [INFO] [SUBSCRIPTION] Subscription expiry cron initialized successfully
[2026-09-12 17:51:22] [INFO] [SUBSCRIPTION] Cron schedule: Every minute
[2026-09-12 17:51:22] [INFO] [SUBSCRIPTION] Cron timezone: Asia/Kolkata
[2026-09-12 17:51:22] [INFO] ==================================================
[2026-09-12 17:51:22] [INFO] SUBSCRIPTION EXPIRY CRON STARTED
[2026-09-12 17:51:22] [INFO] ==================================================
[2026-09-12 17:51:22] [INFO] [SUBSCRIPTION] Current India Date: 2026-09-12
[2026-09-12 17:51:22] [INFO] [Logger] Running log cleanup check. Retention limit: 30 days.
[2026-09-12 17:51:22] [INFO] [Logger] Cleanup completed. No expired log files found.
[2026-09-12 17:51:22] [INFO] [Logger] Automated log cleanup scheduler started (runs every 24 hours).
[2026-09-12 17:51:22] [INFO] [Server] Server started and listening on port 5000
[2026-09-12 17:51:22] [INFO] [Database] MongoDB Connected successfully: 76.13.244.61
[2026-09-12 17:51:22] [INFO] Admin user already exists
[2026-09-12 17:51:22] [INFO] [OVERSTAY] Staying customers found: 0
[2026-09-12 17:51:22] [INFO] ==================================================
[2026-09-12 17:51:22] [INFO] OVERSTAY CRON COMPLETED
[2026-09-12 17:51:22] [INFO] ==================================================
[2026-09-12 17:51:22] [INFO] [SUBSCRIPTION] Subscriptions found: 0
[2026-09-12 17:51:22] [INFO] ==================================================
[2026-09-12 17:51:22] [INFO] SUBSCRIPTION EXPIRY CRON COMPLETED
[2026-09-12 17:51:22] [INFO] ==================================================
[2026-09-12 17:51:29] [INFO] [Auth Verify] Authentication token not found
[2026-09-12 17:51:29] [INFO] [Auth Verify] Authentication token not found
[2026-09-12 17:51:33] [INFO] Error sending OTP to jayamweb.designer2@gmail.com: Data command failed: 550-5.4.5 Daily user sending limit exceeded. For more information on Gmail
550-5.4.5 sending limits go to
550 5.4.5  https://support.google.com/a/answer/166852 5a478bee46e88-33ba4b1f409sm15526983eec.0 - gsmtp
[2026-09-12 17:51:33] [ERROR] [Send OTP] Error: Data command failed: 550-5.4.5 Daily user sending limit exceeded. For more information on Gmail
550-5.4.5 sending limits go to
550 5.4.5  https://support.google.com/a/answer/166852 5a478bee46e88-33ba4b1f409sm15526983eec.0 - gsmtp
[2026-09-12 17:52:00] [INFO] [OVERSTAY] Cron triggered
[2026-09-12 17:52:00] [INFO] ==================================================
[2026-09-12 17:52:00] [INFO] OVERSTAY CRON STARTED
[2026-09-12 17:52:00] [INFO] ==================================================
[2026-09-12 17:52:00] [INFO] [OVERSTAY] Current India Date/Time: 12/09/2026 17:52:00
[2026-09-12 17:52:00] [INFO] [OVERSTAY] Timezone: Asia/Kolkata
[2026-09-12 17:52:00] [INFO] [SUBSCRIPTION] Expiry cron triggered
[2026-09-12 17:52:00] [INFO] ==================================================
[2026-09-12 17:52:00] [INFO] SUBSCRIPTION EXPIRY CRON STARTED
[2026-09-12 17:52:00] [INFO] ==================================================
[2026-09-12 17:52:00] [INFO] [SUBSCRIPTION] Current India Date: 2026-09-12
[2026-09-12 17:52:00] [INFO] [OVERSTAY] Staying customers found: 0
[2026-09-12 17:52:00] [INFO] ==================================================
[2026-09-12 17:52:00] [INFO] OVERSTAY CRON COMPLETED
[2026-09-12 17:52:00] [INFO] ==================================================
[2026-09-12 17:52:00] [INFO] [SUBSCRIPTION] Subscriptions found: 0
[2026-09-12 17:52:00] [INFO] ==================================================
[2026-09-12 17:52:00] [INFO] SUBSCRIPTION EXPIRY CRON COMPLETED
[2026-09-12 17:52:00] [INFO] ==================================================
[2026-09-12 17:52:56] [INFO] [OVERSTAY] Overstay cron initialized successfully
[2026-09-12 17:52:56] [INFO] [OVERSTAY] Cron schedule: Every minute
[2026-09-12 17:52:56] [INFO] [OVERSTAY] Cron timezone: Asia/Kolkata
[2026-09-12 17:52:56] [INFO] ==================================================
[2026-09-12 17:52:56] [INFO] OVERSTAY CRON STARTED
[2026-09-12 17:52:56] [INFO] ==================================================
[2026-09-12 17:52:56] [INFO] [OVERSTAY] Current India Date/Time: 12/09/2026 17:52:56
[2026-09-12 17:52:56] [INFO] [OVERSTAY] Timezone: Asia/Kolkata
[2026-09-12 17:52:56] [INFO] [SUBSCRIPTION] Subscription expiry cron initialized successfully
[2026-09-12 17:52:56] [INFO] [SUBSCRIPTION] Cron schedule: Every minute
[2026-09-12 17:52:56] [INFO] [SUBSCRIPTION] Cron timezone: Asia/Kolkata
[2026-09-12 17:52:56] [INFO] ==================================================
[2026-09-12 17:52:56] [INFO] SUBSCRIPTION EXPIRY CRON STARTED
[2026-09-12 17:52:56] [INFO] ==================================================
[2026-09-12 17:52:56] [INFO] [SUBSCRIPTION] Current India Date: 2026-09-12
[2026-09-12 17:52:57] [INFO] [Logger] Running log cleanup check. Retention limit: 30 days.
[2026-09-12 17:52:57] [INFO] [Logger] Cleanup completed. No expired log files found.
[2026-09-12 17:52:57] [INFO] [Logger] Automated log cleanup scheduler started (runs every 24 hours).
[2026-09-12 17:52:57] [INFO] [Server] Server started and listening on port 5000
[2026-09-12 17:52:57] [INFO] [Database] MongoDB Connected successfully: 76.13.244.61
[2026-09-12 17:52:57] [INFO] Admin user already exists
[2026-09-12 17:52:57] [INFO] [OVERSTAY] Staying customers found: 0
[2026-09-12 17:52:57] [INFO] ==================================================
[2026-09-12 17:52:57] [INFO] OVERSTAY CRON COMPLETED
[2026-09-12 17:52:57] [INFO] ==================================================
[2026-09-12 17:52:57] [INFO] [SUBSCRIPTION] Subscriptions found: 0
[2026-09-12 17:52:57] [INFO] ==================================================
[2026-09-12 17:52:57] [INFO] SUBSCRIPTION EXPIRY CRON COMPLETED
[2026-09-12 17:52:57] [INFO] ==================================================
[2026-09-12 17:53:00] [INFO] [OVERSTAY] Cron triggered
[2026-09-12 17:53:00] [INFO] ==================================================
[2026-09-12 17:53:00] [INFO] OVERSTAY CRON STARTED
[2026-09-12 17:53:00] [INFO] ==================================================
[2026-09-12 17:53:00] [INFO] [OVERSTAY] Current India Date/Time: 12/09/2026 17:53:00
[2026-09-12 17:53:00] [INFO] [OVERSTAY] Timezone: Asia/Kolkata
[2026-09-12 17:53:00] [INFO] [SUBSCRIPTION] Expiry cron triggered
[2026-09-12 17:53:00] [INFO] ==================================================
[2026-09-12 17:53:00] [INFO] SUBSCRIPTION EXPIRY CRON STARTED
[2026-09-12 17:53:00] [INFO] ==================================================
[2026-09-12 17:53:00] [INFO] [SUBSCRIPTION] Current India Date: 2026-09-12
[2026-09-12 17:53:00] [INFO] [OVERSTAY] Staying customers found: 0
[2026-09-12 17:53:00] [INFO] ==================================================
[2026-09-12 17:53:00] [INFO] OVERSTAY CRON COMPLETED
[2026-09-12 17:53:00] [INFO] ==================================================
[2026-09-12 17:53:00] [INFO] [SUBSCRIPTION] Subscriptions found: 0
[2026-09-12 17:53:00] [INFO] ==================================================
[2026-09-12 17:53:00] [INFO] SUBSCRIPTION EXPIRY CRON COMPLETED
[2026-09-12 17:53:00] [INFO] ==================================================
[2026-09-12 17:53:40] [INFO] [OVERSTAY] Overstay cron initialized successfully
[2026-09-12 17:53:40] [INFO] [OVERSTAY] Cron schedule: Every minute
[2026-09-12 17:53:40] [INFO] [OVERSTAY] Cron timezone: Asia/Kolkata
[2026-09-12 17:53:40] [INFO] ==================================================
[2026-09-12 17:53:40] [INFO] OVERSTAY CRON STARTED
[2026-09-12 17:53:40] [INFO] ==================================================
[2026-09-12 17:53:40] [INFO] [OVERSTAY] Current India Date/Time: 12/09/2026 17:53:40
[2026-09-12 17:53:40] [INFO] [OVERSTAY] Timezone: Asia/Kolkata
[2026-09-12 17:53:40] [INFO] [SUBSCRIPTION] Subscription expiry cron initialized successfully
[2026-09-12 17:53:40] [INFO] [SUBSCRIPTION] Cron schedule: Every minute
[2026-09-12 17:53:40] [INFO] [SUBSCRIPTION] Cron timezone: Asia/Kolkata
[2026-09-12 17:53:40] [INFO] ==================================================
[2026-09-12 17:53:40] [INFO] SUBSCRIPTION EXPIRY CRON STARTED
[2026-09-12 17:53:40] [INFO] ==================================================
[2026-09-12 17:53:40] [INFO] [SUBSCRIPTION] Current India Date: 2026-09-12
[2026-09-12 17:53:41] [INFO] [Logger] Running log cleanup check. Retention limit: 30 days.
[2026-09-12 17:53:41] [INFO] [Logger] Cleanup completed. No expired log files found.
[2026-09-12 17:53:41] [INFO] [Logger] Automated log cleanup scheduler started (runs every 24 hours).
[2026-09-12 17:53:41] [INFO] [Server] Server started and listening on port 5000
[2026-09-12 17:53:41] [INFO] [Database] MongoDB Connected successfully: 76.13.244.61
[2026-09-12 17:53:41] [INFO] Admin user already exists
[2026-09-12 17:53:41] [INFO] [OVERSTAY] Staying customers found: 0
[2026-09-12 17:53:41] [INFO] ==================================================
[2026-09-12 17:53:41] [INFO] OVERSTAY CRON COMPLETED
[2026-09-12 17:53:41] [INFO] ==================================================
[2026-09-12 17:53:41] [INFO] [SUBSCRIPTION] Subscriptions found: 0
[2026-09-12 17:53:41] [INFO] ==================================================
[2026-09-12 17:53:41] [INFO] SUBSCRIPTION EXPIRY CRON COMPLETED
[2026-09-12 17:53:41] [INFO] ==================================================
[2026-09-12 17:53:45] [INFO] [Auth Verify] Authentication token not found
[2026-09-12 17:53:45] [INFO] [Auth Verify] Authentication token not found
[2026-09-12 17:53:50] [INFO] Error sending OTP to jayamweb.designer2@gmail.com: Data command failed: 550-5.4.5 Daily user sending limit exceeded. For more information on Gmail
550-5.4.5 sending limits go to
550 5.4.5  https://support.google.com/a/answer/166852 5a478bee46e88-33ba4f55735sm14391676eec.24 - gsmtp
[2026-09-12 17:53:50] [ERROR] [Send OTP] Error: Data command failed: 550-5.4.5 Daily user sending limit exceeded. For more information on Gmail
550-5.4.5 sending limits go to
550 5.4.5  https://support.google.com/a/answer/166852 5a478bee46e88-33ba4f55735sm14391676eec.24 - gsmtp
[2026-09-12 17:54:00] [INFO] [OVERSTAY] Cron triggered
[2026-09-12 17:54:00] [INFO] ==================================================
[2026-09-12 17:54:00] [INFO] OVERSTAY CRON STARTED
[2026-09-12 17:54:00] [INFO] ==================================================
[2026-09-12 17:54:00] [INFO] [OVERSTAY] Current India Date/Time: 12/09/2026 17:54:00
[2026-09-12 17:54:00] [INFO] [OVERSTAY] Timezone: Asia/Kolkata
[2026-09-12 17:54:00] [INFO] [SUBSCRIPTION] Expiry cron triggered
[2026-09-12 17:54:00] [INFO] ==================================================
[2026-09-12 17:54:00] [INFO] SUBSCRIPTION EXPIRY CRON STARTED
[2026-09-12 17:54:00] [INFO] ==================================================
[2026-09-12 17:54:00] [INFO] [SUBSCRIPTION] Current India Date: 2026-09-12
[2026-09-12 17:54:00] [INFO] [OVERSTAY] Staying customers found: 0
[2026-09-12 17:54:00] [INFO] ==================================================
[2026-09-12 17:54:00] [INFO] OVERSTAY CRON COMPLETED
[2026-09-12 17:54:00] [INFO] ==================================================
[2026-09-12 17:54:00] [INFO] [SUBSCRIPTION] Subscriptions found: 0
[2026-09-12 17:54:00] [INFO] ==================================================
[2026-09-12 17:54:00] [INFO] SUBSCRIPTION EXPIRY CRON COMPLETED
[2026-09-12 17:54:00] [INFO] ==================================================
[2026-09-12 17:55:00] [INFO] [OVERSTAY] Cron triggered
[2026-09-12 17:55:00] [INFO] ==================================================
[2026-09-12 17:55:00] [INFO] OVERSTAY CRON STARTED
[2026-09-12 17:55:00] [INFO] ==================================================
[2026-09-12 17:55:00] [INFO] [OVERSTAY] Current India Date/Time: 12/09/2026 17:55:00
[2026-09-12 17:55:00] [INFO] [OVERSTAY] Timezone: Asia/Kolkata
[2026-09-12 17:55:00] [INFO] [SUBSCRIPTION] Expiry cron triggered
[2026-09-12 17:55:00] [INFO] ==================================================
[2026-09-12 17:55:00] [INFO] SUBSCRIPTION EXPIRY CRON STARTED
[2026-09-12 17:55:00] [INFO] ==================================================
[2026-09-12 17:55:00] [INFO] [SUBSCRIPTION] Current India Date: 2026-09-12
[2026-09-12 17:55:00] [INFO] [OVERSTAY] Staying customers found: 0
[2026-09-12 17:55:00] [INFO] ==================================================
[2026-09-12 17:55:00] [INFO] OVERSTAY CRON COMPLETED
[2026-09-12 17:55:00] [INFO] ==================================================
[2026-09-12 17:55:00] [INFO] [SUBSCRIPTION] Subscriptions found: 0
[2026-09-12 17:55:00] [INFO] ==================================================
[2026-09-12 17:55:00] [INFO] SUBSCRIPTION EXPIRY CRON COMPLETED
[2026-09-12 17:55:00] [INFO] ==================================================
[2026-09-12 17:55:23] [INFO] Error sending OTP to jayamweb.designer2@gmail.com: Data command failed: 550-5.4.5 Daily user sending limit exceeded. For more information on Gmail
550-5.4.5 sending limits go to
550 5.4.5  https://support.google.com/a/answer/166852 d9443c01a7336-2dd2ceb3bd7sm23548575ad.34 - gsmtp
[2026-09-12 17:55:23] [ERROR] [Send OTP] Error: Data command failed: 550-5.4.5 Daily user sending limit exceeded. For more information on Gmail
550-5.4.5 sending limits go to
550 5.4.5  https://support.google.com/a/answer/166852 d9443c01a7336-2dd2ceb3bd7sm23548575ad.34 - gsmtp
[2026-09-12 17:56:00] [INFO] [OVERSTAY] Cron triggered
[2026-09-12 17:56:00] [INFO] ==================================================
[2026-09-12 17:56:00] [INFO] OVERSTAY CRON STARTED
[2026-09-12 17:56:00] [INFO] ==================================================
[2026-09-12 17:56:00] [INFO] [OVERSTAY] Current India Date/Time: 12/09/2026 17:56:00
[2026-09-12 17:56:00] [INFO] [OVERSTAY] Timezone: Asia/Kolkata
[2026-09-12 17:56:00] [INFO] [SUBSCRIPTION] Expiry cron triggered
[2026-09-12 17:56:00] [INFO] ==================================================
[2026-09-12 17:56:00] [INFO] SUBSCRIPTION EXPIRY CRON STARTED
[2026-09-12 17:56:00] [INFO] ==================================================
[2026-09-12 17:56:00] [INFO] [SUBSCRIPTION] Current India Date: 2026-09-12
[2026-09-12 17:56:00] [INFO] [OVERSTAY] Staying customers found: 0
[2026-09-12 17:56:00] [INFO] ==================================================
[2026-09-12 17:56:00] [INFO] OVERSTAY CRON COMPLETED
[2026-09-12 17:56:00] [INFO] ==================================================
[2026-09-12 17:56:00] [INFO] [SUBSCRIPTION] Subscriptions found: 0
[2026-09-12 17:56:00] [INFO] ==================================================
[2026-09-12 17:56:00] [INFO] SUBSCRIPTION EXPIRY CRON COMPLETED
[2026-09-12 17:56:00] [INFO] ==================================================
[2026-09-12 17:57:00] [INFO] [SUBSCRIPTION] Expiry cron triggered
[2026-09-12 17:57:00] [INFO] ==================================================
[2026-09-12 17:57:00] [INFO] SUBSCRIPTION EXPIRY CRON STARTED
[2026-09-12 17:57:00] [INFO] ==================================================
[2026-09-12 17:57:00] [INFO] [SUBSCRIPTION] Current India Date: 2026-09-12
[2026-09-12 17:57:00] [INFO] [OVERSTAY] Cron triggered
[2026-09-12 17:57:00] [INFO] ==================================================
[2026-09-12 17:57:00] [INFO] OVERSTAY CRON STARTED
[2026-09-12 17:57:00] [INFO] ==================================================
[2026-09-12 17:57:00] [INFO] [OVERSTAY] Current India Date/Time: 12/09/2026 17:57:00
[2026-09-12 17:57:00] [INFO] [OVERSTAY] Timezone: Asia/Kolkata
[2026-09-12 17:57:00] [INFO] [SUBSCRIPTION] Subscriptions found: 0
[2026-09-12 17:57:00] [INFO] ==================================================
[2026-09-12 17:57:00] [INFO] SUBSCRIPTION EXPIRY CRON COMPLETED
[2026-09-12 17:57:00] [INFO] ==================================================
[2026-09-12 17:57:00] [INFO] [OVERSTAY] Staying customers found: 0
[2026-09-12 17:57:00] [INFO] ==================================================
[2026-09-12 17:57:00] [INFO] OVERSTAY CRON COMPLETED
[2026-09-12 17:57:00] [INFO] ==================================================
[2026-09-12 17:58:00] [INFO] [SUBSCRIPTION] Expiry cron triggered
[2026-09-12 17:58:00] [INFO] ==================================================
[2026-09-12 17:58:00] [INFO] SUBSCRIPTION EXPIRY CRON STARTED
[2026-09-12 17:58:00] [INFO] ==================================================
[2026-09-12 17:58:00] [INFO] [SUBSCRIPTION] Current India Date: 2026-09-12
[2026-09-12 17:58:00] [INFO] [OVERSTAY] Cron triggered
[2026-09-12 17:58:00] [INFO] ==================================================
[2026-09-12 17:58:00] [INFO] OVERSTAY CRON STARTED
[2026-09-12 17:58:00] [INFO] ==================================================
[2026-09-12 17:58:00] [INFO] [OVERSTAY] Current India Date/Time: 12/09/2026 17:58:00
[2026-09-12 17:58:00] [INFO] [OVERSTAY] Timezone: Asia/Kolkata
[2026-09-12 17:58:00] [INFO] [SUBSCRIPTION] Subscriptions found: 0
[2026-09-12 17:58:00] [INFO] ==================================================
[2026-09-12 17:58:00] [INFO] SUBSCRIPTION EXPIRY CRON COMPLETED
[2026-09-12 17:58:00] [INFO] ==================================================
[2026-09-12 17:58:00] [INFO] [OVERSTAY] Staying customers found: 0
[2026-09-12 17:58:00] [INFO] ==================================================
[2026-09-12 17:58:00] [INFO] OVERSTAY CRON COMPLETED
[2026-09-12 17:58:00] [INFO] ==================================================
[2026-09-12 17:59:00] [INFO] [SUBSCRIPTION] Expiry cron triggered
[2026-09-12 17:59:00] [INFO] ==================================================
[2026-09-12 17:59:00] [INFO] SUBSCRIPTION EXPIRY CRON STARTED
[2026-09-12 17:59:00] [INFO] ==================================================
[2026-09-12 17:59:00] [INFO] [SUBSCRIPTION] Current India Date: 2026-09-12
[2026-09-12 17:59:00] [INFO] [OVERSTAY] Cron triggered
[2026-09-12 17:59:00] [INFO] ==================================================
[2026-09-12 17:59:00] [INFO] OVERSTAY CRON STARTED
[2026-09-12 17:59:00] [INFO] ==================================================
[2026-09-12 17:59:00] [INFO] [OVERSTAY] Current India Date/Time: 12/09/2026 17:59:00
[2026-09-12 17:59:00] [INFO] [OVERSTAY] Timezone: Asia/Kolkata
[2026-09-12 17:59:00] [INFO] [SUBSCRIPTION] Subscriptions found: 0
[2026-09-12 17:59:00] [INFO] ==================================================
[2026-09-12 17:59:00] [INFO] SUBSCRIPTION EXPIRY CRON COMPLETED
[2026-09-12 17:59:00] [INFO] ==================================================
[2026-09-12 17:59:00] [INFO] [OVERSTAY] Staying customers found: 0
[2026-09-12 17:59:00] [INFO] ==================================================
[2026-09-12 17:59:00] [INFO] OVERSTAY CRON COMPLETED
[2026-09-12 17:59:00] [INFO] ==================================================
[2026-09-12 18:00:00] [INFO] [SUBSCRIPTION] Expiry cron triggered
[2026-09-12 18:00:00] [INFO] ==================================================
[2026-09-12 18:00:00] [INFO] SUBSCRIPTION EXPIRY CRON STARTED
[2026-09-12 18:00:00] [INFO] ==================================================
[2026-09-12 18:00:00] [INFO] [SUBSCRIPTION] Current India Date: 2026-09-12
[2026-09-12 18:00:00] [INFO] [OVERSTAY] Cron triggered
[2026-09-12 18:00:00] [INFO] ==================================================
[2026-09-12 18:00:00] [INFO] OVERSTAY CRON STARTED
[2026-09-12 18:00:00] [INFO] ==================================================
[2026-09-12 18:00:00] [INFO] [OVERSTAY] Current India Date/Time: 12/09/2026 18:00:00
[2026-09-12 18:00:00] [INFO] [OVERSTAY] Timezone: Asia/Kolkata
[2026-09-12 18:00:00] [INFO] [SUBSCRIPTION] Subscriptions found: 0
[2026-09-12 18:00:00] [INFO] ==================================================
[2026-09-12 18:00:00] [INFO] SUBSCRIPTION EXPIRY CRON COMPLETED
[2026-09-12 18:00:00] [INFO] ==================================================
[2026-09-12 18:00:00] [INFO] [OVERSTAY] Staying customers found: 0
[2026-09-12 18:00:00] [INFO] ==================================================
[2026-09-12 18:00:00] [INFO] OVERSTAY CRON COMPLETED
[2026-09-12 18:00:00] [INFO] ==================================================
[2026-09-12 18:01:00] [INFO] [SUBSCRIPTION] Expiry cron triggered
[2026-09-12 18:01:00] [INFO] ==================================================
[2026-09-12 18:01:00] [INFO] SUBSCRIPTION EXPIRY CRON STARTED
[2026-09-12 18:01:00] [INFO] ==================================================
[2026-09-12 18:01:00] [INFO] [SUBSCRIPTION] Current India Date: 2026-09-12
[2026-09-12 18:01:00] [INFO] [OVERSTAY] Cron triggered
[2026-09-12 18:01:00] [INFO] ==================================================
[2026-09-12 18:01:00] [INFO] OVERSTAY CRON STARTED
[2026-09-12 18:01:00] [INFO] ==================================================
[2026-09-12 18:01:00] [INFO] [OVERSTAY] Current India Date/Time: 12/09/2026 18:01:00
[2026-09-12 18:01:00] [INFO] [OVERSTAY] Timezone: Asia/Kolkata
[2026-09-12 18:01:00] [INFO] [SUBSCRIPTION] Subscriptions found: 0
[2026-09-12 18:01:00] [INFO] ==================================================
[2026-09-12 18:01:00] [INFO] SUBSCRIPTION EXPIRY CRON COMPLETED
[2026-09-12 18:01:00] [INFO] ==================================================
[2026-09-12 18:01:00] [INFO] [OVERSTAY] Staying customers found: 0
[2026-09-12 18:01:00] [INFO] ==================================================
[2026-09-12 18:01:00] [INFO] OVERSTAY CRON COMPLETED
[2026-09-12 18:01:00] [INFO] ==================================================
[2026-09-12 18:02:00] [INFO] [SUBSCRIPTION] Expiry cron triggered
[2026-09-12 18:02:00] [INFO] ==================================================
[2026-09-12 18:02:00] [INFO] SUBSCRIPTION EXPIRY CRON STARTED
[2026-09-12 18:02:00] [INFO] ==================================================
[2026-09-12 18:02:00] [INFO] [SUBSCRIPTION] Current India Date: 2026-09-12
[2026-09-12 18:02:00] [INFO] [OVERSTAY] Cron triggered
[2026-09-12 18:02:00] [INFO] ==================================================
[2026-09-12 18:02:00] [INFO] OVERSTAY CRON STARTED
[2026-09-12 18:02:00] [INFO] ==================================================
[2026-09-12 18:02:00] [INFO] [OVERSTAY] Current India Date/Time: 12/09/2026 18:02:00
[2026-09-12 18:02:00] [INFO] [OVERSTAY] Timezone: Asia/Kolkata
[2026-09-12 18:02:00] [INFO] [SUBSCRIPTION] Subscriptions found: 0
[2026-09-12 18:02:00] [INFO] ==================================================
[2026-09-12 18:02:00] [INFO] SUBSCRIPTION EXPIRY CRON COMPLETED
[2026-09-12 18:02:00] [INFO] ==================================================
[2026-09-12 18:02:00] [INFO] [OVERSTAY] Staying customers found: 0
[2026-09-12 18:02:00] [INFO] ==================================================
[2026-09-12 18:02:00] [INFO] OVERSTAY CRON COMPLETED
[2026-09-12 18:02:00] [INFO] ==================================================
[2026-09-12 18:03:00] [INFO] [SUBSCRIPTION] Expiry cron triggered
[2026-09-12 18:03:00] [INFO] ==================================================
[2026-09-12 18:03:00] [INFO] SUBSCRIPTION EXPIRY CRON STARTED
[2026-09-12 18:03:00] [INFO] ==================================================
[2026-09-12 18:03:00] [INFO] [SUBSCRIPTION] Current India Date: 2026-09-12
[2026-09-12 18:03:00] [INFO] [OVERSTAY] Cron triggered
[2026-09-12 18:03:00] [INFO] ==================================================
[2026-09-12 18:03:00] [INFO] OVERSTAY CRON STARTED
[2026-09-12 18:03:00] [INFO] ==================================================
[2026-09-12 18:03:00] [INFO] [OVERSTAY] Current India Date/Time: 12/09/2026 18:03:00
[2026-09-12 18:03:00] [INFO] [OVERSTAY] Timezone: Asia/Kolkata
[2026-09-12 18:03:00] [INFO] [SUBSCRIPTION] Subscriptions found: 0
[2026-09-12 18:03:00] [INFO] ==================================================
[2026-09-12 18:03:00] [INFO] SUBSCRIPTION EXPIRY CRON COMPLETED
[2026-09-12 18:03:00] [INFO] ==================================================
[2026-09-12 18:03:00] [INFO] [OVERSTAY] Staying customers found: 0
[2026-09-12 18:03:00] [INFO] ==================================================
[2026-09-12 18:03:00] [INFO] OVERSTAY CRON COMPLETED
[2026-09-12 18:03:00] [INFO] ==================================================
[2026-09-12 18:04:00] [INFO] [SUBSCRIPTION] Expiry cron triggered
[2026-09-12 18:04:00] [INFO] ==================================================
[2026-09-12 18:04:00] [INFO] SUBSCRIPTION EXPIRY CRON STARTED
[2026-09-12 18:04:00] [INFO] ==================================================
[2026-09-12 18:04:00] [INFO] [SUBSCRIPTION] Current India Date: 2026-09-12
[2026-09-12 18:04:00] [INFO] [OVERSTAY] Cron triggered
[2026-09-12 18:04:00] [INFO] ==================================================
[2026-09-12 18:04:00] [INFO] OVERSTAY CRON STARTED
[2026-09-12 18:04:00] [INFO] ==================================================
[2026-09-12 18:04:00] [INFO] [OVERSTAY] Current India Date/Time: 12/09/2026 18:04:00
[2026-09-12 18:04:00] [INFO] [OVERSTAY] Timezone: Asia/Kolkata
[2026-09-12 18:04:00] [INFO] [SUBSCRIPTION] Subscriptions found: 0
[2026-09-12 18:04:00] [INFO] ==================================================
[2026-09-12 18:04:00] [INFO] SUBSCRIPTION EXPIRY CRON COMPLETED
[2026-09-12 18:04:00] [INFO] ==================================================
[2026-09-12 18:04:00] [INFO] [OVERSTAY] Staying customers found: 0
[2026-09-12 18:04:00] [INFO] ==================================================
[2026-09-12 18:04:00] [INFO] OVERSTAY CRON COMPLETED
[2026-09-12 18:04:00] [INFO] ==================================================
[2026-09-12 18:05:00] [INFO] [SUBSCRIPTION] Expiry cron triggered
[2026-09-12 18:05:00] [INFO] ==================================================
[2026-09-12 18:05:00] [INFO] SUBSCRIPTION EXPIRY CRON STARTED
[2026-09-12 18:05:00] [INFO] ==================================================
[2026-09-12 18:05:00] [INFO] [SUBSCRIPTION] Current India Date: 2026-09-12
[2026-09-12 18:05:00] [INFO] [OVERSTAY] Cron triggered
[2026-09-12 18:05:00] [INFO] ==================================================
[2026-09-12 18:05:00] [INFO] OVERSTAY CRON STARTED
[2026-09-12 18:05:00] [INFO] ==================================================
[2026-09-12 18:05:00] [INFO] [OVERSTAY] Current India Date/Time: 12/09/2026 18:05:00
[2026-09-12 18:05:00] [INFO] [OVERSTAY] Timezone: Asia/Kolkata
[2026-09-12 18:05:00] [INFO] [SUBSCRIPTION] Subscriptions found: 0
[2026-09-12 18:05:00] [INFO] ==================================================
[2026-09-12 18:05:00] [INFO] SUBSCRIPTION EXPIRY CRON COMPLETED
[2026-09-12 18:05:00] [INFO] ==================================================
[2026-09-12 18:05:00] [INFO] [OVERSTAY] Staying customers found: 0
[2026-09-12 18:05:00] [INFO] ==================================================
[2026-09-12 18:05:00] [INFO] OVERSTAY CRON COMPLETED
[2026-09-12 18:05:00] [INFO] ==================================================
[2026-09-12 18:05:51] [INFO] [OVERSTAY] Overstay cron initialized successfully
[2026-09-12 18:05:51] [INFO] [OVERSTAY] Cron schedule: Every minute
[2026-09-12 18:05:51] [INFO] [OVERSTAY] Cron timezone: Asia/Kolkata
[2026-09-12 18:05:51] [INFO] ==================================================
[2026-09-12 18:05:51] [INFO] OVERSTAY CRON STARTED
[2026-09-12 18:05:51] [INFO] ==================================================
[2026-09-12 18:05:51] [INFO] [OVERSTAY] Current India Date/Time: 12/09/2026 18:05:51
[2026-09-12 18:05:51] [INFO] [OVERSTAY] Timezone: Asia/Kolkata
[2026-09-12 18:05:51] [INFO] [SUBSCRIPTION] Subscription expiry cron initialized successfully
[2026-09-12 18:05:51] [INFO] [SUBSCRIPTION] Cron schedule: Every minute
[2026-09-12 18:05:51] [INFO] [SUBSCRIPTION] Cron timezone: Asia/Kolkata
[2026-09-12 18:05:51] [INFO] ==================================================
[2026-09-12 18:05:51] [INFO] SUBSCRIPTION EXPIRY CRON STARTED
[2026-09-12 18:05:51] [INFO] ==================================================
[2026-09-12 18:05:51] [INFO] [SUBSCRIPTION] Current India Date: 2026-09-12
[2026-09-12 18:05:51] [INFO] [Logger] Running log cleanup check. Retention limit: 30 days.
[2026-09-12 18:05:51] [INFO] [Logger] Cleanup completed. No expired log files found.
[2026-09-12 18:05:51] [INFO] [Logger] Automated log cleanup scheduler started (runs every 24 hours).
[2026-09-12 18:05:51] [INFO] [Server] Server started and listening on port 5000
[2026-09-12 18:05:51] [INFO] [Database] MongoDB Connected successfully: 76.13.244.61
[2026-09-12 18:05:51] [INFO] Admin user already exists
[2026-09-12 18:05:51] [INFO] [OVERSTAY] Staying customers found: 0
[2026-09-12 18:05:51] [INFO] ==================================================
[2026-09-12 18:05:51] [INFO] OVERSTAY CRON COMPLETED
[2026-09-12 18:05:51] [INFO] ==================================================
[2026-09-12 18:05:51] [INFO] [SUBSCRIPTION] Subscriptions found: 0
[2026-09-12 18:05:51] [INFO] ==================================================
[2026-09-12 18:05:51] [INFO] SUBSCRIPTION EXPIRY CRON COMPLETED
[2026-09-12 18:05:51] [INFO] ==================================================
[2026-09-12 18:06:00] [INFO] [OVERSTAY] Cron triggered
[2026-09-12 18:06:00] [INFO] ==================================================
[2026-09-12 18:06:00] [INFO] OVERSTAY CRON STARTED
[2026-09-12 18:06:00] [INFO] ==================================================
[2026-09-12 18:06:00] [INFO] [OVERSTAY] Current India Date/Time: 12/09/2026 18:06:00
[2026-09-12 18:06:00] [INFO] [OVERSTAY] Timezone: Asia/Kolkata
[2026-09-12 18:06:00] [INFO] [SUBSCRIPTION] Expiry cron triggered
[2026-09-12 18:06:00] [INFO] ==================================================
[2026-09-12 18:06:00] [INFO] SUBSCRIPTION EXPIRY CRON STARTED
[2026-09-12 18:06:00] [INFO] ==================================================
[2026-09-12 18:06:00] [INFO] [SUBSCRIPTION] Current India Date: 2026-09-12
[2026-09-12 18:06:00] [INFO] [OVERSTAY] Staying customers found: 0
[2026-09-12 18:06:00] [INFO] ==================================================
[2026-09-12 18:06:00] [INFO] OVERSTAY CRON COMPLETED
[2026-09-12 18:06:00] [INFO] ==================================================
[2026-09-12 18:06:00] [INFO] [SUBSCRIPTION] Subscriptions found: 0
[2026-09-12 18:06:00] [INFO] ==================================================
[2026-09-12 18:06:00] [INFO] SUBSCRIPTION EXPIRY CRON COMPLETED
[2026-09-12 18:06:00] [INFO] ==================================================
[2026-09-12 18:06:23] [INFO] [Auth Verify] Authentication token not found
[2026-09-12 18:06:23] [INFO] [Auth Verify] Authentication token not found
[2026-09-12 18:06:54] [INFO] Error sending OTP to manikandan@jayamwebsolutions.com: Invalid login: 535-5.7.8 Username and Password not accepted. For more information, go to
535 5.7.8  https://support.google.com/mail/?p=BadCredentials 98e67ed59e1d1-39db41a7adfsm5130472a91.1 - gsmtp
[2026-09-12 18:06:54] [ERROR] [Send OTP] Error: Invalid login: 535-5.7.8 Username and Password not accepted. For more information, go to
535 5.7.8  https://support.google.com/mail/?p=BadCredentials 98e67ed59e1d1-39db41a7adfsm5130472a91.1 - gsmtp
[2026-09-12 18:07:00] [INFO] [OVERSTAY] Cron triggered
[2026-09-12 18:07:00] [INFO] ==================================================
[2026-09-12 18:07:00] [INFO] OVERSTAY CRON STARTED
[2026-09-12 18:07:00] [INFO] ==================================================
[2026-09-12 18:07:00] [INFO] [OVERSTAY] Current India Date/Time: 12/09/2026 18:07:00
[2026-09-12 18:07:00] [INFO] [OVERSTAY] Timezone: Asia/Kolkata
[2026-09-12 18:07:00] [INFO] [SUBSCRIPTION] Expiry cron triggered
[2026-09-12 18:07:00] [INFO] ==================================================
[2026-09-12 18:07:00] [INFO] SUBSCRIPTION EXPIRY CRON STARTED
[2026-09-12 18:07:00] [INFO] ==================================================
[2026-09-12 18:07:00] [INFO] [SUBSCRIPTION] Current India Date: 2026-09-12
[2026-09-12 18:07:00] [INFO] [OVERSTAY] Staying customers found: 0
[2026-09-12 18:07:00] [INFO] ==================================================
[2026-09-12 18:07:00] [INFO] OVERSTAY CRON COMPLETED
[2026-09-12 18:07:00] [INFO] ==================================================
[2026-09-12 18:07:00] [INFO] [SUBSCRIPTION] Subscriptions found: 0
[2026-09-12 18:07:00] [INFO] ==================================================
[2026-09-12 18:07:00] [INFO] SUBSCRIPTION EXPIRY CRON COMPLETED
[2026-09-12 18:07:00] [INFO] ==================================================
[2026-09-12 18:08:00] [INFO] [SUBSCRIPTION] Expiry cron triggered
[2026-09-12 18:08:00] [INFO] ==================================================
[2026-09-12 18:08:00] [INFO] SUBSCRIPTION EXPIRY CRON STARTED
[2026-09-12 18:08:00] [INFO] ==================================================
[2026-09-12 18:08:00] [INFO] [SUBSCRIPTION] Current India Date: 2026-09-12
[2026-09-12 18:08:00] [INFO] [OVERSTAY] Cron triggered
[2026-09-12 18:08:00] [INFO] ==================================================
[2026-09-12 18:08:00] [INFO] OVERSTAY CRON STARTED
[2026-09-12 18:08:00] [INFO] ==================================================
[2026-09-12 18:08:00] [INFO] [OVERSTAY] Current India Date/Time: 12/09/2026 18:08:00
[2026-09-12 18:08:00] [INFO] [OVERSTAY] Timezone: Asia/Kolkata
[2026-09-12 18:08:00] [INFO] [SUBSCRIPTION] Subscriptions found: 0
[2026-09-12 18:08:00] [INFO] ==================================================
[2026-09-12 18:08:00] [INFO] SUBSCRIPTION EXPIRY CRON COMPLETED
[2026-09-12 18:08:00] [INFO] ==================================================
[2026-09-12 18:08:00] [INFO] [OVERSTAY] Staying customers found: 0
[2026-09-12 18:08:00] [INFO] ==================================================
[2026-09-12 18:08:00] [INFO] OVERSTAY CRON COMPLETED
[2026-09-12 18:08:00] [INFO] ==================================================
[2026-09-12 18:08:48] [INFO] [OVERSTAY] Overstay cron initialized successfully
[2026-09-12 18:08:48] [INFO] [OVERSTAY] Cron schedule: Every minute
[2026-09-12 18:08:48] [INFO] [OVERSTAY] Cron timezone: Asia/Kolkata
[2026-09-12 18:08:48] [INFO] ==================================================
[2026-09-12 18:08:48] [INFO] OVERSTAY CRON STARTED
[2026-09-12 18:08:48] [INFO] ==================================================
[2026-09-12 18:08:48] [INFO] [OVERSTAY] Current India Date/Time: 12/09/2026 18:08:48
[2026-09-12 18:08:48] [INFO] [OVERSTAY] Timezone: Asia/Kolkata
[2026-09-12 18:08:48] [INFO] [SUBSCRIPTION] Subscription expiry cron initialized successfully
[2026-09-12 18:08:48] [INFO] [SUBSCRIPTION] Cron schedule: Every minute
[2026-09-12 18:08:48] [INFO] [SUBSCRIPTION] Cron timezone: Asia/Kolkata
[2026-09-12 18:08:48] [INFO] ==================================================
[2026-09-12 18:08:48] [INFO] SUBSCRIPTION EXPIRY CRON STARTED
[2026-09-12 18:08:48] [INFO] ==================================================
[2026-09-12 18:08:48] [INFO] [SUBSCRIPTION] Current India Date: 2026-09-12
[2026-09-12 18:08:48] [INFO] [Logger] Running log cleanup check. Retention limit: 30 days.
[2026-09-12 18:08:48] [INFO] [Logger] Cleanup completed. No expired log files found.
[2026-09-12 18:08:48] [INFO] [Logger] Automated log cleanup scheduler started (runs every 24 hours).
[2026-09-12 18:08:48] [INFO] [Server] Server started and listening on port 5000
[2026-09-12 18:08:49] [INFO] [Database] MongoDB Connected successfully: 76.13.244.61
[2026-09-12 18:08:49] [INFO] Admin user already exists
[2026-09-12 18:08:49] [INFO] [SUBSCRIPTION] Subscriptions found: 0
[2026-09-12 18:08:49] [INFO] ==================================================
[2026-09-12 18:08:49] [INFO] SUBSCRIPTION EXPIRY CRON COMPLETED
[2026-09-12 18:08:49] [INFO] ==================================================
[2026-09-12 18:08:49] [INFO] [OVERSTAY] Staying customers found: 0
[2026-09-12 18:08:49] [INFO] ==================================================
[2026-09-12 18:08:49] [INFO] OVERSTAY CRON COMPLETED
[2026-09-12 18:08:49] [INFO] ==================================================
